SMILES,Category
Cc1ccc(S(=O)(=O)n2c(C3=CCN(C(=O)OC(C)(C)C)CC3)cc3c(Br)ccnc32)cc1.O=CN(C)C,Application_ds
O=C(NC1=CC=C(Cl)C(Cl)=C1)C(=C)C.CC(C)=O,Application_ds
CCOP(=O)(OCC)C(F)(F)c1ccc(CBr)cc1Br.CO,Application_ds
O=C(CC(=C)C(C)C)C(C)CCCC1(OCC(=CCO)CCC1O)C.N#CC,Application_ds
O=C(OC1C2=CC=3OCOC3C(OC)=C2C=4C(OC)=C(OC)C(OC)=CC4CC(C)C1(O)C)C=5C=CC=CC5.CO,Application_ds
Oc1ccc2[nH]ncc2c1.CC(C)=O,Application_ds
O=C(O)C(NC)CC1=CNC2=CC=CC(=C21)CC=C(C)C.CC1=CC=CC=C1,Application_ds
S=C(NC=1C=CC=CC1)NN(C=2C=CC=CC2)C.CO,Application_ds
O=C(O)C=1N=C2N=C(N=C(O)C2=NC1)N.O=CN(C)C,Application_ds
CCOC(=O)C(=O)Cl.O,Application_ds
CNC(=O)c1cccc(F)c1Nc1nc(Nc2ccc3c(c2)OCCCN3)ncc1Cl.O,Application_ds
  O=c1c(NCN2CCOCC2)c(Nc2ncc[nH]2)c1=O.CO,Application_ds
Cc1nc2cc(Cl)ncc2cc1-c1cc(NC(=O)OC(C)(C)C)c(F)cc1F.O=CN(C)C,Application_ds
OCC1OC(OC2=CC=C(C=CC=3C=C(OC)C=C(OC)C3)C=C2OC)C(O)C(O)C1O.O=CN(C)C,Application_ds
O=C1OC2=C(C=CC(OCC3=CC=C(Br)C=C3F)=C2C)C(=C1CCC(=O)O)C.CC(C)=O,Application_ds
CC1(C)OB(c2ccc(OCCOS(C)(=O)=O)cc2)OC1(C)C.CC(C)=O,Application_ds
O=C(CCCCCCl)c1ccccc1.N#CC,Application_ds
Cc1cc(C)c(S(=O)(=O)N(CCCCN2C(=O)c3ccccc3C2=O)C2(c3ccccc3)CC2)c(C)c1.N#CC,Application_ds
Cn1ccnc1Sc1ccc(N)cc1Cl.CC(OCC)=O,Application_ds
Cc1nc(-c2c(C)c(C#N)c3nc(C4CC4)oc3c2F)cs1.N#CC,Application_ds
OC1CC2(C)CCCC(O)(C)C2CC1(O)C(C)C.O=CN(C)C,Application_ds
NC(=O)c1cc(F)ccc1N.CCO,Application_ds
NC[C@@H]1COCCN1Cc1ccccc1.O,Application_ds
O=C(OC)C1=CNC(=O)C(=C1O)C(C=2C=CN=CC2)CC(=O)OC.CC(OCC)=O,Application_ds
CCC(=O)N(Cc1c(-c2ccccc2)noc1C)c1cccc(C#N)c1.N#CC,Application_ds
COC(=O)Cc1csc(N)n1.CC1=CC=CC=C1,Application_ds
O=C(O)C1=CC2(C)CCCCC3C(=CC4C(OC5OC(C)C(OC(=O)C=6C(OC)=CC=CC6C)C(OC7OC(C)C(OC)C(O)C7)C5O)C(O)CCC4C3(C(=O)OC=8C(=O)OC2(C8O)CC1CC)C)C.CC(OCC)=O,Application_ds
O=C1OC2(C(=O)C=C(CO)C(O)(C1)C2O)CC3C(=C)CCC4C(C)(C)CCCC34C.CO,Application_ds
NC(=O)Cc1ccc(Br)cn1.CC1CCCO1,Application_ds
O=C(C=1SC(=CC1)C=2SC(C#CC)=CC2)C3CCC45C=CC6C(C7C#CC8=C(C=C(O)C=9C=CC(NC89)C(O)(C)CC%10=CC=CC%11=C%10C(C%12=CN=CN%12)CC(CCC=%13C=CC=CC%13)C%117)CC4NC(=N)NC%14CCCCC%14)C%15(CCCC%15CO)CC63C5.CCO,Application_ds
OC(C)(C)C1CCC2(C)CC3C(=C)CCC3C(O)(C)CCC12.O,Application_ds
OC1(c2ccccc2)CCN(Cc2cc3nc(Cl)nc(N4CCOCC4)c3s2)CC1.CC(C)=O,Application_ds
OB(O)c1cccnc1.O=CN(C)C,Application_ds
O=C(OC)CC1C(C(=O)CC2OC34C(=C)C(C(=O)C21C)CC4(C)C(OC(=O)C3)C5=COC=C5)(C)C.N#CC,Application_ds
O=c1[nH]c2cc(-c3c(F)cncc3F)c(-c3ccccc3F)nc2[nH]1.O,Application_ds
COc1ccc2c(OCC(=O)O)ccnc2c1.N#CC,Application_ds
CCCCCSCC(O)C(O)C(O)CO.CC1=CC=CC=C1,Application_ds
OC1CC(C=CC2=CCCC3(C)C2CCC3C(C)CCCC(C)C)=C(C)CC1.CO,Application_ds
CCOC(=O)c1ccc2c(ccc[n+]2[O-])c1.N#CC,Application_ds
  C=CCNC(=O)Nc1cc(OC)ccc1OC.CC1=CC=CC=C1,Application_ds
O=C(OC1CC(C(=CCC=C(C)C)C)C(C2C(=O)C=CC2C)C1CO)C.CC(C)=O,Application_ds
COc1ccccc1-c1cccc(-n2cnc(C(=O)c3ccc(F)cc3)c2)c1.CC1CCCO1,Application_ds
CCCCCCNc1nc(Cl)nc2c1ncn2C1CCCC1.CC(OCC)=O,Application_ds
COC(=O)/C=C/C(=O)O.CC1=CC=CC=C1,Application_ds
Brc1cccc(OCc2ccccc2)n1.O=CN(C)C,Application_ds
CSc1ccc(N(C(=O)c2cnccc2C)C2CCN([C@H](C)CC#N)CC2)cc1.O=CN(C)C,Application_ds
O=C(Nc1ccc(S(=O)(=O)N2CCOCC2)cc1)c1cnc(Cl)nc1Cl.CC(OCC)=O,Application_ds
  CCOC(=O)C1=C(NS(=O)(=O)NC(=O)C2CCCCC2)NC(=O)C[C@@H]1c1ccccc1OC(C)=O.CC1CCCO1,Application_ds
CNC(=O)c1cc(Oc2ccc(N)nc2)ccn1.O,Application_ds
COc1cc2c(cn1)c(C(=O)N1CCN(C(=O)OC(C)(C)C)CC1)c(Cl)n2-c1ccccc1.O,Application_ds
Cc1cc(C)c(CNC(=O)c2c(C)n(C(=O)c3ccccc3)c3ccccc23)c(O)n1.O=CN(C)C,Application_ds
CCOc1ccc2ccccc2c1C(=O)O.CO,Application_ds
O=C(OCC1OC(OC2=CC(O)=CC3[OH+]C(=C(OC4OC(CO)C(O)C(O)C4OC5OCC(O)C(O)C5O)C=C23)C=6C=C(O)C(O)=C(O)C6)C(O)C(O)C1O)C.CCO,Application_ds
O=C(O)c1c[nH]c2cc([N+](=O)[O-])ccc12.CC1CCCO1,Application_ds
COC(=O)c1cccc(CN2CCC(Nc3ncnc4sc(Cl)cc34)CC2)c1.O=CN(C)C,Application_ds
O=C1OC2=C(C=CC=3OCN(CC32)C(C=4C=CC=CC4)C)C(=C1)C=5C=CC(OC)=CC5.CC(OCC)=O,Application_ds
CCOC(=O)[C@@H]1C[C@H]1/C=C/c1ccc(-c2nc3ccccc3o2)cc1.CC(OCC)=O,Application_ds
Nc1nc2c(s1)CCNCC2.CC(OCC)=O,Application_ds
O=C(O)CCCCC=CCC=CCCCCCCC.O,Application_ds
CC1CN(c2ccc(C(=O)Nc3ccc(Cl)c(-c4ccccn4)c3)cn2)CC(C)O1.CO,Application_ds
CC(C)(C)[Si](OCC1OCCCC1N)(c1ccccc1)c1ccccc1.CC1CCCO1,Application_ds
[H][C@@]12CC3=CNC4=CC=CC(=C34)C1=C[C@H](CN2C)C(=O)N[C@@H](CC)CO.CC(OCC)=O,Application_ds
CCc1nc2ccccc2n1-c1nc(N2CCOCC2)c2nc(CN3CC(C4CCOCC4)C3)n(C3CCCCO3)c2n1.O=CN(C)C,Application_ds
O=C1C2=C(O)C=C(O)C(=C2OC(C3=CC=C(O)C=C3)C1)C(C=C)(C)C.CCO,Application_ds
C1=CC2=C(C=C1S(=O)(=O)[O-])C(=O)C3=C(C=CC(=C3C2=O)O)O.C1=CC2=C(C=C1S(=O)(=O)[O-])C(=O)C3=C(C=CC(=C3C2=O)O)O.C1=CC2=C(C=C1S(=O)(=O)[O-])C(=O)C3=C(C=CC(=C3C2=O)O)O.[Al+3].CO,Application_ds
Cc1cccc(OCc2ccccc2)[n+]1[O-].CC1=CC=CC=C1,Application_ds
O=S(=O)(O)CC1=CC(N2C(C(=C)CCC2)=C1C)(C)C.CO,Application_ds
O=S(=O)(c1ccccc1)c1cnc2c(N3CCNCC3)cccc2c1.CCO,Application_ds
OC1=CC(OC)=CC=C1CN2CCCC2C3=NC(=NO3)C=4C=NC(=CC4)N(C)C.O=CN(C)C,Application_ds
O=C1C=2C(O)=CC(O)=CC2OCC1CC3=CC=C(O)C(O)=C3.CCO,Application_ds
O=C(O)Cc1ccccc1[N+](=O)[O-].CC(C)=O,Application_ds
O=C(CCCCCO)CCCCCC[C]1[CH][CH][C]([O-])[C](C)[NH2+]1.CO,Application_ds
O=C1N(c2ccccc2)CC(c2ccccc2O)=NN1c1ccccc1Br.O,Application_ds
C[C@H](CO)Nc1nc(Cl)ncc1-c1cccs1.CC(OCC)=O,Application_ds
O=C1C=CC=C2N1CC3CN(C(=O)CC4=NN(C(=O)C=5C=CC=CC54)C)CC2C3.O=CN(C)C,Application_ds
O=C(OCCC(S)C)C.CC(OCC)=O,Application_ds
COCOc1cc(COCc2ccccc2)c(Br)c(OCOC)c1.O=CN(C)C,Application_ds
[N+](=O)([O-])[O-].[O-2].[Bi+3].CC(OCC)=O,Application_ds
COC(=O)c1cc(C(=O)OC)cc(N(C)S(C)(=O)=O)c1.CCO,Application_ds
O=C(O)C=1N=C(SC1)CN2C(=O)C=C3C(C(=O)NC34CC4)=C2CCC(NC(=O)C(NC(=O)CCCCCCCCCCCCC)CC(=O)N)C.CC(C)=O,Application_ds
OC1=C2C3C(C)C(C)CCC3(C)CC(O)C2(C)C4(C)CCC5C(C)(C)C(O)CCC5(C)C4C1O.CC1=CC=CC=C1,Application_ds
O=C1C2=C(O)C=C(OC3OC(COC4OCC(O)C(O)C4O)C(O)C(O)C3OC5OC(C)C(O)C(O)C5OC6OC(CO)C(O)C(O)C6O)C=C2OC(C7=CC=C(O)C=C7)C1.CC(C)=O,Application_ds
O=C1CCC2(C)C3CCC4C(CCC4(C)C3(C)CC(O)C2C1(C)C)C(O)(C)CCC=C(C)COC5OC(OC)C(O)C(O)C5O.CC1CCCO1,Application_ds
O=C(O)c1cc(Cl)nc(-c2ccccc2)n1.CCO,Application_ds
COC(=O)C1CC(=O)N(c2ccc(/C=C/c3ccc(OC)cc3)cc2)C1.CCO,Application_ds
CC(C)(C#N)c1nnc(N)s1.CC1=CC=CC=C1,Application_ds
NCc1ccc(C#Cc2ccc(CO)cc2)cc1.N#CC,Application_ds
Cc1nc(C(=O)N2C[C@@H]3CCC[C@@H]3[C@H]2CNC(=O)c2c(C)nc3sccn23)c(-c2ccc(Cl)cc2)s1.CC1CCCO1,Application_ds
CCCN(CCC)C1CCCCC1.O=CN(C)C,Application_ds
CCOC(=O)COc1ccc(C=O)cc1C(F)(F)F.CO,Application_ds
O=C(OC1CC2=C(O)C=3C(=O)C=C(OC3C4=C2OC1(C)C5C=6C(=CCC6CC7=CC(N)NC=C7C5)C8=C(N)NCC=C8C4)CO)C(=CC)CO.CC1CCCO1,Application_ds
Sc1nc(Nc2ccccc2)n[nH]1.CC1CCCO1,Application_ds
CCCCc1n[nH]c(=O)n1Cc1ccc(-c2ccccc2C#N)cc1.CO,Application_ds
COC(=O)C1=C(C)NC(C)=C(C(=O)OCCCN2CCC(c3ccccc3)(c3ccccc3)CC2)C1c1cccc([N+](=O)[O-])c1.O=CN(C)C,Application_ds
COC(=O)CCCCCN(C)CC(=O)OC(C)(C)C.N#CC,Application_ds
CN(CCCc1ccccc1)C(=O)[C@@H](Cc1ccc2ccccc2c1)N(C)C(=O)/C=C/CC(C)(C)NC(=O)OC(C)(C)C.CCO,Application_ds
O=C(C=C(C)CCO)N1OC2(NC(=O)C3(ON(C(=O)C=C(C)CCO)CCC3)NC2=O)CCC1.CCO,Application_ds
[H][C@@]12CC[C@H](O)[C@@]1(C)CC[C@]1([H])C3=CC=C(OC(=O)N(CCCl)CCCl)C=C3CC[C@@]21[H].CCO,Application_ds
CC1=CC(=C(C=C1Cl)S(=O)(=O)O)N=NC2=C(C(=CC3=CC=CC=C32)C(=O)O)[O-].CC1=CC(=C(C=C1Cl)S(=O)(=O)O)N=NC2=C(C(=CC3=CC=CC=C32)C(=O)O)[O-].[Ca+2].CO,Application_ds
CC[C@]1(O)CCN(c2ccc(C#N)c(Cl)c2)[C@H]1C(C)C.CC(C)=O,Application_ds
O=C(OCC=1C=CC=CC1)NC(C(=O)OC=2C=C(C=C3OC(=O)C(=C(C32)C)CC=4C=CC=CC4)C)CCSC.CC1=CC=CC=C1,Application_ds
O=C(O)c1ccc(CN2C(=O)C3(COc4cc5c(cc43)CCO5)c3ccccc32)cc1.O=CN(C)C,Application_ds
ClCCCCOc1ccccc1/C=C/c1nc2ccccc2o1.O=CN(C)C,Application_ds
O=C(CCn1ccc2cc(Cl)ccc21)N1CCN(c2ccc(S(=O)(=O)Nc3ccncn3)cc2)CC1.CO,Application_ds
  O=C(CCCl)NS(=O)(=O)NC[C@@H]1CCCN1.N#CC,Application_ds
Fc1ccc(-c2ccc3c(c2)C2(CCCCC2)C(=NOCc2ccccc2)N3)cc1.CO,Application_ds
CCOc1cc(NC(=O)Oc2ccccc2)n(-c2ccccc2)n1.N#CC,Application_ds
COc1cc(F)ccc1-c1cc(Cl)ncn1.CC1=CC=CC=C1,Application_ds
N#CC1=CN=C2C=CC=CC2=C1.O,Application_ds
O=C(NC1CCN2C(=O)C=3C=C(C=CC3NC(=O)C21)C4=CC=C(OC)C=C4OC)C5=NC=CN=C5.CC1=CC=CC=C1,Application_ds
COCCO.CC1=CC=CC=C1,Application_ds
O=C(O)c1ccc(Cc2cc([C@@H]3O[C@H](COCc4ccccc4)[C@@H](OCc4ccccc4)[C@H](OCc4ccccc4)[C@H]3OCc3ccccc3)ccc2Cl)nn1.O=CN(C)C,Application_ds
O=C(NC1=CC=C(C=C1)C(=O)C)C2N(CC=3C=CC=CC3C2)S(=O)(=O)C=4SC=CC4.O,Application_ds
Nc1ccc(O)c2ccccc12.CC1CCCO1,Application_ds
CN(C)c1nc2ccccc2[nH]1.CC(C)=O,Application_ds
Cc1cnc(CNC(=O)c2sc(-n3ccc(OCc4ccccc4)cc3=O)nc2C)cn1.CCO,Application_ds
COC(=O)Cc1ccccc1COc1ccccc1C.N#CC,Application_ds
CCOc1cc(C(C)(C)C)ncc1C1=N[C@@](C)(c2ccc(Cl)cc2)[C@@](C)(c2ccc(Cl)cc2)N1C(=O)N1CCN(C(=O)N2CCOCC2)CC1.CC(C)=O,Application_ds
O=C1OC2=C(O)C(OC)=C(O)C(OC)=C2C=C1.CC1=CC=CC=C1,Application_ds
COc1cc2c(cc1OCCCCl)CCCC2=O.O=CN(C)C,Application_ds
O=C(O)c1cc(NC(=O)C2CCCCC2)ccc1O.O,Application_ds
O=C(O)COC=1C=CC=CC1C2C=3C(OC(=O)C2)=CC=C4C(=O)CC(OC43)(C)C.CCO,Application_ds
Cc1c(CNC2CC2)ccnc1Cl.CC1CCCO1,Application_ds
CC(C)(N)c1cccc(C(F)(F)F)n1.CC(C)=O,Application_ds
CC1=NN(CC(=O)O)C(C)C1.CCO,Application_ds
O=[N+]([O-])c1ccc(CN2CCc3oc4ccccc4c3C2)cc1.N#CC,Application_ds
  OC[C@@H](Nc1c(NCc2ccc3c(c2)OCO3)c(=S)c1=S)c1ccccc1.CO,Application_ds
C1=CC(=CC=C1[N+](=O)[O-])[O-].[Na+].N#CC,Application_ds
O=C(OCC=C)NC1=NC2=C(S1)CC3C(C)(CO)C(O)CCC3(C)C2CC(=O)NCC=4C=CC=CC4.CC1CCCO1,Application_ds
O=C1OC=2C=C3OC=C(C3=CC2C(=C1CC(O)=NCCC4=CNC=5C=CC(F)=CC54)C)C.O=CN(C)C,Application_ds
COc1cc2c(Cl)ncnc2cc1OCCCN1CCCC1.CC1CCCO1,Application_ds
COCCNC(=O)c1cccc(-c2ccc(F)c3cc(Cc4cccc(S(C)(=O)=O)c4)sc23)c1.CC1=CC=CC=C1,Application_ds
  O=C(CCNc1c(NC(=O)CCCCl)c1=O)NCc1ccccc1.CO,Application_ds
COC(=O)c1ccc(NC2CCN(Cc3ccccc3)CC2)nc1.CO,Application_ds
CC(C)[C@@H](C)N.CCO,Application_ds
CCCCCCCN(c1ccccc1)C(C)CCC.CC(OCC)=O,Application_ds
Cn1c(S)nc2ccsc2c1=O.N#CC,Application_ds
  C#CCNS(=O)(=O)Nc1ccccc1C#Cc1ccccc1B(O)O.CC1=CC=CC=C1,Application_ds
O=C(OC1C(=CC(C)C(O)C(OC)CC(C)CC2=C(O)C(=CC(O)=C2NCC=C)NC(=O)C(=CC=CC1OC)C)C)N.CCO,Application_ds
c1ccc(CCNc2ccccc2)cc1.CC1CCCO1,Application_ds
COc1cc(F)c2nc(C)c3c(C)nc(Br)n3c2c1.CC(OCC)=O,Application_ds
O=C1OC23CC45OC6(OC7C(OC(=O)C7C)C8C(C(=O)C(C)(CC4)C86C)C)C(=O)C5C(O)CC3C(OC2(O)C1)(C)C.CC1=CC=CC=C1,Application_ds
CC(=O)Nc1cccc(C2CCN(CCCNc3nc(NCc4ccccn4)c4ccccc4n3)CC2)c1.O=CN(C)C,Application_ds
CCN1C=C(C(O)=O)C(=O)C2=C1C=C(C=C2)C1=CC=NC=C1.CC1=CC=CC=C1,Application_ds
OCC1OC(OC(C)(C)C2CCC3(C)C(O)C(O)CC(=C)C3C2)C(O)C(O)C1O.O=CN(C)C,Application_ds
O=C1OC=2C(C=C1C(=O)OCC)=C3C(OC4=C3CCCC4)=CC2C(C)(C)C.CC(OCC)=O,Application_ds
O=CC(=C1CCC(O)(CCNC)C23CCC(C(=CC=CC(=C)CCC=C(C)C)CO)(CCC12CCCO)C3O)C.CC(OCC)=O,Application_ds
COC(=O)c1ccc(N2CCC3(CC2)CC3C(=O)N2CCN(C3CCC3)CC2)cc1.CO,Application_ds
COC(=O)C(Br)c1ccc(Oc2ccc(C#N)cc2)cc1.CC(C)=O,Application_ds
CNC(=O)Oc1ccc(N)c(C)c1.CC1=CC=CC=C1,Application_ds
CC(C)(C)OC(=O)Nc1ccc(CO)cc1.N#CC,Application_ds
O=C1C(O)=C2OC=3C=C(O)C4=C(OC5CC6C=7C4=CC8=C9C(=CC=C(C97)C(SSCCCC5O)C6O)CC(CCC%10(O)CCC%11CC%12=CC=C(C=C%12)CC%13CC%14SSCC%15=C2C=C(C(O)=C%15CC%16=CC=CC(=C%16)C%14NC%13CSSCC%11C%10)CC(C)C)C8CCO)C13.CC(OCC)=O,Application_ds
O=C1OC2C(C1=C)C(OCC(C)C)CC3(C)C(O)CCC(=C)C23.CC(C)=O,Application_ds
O=C(C=1C(O)=CC=CC1O)CC(O)CCCCCCCCC.CC(OCC)=O,Application_ds
O=C1N(C=2C=CC=CC2OC3CN(CC4=NC=CN4)C1C3)CC=5C=NC=CC5.CC1=CC=CC=C1,Application_ds
CN1CCC(CN(C)Cc2cc3nc(Cl)nc(N4CCOCC4)c3s2)CC1.N#CC,Application_ds
O1CCOC12C=3C=CC=CC3C2.O,Application_ds
BrCCCSCCCBr.O,Application_ds
O=C1NC(=O)C2c3cccc4cccc(c34)C12.CC1CCCO1,Application_ds
O=C1C(Cl)=C(c2ccccc2)C(=O)N1Cc1cccnc1.N#CC,Application_ds
O=C(Cc1ccc(Oc2ccccc2)cc1)Nn1nc(N2CCOCC2)c2ccccc2c1=O.CC(C)=O,Application_ds
Clc1cc2c(nn1)CCNCC2.CC1=CC=CC=C1,Application_ds
CC(C)S(=O)(=O)NC1Cc2ccc(-c3cccc(CN4CCCC4=O)c3)cc2C1.CC(C)=O,Application_ds
CSc1ncc(Cl)cn1.O,Application_ds
O=C(CC(C)C)CC(C)C1C2=CC(=C3OCOC3=C2C(C)CC1)C.N#CC,Application_ds
O=C(c1ccc2nc(N3CC[C@@H](N4CCCCC4)C3)sc2c1)N1CCOCC1.CC(C)=O,Application_ds
CC(C)=CCn1c(N2CCCC(NC(=O)OC(C)(C)C)C2)nc2c1c(=O)n(CC(=O)c1cccc(N)c1)c(=O)n2C.CCO,Application_ds
CCC(=O)c1ccc(OC(F)(F)F)cc1.CCO,Application_ds
Brc1ccc(C2CCCN2)cc1.CC1=CC=CC=C1,Application_ds
O=C1OC23C=CC4C5(C)CC(O)C(O)C(C)(CO)C5CCC4(C)C3(C)CCC16CCC(=C)C(C)C26.CC(C)=O,Application_ds
O=C(OC1C(OC(=O)CC(C)C)C(O)C(C)(C)C2C3C(=O)CC(C)C2C13C)C(=CC)C.N#CC,Application_ds
  CCOC(=O)[C@@H]1[C@@H]2C=C[C@@H](CC2)[C@H]1Nc1c(NCC(F)(F)F)c(=O)c(=O)c1=O.CC(C)=O,Application_ds
COc1cc2ncnc(Nc3cccc(Cl)c3F)c2cc1CN(C)C1(C(N)=O)CCN(S(C)(=O)=O)CC1.CC1CCCO1,Application_ds
CN1C(=O)C(NC(=O)[C@@H](N)C(C)(C)C)N=C(c2ccccc2)c2ccccc21.CC(C)=O,Application_ds
O=C1C=2C=CC=CC2N=C3C4=NC=5C=CC=CC5C=C4C(O)N13.CC1CCCO1,Application_ds
O=C(C=1C(=NC=NC1C)C)N2CCC(N3CCN(C(C4=CC=C(C=C4)C(F)(F)F)COC)C(C)C3)(C)CC2.CC1CCCO1,Application_ds
O=C(OC)COC1=CC=C2C(OC=C(C2=O)C=3C=CC=CC3)=C1.N#CC,Application_ds
FC(F)(F)c1cccc2c(-c3cccc4[nH]ccc34)c(Cc3ccccc3)cnc12.CCO,Application_ds
NNC(=O)[C@@H]1CC[C@@H](Oc2ccncn2)CC1.O,Application_ds
N=1N=C(OC1CC=2C=CC=CC2)C3CN(CC4=CC=C(C=C4)C)CC3.CC(OCC)=O,Application_ds
CNC=O.O,Application_ds
Cc1cccc(Nc2nc(-c3ccnc(Br)c3)cs2)c1.CO,Application_ds
CC(C)N(CCCl)C(C)C.CC1CCCO1,Application_ds
O=CC1(O)C(O)C(OC(O[C]2[CH][CH][C]3[C](O)[C]([C]4[CH][CH][C](O)[CH][CH]4)[C]([OH+][C]3[CH]2)C(=O)N)C1(O)C[NH2+]CC(CC=5C=N[CH+]C5)C(C)C)C(=O)[O-].CCO,Application_ds
OC1CC2N(C)C(C1)C3OC23.CC1CCCO1,Application_ds
O=S(=O)(C1=CC=C(C=C1)C)N2C(CC)C2C(C)C.CCO,Application_ds
OC=1C=CC2=CC1C3=CC(=CC=C3OC)CC4NCCC5=CC(OC)=C6OC=7C=C8C(=CC7OC6=C54)C(N(C)CC8)C2.CC1=CC=CC=C1,Application_ds
O=C(O)C1(C)CCC2(C)CCC3(C)C4CCC56C(OC(O)(CC(O)C5(CO)C4(C)CCC3(CCCCCC)C2C1)C6CCC)CC7=CC=C(C=C7)CCOC.CCO,Application_ds
CCOC(=O)[C@H]1CC2CCCCC2N1C(=O)[C@H](C)NC(=O)OCc1ccccc1.N#CC,Application_ds
Cc1cc(OCCCO)cc(OS(=O)(=O)c2cccc(C)c2)c1.CC(OCC)=O,Application_ds
COCCCCCCOc1ccc(C#N)cc1.CO,Application_ds
CCNC(=O)Nc1ccc(-c2ccc(NC(=O)[C@H]3CN4CCC3CC4)cc2)cc1.CCO,Application_ds
O=C(NC1=CC=C2OCCOC2=C1)NC3CC(CN4N=NC(=C4)C5CC5)C(O)C3O.CCO,Application_ds
NCc1cccc2c1C(=O)N(C1CCC(=O)NC1=O)C2=O.CC(OCC)=O,Application_ds
O=C(OC)C=C(C)CCC=C(C)C1OC(C)(C)CC1.CC1CCCO1,Application_ds
Fc1cccc2c(Cl)ncnc12.O,Application_ds
COC1=C(C=CC(=C1)CS(=O)(=O)C)NC2=NC3=C(C=CN3)C(=N2)NC4=C(C(=CC=C4)F)C(=O)N.CC1=CC=CC=C1,Application_ds
O=Cc1ccc(-c2cccc(CN3CCCCC3)n2)cc1.CC(C)=O,Application_ds
O=C1OC2=CC=C(OC)C=C2C=C1C3=NC=4C=CC=CC4S3.CCO,Application_ds
O1CC(OC1(C)C)C2(C)CCC3(C)C(CCC45CC5(C)CCCC34)C2.CC1CCCO1,Application_ds
COC1CCC(CBr)CC1.O,Application_ds
CC(C)CC1=CC=C(C=C1)C(C)C(=O)O.CC1=CC=CC=C1,Application_ds
CC(c1ccc(C(=O)Nc2nn[nH]n2)cc1)N(C(=O)Nc1ccc(OC(F)(F)F)cc1)c1ccc(C(C)(C)C)cc1.O=CN(C)C,Application_ds
Nc1nc(N)c(C(=O)/N=C2\NCC3(CCN(C(=O)CCc4ccc(OCC(=O)O)cc4)CC3)N2)nc1Cl.N#CC,Application_ds
COC[C@@H](NC(=O)Nc1cc2c(cn1)c(-c1cnn(C)c1)nn2C(c1ccccc1)(c1ccccc1)c1ccccc1)c1ccccc1.CC1=CC=CC=C1,Application_ds
COc1ccc(F)cc1-c1ccc(C=O)cc1OCc1ccccc1.CC1=CC=CC=C1,Application_ds
OC(COC=1C=CC=CC1)CN2CCC3=CC(OC)=C(OC)C=C3C2C.CC1=CC=CC=C1,Application_ds
O=C1OC(CC(C)C(O)C=C(C=C(C=C(C)C(OC2OC(C)C(O)C(O)C2O)C(C=C(C=C(OC)C=C1C)C)C)C)C)C(C)C3(O)OC(CCCOC)C(O)(C)C(O)C3OC.CO,Application_ds
CN1CCN([C@@H]2CC[C@H](n3cc(-c4ccc5c(c4)OC(c4ccccc4)CC5)c4c(N)ncnc43)CC2)CC1=O.CCO,Application_ds
NS(=O)(=O)Cc1cccc(F)c1.O,Application_ds
CCOC(=O)Cc1cc(Cl)ccc1O.CCO,Application_ds
COc1c(-c2ccc3cccc(Br)c3n2)cc(C(C)(C)C)cc1C(C)(C)C.O=CN(C)C,Application_ds
O=C(C1=NN(C(=NN=CC=2OC=CC2)S1)C=3C=CC=CC3)C4=CC=C(C=C4)C.O,Application_ds
COc1ncc(B(O)O)cn1.CC(OCC)=O,Application_ds
CCCCNc1ccccc1.CC(OCC)=O,Application_ds
  CS(=O)(=O)Nc1ccc(NS(=O)(=O)NCCCl)cc1Oc1ccccc1.CC(OCC)=O,Application_ds
Cc1c(C(=O)N2CCC(N3CCCC3)CC2)c(C(F)(F)F)nn1-c1cccc(C(F)(F)F)c1.CCO,Application_ds
O=C(OC1CCC2(C)C(CCC3(C)C2CC=C4C5CC(C)(C)CCC5(C(=O)O)CCC43C)C1(C)C)C=CC6=CC=C(O)C=C6.CC1CCCO1,Application_ds
O=C(CC(OC)CCC=CC(C)CC(O)C(O)CC(C)C(O)C(O)CC(O)CCC(O)CC(=CC(O)C(O)C1OC(CC(O)C1O)C(O)CCC(=C)C(O)C(O)C2OC(C(O)C(O)C=CCCC=CC=CC=CCCC=C)C(O)C(O)C2)C)CC3OC(CCCCC(O)CO)CCC3.O=CN(C)C,Application_ds
NC(=O)N1CCC(Br)C1=O.CC1=CC=CC=C1,Application_ds
O=C(O)CCCCCC1OC2(OC1CCC2O)CCCCCCCCCCCC.CC(C)=O,Application_ds
O=C(Nc1ccc(C(=O)O)cc1)C1=CCCCC1.CC(C)=O,Application_ds
O=C(NC1=NC=CC=C1)C(C(F)(F)F)(C(F)(F)F)C(F)(F)F.O=CN(C)C,Application_ds
COc1c(N)cc(C(F)(F)F)cc1NS(C)(=O)=O.O,Application_ds
CCn1c(SC)nc(O)c(Br)c1=O.CC(OCC)=O,Application_ds
O=C1C=C(O)C(=O)C(=C1)C2COC3=C(OC)C(OC)=CC=C3C2.O,Application_ds
O=C1N(C)C(O)(C(=O)N(C)C1CC2=CNC3=CC=CC(=C32)[NH+]([O-])O)CC=4C=CC=CC4.N#CC,Application_ds
COc1cc2c(Oc3ccc(NC(=O)C4CCCN(c5ccc(F)cc5)C4=O)cc3F)ccnc2cc1OCCCN1CCOCC1.CC1=CC=CC=C1,Application_ds
  Cc1cc(Nc2c(Nc3ccc(C/C=N\OC(C)(C)C)cc3)c(=O)c(=O)c2=O)ccc1Br.CC1=CC=CC=C1,Application_ds
  Cc1nc(N)nc(Nc2c(Nc3cc(Cl)c(OC(F)(F)C(F)F)c(Cl)c3)c(=O)c(=O)c2=O)n1.CCO,Application_ds
O=C1OC2=C(C=CC(OCC=3C=CC=CC3Cl)=C2C)C(=C1)C4=CC=5C=CC=CC5OC4=O.CC1=CC=CC=C1,Application_ds
CNc1ccc(C(=O)O)cc1[N+](=O)[O-].O,Application_ds
Cc1cc(C(=O)Nc2cc3cc(c2)Nc2nc(ncc2Cl)Nc2cccc(c2)CC3)no1.CO,Application_ds
CN(C)C(=O)c1cc(OCc2ccccc2)ccc1[N+](=O)[O-].CC1=CC=CC=C1,Application_ds
COC(=O)c1ccc(S(=O)(=O)N(Cc2ccccc2)c2ncc(C(F)(F)F)cc2Cl)cc1F.O,Application_ds
O=C1OC=2C=C(OCC3C(O)(C)CCC4C(C)(C)C(OC5OC(CO)C(O)C(O)C5OC6OC(CO)C(O)C(O)C6O)CCC34C)C=CC2C=C1.N#CC,Application_ds
O=C1OC2=CC(=C(Cl)C(=C2C(=C1)CN3CCN(C=4C=CC=CC4)CC3)C)C.N#CC,Application_ds
Cc1ncc(C2(CN)CCCO2)cn1.CO,Application_ds
O=C(NCC1=CC=C(OC)C(OC)=C1)CC2CCNCC2CC3=NOC(=C3)COC.O,Application_ds
O=C(O)C12CC3CC(CC(O)(C3)C1)C2.CC(OCC)=O,Application_ds
OCCC1=CC=C(OC2OC(CO)C(O)C(O)C2O)C(OC)=C1.O,Application_ds
NCC1Cc2cc(F)cc(-c3ccccc3Cl)c2O1.CC1=CC=CC=C1,Application_ds
NC1CCCCC1.CO,Application_ds
CNc1cc2c([nH]c1=O)CCc1ccccc1-2.CC1CCCO1,Application_ds
COc1ccc(N2CCOCC2)c2sc(NC(=O)c3ccnc(N4CCSCC4)c3)nc12.CO,Application_ds
O=C(O)C1(OCC2OC(OCC(NC(=O)C(O)CCCCCCCCCCCCCCCC)C(O)C(O)CCCCCCCCCCCCCC)C(O)C(O)C2O)OC(C(O)C(O)COC)C(NC(=O)C)C(O)C1.CC1=CC=CC=C1,Application_ds
  Cc1cc(C)nc(Nc2c(Nc3cccc(C)c3C)c(=S)c2=S)n1.CC1CCCO1,Application_ds
O=S(=O)(O[Na])C1CCC2=CC=C(OC(N=C(N)N)C3=CC=C(C=C3)C4C1C=C5CC4CCOC5C6=CC=C(O)C=C6)C=C2.O,Application_ds
OC1(C)CCC2C1C=C(CCC2(OC)C)C(C)C.CC(C)=O,Application_ds
O=C1CCC2(C)C(CCC3(C)C2CCC4C5C(CCC5(CO)CCC43C)C(O)(C)C)C1(C)C.O,Application_ds
C(=Cc1ccccc1)c1ccccc1.O=CN(C)C,Application_ds
O=C(OCC(=CCCC(C)C1C(=O)C=C(C)CC1)C)C.CC1CCCO1,Application_ds
O=Cc1ccc(CN(Cc2ncc[nH]2)Cc2ncc[nH]2)cc1.CO,Application_ds
CNC1CCN(Cc2ccccc2)CC1.N#CC,Application_ds
O=C(NC=1C=CC=C(OC)C1)NCC2OC(CO)C(O)C2N(C)CCC3=NC=CC=C3.CC(OCC)=O,Application_ds
CC(C)(C)[Si](C)(C)OC1CC2C/C(=C\C#N)CC1N2Cc1ccccc1.O,Application_ds
Cc1cccc(Oc2c(F)cccc2C(O)(CCCN)[C@@H]2CCCN(C(=O)OC(C)(C)C)C2)c1.CC(C)=O,Application_ds
O=C1OC2=C(C=C1)C=CC(OC)=C2CC3OC3(C)C.O=CN(C)C,Application_ds
CC1=CC(C)=NC(NC(=O)NS(=O)(=O)C2=CC=CC=C2C(=O)OC2COC2)=N1.CC(OCC)=O,Application_ds
O=CC1=CC=CC(=C1)CC(OC(=O)C)C=C(C)CCC=C(C)C.CCO,Application_ds
Cn1nnc(-c2ccccc2F)c1-c1cn(-c2ccc(C(=O)NC3CCOCC3)cn2)cn1.CC(C)=O,Application_ds
CC(C)(C)OC(=O)N1CC[C@@H](c2ccccc2)[C@H](c2cccc(Cl)c2)C1.CC(OCC)=O,Application_ds
O=C1C(=C2CCC(O)(C)C3(CCC(C(=CC=CC(=C)C(O)(NCC4CCCCC4)CC=C(C)C)CO)C3O)C2CCC(O)CC5=CC=CC(=C5)CC(C(O)CNC6C(=O)NC(N)C=7C=CC=C(C76)C1)C(C8=CC=C(O)C=C8)CN=C(N)N)C.O,Application_ds
Cc1nc(N2CCN(CC3CC3)C2=O)sc1C(=O)O.CCO,Application_ds
CC#CCOc1cc(NCC)ncn1.O,Application_ds
COc1cc(CC(=O)O)ccc1OCCNC(=O)OC(C)(C)C.CC(C)=O,Application_ds
Nc1cccc(C=C2c3ccccc3CCc3ccccc32)c1.N#CC,Application_ds
O=C(NCc1ccccc1)c1ccc(Br)c(CN(Cc2ccccc2)C(=O)C2CC2)c1.O=CN(C)C,Application_ds
CN(c1cccc2cc(C3=NCC4(CCNCC4)S3)[nH]c12)S(=O)(=O)c1cccs1.N#CC,Application_ds
O=CCCC1=CC(O)=C(OC)C(OC)=C1.CC1CCCO1,Application_ds
OC1C=CCC1.N#CC,Application_ds
O=C(OC1CC(OC(C1)C(CC2=CC=C(O)C(OC3CCCCC3)=C2)CCCCC)C4=CC(O)=C(O)C(OCCC=5C=NC=CC5)=C4)C.CCO,Application_ds
OB(O)c1ccc(-n2cccn2)cc1.CC1CCCO1,Application_ds
FC=1C=CC=CC1C2=NN=C(O2)CC3C(=CC(CN(C)CC=4C=NC=CC4)C(C3)C(C)C)C.CC1=CC=CC=C1,Application_ds
O=C1NC=NC=2SC(C(=O)NCC3CCCN4CCCCC43)=C(C12)C.O=CN(C)C,Application_ds
O=C(OC1COC(N2N=CC(=O)NC2=O)C(OC(=O)C)C1OC(=O)C)C.CC(C)=O,Application_ds
O=C1NC(=O)C(C(=O)N1)(C2=CC(=O)CCC2)C.CC1=CC=CC=C1,Application_ds
O=C(O)Cc1cc(Cl)cc2c(-c3ccccc3)onc12.O,Application_ds
O=C1OC(C)CCC(=O)CC(OOS(=O)(=O)O)C(OCOS(=O)(=O)O)C1.CO,Application_ds
CC(C)(C)OC(=O)N1CCC(CCN)CC1.CCO,Application_ds
CCSc1ccccc1-c1nc2cc(C(F)(F)F)cc(Br)c2n1C.CC1=CC=CC=C1,Application_ds
CC(C)(C)OC(=O)N1CCN(c2cccc(-n3ncc4cnc(Cl)cc43)n2)CC1.N#CC,Application_ds
Cc1nc(-c2cccc(-c3ccc(C(N)=O)cc3)c2)c2c(n1)[C@@]1(c3ccccc3)C=C(C#N)C(=O)[C@@H](C)[C@@H]1CC2.N#CC,Application_ds
O=S(=O)(c1ccc(Br)cc1)C1CCN(CCc2ccc(F)cc2F)CC1.CC(C)=O,Application_ds
CCOC(=O)CNc1ccccc1.O=CN(C)C,Application_ds
O=C(O)CCCCCCCC1C(=O)C=CC1C=CC(O)CC.CO,Application_ds
CC(C)(C)OC(=O)N1Cc2ccc(CN3CCCC3)cc2C1.CC(C)=O,Application_ds
COCC1CCCN1N=C1CCN(c2ccccc2)C1=O.N#CC,Application_ds
O=C(O)C(O)NC(=O)C(NC(=O)CCC(O)(NCNC)C(=O)O)CSC1C=2OC(=O)C34C#CCC=5C=CC=CC5C6CCC(NC)(C4=C(CC=7C=CN=CC7)CC(C23)CCCCCC81CCCC8)C6.CO,Application_ds
CC(C)(C)OC(=O)N1CC[C@H]1COc1cncc([Sn](C)(C)C)c1.CCO,Application_ds
COc1ccc(CNc2ccc(OC)cc2C(=O)c2cccc(F)c2)c(OC)c1.CO,Application_ds
C[C@@H](NC(=O)Cc1ccc(C(C)(C)O)cc1)c1ccc(OCC(F)(F)F)cn1.N#CC,Application_ds
CCOC(=O)CNCc1ccc(OC)cc1OC.CO,Application_ds
COc1cc(N2CCN(C(=O)OC(C)(C)C)CC2)ccc1Nc1cc(Cl)nc2cn[nH]c(=O)c12.N#CC,Application_ds
Cc1ccc(S(=O)(=O)n2cc(-c3ccc(Cl)s3)c(OCc3ccccc3)n2)cc1.N#CC,Application_ds
O=C1OC(C(OC)=C1CO)=C2OC3=CC4(CN5C(CCCC5C3C2CO)C(O)C6C=CCC(C)C6)CCCCC4.O,Application_ds
O=C(N1CCOCC1)CC2C(O)CCC3C4(C)COC(OC4CCC23C)COC.CC1CCCO1,Application_ds
O=C(O)Cc1ccc(-c2ccccc2F)cc1.CO,Application_ds
COC(=O)c1ccc(OCC=C(C)COCC(C)C)cc1.CCO,Application_ds
  CCN(CC)c1ccc2ccccc2c1-c1c(NS(=O)(=O)N[C@@H]2CCCC[C@@H]2N)ccc2ccccc12.CC(OCC)=O,Application_ds
CCOC(=O)c1c(-c2ccc(C(=O)Nc3ccccc3)cc2)c(C#N)c(CC)n1C.CC(OCC)=O,Application_ds
O=C1NC(=O)c2ccccc21.CC(OCC)=O,Application_ds
O=C1OCC23C1=CCCC2C(C)(CCC(=CCO)CO)C(CO)CC3.O=CN(C)C,Application_ds
CC(N)c1c(F)cc2ncccc2c1F.O,Application_ds
O=C(OCC1OC(OC2CCC3(C)C4CC=C5C6C(C)C(C)CCC6(C(=O)OC)CCC5(C(=O)OC)C4(C)CCC3C2(C)C)C(OC(=O)C)C(OC(=O)C)C1OC(=O)C)C.CC(C)=O,Application_ds
OC1=CC=C(C=C1OCC(NCC)[C+]2N=CC(=C2)C(C)CNCC(O)C)CCC3=C[C-](CO)C([OH+]3)CCCCCCCN.CC(OCC)=O,Application_ds
CCCNCCSc1ccc(OCC(=O)OCC)c(C)c1.CO,Application_ds
OCC1(O)CCC23C(=CC1C2)C(O)CC4C(C)(CO)CCCC43C.O,Application_ds
O=C1C2=CC(=CC(O)=C2C(=O)C=3C(O)=CC(O)=C(Cl)C13)CO.CCO,Application_ds
O=Cc1ccc(-c2cc(-c3c(-c4ccc(F)c(Cl)c4)nc4ccccn34)ccn2)cc1.N#CC,Application_ds
O=C1OCC(=C1)C=2C=C(OC)C(OC)=C(OC)C2.N#CC,Application_ds
CCOCc1nc2cnc3ccccc3c2n1CC1(O)CCNCC1.CC1CCCO1,Application_ds
O[Bi]1OC(=O)C2=CC=CC=C2O1.CCO,Application_ds
COc1ccc(C=CC(=O)NN)cn1.CC(C)=O,Application_ds
OCC1OC(OC2CC3(C)C(CC(O)C4C(C(=CC(OC)C5OC5(C)C)C)CCC43C)C6(C)CCC(O)C(C)(C)C26)C(O)C(O)C1O.N#CC,Application_ds
COC(=O)CNCC(=O)OC.O,Application_ds
OC1C(=C)C2CCC13C4CC5C6(C)CN(CC)C4C5(C(O)CC6)C3C2O.N#CC,Application_ds
Clc1nc(N2CCOCC2)c2sc(I)cc2n1.CCO,Application_ds
O=C(/C=C/c1cccc(Br)c1)NC1CC1.O,Application_ds
O=C(OCC(C1=CC(OC)=C(OC)C(OC)=C1)COC(=O)C(=CC)C)C(=CC)C.CC1=CC=CC=C1,Application_ds
CCCCCCCCCCCC(=O)Oc1c(I)cc(I)cc1I.CCO,Application_ds
CC(C)(C)OC(=O)Nc1ccc(I)cc1[N+](=O)[O-].CC(OCC)=O,Application_ds
CC(C)(C)OC(=O)N1CNC(=O)C1.N#CC,Application_ds
O=C(NC1=CC=C(F)C=C1F)NCC2OC(CO)C(O)C2N3CCCCC3.CC(C)=O,Application_ds
O=C(OC)C=1C(O)=C2C(=O)OC(C)C(C2=C(C1OC)C)C.O,Application_ds
O=C(OC(=O)C(F)(F)F)C(F)(F)F.CO,Application_ds
CC(O)c1ccc(C(C)(C)C)cc1.CC1=CC=CC=C1,Application_ds
COc1ncc(-c2ccc3ncnc(-c4ccnc(C(=O)N5CCN(C(C)=O)CC5)c4)c3c2)cn1.CC1=CC=CC=C1,Application_ds
CC(Cn1ncc2ccc(O)cc21)NC(=O)OCc1ccccc1.N#CC,Application_ds
O=C1OC2=CC(=CC(OC(=O)C(N=C(O)OCC=3C=CC=CC3)CCSC)=C2C(=C1)CC)C.N#CC,Application_ds
O=C(OC1CCC2(C)C3CC=C4C5C(C)C(C)CCC5(C)CCC4(C)C3(C)CCC2C1(C)C)CCCCCCCCCCCCCCCCC.CC1=CC=CC=C1,Application_ds
N=C1N=C(C=C(N)N1O)N2CCCCC2.CC(OCC)=O,Application_ds
COC(=O)c1ccnc(-c2ccc(C(C)(C)C)s2)c1.CCO,Application_ds
OC=1C=CC2=CC(=CC=C2C1)C3=C(OC)C(O)=CC=C3CCC(O)C4CC#CC(CC)CCCCC4O.N#CC,Application_ds
  CC(C)(C)[C@H](NC(=O)Nc1ccc(N2CCOCC2)c(F)c1)C(=O)N1CCC[C@@H]1C(c1ccccc1)c1ccccc1.CC1=CC=CC=C1,Application_ds
Cc1cc(-c2sc(N)nc2-c2cccc(NC(=O)c3c(F)cccc3F)c2)nc(Nc2cccc(OCCN(C)C)c2)n1.CO,Application_ds
Cc1c[n+]([O-])c(N[C@@H]2CC[C@H](NC(=O)c3ccc(F)c(Cl)c3)CC2)cc1[N+](=O)[O-].O,Application_ds
Cc1c(C)c(S(=O)(=O)NC(=N)NCCC[C@H](NC(=O)c2cccn(CC(=O)N(c3ccccc3)c3ccccc3)c2=O)C(=O)OC(C)(C)C)c(C)c2c1OC(C)(C)CC2.CC(C)=O,Application_ds
Cc1cccc(Cn2nc(C)c3c(NC(=O)c4cnc5cc(OCCN6CCN(C(=O)OC(C)(C)C)CC6)ccn45)cccc32)n1.O,Application_ds
CN(Cc1ccccc1)c1ccc(C(C)(CO)C(=O)O)cc1[N+](=O)[O-].N#CC,Application_ds
O=C(OCC(OC(=O)CCCC=CCC=CCC=CCC=CCCCCC)COP(=O)(O)OC1C(O)C(O)C(O)C(O)C1O)CCCCCCCCCCCCCCCC.CC1CCCO1,Application_ds
O=C(N1CC2N(CC(O)C2)C3(C1)CN(CC4=CC=C(C=C4)S(=O)(=O)C)C3)CC=5C=CC=CC5.O=CN(C)C,Application_ds
O=C1N(C(=O)C2N1C(C=3C=CC=CC3)C=4NC=5C=CC=CC5C4C2)C=6C=CC=CC6C(O)=NCC=7OC=CC7.CO,Application_ds
  C=CCNC(=O)NC(C)(C)CC(C)=O.CC(OCC)=O,Application_ds
O=C(OC1C(OC(=O)C(C)C)C2(C)C(C3=COC=C3)CC4OC42C5(C)C(OC(=O)C)CC6C(C(=O)OC)(C)C(O)CC(OC(=O)C)C6(C)C15)C.O,Application_ds
CC(C)(C)OC(=O)N1CC2(CCS(=O)(=O)CC2)c2ccc(N3CCOCC3)cc21.CO,Application_ds
Oc1ccc(F)cc1CCc1ccc(F)c(F)c1.CCO,Application_ds
Cc1cc2ccccc2c(Cl)c1[C@@H](O)CO.CC(C)=O,Application_ds
  Cc1ccc(C(=O)c2ccc(CNC(=S)Nc3nc(-c4ccccc4)n[nH]3)cc2)cc1.CC1=CC=CC=C1,Application_ds
CCOC(=O)c1cnc2cc(Cl)ccc2c1Nc1ccc(C(=O)O)cc1.O,Application_ds
Brc1ccc(C2OCCO2)cn1.N#CC,Application_ds
CC(C)(C)OC(=O)N1CCC(C)(C(N)=O)CC1.CC1CCCO1,Application_ds
O=C(Nc1cnccc1O)c1ccc([N+](=O)[O-])s1.CCO,Application_ds
O=C1OC=2C(O)=C(OC)C=C(OC3OC(CO)C(O)C(O)C3O)C2C=C1.CO,Application_ds
  COC(=O)c1c(NC(=O)NC(=O)c2ccccc2F)nn2ccccc12.N#CC,Application_ds
CCOCN(C(=O)CCl)C1=C(CC)C=CC=C1C.CO,Application_ds
CC(=O)c1cc(Cl)c2cccnc2c1N1CCC(O[Si](C)(C)C(C)(C)C)CC1.CCO,Application_ds
OC1C=CCCC1.CC(OCC)=O,Application_ds
Fc1cccc2c1C(C(F)(F)F)NCC2.CCO,Application_ds
COC(=O)Nc1cc(N2CC=CCC2)nc(NC(=O)OC)[n+]1[O-].CC(C)=O,Application_ds
Nc1c(F)c(F)cc(C(=O)O)c1[N+](=O)[O-].CC(OCC)=O,Application_ds
Brc1ccccc1-c1nnn(C2CCCCO2)n1.O=CN(C)C,Application_ds
Cc1cccc(-c2sc(C)nc2C(=O)N2C[C@H]3C[C@H]3[C@H]2CNC(=O)c2cc3ccccc3n2C)c1.CC1CCCO1,Application_ds
O=C(NC1CCCCC1)NC2CCN(C(=O)CC(C)(C)C)C2C(=O)NCCCC(=O)OC.CCO,Application_ds
CCOC(=O)c1c[nH]nc1I.N#CC,Application_ds
CC(C)(C)c1cc(CO)cc(C(=O)O)c1.CC1CCCO1,Application_ds
C=CCS(=O)c1cccc(C(=O)N[C@@H](Cc2cc(F)cc(F)c2)[C@H](O)CNC2(c3cccc(CC)c3)CC2)c1.CO,Application_ds
Cc1c(C(=O)NN2CCCCC2)nn(-c2ccc(Cl)cc2Cl)c1-c1ccc(OCc2ccccc2)cc1.CC(OCC)=O,Application_ds
O=C1NC2=CC(Cl)=CC=C2C1=CC=3C=C(OC)C=4OCCOC4C3.N#CC,Application_ds
O=CC=1C=CC=CC1OC2OC(CO)C(O)C(O)C2O.CO,Application_ds
N=C(N)NC(=O)c1ccc(S(F)(F)(F)(F)F)cc1Oc1ccc(F)cc1.CC1CCCO1,Application_ds
Clc1nccc(Nc2ccccc2)n1.O,Application_ds
CCOC(=O)c1ccc(NC(=O)c2cc(C)no2)cc1.O=CN(C)C,Application_ds
OCC1OC(OCC2=CCC(C(=C)C)CC2)C(O)C(O)C1O.CC(C)=O,Application_ds
O=CC(O)C(OC1OC(CO)C(O)C(O)C1O)C(O)CO.O=CN(C)C,Application_ds
O=C1SC(=CC=2C=CC=CC12)C(=O)N3CC=4C=CC=CC4CC3C(=O)NC.N#CC,Application_ds
O=C(O)CCC(=O)c1ccc(F)cc1.CCO,Application_ds
NC1CCN(C(=O)OCc2ccccc2)CC1.O=CN(C)C,Application_ds
  C=C[C@@H]1CN2CC[C@H]1CC2[C@@H](Nc1c(Nc2ccc3c(c2)CC[C@@]32OC(=O)NC2=O)c(=O)c1=O)c1ccnc2ccc(OC)cc12.CC(C)=O,Application_ds
COC(=O)/C(C#N)=C/c1ccc(OCCCCCCO)cc1.CO,Application_ds
O=S(=O)(Cc1cscn1)c1ccc(Cl)cc1.CCO,Application_ds
CC(C)N1CCC(NC(=O)c2nc3c(C(=O)O)cccc3n2CC(=O)Nc2ccc(Cl)cn2)CC1.CCO,Application_ds
OC1C2=C(OC)C=3OCOC3C=C2CCN1C.CC1CCCO1,Application_ds
CCOC(=O)c1ccc(Cl)c([N+](=O)[O-])c1.O=CN(C)C,Application_ds
O=C(O)C1=CCCC2C1(COC(=O)C)CCC(C)C2(C)CCC3=COC=C3.O=CN(C)C,Application_ds
CCCc1cc(Cl)ncc1C(=O)NC.O=CN(C)C,Application_ds
[H][C@@]12CCC3=CC(C(C)C)=C(C=C3[C@@]1(C)CCC[C@@]2(C)C(O)=O)S(O)(=O)=O.CCO,Application_ds
O=Cc1cc(O)c(O)c([N+](=O)[O-])c1.CCO,Application_ds
COc1cc(N=C=O)cc(OC)c1.CC1CCCO1,Application_ds
O=C(C=1C(O)=CC=C2OC(CC21)C(O)(C)C)C(C)C.O,Application_ds
COCCC(=O)N[C@@H]1c2ccccc2C[C@H]1NC(=O)c1cc2cc(Cl)ccc2[nH]1.CC1=CC=CC=C1,Application_ds
ClCCOc1cccc2nc[nH]c12.CC1=CC=CC=C1,Application_ds
[H][C@]12CC[C@]3([H])[C@]([H])(CC[C@]4(C)[C@H](CC[C@]34O)C3=CC(=O)OC3)[C@@]1(C)CC[C@@H](C2)O[C@H]1C[C@H](O)[C@H](O[C@H]2C[C@H](O)[C@H](O[C@H]3C[C@H](O)[C@H](O)[C@@H](C)O3)[C@@H](C)O2)[C@@H](C)O1.CC1CCCO1,Application_ds
CCc1[nH]c(C(=O)N[C@H]2CCN(c3ncc(C(=O)N(C)C)s3)C[C@H]2OC)nc1Cl.N#CC,Application_ds
  CCOC(=O)c1ccc(Nc2c(N[C@H](CN=P(c3ccc(OC)cc3)(c3ccc(OC)cc3)c3ccc(OC)cc3)c3ccccc3)c2=O)cc1.CCO,Application_ds
Clc1ccc2[nH]nnc2n1.O=CN(C)C,Application_ds
O=C(N1CCC(Cc2ccccc2)CC1)C(F)(F)F.CC(OCC)=O,Application_ds
COC(=O)[C@@H](NC(=O)c1onc(-c2ccc(NC(=O)Nc3ccccc3)cc2)c1-c1ccccc1)C(C)C.CC1CCCO1,Application_ds
O=C(O)CCCCCCC(C)CC.CC1=CC=CC=C1,Application_ds
  Cn1nc(C(C)(C)C)cc1NS(=O)(=O)NC1([C@H](COCc2ccccc2)NC(=O)OC(C)(C)C)COC1.O,Application_ds
Oc1cc(Cl)ccc1Cl.CO,Application_ds
COC(=O)C=Cc1cccc(S(=O)(=O)Nc2cccc(OC)c2)c1.CC(OCC)=O,Application_ds
Cc1c2n(c3ccccc13)C(=O)C(C(O)c1ncn(C(c3ccccc3)(c3ccccc3)c3ccccc3)c1C)CC2.CC1=CC=CC=C1,Application_ds
O=C1OC=2C=C3OC=C(C=4C=CC=CC4)C3=CC2C(=C1CCC(=O)NC(C(=O)O)CCCNC(=O)N)C.CC1CCCO1,Application_ds
CCS(=O)(=O)c1ccc(Cl)c(C#N)c1.O=CN(C)C,Application_ds
CCN(CC)c1ncc(C(=O)O)nc1OC(C)C.O,Application_ds
Cc1ccc(-n2cc(-c3ccccn3)nc2-c2ccc(I)cc2)cn1.CC(OCC)=O,Application_ds
CC(C)c1ccccc1Nc1nc2ccc(C(=O)O)cc2[nH]1.CC1=CC=CC=C1,Application_ds
  CC1(C)[C@@H]2CC[C@@]1(C)[C@H](NC(=S)NC(=O)c1ccccc1)[C@H]2CC1CCCCC1.N#CC,Application_ds
O=C(O)C1(C)CCC2(C(=O)OC3OC(COC4OC(CO)C(O)C(O)C4O)C(O)C(O)C3O)CCC5(C(=CCC6C7(C)CCC(O)C(C)(CO)C7CCC65C)C2C1)C.O=CN(C)C,Application_ds
FC(F)(F)c1cc(Br)c2nc(Cl)[nH]c2c1.CC(OCC)=O,Application_ds
O=C1N(C=2C=CC=CC2OC3CN(CC=4C=CC=CC4)C1C3)CC=5C=NC=CC5.CC1CCCO1,Application_ds
O=C(OC)C1=C(OC)C(=C(O)C(OC=2C=C(C=C(OC)C2CO)C)=C1C)C.N#CC,Application_ds
O=C(NC1(CC(=O)C(C)(C)C)CCC1)C.CC1=CC=CC=C1,Application_ds
O=C1OC=2C(OC)=C(OC)C=CC2C(=C1CC(=O)NC(C(=O)O)CSC)C.CC(C)=O,Application_ds
[O-][NH+](O)C1=CC=C(NN=CCCC=2C=CC=CC2)C(=C1)[NH+]([O-])O.O,Application_ds
O=C1C2=CC=3OCOC3C=C2C45C=CC(OC)CC5N(C(=O)C4N1CCC6=CC=C(O)C=C6)C.CC1CCCO1,Application_ds
COc1cccc(OC)c1C(CO)N(Cc1ccc(OC(F)(F)F)cc1)C(=O)CCl.CO,Application_ds
Cc1cn(-c2ccc(Br)c(C)n2)nn1.CO,Application_ds
O=C(O)C(OC(=O)CCCC#CC#CC=CCCCCCCC)C.O,Application_ds
CS(=O)(=O)c1ccc(OC2CCCCC2)c(C(=O)N2CCN(c3ncc(S(C)(=O)=O)s3)CC2)c1.O,Application_ds
  CCCCc1ccc(Nc2c(N[C@@H](C(C)(C)C)P(=O)(Oc3ccccc3)Oc3ccccc3)c(=O)c(=O)c2=O)cc1.O=CN(C)C,Application_ds
CCN(CC)C(=O)C(c1ccccc1)N1CCN(c2ccc(N)cc2F)CC1.CC(C)=O,Application_ds
CC(=O)NC12CC3CC(C1)CC(C(=O)NCc1ccc(C(=O)Nc4ccccc4N)cc1)(C3)C2.O,Application_ds
N#CCc1ccc(-c2nccc(OCc3ccccc3)n2)cc1.CCO,Application_ds
O=C(CCCl)N1CCCC1.CCO,Application_ds
  C[C@H]1CC[C@H](Nc2c(NCCCN3CCCC3=O)c(=O)c2=O)CC1.CC(C)=O,Application_ds
CNn1cc(C(=O)O)c(=O)c2cc(F)c(F)c(F)c21.CC1CCCO1,Application_ds
CC(C)(c1ccc(S(=O)(=O)Nc2ccc(Cl)cc2C(=O)c2ccncc2)cc1)c1cocn1.CCO,Application_ds
O=C(O)C(=C(C(=O)O)CC(=O)O)C.O=CN(C)C,Application_ds
CCOC(OCC)C(=O)NCc1ccccc1Br.CO,Application_ds
CC1(C)C=Cc2cccc(CN3CCC4(CC3)CCN(C(=O)c3ccnnc3N)CC4)c2O1.O,Application_ds
Cc1c(C=C2C(=O)Nc3ccc(F)cc32)[nH]c2c1C(=O)N(CCN1CCCC1)CC2.N#CC,Application_ds
CC1(C)OB(C2=CCCOC2)OC1(C)C.CC1=CC=CC=C1,Application_ds
  COC(=O)CCNC(=S)NS(C)(=O)=O.CC(C)=O,Application_ds
COc1cc(Br)cc([N+](=O)[O-])c1.CO,Application_ds
O=C(NCCCNCCCNC(=O)C(F)(F)F)C(F)(F)F.CCO,Application_ds
C[C@H]1COCCN1c1cc(CI)nc(Cl)n1.N#CC,Application_ds
CC(C)CN(C)c1ccc(-c2cc(-c3cccc(C(=O)O)c3)no2)cn1.O=CN(C)C,Application_ds
CC1(C)CC(c2ccccc2Br)Nc2ccc(Cl)cc21.O,Application_ds
OCCCSc1ccc(F)cc1.CC(C)=O,Application_ds
Cc1ccc(S(=O)(=O)n2cc(-c3cccc(OC(C)C)n3)c3cc(-c4nnc(S(C)(=O)=O)s4)ccc32)cc1.CC1=CC=CC=C1,Application_ds
C(=Cc1ccccc1OCc1ccccc1)CCc1ccc2ccccc2c1.CO,Application_ds
Cc1cccc(OC(c2ccc(Br)cc2)C2CCN(C(=O)OC(C)(C)C)CC2)n1.CCO,Application_ds
CN1CCN(c2ccc(-c3ccc4c(c3)C=C(C(=O)O)CCO4)cc2)CC1.O=CN(C)C,Application_ds
  CCNC(=O)c1cc(NC(=O)Nc2nc(-c3ccccc3)nc3ccccc23)ccc1OC.N#CC,Application_ds
O=CC1CCC(O)C2(C)CCC3C(=C)C(=O)OC3C12.CC(C)=O,Application_ds
CCOC(=O)CCn1ccc2c(-c3nnc(-c4ccc(OC(C)C)c(Cl)c4)s3)ccnc21.O=CN(C)C,Application_ds
CC(=O)c1ccc2c(c1)[C@H]1[C@H](OC(=O)C(C)(C)C)C[C@]3(C)[C@@H](OC(=O)C(C)(C)C)CC[C@H]3[C@@H]1CC2.CC1=CC=CC=C1,Application_ds
CN(Cc1nnc2n1-c1ccc(Cl)cc1C(c1ccccc1)=NC2)CC1CC1.CCO,Application_ds
CC(C)(C)OC(=O)NCCc1ccccc1N.CC1CCCO1,Application_ds
COc1ccc(Nc2ncccc2[N+](=O)[O-])cc1OC1CCCC1.CC1CCCO1,Application_ds
O=C(NCC(F)CCN(O)C(=O)CCC(=O)NCC(F)CCN(O)C(=O)C)C.CC1=CC=CC=C1,Application_ds
O=C(OC1C(=CC2(O)OC(C(=C2)C)CC3OC(=O)C(=C)C13)C)C(=CCC)C.O=CN(C)C,Application_ds
O=S(=O)(NCC=1C=CC=CC1)C=2C=3OCOC3C(OC)=C4C2CCN(C)C4.N#CC,Application_ds
CCCCCCc1cc(-c2nc(-c3ccc(C(C)(C)C)cc3)nc(-c3ccc(C(C)(C)C)cc3)n2)c(O)cc1O.CC1CCCO1,Application_ds
CC1=CC(=CC(=C1O)[N+]([O-])=O)[N+]([O-])=O.CCO,Application_ds
CON(C)C(=O)[C@@H]1[C@@H](OS(C)(=O)=O)CCN1C(=O)OC(C)(C)C.O,Application_ds
N#CCCCCCCc1nc(-c2ccccc2)c(-c2ccccc2)o1.CC(OCC)=O,Application_ds
[O-2].[O-2].[O-2].[O-2].[O-2].[O-2].[O-]S(=O)(=O)[O-].[O-]S(=O)(=O)[O-].[O-]S(=O)(=O)[O-].[Al+3].[Al+3].[Ca+2].[Ca+2].[Ca+2].[Ca+2].[Ca+2].[Ca+2].CO,Application_ds
COCCCNC(=O)c1ccc(Cl)nc1.O,Application_ds
COC(=O)c1ccc2c(c1)OCCC2=O.CC1CCCO1,Application_ds
O=C(OCC1C=2C=CC=CC2C=3C=CC=CC31)NC(C(=O)O)COC.CC(C)=O,Application_ds
CC(C)(C=O)CO[Si](C)(C)C(C)(C)C.CC1=CC=CC=C1,Application_ds
CC1=C(C#N)C(c2ccc3c(c2)c(N)nn3C(=O)OC(C)(C)C)C(C#N)=C(C)N1.O=CN(C)C,Application_ds
FC=1C=CC=CC1COC=2C=CC(=C(O)C2)C3=NC(=NC=C3OC=4C=CC=CC4Br)N.CC(OCC)=O,Application_ds
COc1ccccc1C(NC(=O)OC(C)(C)C)C(=O)O.CC(C)=O,Application_ds
O=C1OCC2=C1C(O)=C(C(OC)=C2C)CC=C(C)CCCC(C(=O)O)C.CO,Application_ds
N[C]1[CH][CH][C]([CH][NH+]1C[C]2[CH][C]([CH][C]([CH]2)C)C)C.CC(OCC)=O,Application_ds
CC(C)(C)OC(=O)N[C@H]1CCCN(c2c([N+](=O)[O-])cnc3c2ccn3S(=O)(=O)c2ccccc2)C1.CC1=CC=CC=C1,Application_ds
O=C(OC)C1=CC=C(C(=C1)NC(=O)N2CCC=3N=CNC3C2C=4C=NC=CC4)C.CC(OCC)=O,Application_ds
NC1=C(F)C=NC(=O)N1.N#CC,Application_ds
O=C(O)C1OC(OC=2C=CC(=CC2O)C=3OC=4C=C(OC5OC(C(=O)O)C(O)C(OC6OCC(O)C(O)C6O)C5OC7OC(C)C(O)C(O)C7O)C(OC)=C(O)C4C(=O)C3)C(OC8OC(C)C(O)C(O)C8O)C(OC9OCC(O)C(O)C9O)C1O.O=CN(C)C,Application_ds
O=C1C2=C3C4(O)C(CC2)CC5C(O)(C)C(O)(O)C6OC7C(O)NC(C(=O)N8CC8CC#CC3(CCC54C)C9(C)CCC(OCCCOC)CC19)C%10(CCC(C=%11C=CC=C(O)C%11)C%10)C7C6CO.CC1CCCO1,Application_ds
CS(=O)(=O)Nc1cccc(CN2CCN(C(c3ccccc3)c3ccccc3)CC2)n1.O,Application_ds
C/C(=C/C(=O)O)CC/C=C(\C)CO.CC(C)=O,Application_ds
O=C(O)CCC(O)C(=O)O.N#CC,Application_ds
OCC=C(C)CCC=C(CO)CCC=C(CO)CCC=C(C)CO.CCO,Application_ds
O=C(O)c1ccccc1S.N#CC,Application_ds
N#CCC=CCCCCCCCCCC(C)C.O=CN(C)C,Application_ds
CCOC(=O)C(C)(C)CNC(=O)c1nc(C#N)c2cc(Oc3ccc(Cl)cc3)ccc2c1O.O=CN(C)C,Application_ds
C[C@H](Nc1cc(-c2cnn(COCC[Si](C)(C)C)c2)cc(Nc2cnccn2)n1)c1ccc(F)cc1.O=CN(C)C,Application_ds
Brc1cc2nccc(Nc3ccc4[nH]ccc4c3)c2s1.CC(OCC)=O,Application_ds
CC(=O)n1c2ccccc2c2ccccc21.N#CC,Application_ds
O=C1C=C(OC2=CC(O)=C(OC)C(O)=C12)C=3C=C(O)C(O)=C(OC)C3.CC1CCCO1,Application_ds
CC(CCO)C(C(=O)NNC(=O)OC(C)(C)C)c1ccc(F)cc1.CC(C)=O,Application_ds
COC(=O)CNCC(=O)OC.CO,Application_ds
  COC(=O)CC[C@@H](C)[C@H]1CC[C@H]2[C@H]3[C@H](C[C@H](O)[C@@]21C)[C@@]1(C)CC[C@H](Nc2c(NC(=O)c4cccc5ccccc45)c(=O)c2=O)C[C@H]1C[C@H]3O.CC(C)=O,Application_ds
O=[N+]([O-])c1c(C(O)c2ccc(F)cc2)ccc2cccnc12.CC(OCC)=O,Application_ds
O1C=2C=C3C(=CC2OC1)C45C=CC(OC)CC5N(C)CC4OC3C.CO,Application_ds
CC(C)(C)OC(=O)N1CCN(c2ccc(-c3cncc(-c4cc(-c5cc(Cl)ccc5F)nc5ncccc45)c3)cn2)CC1.CC1=CC=CC=C1,Application_ds
O=C(OCC=C(C)CCC=C(C)CCC=C(C)C)CC.CC(OCC)=O,Application_ds
NCc1ccc(OCF)cc1.CC(C)=O,Application_ds
Clc1ccc2c(C3CCN(CC4CCCCCCC4)CC3)cn(Cc3ccccc3)c2c1.CC(C)=O,Application_ds
C[Si](C)(C)c1ccc(CNCCc2ccc(Cl)c(Cl)c2)cc1.N#CC,Application_ds
O=C(O)C(N)CC1(OC2C(O)C(O)COC2C1)C(=O)O.CO,Application_ds
CC1(C)COC2(CCC(O)(CCNC3(c4ccc(Br)cc4)CC3)CC2)OC1.CO,Application_ds
COc1ccc(S(N)(=O)=O)c2c1C[C@@H](NC(=O)C(F)(F)F)CC2.N#CC,Application_ds
O=C(OCC1OC(OC2(OC(CO)C(O)C2OC(=O)C=CC3=CC(OC)=C(OC)C(OC)=C3)CO)C(O)C(O)C1O)C=CC4=CC(OC)=C(O)C(OC)=C4.CC1=CC=CC=C1,Application_ds
O=C(C[N+]12CCC(CC1)[C@@H](OC(=O)C(NS(=O)(=O)CC(F)(F)F)c1ccccc1)C2)c1ccccc1.CC(OCC)=O,Application_ds
CCNCCN1CCCc2cc(Br)ccc21.CO,Application_ds
O=C(Nc1ccc(C(F)(F)F)c(OCCN2CCCC2)c1)c1cccnc1Cl.CO,Application_ds
O=C(OC(Cc1ccccc1)C(=O)O)c1ccccc1.O=CN(C)C,Application_ds
CCN(Cc1ccccc1N)c1ccc(C(N)=O)nn1.CO,Application_ds
O=C1C2=C(O)C=C(O)C(=C2OC(C3=CC=C(O)C(O)=C3)C1O)C4C(=O)C=5C(O)=CC(O)=CC5OC4C6=CC=C(O)C=C6.N#CC,Application_ds
Cc1ccc(NC(=O)c2ccoc2)cc1I.CCO,Application_ds
CC(=O)OCc1nc2cc3c(cc2c(=O)[nH]1)CCC3.CC1=CC=CC=C1,Application_ds
O=C1OC2=CC=3OC(=C(C3C=C2C=4C=CC=CC14)C)C.CC(C)=O,Application_ds
CCCc1nc[nH]c(=O)c1Cc1ccc(-c2ccccc2C#N)cc1.N#CC,Application_ds
COc1ccc(-c2ccccc2)cc1CN1C[C@@H]2CCCN2[C@H](C(c2ccccc2)c2ccccc2)C1.CC1=CC=CC=C1,Application_ds
O=C1C=CC(OC1C)OC2CCC(OC2C)OC3CCC(OC3C)OC4(C)CC(=O)C5(O)C6C(=O)C7=CC=C(C(O)=C7C(=O)C6C=CC5(O)C4)C8OC(C)C(OC9OC(C)C(OC%10OC(C(=O)C=C%10)C)CC9)C(O)C8.CC1=CC=CC=C1,Application_ds
Clc1ccc([Zn+])nc1.CC1CCCO1,Application_ds
CCCCC1=NC2(CCCC2)C(=O)N1Cc1ccc(-c2ccccc2C#N)cc1.CC1CCCO1,Application_ds
O=C(OC)C1=CC=C(C=C1)NC(=O)CCCCC2SCC3NC(=O)NC23.CC(OCC)=O,Application_ds
  CC(C)[C@H](NC(=O)N[C@H](C(=O)N1CCC[C@@H]1c1cc2cccc3ccc4cccc1c4c32)C(C)(C)C)P(=O)(Oc1ccccc1)Oc1ccccc1.CC1CCCO1,Application_ds
CCCCCCc1ccc(C=O)s1.O,Application_ds
O=C(O)C1(O)CN2CCC=3C=4C=CC=CC4NC3C2C1.CC1=CC=CC=C1,Application_ds
O=C(NC=1C=C(C(=O)NCCC(=N)N)N(C1)C)C2=CC(=CN2)NC(=O)C3N=C(N)CC3.CC1CCCO1,Application_ds
CCC(=O)NCC1CCC(Nc2nc3c(s2)CCOc2ccccc2-3)CC1.O=CN(C)C,Application_ds
CCCCOCCOc1ccc(-c2ccc3c(c2)C=C(C(=O)Nc2ccc(SCc4cn(CCC)cn4)cc2)CCN3CC(C)C)cc1.CC1CCCO1,Application_ds
CCOC(=O)CCN(C(=O)c1ccc2c(c1)nc(CNc1ccc(C#N)cn1)n2C)c1ccccn1.CC(OCC)=O,Application_ds
O=C1NC=2C(O)=C3C(OC)=CC=CC3=C4C=5OCOC5C=C1C24.CC1CCCO1,Application_ds
CN1C=C(C(=N1)C(F)F)C(=O)NC2=CC=CC3=C2C4CCC3C4=C(Cl)Cl.CC1CCCO1,Application_ds
O=C(Nc1ccc(Cl)cc1)OCCC1Cn2cc([N+](=O)[O-])nc2O1.CCO,Application_ds
CC(C)(C)c1ccc(N)cc1.CC1=CC=CC=C1,Application_ds
COc1cc(-c2nnc(CN(C)C)o2)ccc1N.CC(C)=O,Application_ds
NCCNC(=O)c1ccc(Cl)cc1.CC1=CC=CC=C1,Application_ds
O=C1N(C(=O)C2N1CC=3NC=4C=CC=CC4C3C2)C5=CC6=C(OC=7C=CC=CC76)C=C5OC.CC(C)=O,Application_ds
Cc1ccccc1C(=O)CBr.CC1CCCO1,Application_ds
CCCC(CCC)NCCc1ccccc1Br.CO,Application_ds
N=1C=CC=CC1C2C=3C=CC=CC3C2.N#CC,Application_ds
O=C(N1CCCC(C)(C)C1)CCCCCCC2C(=O)CCC2C=CC(O)CCCCC.CC1CCCO1,Application_ds
COc1ccc2c(c1)C1=C(SCC3(CCNCC3)O1)C(=O)C2=O.CC(C)=O,Application_ds
O=CCn1c(=O)ccc2ncc(F)cc21.CO,Application_ds
O=C(O)Cc1ccc(-c2ccncc2)c2ccccc12.CC1=CC=CC=C1,Application_ds
O=C1NC(C(=O)NC(C(=O)NC(C(=O)NC(C(=O)NC(C(=O)N2CC(O)C(O)C2C(=O)NC1C)CO)C(O)C)C)CC(O)(C)CO)CC=3C=4C=CC=CC4NC3S(=O)C.O=CN(C)C,Application_ds
COC(=O)c1cccc(NC(=S)NC(=N)n2nc(C)cc2C)c1.O=CN(C)C,Application_ds
FC(F)(F)c1ccc(-c2nc3c(s2)CNCC3)cc1.CC1CCCO1,Application_ds
COC=Cc1ccc(-c2ccc(Br)cc2)nc1.CC1CCCO1,Application_ds
CCCc1cc(CO)cc(Cl)c1OC(C(=O)OC)c1ccc2c(c1)OCO2.O=CN(C)C,Application_ds
COC(=O)C(C)(NCC(C)(C)CO)c1ccc(Cl)cc1.O,Application_ds
N=1C=2C=CC=CC2N(C1CNCC3N4C(=NC=5C=CC(OC)=CC54)COC3)C.CC1=CC=CC=C1,Application_ds
CCS(=O)(=O)N[C@H](C(=O)Nc1ccccc1-c1ccc(O[Si](c2ccccc2)(c2ccccc2)C(C)(C)C)c(OC)c1)C(C)C.CO,Application_ds
COCCOc1ncc(C(=O)NCc2nc(C(F)(F)F)no2)cc1-c1ccc(Cl)c(C)c1.CCO,Application_ds
C/C=C\c1cc(C(O)(C(F)(F)F)C(F)(F)F)ccc1N1CCN(CCOCc2ccccc2)CC1.CC(C)=O,Application_ds
CC(C)[C@@H](C)NC(=O)COc1cccc(Cl)c1.O=CN(C)C,Application_ds
Clc1ncc(CNc2nccc3ccccc23)s1.O=CN(C)C,Application_ds
CC(C)C(=O)Nc1cccc(C2CCN(Cc3ccc4nsnc4c3)CC2)c1.CC(C)=O,Application_ds
CCOC(=O)CCCCCBr.CC(C)=O,Application_ds
CC(C)(C)OC(=O)Nc1cccc(C(=O)NCCC(=O)OCc2ccccc2)c1.CC(OCC)=O,Application_ds
CCCCCCSC1OC(=O)C(O)C1O.CC1CCCO1,Application_ds
COc1cccc(-n2ncc3c(NCC(O)(CC(C)(C)c4cc(F)ccc4OC)C(F)(F)F)cc(C)cc32)c1.O,Application_ds
C[C@@H]1CN(Cc2ccccc2)CC[C@@H]1O.N#CC,Application_ds
CN1CCN(S(=O)(=O)c2ccc(-c3cn4c(-c5ccc(C#N)cc5)cnc4cn3)cc2)CC1.CC1=CC=CC=C1,Application_ds
COc1ccc(CNc2ncnc3c2ncn3[C@@H]2O[C@H](Cn3cc(Cc4ccccc4)nn3)[C@@H](O)[C@H]2O)cc1.CO,Application_ds
Cc1cccc(Nc2cc(Cl)ncn2)c1.O=CN(C)C,Application_ds
CCC(=O)Nc1ncc(CN2CCN(c3ccccc3)CC2)c2nc(-c3ccco3)nn12.N#CC,Application_ds
CC(=O)OCc1cccc(Br)c1.CCO,Application_ds
O(CC=1C=CC=CC1)C2COC3C2OCC3NCCCC=4C=CC=CC4.O=CN(C)C,Application_ds
O=C(OC1C(O)C(OC1(OC2OC(COC(=O)C)C(O)C(OC(=O)C)C2OC(=O)C)COC(=O)C)CO)C=CC3=CC=C(O)C=C3.CC1=CC=CC=C1,Application_ds
CC(C(=O)OC(C)(C)C)c1ccc(Oc2ccc(NC(=O)c3ccc(Cl)c(Cl)c3)cc2)c(C#N)c1.O=CN(C)C,Application_ds
O=C1OCC(=C1)CC(C(=O)O)CC=C(C)C.CC1=CC=CC=C1,Application_ds
Cc1cc(-n2cnc3cccnc32)ccc1CC(=O)O.CCO,Application_ds
Fc1cc(F)c(COC[C@@H]2C[C@@H](SC(c3ccccc3)(c3ccccc3)c3ccccc3)CN2c2ncc(Br)cn2)cc1F.CC1=CC=CC=C1,Application_ds
  O=C(NS(=O)(=O)NCCN1CCOCC1)c1ccc(-c2ccc(Cl)cc2C(F)(F)F)o1.N#CC,Application_ds
CN(C)C(=O)NC1=CC=C(N2N=C(OC2=O)C(C)(C)C)C(Cl)=C1.N#CC,Application_ds
CCCCCCOC(C)(COS(=O)OCC)OCCCCCC.CC1=CC=CC=C1,Application_ds
CC(C)(C)OC(=O)N1CCN(c2cccc(N)c2[N+](=O)[O-])CC1.CC(C)=O,Application_ds
Clc1ccc2c(Br)ccnc2c1.CC(C)=O,Application_ds
  O=C(NC(=S)Nc1ccccn1)c1ccc2ccccc2c1.N#CC,Application_ds
C#CCOC(=O)N1CCC(N(C)Cc2ccc(-c3ccc(S(C)(=O)=O)cc3)nc2)CC1.CC1CCCO1,Application_ds
O=C1C2=CC=C(C(=O)C)C(O)=C2C(=O)C3=C(O)C=C(C=C13)C.CC1=CC=CC=C1,Application_ds
Nc1ncc(Cl)nc1Cl.CO,Application_ds
FC(F)(F)c1ccccc1Sc1cnc2ccccc2c1.CC1CCCO1,Application_ds
O=C1C2=C(O)C(OC)=CC=C2OC3=C(OC4OC(CO)C(O)C(O)C4O)C(OC)=CC(O)=C13.O=CN(C)C,Application_ds
COCCOc1ccc(C(C)=O)c(OCc2ccccc2)c1.O,Application_ds
C(=C(C)C)CCC(=CCCC(C)C1CC=C(C)CC1)C.CC1CCCO1,Application_ds
O=C(OC1CCC2=CC(OC)=C(O)C(=C2)CN3C(=O)CC(C3)C(CN=C(N)NCSSCCCCCCC(O)C1)CCN=C(N)N)C.CC1=CC=CC=C1,Application_ds
CC1=CC=CC=C1N1CCN(CCC2=NN=C3CCCCN23)CC1.CC1=CC=CC=C1,Application_ds
CCCCCN1C(=O)C(C)(C)c2cc3[nH]c(N)nc3cc21.CCO,Application_ds
Cc1cnc(N2CCN(C(=O)c3ccc(Br)nc3)CC2)c(C)c1.CC(C)=O,Application_ds
O=C(O)C(=O)NC1CC1.CO,Application_ds
O=C(O)C(NC(=O)C(N)CCCCN)CC=1C=CC=CC1.O,Application_ds
COc1ccc2c(c1)CCn1c-2cc(N(C)Cc2ccc(Oc3cncc(C#N)c3)c(C#N)c2)nc1=O.N#CC,Application_ds
  Nc1ccccc1NC(=O)NC=Cc1ccccc1.CC(OCC)=O,Application_ds
CCc1ccc(Oc2ccc(N(CCCN)C(C)=O)cc2F)c(OCc2ccccc2)c1.CC1CCCO1,Application_ds
O=C1NC(=NC1=CCCNC(=O)C2=CC(Br)=C(Br)N2)N.CC(C)=O,Application_ds
C[C@H](CN(C(=O)c1ccc(C#N)cc1)c1ccccn1)N1CCN(c2cccc3c2OCCO3)CC1.N#CC,Application_ds
O=C(O)C(F)(F)C(F)(F)C(F)(C(F)(F)F)C(F)(F)C(F)(F)C(F)(F)F.O,Application_ds
Fc1ccc(C2=NOC(COc3ccon3)C2)cc1F.CC1CCCO1,Application_ds
Cc1ccnc(Cl)c1/C=C/n1cnc2c(Nc3ccc(P(C)(C)=O)cc3)ncnc21.N#CC,Application_ds
N=1OC(=NC1C=2N=CC=C(OCCOC)C2)C3N(CCC3)C4CCOCC4.N#CC,Application_ds
CCCCNc1nc(Cl)nc(NCCCC)n1.N#CC,Application_ds
O=C1C2=CC=C(F)C=C2OC3CN(CC4CC4)CC3N1C.CC(C)=O,Application_ds
O=C(O)C1(Nc2ccccc2)CCN(Cc2ccccc2)CC1.CC(OCC)=O,Application_ds
CC(C)(C)OC(=O)N1CCCN(CCCCl)CC1.CO,Application_ds
CC(C)[C@H]1COC(=O)N1.CC1CCCO1,Application_ds
O=C(OC)C1=CCCC2C1(C)C(OC3OC(CO)C(O)C(O)C3O)CC4C(=O)OC(C5=CC(O)OC5=O)CC42C.N#CC,Application_ds
ON=C(S)CC=1C=CC=CC1.N#CC,Application_ds
CCOC(=O)c1cnc(N)c2c(COc3cccc(-c4nnn(C)n4)c3)csc12.CO,Application_ds
O=C1C(=CC=2OC=CC2)CCC1=CC=3OC=CC3.CO,Application_ds
O=C1OC2=C(C=C3C(OC=C3C)=C2C)C(=C1CC(=O)NCCC4=CNC=5C=CC(F)=CC54)C.CO,Application_ds
CN1CCN(c2ccc([N+](=O)[O-])cc2CC(=O)N[C@@H]2C[C@@H]3C[C@H]2[C@@H](Nc2nc(Cl)ncc2F)[C@H]3C(N)=O)CC1.CC(C)=O,Application_ds
CCNC(=O)c1ccc(-n2nnc(C(=O)OC)c2OCC)cc1.CC1CCCO1,Application_ds
  CC1(C)[C@@H]2CC[C@@]1(C)[C@H](NC(=S)NC(=Nc1cc([N+](=O)[O-])ccc1Cl)c1ccccc1)[C@H]2CC1CCCCC1.CC(C)=O,Application_ds
CC(C)(C)OC(=O)N1CCC2CN(C(=O)c3ccoc3)CC21.CC1=CC=CC=C1,Application_ds
O=C(OC)CC(C1=CC=C(OC)C=2C=CC=CC21)C=3C(=O)C=4C=CC=CC4C(=O)C3O.CC1CCCO1,Application_ds
O=C1C=2C=CC=CC2C3=C1C=4C=CC(OC)=C(OC)C4C(=O)N3CCC5=NC=6C=CC=CC6N5.O=CN(C)C,Application_ds
CC(C)(C)OC(=O)N1CCC(CNC(=O)Cc2cc(F)cc(F)c2)(c2ccc(I)cc2)CC1.CCO,Application_ds
COC(=O)Cc1cnc(N)s1.CC(OCC)=O,Application_ds
N#CC1(NC(=O)[C@@H]2CCCC[C@H]2c2oc(-c3cccc(Cl)c3)nc2-c2ccc(N3CCS(=O)(=O)CC3)cc2)CC1.O,Application_ds
O=C(OC1CC2OC(=O)C(O)(C2)C(OC(=O)C)CC3OC(CC(OC4OC(C)C(OC(=O)CCC)C(OC(=O)CCC)C4OC)C3)CC(C=CC=CCC5OC1CC5C)C)C.CC1=CC=CC=C1,Application_ds
CC(C)C=O.CC1=CC=CC=C1,Application_ds
COC1(C)CCc2c(C)c(O)c(C)c(C)c2O1.N#CC,Application_ds
C=Cc1ccnc2ccc(OC)cc12.CC(C)=O,Application_ds
CCN1CCN(CC)c2cc(N)ccc2C1.O,Application_ds
CN1C(=O)OC(C)(c2ccc(Cl)cc2)c2cc(Nc3ccc(Br)cc3)ccc21.CCO,Application_ds
O=C(OC1=CC=C(C=C1)C(C)(C)C)C=2C=CC=CC2O.CC(C)=O,Application_ds
O=S1(=O)CCN([C@@H]2CCNC2)CC1.O=CN(C)C,Application_ds
  C=C[C@@H]1CN2CC[C@H]1C[C@H]2[C@H](Nc1c(NC[C@H]2CC[C@@](C)(N=C=O)CC2)c(=O)c(=O)c1=O)c1ccnc2ccc(OC)cc12.CC(OCC)=O,Application_ds
COc1ccc(C(N)=S)cc1.CC1CCCO1,Application_ds
O=C1NC(C(=O)NC=2C=CC=CC12)CC(=O)NC3=NN=CN3.CO,Application_ds
CON(C)C(=O)c1cnc2cc(Br)ccc2c1.CC(C)=O,Application_ds
OCc1ccc(B(O)O)cc1.CC(OCC)=O,Application_ds
CCC(C)[C@@H]1CCCC[C@H]1N.CCO,Application_ds
O=C(OCC(OC(=O)CCCCCCCCCCCCCCCCC)COP(=O)(O)OC1C(O)C(O)C(O)C(OP(=O)(O)O)C1O)CCCCCCCCCC=CCC=CCCCCC.CC1=CC=CC=C1,Application_ds
CC(C)(C)c1nc(-c2cccc(NS(=O)(=O)c3c(F)cccc3F)c2F)c(-c2ccnc(NC3CC3)n2)s1.CCO,Application_ds
O=C(Cc1cccnc1)Nn1nc(-c2ccc(Cl)cc2)c2ccccc2c1=O.O=CN(C)C,Application_ds
O=C(OC1C=2C=CC3=C(C2)C4=CC=CC4(OC5OC(C)(C)C(N(C)C)C(O)C5O)C3OC6=CC=C(C=C6Cl)C(N)CC(=O)OC1)C=7C=C(OC)C=C8OC(=C)C(=O)NC87.CC1CCCO1,Application_ds
O=C(OC1CCC(OC1(C)C)C2CCC(=CC2O)C)C.CCO,Application_ds
CC(C)S(=O)(=O)c1ccccc1Nc1ncnc(Cl)n1.CC1=CC=CC=C1,Application_ds
C[C@@H]1CN(CC[C@]1(C(O)=O)C1=CC=CC=C1)C1CCC(CC1)(C#N)C1=CC=C(F)C=C1.CC(C)=O,Application_ds
C=CCSc1ccc(OCCO)nn1.CC(C)=O,Application_ds
C=C1CC(C)(C)Cc2ccc(Br)cc21.CC(C)=O,Application_ds
COc1ccc(C2CC(C(F)(F)F)n3nc(-c4cccc(C(=O)O)c4)cc3N2)cc1OC.O,Application_ds
CCOC(=O)c1sc(-c2cccnc2)nc1-c1cccc(C#N)c1.CCO,Application_ds
OC(CCCCCCC)CCCCCCCC=1C=C(C=C(OC)C1OC)C2=CC(OC)=C(OC)C(=C2)CCCCCCCCCCCCCCC.CC(C)=O,Application_ds
COC(=O)c1cc(C(C)(C)C)cc(NC(=O)Oc2ccccc2)c1OC.CC1CCCO1,Application_ds
  CCc1nn(C)c(C(=O)NS(=O)(=O)Nc2cc(-c3ccccn3)cc(-c3ccccn3)c2)c1Cl.CCO,Application_ds
BrCCC(c1ccccc1)c1ccccc1.O,Application_ds
COCCCc1cc(C=O)cc(OCCOC)c1.CC1CCCO1,Application_ds
CN(C)C(=O)c1cc(I)ccc1F.N#CC,Application_ds
O=C1OC2=CC(OC)=CC(OC)=C2C(=C1CC(=O)NCC=3OC=CC3)C.CCO,Application_ds
O=C(O)C1CC2CCC3C4CC5OC6(OC(C)(C)C(C)C6)C(O)(C)C5C4(C)CC(O)C3C2(C)C1.CC1CCCO1,Application_ds
CCCCCNC(=O)c1cncc(N2CCN(C(=O)c3cc(F)ccc3C(F)(F)F)CC2)c1.CC1CCCO1,Application_ds
O=C(Nc1cc(C(F)(F)F)ccn1)c1ccc(Br)cc1Cl.O,Application_ds
O=C(Cl)Cc1ccccc1.CC1CCCO1,Application_ds
O=C(c1ccc(-c2ccc(C(F)(F)F)cc2)cc1)N1CCC[C@H]1CO.O=CN(C)C,Application_ds
  CCOC(=O)CNc1c(NC(=O)c2snnc2C)c(=S)c1=S.CC1=CC=CC=C1,Application_ds
OC1C(=C(C=CC(=CC=CC(=CC=CC=C(C=CC=C(C=C=C2C(O)(C)CC(O)CC2(C)C)C)C)C)C)C(C)(C)CC1O)C.CC(C)=O,Application_ds
CCOC(=O)COc1ccc(-c2nnc(C(C)(C)Oc3c(F)cc(F)cc3F)n2C)c(C(F)(F)F)c1.CC(C)=O,Application_ds
O=C(O)c1cccc(N2Cc3cccc(Cl)c3C2=O)c1.CC(OCC)=O,Application_ds
N#CC=1N=C(OC1N2CCCC3=CC4CC(CN5CCCCC54)C32)C=6C=CC=C(F)C6.O=CN(C)C,Application_ds
CCOC(=O)c1cc(F)cc([N+](=O)[O-])c1.CC1=CC=CC=C1,Application_ds
NC1(c2ccccc2)CCN(c2ncnc3c2nc(-c2ccccc2Cl)n3-c2ccc(Cl)cc2)CC1.O=CN(C)C,Application_ds
CN[C@H]1CC[C@@H](c2ccc(Cl)c(Cl)c2)c2ccc(C(=O)OC)cc21.CCO,Application_ds
O=C(OCCCC=CC(OC(=O)C)C(C#CC#CC=CC)OC(=O)C)C.CC(C)=O,Application_ds
  CC(C)(C)CC(C)(C)Nc1c(NCCCCc2c[nH]cn2)c(=O)c1=O.CC(C)=O,Application_ds
O=C1C=2C=CC=C(O)C2C(=O)C3=C(OC4OC(COC5OC(CO)C(O)C(OC6OC(COC7OC(CO)C(O)C(O)C7O)C(O)C(O)C6O)C5O)C(O)C(O)C4O)C=C(C=C13)C.O=CN(C)C,Application_ds
OC1C(=C)C(=CC=C2CCCC3(C)C2CCC3C(C)CCC=CC(O)(CC)CC)CC(O)C1.N#CC,Application_ds
  CC(=O)Nc1ccnc(Nc2c(Nc3cc(Cl)ccc3O)c(=O)c2=O)n1.CO,Application_ds
  Cc1ccc(/N=C(/Nc2c(NC(=O)[C@H]3CCC(=O)N3)c2=O)c2ccccc2)cc1.O=CN(C)C,Application_ds
ClCCCNCCc1ccccc1.CO,Application_ds
FC=1C=C(Br)C(N)=C(F)C1F.O,Application_ds
CC(C)(C)OC(=O)Nc1cc2c3c(c(Cl)[nH]c3c1)C=NNC2=O.CC1CCCO1,Application_ds
COc1ccc(C(=O)Nc2cnc3c(c2)CN(Cc2ccccc2)CC3)cc1Br.O=CN(C)C,Application_ds
COc1ccc2ccc(S(=O)(=O)N(Cc3ccncc3)[C@H]3CCN(Cc4cccc(C#N)c4)C3=O)cc2c1.O,Application_ds
O=CC1=CC(OC)=C(C=2OC(=O)C3=C(OC21)C(C=O)=C(O)C(Cl)=C3C)C.CO,Application_ds
O=C(OC1C(O)C(O)C(OC1C)OC2C(OC(=O)C)C3(CO)C(O)C(O)C4(C(=CCC5C6(C)CCC(OC7OC(C(=O)OC)C(O)C(O)C7OC8OC(CO)C(O)C(O)C8O)C(C)(C)C6CCC54C)C3CC2(C)C)C)C(=CC)C.CO,Application_ds
CCn1c2c(c(=O)n1-c1ccccc1)[C@H]1CC[C@]2(C)C1(C)C.O,Application_ds
O=S(=O)(NC1CN(C)C(C2=NC(=NO2)C=3C=CC(Cl)=CC3)C1)C=4C=CC=C(F)C4.CC(OCC)=O,Application_ds
CCCC(O)(C#Cc1cccc(/C=C/CNC(=O)C(F)(F)F)c1)CCC.CO,Application_ds
Cc1cc(Cl)cnc1CN(Cc1ncccc1C(C)(C)c1ccccc1)C1CCN(C(=O)OC(C)(C)C)CC1.O=CN(C)C,Application_ds
O=CC12CC34C5OC6CC7=CC=CC(=C7)CC8CCC(C8)C9CC=CC%10CC5C2(O)C(CC%109)C(O)C%11(O)C1C(C#CCC%12C(C=%13C=CC=CC%13)CCC4C%12CC3C6)CC%14%15CC%16(C#CC%17=CC=CC(=C%17CC(NC)C%18CC(CC%11%14O)C%15C%19=CC(=O)OC%19%18)CO)CCC(CC=%20C=CC=CC%20)C%16.CC(OCC)=O,Application_ds
  CSCC[C@@H](Nc1c(Nc2nc(ON=C(C)C)nc(N(C)C)n2)c(=S)c1=S)C(=O)O.CO,Application_ds
O=C(OCC1(O)C(O)CC(O)C2(C)C(O)C(O)C3=C(C)C(O)CC3(C(O)C12)C(O)(C)C)C=4C=CC=CC4.CC1=CC=CC=C1,Application_ds
OC1=C(CCC2(C)C(O)CCC(O)(C)C12)C(C)C.N#CC,Application_ds
COc1c(-c2ccc3cc(O)ccc3c2)cc(-n2ccc(=O)[nH]c2=O)cc1C(C)(C)C.CC(OCC)=O,Application_ds
COc1ccc(C=O)cc1B(O)O.CC1CCCO1,Application_ds
O=C(OC1=CC=C2C(OC(=C(C=3C=CC=CC3)C2=O)C)=C1)C=4C=CC=CC4C.O=CN(C)C,Application_ds
FC(F)(F)c1csc(N2CCNCC2)n1.CO,Application_ds
O=C(O)C=1C=CC=C(C1)NC=2N=CN=C3NC=NC32.CC1CCCO1,Application_ds
COC(=O)[C@H](Cc1ccc(OCc2ccccc2)cc1)NC(=O)c1nc2ccc(-c3ccc(Cl)cc3)cn2c1Cl.N#CC,Application_ds
O=C1Cc2c(cccc2-c2ccc(Br)cc2)N1.CO,Application_ds
OC1=CC=C(C=C1)C(O)C(OC2OC(CO)C(O)C(O)C2O)CO.O=CN(C)C,Application_ds
O=C(C=CC(C)CC)N1CC(C)CC1C(O)=NC(C(O)=NC(C(O)=NC(C(O)=NC(C(O)=NC(C(O)=NC(C(O)=NC(C(O)=NCCC(O)=NC(C)CN(C)C)(C)C)(C)C)CC(C)C)CC(C)C)(C)C)C(O)C(C)C)CC(C)C.CC(C)=O,Application_ds
O=Cc1ccc(F)cc1Br.CC1CCCO1,Application_ds
Cc1cc(C(=O)O)cc(C)c1O.CC(C)=O,Application_ds
COC(=O)C(CC1CC1)c1ccc(NC(C)C)cn1.CC1=CC=CC=C1,Application_ds
  CCN(CC)c1ccc(/N=N/c2ccc(S(=O)(=O)NS(=O)(=O)Nc3cc(C#N)nn3-c3c(Cl)cc(C(F)(F)F)cc3Cl)cc2)cc1.CC1CCCO1,Application_ds
O=C1OC=2C=C3OC=C(C3=CC2C(=C1CCC(=O)NC4=CC=C(OCC)C=C4)C)C.CC(OCC)=O,Application_ds
COC(=O)[C@@H](N)C(C)C.CO,Application_ds
O=C1OC2=CC=C3C(=O)C(=COC3=C2C(C4=CC=5C=CC=C6C5N(C4=O)CC6)C1)C=7C=CC(O)=CC7.N#CC,Application_ds
O=C(O)Cc1ccnn1-c1cccc(F)c1.O=CN(C)C,Application_ds
CC(C)(C)OC(=O)N1CC[C@H](O)C1.CO,Application_ds
Cc1cc(C)c(C(=O)NC(C)C(C)(C)C)c(C)c1.CCO,Application_ds
O=C(NS(=O)(=O)N1CC(F)C1)c1cc(C2CC2)c(OCC2CCCCC2)cc1F.CC1=CC=CC=C1,Application_ds
Cc1cc(Cl)cc(Cl)c1S(=O)(=O)Nc1nc(-c2cccnc2)cs1.CO,Application_ds
NC(=O)c1nnc(Cl)cc1Nc1cccc(C2CCC2)n1.O,Application_ds
O=C(OCC)CCCCCCCCCCCCCCCCCCCCCCCC.N#CC,Application_ds
OCC=CC(=CC=CC(=CC=CC(=CC=CC=C(C=CC=C(C=CC1=C(C)CCCC1(C)C)C)C)C)C)C.CC1=CC=CC=C1,Application_ds
ClCCCN1CCC(n2ccc3ccccc32)CC1.CO,Application_ds
O=C(O)Cc1nn(-c2ccccn2)c2[nH]c3ccccc3c(=O)c12.N#CC,Application_ds
Cc1nc(N2CCCCC2)ccc1N1CCCn2c1nc1c(Cl)ccc(C(OC(F)F)C(F)(F)F)c12.O=CN(C)C,Application_ds
CCc1sc(N)c(C(=O)OC)c1C.O=CN(C)C,Application_ds
N#Cc1ccc(F)c(F)c1.CC1CCCO1,Application_ds
CC(C)(C)OC(=O)NC1=N[C@](C)(c2cc(N=[N+]=[N-])ccc2F)CS(=O)(=O)C1(C)C.CC(OCC)=O,Application_ds
O=C1OC2=C(C=CC(O)=C2CN3CC4(C)CC3CC(C)(C)C4)C(=C1)C=5C=CC=CC5.N#CC,Application_ds
CN(C)C(=O)N(C)c1nnc(C(C)(C)CCl)s1.CC1CCCO1,Application_ds
  Cc1cc(F)c(Nc2c(Nc3ccc(C(N)=O)cc3)c(=S)c2=S)cc1Nc1ccc2ncn(C)c(=O)c2c1.CO,Application_ds
  C=C[C@H]1CN2CCN1C[C@H]2[C@H](NC(=S)Nc1ccccn1)c1ccnc2ccc(OC)cc12.CC(C)=O,Application_ds
O=C(OC1C(=C)C2C(OC(=O)C)C3CC(OC(=O)C)C(=C(C(OC(=O)C)C(OC(=O)C)C2(C)C(OC(=O)C)C1)C3(C)C)C)C=CC=4C=CC=CC4.CCO,Application_ds
  COC(=O)[C@@]1(c2ccccc2)NC(=S)C(C=O)(C(=O)Nc2c(Nc3cccc(C)c3N3C(=O)CC(c4ccccc4)(c4ccccc4)C3=O)c(=O)c2=O)[C@@H]1c1ccccc1.CC1CCCO1,Application_ds
O=C(NC1(OC2(O)N(C1=O)C(C(=O)N3CCCC32)CC(C)C)C(C)C)C4C=C5C=6C=CC=C7NC=C(C76)CC5N(C)C4.CC1=CC=CC=C1,Application_ds
COCC(=O)Nc1nc(-c2nn(Cc3ccccc3F)c3c2CCC3)nc(Nc2ccncc2)c1OC.CC1CCCO1,Application_ds
FC(F)c1cccc(Cl)c1CBr.N#CC,Application_ds
O=C(OC1C(O)CC(OC1C)OC2C(O)CC3(OC2C)OC4C(OC(OC5C(O)C(OC(C)C5OC)OC6C(O)C(OC)C(OC7OCC8OC9(OC8C7O)OC(C)C(O)(C(O)C)C%10OCOC%109)OC6COC)CC4(O3)C)C)C=%11C(OC)=C(Cl)C(O)=C(Cl)C%11C.CCO,Application_ds
ON=C(C=1C=CC=CC1)C.CCO,Application_ds
O=C(c1ccc(Nc2nc(NCC(F)(F)F)c3ccnc-3[nH]2)cc1)N1CCS(=O)(=O)CC1.CO,Application_ds
O=C(O)C1=COC(OC2OC(CO)C(OC(=O)C)C(O)C2O)C3C1CC(O)C3C.CC1CCCO1,Application_ds
CC(C)c1cc(Nc2nc(N3CCC[C@H]3C(=O)Nc3nccs3)nc3c2CCC3)n[nH]1.CCO,Application_ds
O=C(CCC)C1C(O)CCN2CCCC21.CCO,Application_ds
O=C1OC=2C=C(OCC(=O)N3CC=4NC=5C=CC=CC5C4CC3C(=O)OC)C(Cl)=CC2C6=C1CCCC6.CO,Application_ds
O=C1C2=NC(=CN=C2N(C(=O)N1C)C)C(O)CC.O,Application_ds
CC(C)(C)OC(=O)n1c(CN(CCCCN2C(=O)c3ccccc3C2=O)C(C)(C)c2ccccn2)nc2ccccc21.CC1=CC=CC=C1,Application_ds
O=C(NC1CC(CC2=NOC(=C2)CN(C=3C=CC=CC3)C)C1(C)C)COC=4C=CC=CC4.CC(OCC)=O,Application_ds
CC(=O)N(C)Cc1ccc(Cl)c(Cl)c1.O=CN(C)C,Application_ds
CN(C)S(=O)(=O)Oc1ccccc1S(N)(=O)=O.CC(OCC)=O,Application_ds
O=C(NCCOS(=O)(=O)O)C(C)C(C=CC(C)C1CCC2C3C(=CCC12C)C4(C)CCC(OS(=O)(=O)O)CC4C(OC5OC(C)C(OS(=O)(=O)O)C(O)C5O)C3)C.CC1=CC=CC=C1,Application_ds
O=C1NC=NC2=C1N=C(SCC(=O)NC=3C=CC=C(OC)C3)N2C.CC1CCCO1,Application_ds
CC1(C)CN(C2COC2)CCN1C(=O)c1nc2c(N3CCOCC3)nc(Cl)nc2s1.CC(C)=O,Application_ds
CC[C@H](O)C(=O)O.CO,Application_ds
O=C(CBr)Nc1ccc(Br)nc1.CC(OCC)=O,Application_ds
Fc1ccc(-n2ncc3c2CCCN3)cc1.CO,Application_ds
CC(C)N1CCN(C(=O)c2ccc(-c3cncc(-c4cc(Cl)nc(-c5ccccn5)n4)c3)cc2)CC1.CC(OCC)=O,Application_ds
O=C(O)C=1C(OC=2C(O)=CC(O)=CC2CCC)=CC(O)=CC1CCC.CCO,Application_ds
O=C(O)C(NC(=O)CNC(=O)C(NC(=O)C(NC(=O)C(NC(=O)C(NC(=O)C(NC(=O)C(N)C(C)C)C)C(C)C)CC(C)C)C(C)C)CC(C)C)C.O,Application_ds
  COc1ccnc(Nc2c(NCCCNC(=O)C(C)(C)C)c(=O)c(=O)c2=O)n1.CCO,Application_ds
O=C1C2=C(OC)C=3OCOC3C(=C2CCN1C)S(=O)(=O)NCC(C)C.O=CN(C)C,Application_ds
O=C1N=C(O)NC(=N)C1(CC)CC.CC1=CC=CC=C1,Application_ds
CCS(=O)(=O)N1CCCC(NC(=O)Nc2cnc3c(ccn3COCC[Si](C)(C)C)n2)C1.CCO,Application_ds
O=C(O)[C@@H]1CCCN(c2ccc3nc(-c4cccc(C5CC5)n4)[nH]c3n2)C1.CCO,Application_ds
OC1=CC=CC(=C1)CCCCCCCCCCCCCCCCC.CC(C)=O,Application_ds
O=C(OC(C)CCC1=CC=C(O)C(O)=C1)C=CC2=CC=C(O)C(O)=C2.CC1=CC=CC=C1,Application_ds
O=C1C=2C=CC=CC2CN1C(C(=O)N3CC4C5=CC=C(C(=O)N5CC(C3)C4)[NH+]([O-])O)CC(C)C.N#CC,Application_ds
O=C1CC2C(C)(C)CCCC2(C)C3CCC4C5(C)CCC(C5CCC4(C)C13C)C(O)(C)C.CC1=CC=CC=C1,Application_ds
O=C(OCC)C(O)CCCCCC.CCO,Application_ds
Cn1cnc2c1c(=O)[nH]c(=O)n2C.CCO,Application_ds
COc1c(C=O)cc(S(=O)(=O)NC(C)=O)cc1-c1cccc(S(=O)(=O)NC(C)(C)C)c1.CCO,Application_ds
CN(CC(=O)OC(C)(C)C)C(=O)CCc1cccc(-c2nc(=O)c3ccccc3s2)n1.CC1=CC=CC=C1,Application_ds
O=C1OC2=CC(=CC(=C2C(=C1)CN3CCN(C4=CC=CC(=C4)C)C(C)C3)C)C.CC1CCCO1,Application_ds
O=[N+]([O-])c1ccc(N[C@@H]2CC[C@@H](O)CC2)nc1.CC1=CC=CC=C1,Application_ds
O=C(O)CC(O)(C)CC(=O)OC1COC(OC2C(O)C(O)C(OC2OC3COC(OC4CCC5(C)C6CC=C7C8CC(C)(CO)CCC8(CO)C(O)CC7(C)C6(C)CCC5C4(C)C)C(OC9OC(CO)C(O)C(O)C9O)C3O)CO)C(O)C1O.CCO,Application_ds
Cn1c(C(F)(F)F)cc(=O)n(-c2cc(Oc3nccc(OCc4ccccc4)n3)c(Cl)cc2F)c1=O.CC(OCC)=O,Application_ds
CCCc1ccc(S(=O)(=O)N2CCN(S(=O)(=O)c3ccc(Nc4ccnc5cc(C(F)(F)F)ccc45)cc3)CC2)cc1F.O,Application_ds
CC(C)(C)c1ccccc1OC1CN(C(=O)c2ccccn2)C1.O=CN(C)C,Application_ds
CC(=O)c1ccc(C(F)(F)C(F)(F)c2ccccc2)cc1.O=CN(C)C,Application_ds
N=1N=C(OC1CC2C(=CC(CNCCN(C)C)C(C2)C(C)C)C)C(C)(C)C.CC1=CC=CC=C1,Application_ds
O=C(NCC=1SC=CC1)CCC2N3CC(NC(=S)NCCOC)CC3C(=O)NC2.CO,Application_ds
COc1ccc2c(S(=O)c3ccccc3)ccnc2c1.CC1=CC=CC=C1,Application_ds
CCCC(=O)NC1Cc2ccc(C3=NNC(=O)CC3)cc2C1.CO,Application_ds
N#Cc1ccccc1-c1ccc(CBr)cc1.CCO,Application_ds
COC(=O)c1ccc(C(CC2CCOCC2)C(=O)O)cc1.CC1=CC=CC=C1,Application_ds
O=C(OCC)C=1SC(=NC1C)NC(=O)CNC2=CC=C3C4=C(OC)C(OC)=C(OC)C=C4CCC(NC(=O)C)C3=CC2=O.N#CC,Application_ds
O=C(NC=1C=CC=CC1)C2OC(CCN3CCN(C=4C=CC=CC4)CC3)CCC2O.O=CN(C)C,Application_ds
CCC(CC)c1cc(C)nn2c(-c3sc(-c4nccs4)cc3OC)c(C)nc12.CC(C)=O,Application_ds
CCOC(=O)CCCc1nc(Cl)c(C#N)cc1C(=O)OCC.O=CN(C)C,Application_ds
O=C(Nc1ccc(Oc2ccccc2)cc1)Oc1ccc2c(c1)CCN2Cc1ccccc1.CO,Application_ds
CC(C)c1cc(C(C)C)c(OCC(=O)O)c(C(C)C)c1.N#CC,Application_ds
O=C(OC1C(OC(OCCC2=CC=C(O)C(O)=C2)C(O)C1C3OC(C)C(O)C(O)C3O)COC4OC(CO)C(O)C(O)C4O)C=CC5=CC=C(O)C(O)=C5.CC1CCCO1,Application_ds
S=C=NCCCc1ccccc1.CC(OCC)=O,Application_ds
COC(=O)/C(C)=C(/C)C(=O)OC.O,Application_ds
CC(C)N1CCN(c2cc(F)cc(C3Nc4ccc(C(=O)O)cc4CC3(C)C)c2)CC1.CCO,Application_ds
CSc1cc(C)nc(SC)c1NC(=O)CBr.O=CN(C)C,Application_ds
COc1cc2c(C(=O)O)cnc(CNC(=O)OC(C)(C)C)c2cc1OC.CC(OCC)=O,Application_ds
COCCN(C1CCS(=O)(=O)C1)S(=O)(=O)c1ccc(Nc2nccc(Nc3ccc(F)cc3)n2)cc1.N#CC,Application_ds
O=C1OC2CC(C)C3C(=CC2C1C)C(O)(C)CC3O.CC(OCC)=O,Application_ds
O=C1OC=2C=C(OCC(=O)N(CC(C)C)C3CCS(=O)(=O)C3)C=CC2C(=C1)C.CC(OCC)=O,Application_ds
OC1(c2cccc(Cl)c2F)CCNC1.O,Application_ds
CC(C)(C)C(O[SiH](c1ccccc1)c1ccccc1)c1c(Cl)ccc(NC(=O)CN2C(=O)c3ccccc3C2=O)c1Cl.O=CN(C)C,Application_ds
O=C1C(OC2=CC=CC(OC)=C2)=C(OC3=CC(OCC4=CC=C(F)C=C4Cl)=CC=C13)C.CC(OCC)=O,Application_ds
O=C1OC=2C=C(O)C=C(O)C2C(=C1CC(=O)NC(CO)C(C)CC)C.CC1CCCO1,Application_ds
O=C1c2c(I)ccnc2OCCCN1Cc1cc(C(F)(F)F)cc(C(F)(F)F)c1.O=CN(C)C,Application_ds
C#Cc1cc(C#N)ccc1OCC(=O)OC(C)(C)C.N#CC,Application_ds
Cc1cc(CCCCCOc2c(Cl)cc(C3=NCCO3)cc2Cl)on1.O,Application_ds
OC1CN(CC=2C=CC(=CC2)C3=NC=CC=C3)C(C4=NC(=NO4)C=5C=CN=CC5)C1.O=CN(C)C,Application_ds
O=C(OCC)C1=CC(=O)NC=2C=CC=CC21.CC(OCC)=O,Application_ds
COC(=O)c1ccc2c(N)cccc2n1.O,Application_ds
CSc1ccc(Cc2c(C(F)(F)F)n(Cc3ccccc3)[nH]c2=O)cc1.CCO,Application_ds
O=C(OC1=CC(O)=C(C(OC)=C1C=2OC=3C=C(OC)C4=C(OC(C=5C=CC=CC5)CC4)C3C2)C)C=6C=CC=CC6.O,Application_ds
  CNC(=O)[C@@H](Nc1c(Nc2c(Cl)cc(Cl)cc2Cl)c(=O)c(=O)c1=O)C(C)(C)C.CC1CCCO1,Application_ds
CSc1cc(-c2c(Cl)cc(C(F)(F)F)cc2Cl)n[nH]1.CC1=CC=CC=C1,Application_ds
C[C@H](N)C(O)=O.CO,Application_ds
Nc1cc([N+](=O)[O-])cc(Br)c1N.CO,Application_ds
CNc1nc(-c2ccc3ccccc3c2)ccc1[N+](=O)[O-].CO,Application_ds
COC(=O)[C@@H]1CSc2c(C3CC3)c(Cc3cccc4ccccc34)c(NS(C)(=O)=O)c(=O)n21.CC1CCCO1,Application_ds
N=1C=C(C=2C=3C=CC=CC3NC2C1C)C4N(C)CCCC4.CC1=CC=CC=C1,Application_ds
CC(C)COc1ccccc1O.CC(C)=O,Application_ds
NC(=O)c1c(Cl)c(-c2ccccc2)n2c1CN(S(=O)(=O)Nc1ccccc1)CC2.N#CC,Application_ds
O=S(=O)(Nc1ccc(Cl)cc1-c1nccc2ccccc12)c1ccc(-c2cnco2)cc1.O,Application_ds
O=C(O)Cc1ccc(C(F)(F)F)c(F)c1.CCO,Application_ds
Cc1nc(N)sc1-c1ccnc(Cl)c1.O,Application_ds
N#Cc1cccnc1-c1c(F)cc(F)cc1F.N#CC,Application_ds
CC[C@H](C)[C@H](NC(=O)OC)C(=O)N[C@@H](Cc1ccccc1)[C@@H](O)CN(Cc1ccc(-c2nccs2)cc1)NC(=O)[C@@H](NC(=O)OC)C(C)C.N#CC,Application_ds
CNc1cnc(C)cc1I.O,Application_ds
ClC=1C=CC2=NC3=C4N=C5C=CC(Cl)=CC5=C4C=CC3=C2C1.CC(C)=O,Application_ds
N#CN1CCN(Cc2ccc(F)cc2)C(=O)C1.CO,Application_ds
O=C(OC1C(OC(OCCC2=CC=C(O)C(O)=C2)C(OC(=O)C)C1OCC3OC(C)C(O)C(O)C3O)CO)C=CC4=CC=C(O)C(O)=C4.CC(OCC)=O,Application_ds
O=C(C#CC#CCC1OC1CCCCCCC)CCOC.N#CC,Application_ds
CC(c1cccc(-c2ccccc2CN)c1)N(C(=O)Cc1ccc(Cl)cc1)C1CCN(Cc2ccccc2)CC1.O=CN(C)C,Application_ds
O=C1C(=COC2=C1C=C(C(O)=C2CN3CCCCCC3)CC)C4=NC=5C=CC=CC5S4.O=CN(C)C,Application_ds
O=C1N(C(=O)C2N1C(C3=CC=C(C=C3)C(C)C)C=4NC=5C=CC=CC5C4C2)C=6C=CC=CC6C(O)=NCCOC.CC(OCC)=O,Application_ds
NC(=S)Nc1ccc(C(F)(F)F)cc1.CO,Application_ds
CC(C)C(C(=O)Cl)C(C)C.CO,Application_ds
C[C@H]1CNC[C@@H](C)N1.O=CN(C)C,Application_ds
O=C(OCC(OC(=O)CCCCCCCC=CCC=CCC=CCC)COP(=O)(O)OCC(N)C(=O)O)CCCCCCC=CCC=CCC=CCCCCC.CC1=CC=CC=C1,Application_ds
O=C(C1=CC=C(OC)C=C1)N2CCN(C(=O)C=3C=NC=CC3)C(C(=O)NC4C(=O)NCCC4)C2.CC1=CC=CC=C1,Application_ds
O=C(NC1C(NCCC1(O)C)C=2C=CC=CC2)C3CC3.CC1CCCO1,Application_ds
O=C(OC)C(N)CS.CC(OCC)=O,Application_ds
CC(C)(C)OC(=O)N(Cc1ccccc1)[C@@H](Cc1ccc2ccccc2c1)C(=O)OCc1ccccc1.CC1CCCO1,Application_ds
O=C(OC)C(=O)NC1CC(CC2=NOC(=C2)CCO)C1(C)C.O=CN(C)C,Application_ds
O=C1C=C(C(=O)C2=C(C=CC(O)=C12)C=3C(=O)C=4C(O)=CC=CC4C(=O)C3C)C.CC(OCC)=O,Application_ds
COC(=O)c1cc(Cl)cc2c1NC(c1cccc(-c3ccc(C(C)(C)C)cc3)c1)C(C)(C)C2.N#CC,Application_ds
CC(C)(C)OC(=O)NCC(=O)N1CCNCC1.O,Application_ds
CCC(=C(c1ccccc1)c1ccc(O)cc1)C1CCCC1.O=CN(C)C,Application_ds
O=C1C=C2CCC3C4CCC5(OCOC65OCOC6)C4(C)CC(O[Si](C)(C)C)C3C2(C)CC1.CC(OCC)=O,Application_ds
O=C(O)c1cc(F)ccc1S(=O)(=O)NC(F)(F)F.N#CC,Application_ds
c1ccc(-c2ccc(Nc3ccc(-c4ccccc4)cc3-c3ccccc3)cc2)cc1.CCO,Application_ds
COC(CCn1cc(-c2cnccn2)c(=O)[nH]c1=O)OC.CO,Application_ds
CC(C)NC(=O)c1ccc2n1CCN(C(=O)c1cc3ncc(Br)cn3n1)C2.O=CN(C)C,Application_ds
O=C(OC(=O)C(F)F)C(F)F.O=CN(C)C,Application_ds
CC1(C)COCCN1.CO,Application_ds
NC1=N[C@](CF)(c2cc(Br)ccc2F)C[C@@H](C(F)(F)F)O1.CO,Application_ds
Cc1cnccc1N.CO,Application_ds
NNc1ccc(S(N)(=O)=O)nc1.CC(C)=O,Application_ds
O=C(C=C(C1=CC(OC)=C(O)C=C1CC2=CNC(N)C=C2CCC=3C=CC=C(C3)CCC=4C=CC=CC4)CO)CC(=O)CC5CCC6C(CC(NCC(O)C)C76CC8C=CC(NC)C8C7)(C5)CC9C%10NCC=CC%10CC%11CNCCC%119.CO,Application_ds
  C=CCNc1c(N[C@@H](c2ccccc2)P(=O)(Oc2ccccc2)Oc2ccccc2)c(=O)c(=O)c1=O.O=CN(C)C,Application_ds
CCOC(=O)C=C(C)C=CCC(C)CCCC(C)(C)O.CC(OCC)=O,Application_ds
CS(=O)(=O)N1CC=C(c2cc3c(Cl)ncnc3n2S(=O)(=O)c2ccccc2)CC1.CC(C)=O,Application_ds
COc1cc(C(=O)OCCC(=O)OC(C)(C)C)ccc1NC(=O)[C@@H]1N[C@@H](CC(C)(C)C)[C@](C#N)(c2ccc(Cl)cc2F)[C@H]1c1cccc(Cl)c1F.CC1=CC=CC=C1,Application_ds
COc1cc2ncnc(NC(=O)Nc3c(Cl)cccc3Cl)c2cc1OC.CO,Application_ds
O=C(C1=CC(OC)=C(O)C=C1O)C(C2=CC=C(O)C=C2)C.N#CC,Application_ds
COc1cc(OCc2ccccc2)ccc1CC(=O)O.CO,Application_ds
CC(C)(C)OC(=O)Nc1ccc(C(F)(F)F)cc1N.N#CC,Application_ds
CC1(C)CC(Nc2nccc(-c3ccc(CCC(=O)O)cc3)n2)CC(C)(C)N1.CC1=CC=CC=C1,Application_ds
O=C(O)C=CC1=CC=C(OC)C(=C1)CC=C(CO)CCC=C(C)C.O,Application_ds
O=S(=O)(c1cccc(C(F)(F)F)c1)c1cc(Br)nc(Br)c1.CCO,Application_ds
O=C1CCCc2cc(OS(=O)(=O)C(F)(F)F)ccc21.CCO,Application_ds
O[C@H](CCCl)c1ccccc1.CO,Application_ds
CC(C)C(=O)NC1CCc2c(c3cc(Br)ccc3n2Cc2cccc(F)c2)C1.O,Application_ds
OCC1C(O)C(O)CCC1C=CC=CCCC.CC(C)=O,Application_ds
NNC1CCCCC1.O,Application_ds
Fc1ccccc1N1CCNCC1.O,Application_ds
O=[N+]([O-])c1cc2c(NCc3ccccc3)nc(-c3ccncc3)nc2s1.N#CC,Application_ds
ClC=1C(Cl)=C(C(Cl)=C(Cl)C1O)C(C2=C(Cl)C(Cl)=C(O)C(Cl)=C2Cl)(C)C.O=CN(C)C,Application_ds
C[C@](O)(COC(=O)N1CCN(c2ccc(OC(F)(F)F)cc2)CC1)Cn1cc([N+](=O)[O-])nc1Cl.N#CC,Application_ds
CSc1ncc(-c2ccccc2C)c(C(=O)NCc2cc(Cl)cc(Cl)c2)n1.CCO,Application_ds
O=C(O)CC(CCC=1C=CC=CC1)CCCC(CC=CCCCCCC)CCCCC.O=CN(C)C,Application_ds
O=C1C=CC(=O)C=2C=C3C(=CC12)CC=4OC=C5C4C3(C)CCC5.CC1=CC=CC=C1,Application_ds
O=C1Nc2ccccc2[C@]12COc1cc3c(cc12)OCCO3.CC(OCC)=O,Application_ds
OC1=CC=C(OC)C=C1C=2C=C(OC)C=CC2O.CC1CCCO1,Application_ds
O=C(O)C=1C=CC=C(OC)C1C2N(C)CCC2.CO,Application_ds
CCCCCCCCC/C=C1\SC(=O)N(CC(=O)OCC)C1=O.CC1=CC=CC=C1,Application_ds
CC(=O)c1cc(Cl)c2cccnc2c1N1CCN(C(=O)c2c(C)noc2C)CC1.N#CC,Application_ds
CNS(=O)(=O)Cc1ccc2[nH]cc(CCCOS(C)(=O)=O)c2c1.CC(C)=O,Application_ds
CC(C)CC(=O)CN.CC1CCCO1,Application_ds
CC=CCCl.CCO,Application_ds
CC1(CNC(=O)C(F)(F)F)CN(C(c2ccccc2)c2ccccc2)C1.CC(C)=O,Application_ds
O=C1OC(C(=O)O)CC(=O)C1=C(O)CCCCCCC.N#CC,Application_ds
COCCC(=O)Nc1cccc(Br)c1.CC1=CC=CC=C1,Application_ds
Cn1cccc1CCN.CC1=CC=CC=C1,Application_ds
CCOC(=O)C(OCC)n1cccc(N)c1=O.CO,Application_ds
Cn1cc(Br)cc(N2CCC[C@H](NC(=O)OC(C)(C)C)C2)c1=O.CC1CCCO1,Application_ds
CC(C)(C)OC(=O)N1C[C@@H](C(C)(C)O[SiH2]C(C)(C)C)[C@H](C=O)C1.CO,Application_ds
CCOc1ccc2c(c1)[C@]13CCN(C(=O)C4CC4)[C@H](C2)[C@@H]1CCOC3.O,Application_ds
[O-][NH+](O)C1=CC=C(C=NC2=CC=CC(=C2)NC=3N=C(N=C(N3)N4CCOCC4)N(C=5C=CC=CC5)C=6C=CC=CC6)C=C1.CO,Application_ds
O=C(NCNC(=O)C(O)C(O)C(=O)NC)CC1C(OCC2OC(OC(C)C)C(C)C(C)C2C)OC(COC3OC(CC(C)C)C(C)C(C)C3C)C(C)C1C.CC(C)=O,Application_ds
C=1C=C(C2=C(C1C)CCC(C)C2)C(C)C.N#CC,Application_ds
  O=c1c(Nc2ccc(-c3cn(Cc4ccccn4)nn3)cc2)c(NC(CO)CO)c(=O)c1=O.CC1CCCO1,Application_ds
OC1CC(C)(C)C(C=CC(=CC=CC(=CC=CC=C(C=CC=C(C=CC23OC(CC2(O)C)CC3(C)C)C)C)C)C)C4(OC14)C.CC(OCC)=O,Application_ds
O=C1NC(C(=O)NC=2C=CC=CC12)CCC(=O)NC=3C(=NN(C3C)C(C)C)C.CO,Application_ds
CCOC(=O)CCN(C)Cc1ccc(N)cc1.O,Application_ds
COc1cc(C(=O)NC2COC2)ccc1N.O,Application_ds
COC(=O)C1=C(CN2C3COCC2C(F)C3)NC(c2nccs2)=N[C@H]1c1ccc(F)cc1Cl.CC1=CC=CC=C1,Application_ds
COC(=O)c1cccc(-c2ccccc2)n1.CC(C)=O,Application_ds
CCOC(=O)c1cc(Cl)c(CN2CC[C@@H](NC(=O)OC(C)(C)C)C2)c(C(F)(F)F)c1.O=CN(C)C,Application_ds
c1ccc(C2CCCN2)cc1.N#CC,Application_ds
O=C1CCCN1C1CCN(CC(O)Cn2nc(-c3ccc(C(F)(F)F)c(SCCN4CCCCC4)c3)c3c2CCNC3)CC1.O=CN(C)C,Application_ds
O=C(C1=CC=2C=C(OC)C(O)=CC2C(C=3C=CC(N)NC3)CC1)CC(=O)CCCCC.O=CN(C)C,Application_ds
O=C(OC(C)(C)C)NCC1CCC(C(=O)OC=2C=CC3=C(OC(=O)C(=C3C)C)C2)CC1.CC1CCCO1,Application_ds
  COc1ccc(Nc2c(Nc3c(-c4ccccc4)nc(-c4ccccc4)nc3-c3ccccc3)c2=O)cc1OC.N#CC,Application_ds
O=C1C=2C=CC=C3OC4OC(CO)C(O)C(O)(CC56C7=CCNC=8NC(SSC(CCCO)C9(C(=O)C32)C(O)=CC(=CC19)CC=%10C=CC=C(C%10)CO)C%11=C(C87)C(=CC%11)C6CCC5)C4O.N#CC,Application_ds
O=C(CCC(O)=NO)c1cccs1.CC(OCC)=O,Application_ds
CCCNC(=O)c1ccc([N+](=O)[O-])s1.N#CC,Application_ds
O=C1OC2C(C1=C)CCC(O)(C)C3CC(OC4OC(COC(=O)CC5=CC=C(O)C=C5)C(O)C(O)C4O)C(=C)C23.CC(OCC)=O,Application_ds
C=CC1OCC(CCCCO)O1.CC1=CC=CC=C1,Application_ds
CCCC(=O)N[C@@H](C)[C@H](Oc1ccc2c(cnn2-c2ccc(F)cc2)c1)c1ccccc1.N#CC,Application_ds
CS(=O)(=O)NCCc1cccc([N+](=O)[O-])c1.CO,Application_ds
O=C(O)[C@@H]1CCCN1Cc1ccccc1.CC1CCCO1,Application_ds
O=C(C1CC1)N1CCN(c2cc3c(cc2F)nc(COc2ccccc2)n3Cc2ccc(OC(F)(F)F)cc2)CC1.CC(C)=O,Application_ds
O=C(O)CCCCCCCCCCCC(OC1OC(C)C(O)CC1O)C.CC(C)=O,Application_ds
O=C1NC=2C(=CC(Cl)=CC2C13N4CCCC4C5C(=O)N(C6=CC=C7OCOC7=C6)C(=O)C53)C.CO,Application_ds
O=C(O)CCP(=O)(O)CCC(N)(C(=O)O)CC=1C=CC=CC1.O=CN(C)C,Application_ds
Cc1ccc(OC2CCN(C(=O)C(=O)Nc3ccc4c(c3)OCC(=O)N4)CC2)cc1.CC(C)=O,Application_ds
O=C1C=C(OC)C(=O)C(=C1O)CCCCCCCC=CCCCCCCCC=2C=C(O)C=C(O)C2.O=CN(C)C,Application_ds
O=C1CCC2(C)C3CCC4(C)C5C(=C(OC5CC4C3CC(OC6OCC(O)C(O)C6O)C2(C)C1)CCC(C)COC7OC(CO)C(O)C(O)C7O)C.N#CC,Application_ds
Cc1nc2ccccc2cc1N.CC(OCC)=O,Application_ds
Cc1cccc(-c2sc(C)nc2C(=O)N2[C@H](CNC(=O)c3cccc4c3OCCO4)C[C@@H]3C[C@@H]32)c1.CCO,Application_ds
CC(C)(C)OC(=O)N1CCOc2c(Br)csc2C1.CC1CCCO1,Application_ds
Nc1nc2c(cc1C(=O)O)CCC2.CC1=CC=CC=C1,Application_ds
O=C(O)C1=CC(O)=C(O)C(O)=C1OC=2C=C3C(=O)OCC4OC(OC(=O)C5=CC(O)=C(O)C(O)=C5)C(O)C(OC(=O)C=6C=C(O)C(O)=C(O)C6C3=C(O)C2O)C4O.CC(OCC)=O,Application_ds
Fc1ccc(-c2cc(C(F)(F)F)nc(-n3cnc(I)c3)n2)cc1.CC1=CC=CC=C1,Application_ds
OCC1CCO1.O=CN(C)C,Application_ds
O=C1C=C(OC(=C1O)C2(CC(=O)NC3C=CS(=O)(=O)C3)CCOCC2)C.N#CC,Application_ds
O=C(OC1C2=C(C)C(O)CC(C(O)C3C(=C)C(O)CC(CC(=O)C)C3(C)C1OC(=O)C)C2(C)C)C.CC(OCC)=O,Application_ds
COC(C(=O)NCc1ccc(C#N)cc1)c1ccc(Br)cc1F.CC(OCC)=O,Application_ds
Fc1ccccc1-c1nn(C2CCCCO2)c2cnc(Br)cc12.N#CC,Application_ds
CSc1cc(-c2cncnc2Nc2cc(NC(=O)OC(C)(C)C)ccc2C)ncn1.CC1=CC=CC=C1,Application_ds
O=C(NCC1OC(CO)C(O)C1N2CCCC2)N3CCOCC3.CCO,Application_ds
O=C(NC1CCCCC1)CCCCCCCC=CCC=CCCCCC.CC1=CC=CC=C1,Application_ds
O=C1OC(=NC1=CC=2C=CC=C(OC)C2OC)C=3C=CC=CC3.CC1CCCO1,Application_ds
CC(C)c1cc(C(=O)OC(C)(C)C)c(NC(=O)Nc2c(Cl)cccc2Cl)s1.CO,Application_ds
  Cc1cc(Nc2c(Nc3ccc(C/C=N\OC(C)(C)C)cc3)c(=O)c(=O)c2=O)ccc1Br.CC1CCCO1,Application_ds
Nc1cccc(Cl)c1Cl.CC(C)=O,Application_ds
  O=c1c(NCc2cc(C(F)(F)F)cc(C(F)(F)F)c2)c(Nc2nc(=O)n(Cc3ccccc3)c(=O)[nH]2)c1=O.CC(OCC)=O,Application_ds
CCOC(=O)C1CCN(c2ncc(C(=O)Nc3nc(-c4cc(Cl)cs4)c(CN4CCCCC4)s3)cc2Cl)CC1.CO,Application_ds
C[C@@H](C1=NC=NC=C1F)[C@](O)(CN1C=NC=N1)C1=C(F)C=C(F)C=C1.O=CN(C)C,Application_ds
O=C(O)C(NC)CC1=CC=C(O)C=C1.O=CN(C)C,Application_ds
O=C(C=CC1=CC=C(O)C(OC)=C1)NCCCN(C(=O)C=CC=2C=C(OC)C(O)=C(OC)C2)CCCCN.O,Application_ds
CC(=O)Nc1ccc(-c2nc3c(C(=O)NC4CN5CCC4CC5)cccc3o2)cc1.CC1=CC=CC=C1,Application_ds
O=C1OC(CC1)CCCCCCCCCCCCCCCCCCCCCCCC.CCO,Application_ds
CCCCOCCOc1ccc(-c2ccc(N3CCCCCC3)c(/C=C(\CC)C(=O)Nc3ccc([S@@](=O)Cc4cncn4CCC)cc3)c2)cc1.O=CN(C)C,Application_ds
Cc1cc(Cl)ccc1C(C/C(=N\O)c1ccc(=O)n(C)c1)c1ccc(C(=O)NC[C@@H](O)CO)cc1.N#CC,Application_ds
COC(=O)c1c(CN)c(=O)c2ccc(Cl)cc2n1-c1ccccc1.CC1CCCO1,Application_ds
O=C1C=C2C(=CC=C1NCCCCCCCC)C3=C(OC)C(OC)=C(OC)C=C3CCC2NC(=O)C.CO,Application_ds
CCOC(=O)c1cccc(O)c1.CC1CCCO1,Application_ds
Cc1ccc(S(=O)CC(C)(C(F)(F)F)C(F)(F)F)cc1.O=CN(C)C,Application_ds
CN1CCN([C@@H]2CC[C@H](n3nc(I)c4c(N)ncnc43)CC2)CC1.N#CC,Application_ds
Cn1ncc(Cl)c1B1OC(C)(C)C(C)(C)O1.CO,Application_ds
  CC(C)(C)OC(=O)N=C(N)NS(=O)(=O)NC(=O)OCc1ccccc1.CO,Application_ds
CCOc1ccc(C(=O)CBr)cc1-c1nn2c(C3CCCCCC3)nc(C)c2c(=O)[nH]1.O=CN(C)C,Application_ds
Cc1nc(C)c(CN2Cc3ncnc(Nc4cnc5ccccc5c4)c3C2)s1.O,Application_ds
O=C(O)C(NC(=O)NC1=CC=C(C=C1)C(=O)C)CC2=CNC=3C=CC=CC32.CC1=CC=CC=C1,Application_ds
CC(=O)Nc1ccc(C2(NS(=O)C(C)(C)C)COC2)cc1.O=CN(C)C,Application_ds
  CCCCCOC(=O)Nc1c(NC(=O)c2cccc(OC)c2)c(=O)c1=O.O=CN(C)C,Application_ds
CCCC(Nc1cnc(-c2ccc(C(F)(F)F)cc2)nc1)c1ccc(C(=O)OCC)cc1.N#CC,Application_ds
O=C1C=C(OC=2C=C(C(=CC12)C)C)C=3C=CC=4OCCOC4C3.CC1=CC=CC=C1,Application_ds
O=C1C(=C2CCC3C4(C)CC(C=5C=CC=C(O)C5)C(=O)C(C)(C)C4C(NCC(O)C)CC3(C)C2(C)C1)C(C)CC(O)C6OC6(C)C7CCCC7C=8C=CC=C(N)C8.CO,Application_ds
O=C(OC1C(O)COC(OC2CC3=CCC4C(CCC5(C)C(CCC45)C(C)CCCC(OC(=O)C)(C)C)C3(CO)CC2)C1O)C.CC(C)=O,Application_ds
CCOC(=O)c1cnn2c(Nc3cscc3C)c(C(=O)N3CCC(c4ccccc4)CC3)cnc12.O,Application_ds
O=c1n(Cc2ccc(C(F)(F)F)nc2Cl)nc2c(-c3ccncc3)c(-c3ccc(Cl)cc3)ccn12.N#CC,Application_ds
O=C(NCCOC)C(C)C1CCC2(C)CCC(NS(=O)(=O)C3=CC=C(C=C3)C)C(C)C2C1O.CC1CCCO1,Application_ds
O=C(OC1C[C]2[C](O)[C]3C(=O)[CH][C](O[C]3[C]4[C]2OC1(C)C(C[C]5[CH][CH][C](N)[NH2+][CH]5)CC[C]6[C]([N][CH][CH][C]6C4C[C]7[CH][CH][CH][C](O)[CH]7)N)CO)C(=CC)C[NH2+]CC.O,Application_ds
  C=C[C@H]1CN2CC[C@H]1C[C@H]2[C@H](NC(=S)Nc1cccc2cccnc12)c1ccnc2ccc(OC)cc12.O,Application_ds
CCn1cc(C(=O)O)c(=O)c2cc(F)c(N3CCNCC3)c(F)c21.O=CN(C)C,Application_ds
CNC(=O)c1cccc(Cl)c1Nc1nc(Nc2ccc3c(c2)C(C)(C)CCC(=O)N3)ncc1Cl.CC(C)=O,Application_ds
CN1CC(CCCl)OC1=O.CCO,Application_ds
CCCOC(=O)COc1cc2c(=O)c(Cc3cccnc3)cn3c4ccc(Br)cc4c(c1)c23.CCO,Application_ds
Nc1cnc(-c2ccccc2)nc1C(=O)O.CCO,Application_ds
CC1(C)COCCN1.CC(OCC)=O,Application_ds
OC=1C=CC(=CC1)C=2OC=3C=C(O)C=C4C3C2C=5C=C(O)C=C6OC(C7=CC=C(O)C=C7)C(C=8C=C(O)C=C9OC(C=%10C=CC=C(O)C%10)C4C98)C65.CO,Application_ds
OC1C=C2CC(O)CCC2(C)C3CCC4(C)C(CC(O)C4C(O)(C)CCC(CC)C(C)C)C13.N#CC,Application_ds
Cc1cc(C(=O)Nc2cccc(C(=O)c3ccc4c(c3)NC(=O)C4=CNc3cccc(O)c3)c2)n(C(C)(C)C)n1.CC1=CC=CC=C1,Application_ds
CC(C)(C)OC(=O)Nc1ccc(Oc2ccnc(Cl)n2)c2ccccc12.CC(OCC)=O,Application_ds
COC(=O)c1c(O)nc(C)c2cc(OC)c(OC)cc12.CO,Application_ds
CCOc1cc(-c2ccccn2)c(C2CC2)cc1C(=O)OC.N#CC,Application_ds
COc1cc(C(=O)NC2CCN(S(C)(=O)=O)CC2)ccc1Nc1ncc2c(n1)N(C1CCCCC1)CC(F)(F)C(=O)N2C.CCO,Application_ds
O=S(=O)(c1ccc(Oc2ccc(Cl)c(Cl)c2)cc1)C(F)(F)F.CCO,Application_ds
O=C(OCC1=COC(OC(=O)C=C(C)COC(=O)C)C2CC(=O)CC12)C=C(C)COC(=O)C.CCO,Application_ds
COC(=O)c1cc(C)n2ccnc2n1.CC(C)=O,Application_ds
  C[C@@H]([C@@H](Nc1c(NC(=O)c2c(Cl)cc(Cl)cc2Cl)c(=O)c(=O)c1=O)c1ccccc1)N(C)C.CC(C)=O,Application_ds
COc1ccc(-c2ncccc2NC(=O)C(=C(Cl)Cl)c2ccccc2Cl)cc1OC.CC1=CC=CC=C1,Application_ds
O(C=1C=C2C(=CC1C)CC(N)C2)C.O,Application_ds
Clc1ccc(-c2ccc(OCc3ccccc3)cc2)nn1.CCO,Application_ds
OC1=CC=C(C=C1C=2C=CC(OC3OC(CO)C(O)C(O)C3O)=C(C2)CC=C)CC(O)CO.O=CN(C)C,Application_ds
O=C(C1=CC=C(OC)C(OC)=C1)COC=2C=CC=3OC=C(C=4C=CC(OC)=C(OC)C4)C3C2.CC(C)=O,Application_ds
CCN(CC)C(=O)/C=C(/C)CC/C=C(\C)CO.CCO,Application_ds
Nc1ncnc(Oc2cccc(NC(=O)/C=C/CN3CCOCC3)c2)c1-c1ccc(Oc2ccccc2)cc1.CC(C)=O,Application_ds
CCCCCCCCC=CCCCCCCCC(=O)Cl.N#CC,Application_ds
C(C1CN2CCC1CC2)N1C2=CC=CC=C2SC2=CC=CC=C12.CCO,Application_ds
CCn1cc(N)cn1.N#CC,Application_ds
O=C(OC)C(NC(=O)C=1C=CC=CC1)CSCC(NC(=O)C=2C=CC=CC2)C(=O)OC.O,Application_ds
CCC1(CC)c2cc(N)ccc2-c2ccc(Br)cc21.CC1CCCO1,Application_ds
O=C(NC=1C=CC=CC1C)C(Cl)(C(F)(F)F)C(F)(F)F.CC(OCC)=O,Application_ds
O=C(O)C(NC(=O)C(NC(=O)C(N)CC=1C=CC=CC1)C(O)C)CCCCN.CO,Application_ds
O=C(C=CC=1C=CC=C(OC)C1OC)C=2C(O)=CC=CC2OC.CC1=CC=CC=C1,Application_ds
O=CC(C1=CC=C(C(OC)=C1OC)CC2=CC(OC)=C(OC)C=C2CC3C4=CC(OC)=C(OC)C(OC)=C4CCN3C)=C5NCCC6=CC(OC)=C(OC)C=C56.CC1=CC=CC=C1,Application_ds
CC(C)(C)c1cc(C=C2SC(=O)NC2=O)cc(C(C)(C)C)c1O.CC1CCCO1,Application_ds
O=C1OC=2C=C3OC4(CC3=CC2C=C1)C(C=CCC4(OC(=O)C(=CC)C)C)C=5C=C(N)NCC5CC(=O)N6CC(C6)CC.N#CC,Application_ds
O=C1C=2C=CC=CC2C=C3C(=CNN13)CC.CC1CCCO1,Application_ds
CCOCc1cc(Br)c(C)c(N2CCN(C(=O)OC(C)(C)C)CC2)c1.CC(OCC)=O,Application_ds
COc1ccccc1C1(O)C(O)CC(c2ccccc2)(c2ccccc2)C2CN(C(=O)Cc3c[nH]c4ccccc34)CC21.CC1=CC=CC=C1,Application_ds
O=C(c1cccc([N+](=O)[O-])c1)C1CCN(C(=O)C(F)(F)F)CC1.CC1CCCO1,Application_ds
O=C(OC1CC(NC(=O)C=2C=CC=C(O)C2)C(OC(=O)C=3C(O)=CC=CC3C)C(O)C1O)N.CO,Application_ds
N=1C(=C(OC1CCCCCCC)C)C.CC1CCCO1,Application_ds
CCOCC(=O)Nc1c(Oc2ccccc2)nc(C)c(C)c1NCCCCNC(=O)OC(C)(C)C.CO,Application_ds
Cn1cc(-c2cc(NS(=O)(=O)CCF)ccc2OC2CCOC2)c2cc[nH]c2c1=O.CC1=CC=CC=C1,Application_ds
O=C1OC2=CC(=CC(OCC(=O)NC(C(=O)O)CCSC)=C2C(=C1C)C)C.CC(OCC)=O,Application_ds
CC(C)(C#N)c1ccc(Cc2c([N+](=O)[O-])cnc3ccc(B4OC(C)(C)C(C)(C)O4)cc23)cc1.CC1CCCO1,Application_ds
O=C(O)c1cnc(OCC(F)(F)F)c(-c2ccc(Cl)cc2)c1.CC1=CC=CC=C1,Application_ds
COc1cc(Nc2ccc3c(n2)O[C@H](c2ccccc2)CN(C2CC2)C3)ccc1-n1cnc(C)n1.O=CN(C)C,Application_ds
O=C(O)c1ccc(O)c(Sc2cc([N+](=O)[O-])ccc2CO)c1.O,Application_ds
CCNC(=O)c1ccc(-c2ccc([C@H]3OC(C)(C)N(C(=O)OC(C)(C)C)[C@@H]3CF)cc2)cn1.O=CN(C)C,Application_ds
CC(C)(c1ccc(C=O)s1)c1nnc(C2CC2)n1C1CC1.O,Application_ds
O=C1C=CC=C2N1CC3CN(C(=O)C4=CN(C(=O)C=5C=CC=CC54)C=6C=CC=CC6OC)CC2C3.N#CC,Application_ds
NC(=O)c1nn(-c2c(Cl)cc(C(F)(F)F)cc2Cl)c(N)c1SC(F)(F)F.CCO,Application_ds
ClC1(C)CC(O)C2(CC1Br)C3(OC3C4OC4(Br)C2(C)C)C.N#CC,Application_ds
  CC(C)(C)c1cc(CNS(=O)(=O)Nc2ccccc2NC(=O)c2cccc(N)c2)cc(C(C)(C)C)c1O.N#CC,Application_ds
Clc1cncc(NCc2ccco2)n1.CC(OCC)=O,Application_ds
Cn1cc(Br)nc(Nc2cnn(C3CC3)c2)c1=O.CCO,Application_ds
CN(C)CCOc1nc(-c2ccncc2)nc2sc3c(c12)CCCC3.O=CN(C)C,Application_ds
CCOC(=O)c1c(Cl)c2cnc(-c3ccccc3)nc2n(CCOC)c1=O.CCO,Application_ds
O=C(O)CCCC(=O)C=CC=CCC=CCC=CCCCCC.CC1CCCO1,Application_ds
CC#CCOc1ccc(S(=O)(=O)N2CCN(C(=O)N3CCOCC3)CC2C(=O)OCC)cc1.N#CC,Application_ds
COc1ccc(-c2ccc3cnc(Nc4ccc(C5C(=O)N(C)CCN5C)cc4)nn23)cn1.CC1=CC=CC=C1,Application_ds
C1=CC=C(C=C1)C2=C3C(=C(N2)O)C(=NC3=O)C4=CC=CC=C4.CC1=CC=CC=C1,Application_ds
O=C(C=Cc1cccnc1)NCCCCC1CCN(S(=O)(=O)c2ccc3ccccc3c2)CC1.CCO,Application_ds
Nc1cccc(-c2nn(C3CCCCO3)c3ccc(-c4nnn(C(c5ccccc5)(c5ccccc5)c5ccccc5)n4)cc23)c1.O=CN(C)C,Application_ds
COc1ccc(CC2SC(=O)NC2=O)c2c1N(Cc1ccc(NS(C)(=O)=O)cc1)C(=O)CC2.O=CN(C)C,Application_ds
O=C(NCCCCN1C(=O)CCCCCCCC(=O)CCCCCCCNCCC1)C.N#CC,Application_ds
O=C1C(=C)C2CCC3(C)CCCC(=C)C3C2C1.CC(OCC)=O,Application_ds
O=C1N2C(C=3C=CC=CC3OC)C=4NC=5C=CC=CC5C4CC2C(=O)N(C1)CCCN(CC)CC.CO,Application_ds
CCCC(=O)Nc1n[nH]c2cc(C(F)(F)F)ccc12.CC(C)=O,Application_ds
O=C(O)C(C(=O)O)C(O)CC(=O)NCCCCNC(=O)CC(O)C(C(=O)O)C(=O)O.O,Application_ds
CN(C)CCCN(C)c1ccc(N)cc1C(F)(F)F.O,Application_ds
CC(=O)N(c1nc2nc(C)cc(C)n2n1)S(=O)(=O)c1c(Cl)cccc1Cl.O,Application_ds
  CC1(C)OC[C@@H]([C@@H]2O[C@H]3OC(C)(C)O[C@H]3[C@@]2(O)CNC(=O)N[C@]23CC[C@H](CC2=O)C3(C)C)O1.CO,Application_ds
Cn1nnnc1-c1sc(-c2ccc(Cl)cc2)nc1O.CC1=CC=CC=C1,Application_ds
COC(=O)[C@@H](N)[C@@H](C)OC(C)(C)C.O,Application_ds
CC(C)(C)OC(=O)NCc1ccc(C=O)cc1.CC1=CC=CC=C1,Application_ds
O=C(NC=1C=CC=C(F)C1)N2CC3C4=CC=C(C=5OC=CC5)C(=O)N4CC(C2)C3.O=CN(C)C,Application_ds
O=C(CCC1CCCC1)N1C(=O)OC[C@H]1Cc1ccccc1.CC(C)=O,Application_ds
CCOC(=O)c1nn(-c2cccc(C#C[C@]3(O)CCN(C)C3=O)c2)c2nc(C(F)(F)F)ncc12.O,Application_ds
O=C1C=CC(=O)C2=C(N)C(N)=CC(O)=C12.CC(OCC)=O,Application_ds
O=CC=1C=2C=C(OC)C=CC2NC1C(=O)OCC.CC(C)=O,Application_ds
O=C1C=C2C=3N=C4C=CC=CC4=C5C=CN=C(C(=O)C2=CN1C)C35.O=CN(C)C,Application_ds
O[C]1[CH][C]2[C]([CH][CH][NH+]3[C]2C[C]4[CH][CH][C](OC)[C](OC)[C]4C3)[CH][C]1OC.CC1CCCO1,Application_ds
ClCCCCn1cnc2ccccc21.CC1CCCO1,Application_ds
O=C(NC1CCC2(C)CCC(C(O)C2C1C)C(C(=O)N(CCOC)CCOC)C)C=3C=NC=NC3.CC1=CC=CC=C1,Application_ds
COC(=O)CCCCCNc1ncnc2oc(Br)c(-c3ccc(OC)cc3)c12.O,Application_ds
Cc1cc(N)cc(-c2cnc(C3(O)CCC3)s2)c1.CC1CCCO1,Application_ds
O=C1OC=2C=C(OC(=O)N(CC)CC)C=CC2C(=C1)C3=CC=4C=CC=C(OCC)C4OC3=O.O=CN(C)C,Application_ds
Cc1cccc(C)c1Oc1ccc2ccc(N)nc2n1.O,Application_ds
N#CSCC(O)C=C.CCO,Application_ds
O=C(OC(C=C)C1OC1C=CC2OC2C(OC(=O)C)C)C.CC1CCCO1,Application_ds
O=C(O)CC1CC1.O,Application_ds
O=C(NN1CCCCC1)c1cnc(C2CC2)c(OCC2CC2)n1.CO,Application_ds
Cn1cc(Nc2ncc3cnn(Cc4cccc(OCCN5CCCCC5)c4)c3n2)cn1.CCO,Application_ds
N#CCN(C(=O)CC1CCN(C(=O)NC2=CC=CC(=C2)C(=O)OCC)CC1CC)C.O=CN(C)C,Application_ds
CCS(=O)(=O)c1ccc(-c2cnc(N3CCOCC3)cc2Nc2c(C)c(-c3ccccn3)nc3cc(F)cc(F)c23)cc1.CC(OCC)=O,Application_ds
CCOC(=O)N1CCc2cc(Br)sc2CC1.CC(OCC)=O,Application_ds
CCOc1ccc(C)cc1C(C)=O.CCO,Application_ds
O=C(OC(CCC(C)C)C(C)C1CCC2C3CC=C4CC(O)CCC4(C)C3CCC12C)C.CO,Application_ds
COC1=CC(=O)C(CCC(C)C)(OCc2ccccc2)c2ccccc21.CC(C)=O,Application_ds
O=C1NC(C(=O)NC=2C=CC=CC12)CC(=O)NC3=CC=CC(=C3)C=4N=CNN4.CC(C)=O,Application_ds
O=C1C=C(OC=2C1=CC=C3OC=CC32)C=4C=C(OC)C=5OCOC5C4.CC1CCCO1,Application_ds
Cc1ccc(C=Cc2ccccc2)cc1[N+](=O)[O-].CC1CCCO1,Application_ds
CN[C@@H]1CC[C@H](Oc2cc(F)ccc2[N+](=O)[O-])CC1.N#CC,Application_ds
Cc1cc(F)ccc1-n1nc(C(F)(F)F)cc1B(O)O.CO,Application_ds
COc1ccc(Nc2nc3c(Br)cccn3n2)cc1.CC(C)=O,Application_ds
COc1ccc2nccc(CCN3CCOC(CNC(=O)c4ccc5c(n4)NC(=O)CS5)C3)c2n1.N#CC,Application_ds
O=S(=O)(Nc1cc(Br)cnc1Cl)c1ccc(F)cc1Cl.O=CN(C)C,Application_ds
CCCS(=O)c1ccc([N+](=O)[O-])c(N)c1.CC1CCCO1,Application_ds
CC(C)(N)CCc1ccncc1.CCO,Application_ds
O=S1CCN(c2nc(N3CCNCC3)nc3c(NCc4ccco4)ncnc23)CC1.O,Application_ds
Cn1cc(B(O)O)cn1.N#CC,Application_ds
CC(C)(C)c1ccc(S(=O)(=O)O)cc1.N#CC,Application_ds
O=C(C=CC=CC=CC=CC=CC=1C=C(Br)C(O)=C(Br)C1)NC2C(=O)NC(C(=O)NC(C(=O)NC(C(=O)NC(C(=O)OC2C)C(C)CC)CC(=O)N)CC(=O)N)C(C)C.CC1CCCO1,Application_ds
CCC[C@@H](CCOC(C)=O)Nc1nc(N)nc(C)c1Cc1ccc(OCCCO)cc1OC.CC1=CC=CC=C1,Application_ds
O=C(OCC=CSSC(C)CC)C.CC(C)=O,Application_ds
CCOC(=O)C(C)(C)Oc1ccc(OCCc2nc(-c3ccc(-c4ccc(OC)cc4)cc3)oc2C)cc1.CC(OCC)=O,Application_ds
O=C1OC2CC3(C)CCC4(C)C(CCC5C6(C)CCC(=O)C(C)(C)C6CCC54C)C3C2C1=C.O,Application_ds
COc1nn2cc(-c3cc4c(OCc5cccc(OCc6ccccc6)c5)cc(O[Si](C)(C)C(C)(C)C)cc4o3)nc2s1.CC(C)=O,Application_ds
  COCCNC(=O)Nc1nnc(-c2ccccc2F)s1.O=CN(C)C,Application_ds
CC(C)(C)OC(=O)NC(C(=O)O[C@H]1C[N+]2(CC(=O)c3ccccc3)CCC1CC2)c1ccccc1.CO,Application_ds
CCC(O)CN.N#CC,Application_ds
CCOC(=O)CN1C[C@@H]2CCC[C@@H]2C1=O.O,Application_ds
CC(C(N)=O)N1CCC(N(C)C2=NC(=O)C(=Cc3ccc4c(cnn4Cc4ccc(C(F)(F)F)cc4C(F)(F)F)c3)S2)CC1.CC(C)=O,Application_ds
N[C@@H]1CCc2ccc(O)cc21.CC1CCCO1,Application_ds
[H][C@]12SC(C)(C)[C@@H](N1C(=O)[C@H]2N1C(=O)[C@H](NC1(C)C)C1=CC=CC=C1)C(O)=O.CC1CCCO1,Application_ds
OC(C#CC1=NC=CC=C1)(C)C.CC(C)=O,Application_ds
O=C(C=CCCCC(CCC=1C=CC=CC1)CC(O)C)CCC2=CC=C(O)C(OCCC3=CC=C(O)C(=C3)C4C5=CC=C(C=C5C#CCC6=NC=C[C-]6C(=O)C4)C(N)N)=C2.CC(C)=O,Application_ds
Cc1ccc(CCOCCCCCBr)cc1.CC(C)=O,Application_ds
O=C(OCC1C(OC=2C=CC=CC2OC)OCC1COC=3C=CC=CC3OC)C4=CC=C(O)C(OC)=C4.CCO,Application_ds
CNC1CN(C(=O)OC(C)(C)C)C1.CCO,Application_ds
O=S(=O)(Nc1ccncn1)c1cc(Cl)c(F)cc1F.CC(OCC)=O,Application_ds
COCCOc1cc([N+](=O)[O-])ccc1N1CCN(C)CC1.O,Application_ds
COC(=O)c1ccccc1C.N#CC,Application_ds
N#CCc1cc(Br)cs1.CCO,Application_ds
  COC(=O)C[C@@H](Nc1c(Nc2ccc3oc(=O)ccc3c2)c(=S)c1=S)C(=O)OC.CO,Application_ds
O=C(N1CCS(=O)(=O)CC1)CC2OC3C(OC(CNC4CC=5C=CC=CC5C4)C3O)C2.CC1=CC=CC=C1,Application_ds
O=CC(=C1C2C=CC(CCO)C1C3(CCC(C(=CC=CC(=C)C4CC=C(C)CNC(CC=5C=CC=C(C5)C4)(CCOC)C6CCCCC6)COCC(O)CO)C3O)C(O)(CCNC)C2)C.CCO,Application_ds
O=C1OC=2C=C(OCC(=O)N3CCC4(O)CCCCC4C3)C=CC2C5=C1CCCC5.CC(C)=O,Application_ds
O=CC12C(=CCC3C1CCC4(C)C(C5=CC(=O)OC5)CCC34O)CC6OC7OC(C)CC8(SCC(=O)N8)C7(O)OC6C2.CC(C)=O,Application_ds
O=C(NCC(C)C)CCCCCC=CCC#CC#C.CCO,Application_ds
CCC(O)CN.CO,Application_ds
COc1cc(OC)c2c3c(c(=O)oc2c1)CN(CCN1CCCCC1)CC3.CCO,Application_ds
O=CC(CCCCCC1CC=CCC(C(=O)O)C2(C=3C=CC=C(C3)CC1C4=CC=C(O)C(=C4)CCCCC)CCC5C=C6C=CC=CC6=C(O)C5C2)C7C=C(CCN)CC7.O,Application_ds
CCc1cc2c(N3CCN(C(=O)c4ccc(-c5ccccc5)cc4)CC3)nc(NC(=O)CCC(=O)OC)nc2s1.CC(C)=O,Application_ds
Cc1ccc2c(c1)c1c(n2-c2ccc3ncccc3c2)CCN(C)C1.O=CN(C)C,Application_ds
CC1(NC(=O)C(F)(F)F)CN(c2c(F)cc3c(=O)c(C(=O)O)cn(-c4ccc(F)cc4)c3c2F)C1.O,Application_ds
O=C(O)CC1CCN(C(=O)C=2C=CC=CC2)CC1CCN(C=3C=CC=CC3)CCN4CCOCC4.CC1CCCO1,Application_ds
O=C(Nc1nnc(-c2ccco2)o1)c1cc(-c2ccc(-c3ccccc3)cc2)cs1.O=CN(C)C,Application_ds
CCS(=O)(=O)Nc1cccc(C2(C)C3CN(CCCC4CCCCC4)CC32)c1.CC(OCC)=O,Application_ds
COc1cc(-c2ncc(C(F)(F)F)cc2Cl)ccc1Cl.CC1=CC=CC=C1,Application_ds
CCOP(=O)(C=C1NCCN(C)c2cc(-c3ccccc3)ccc21)OCC.CO,Application_ds
O=C(NCC=1OC=CC1)CCC(=O)N2CC=3C=4C=C(OC)C=CC4NC3CC2.CC(OCC)=O,Application_ds
O=C(OC)CC(C1=CC=2C=CC=C3C2N(C1=O)CCC3)C4=C(O)C=C(N(C4=O)CCC5=CC=C(O)C=C5)C.CC(OCC)=O,Application_ds
O=C(N[C@H](c1cccc(F)c1)C1CC1)c1c(CN2CCCC2=O)c(-c2ccccc2)nc2ccccc12.CC1CCCO1,Application_ds
CCOc1ccc(OC(F)(F)F)c(B(O)O)c1.CO,Application_ds
FC(F)(F)Cn1ccc2ncnc(Nc3ccc(Oc4cccc5[nH]ccc45)c(Cl)c3)c21.O=CN(C)C,Application_ds
O=C1CCC2=CC(OC)=C(O)C=C2C(C#CC3CC4CC=5C=C(NC=6C=CC7=CC=C(C=C7C6)CC(O)CNCC(C8=CNC(=C8)C9(CCCCC9)C(O)C(CCC%10CCCCC%10)C(CC3C(=O)C1O)C4)C)NCC5)C=%11C=CC=CC%11.CO,Application_ds
O=C(C1=C(O)C=C(O)C2=C1OC(C)(CCC=C(C)C)CC2)C(C)CC.CC1=CC=CC=C1,Application_ds
COC(=O)C1CN(C(=O)OC(C)(C)C)CCN1.CC(OCC)=O,Application_ds
FC(F)(F)c1ccc(Br)cc1.O,Application_ds
CC(C)(C)OC(=O)NCC(c1ccccc1)c1ccccc1.O,Application_ds
CC(C)(C)c1cc(Cl)c(O)c([N+](=O)[O-])c1.N#CC,Application_ds
  Cc1ccc(C(=O)c2ccc(CNc3c(Nc4ccc(Br)c(C(F)(F)F)c4)c(=O)c3=O)cc2)cc1.CO,Application_ds
C[C@H]1COCCN1c1cc(C2(S(=O)(=O)CCCOC(F)F)CC2)nc(-c2ccc(N)cc2)n1.CC(C)=O,Application_ds
Cc1onc(-c2ccccc2Cl)c1C(=O)O.O=CN(C)C,Application_ds
Oc1ncccc1Br.O,Application_ds
O=C1C2=CC(O)=C(O)C=C2OC=3C1=C(O)C=C(OC)C3C4OC(CO)C(O)C(O)C4O.O,Application_ds
Brc1ccc(Oc2ccc(Oc3ccccc3)cc2)nc1.CC1CCCO1,Application_ds
CCC1=CC=CC(CC)=C1N(COC)C(=O)CCl.CCO,Application_ds
Cc1nc(CO)co1.CC1=CC=CC=C1,Application_ds
O=C1C2=C(O)C=3C=CC(OC3C(=C2OC(C=4C=CC=5OC(C=CC5C4)(C)C)C1)CC=C(C)C)(C)C.CO,Application_ds
CCCCC(O)(Cn1cncn1)c1ccc(Oc2ccc(Cl)cc2)cc1Cl.CC1=CC=CC=C1,Application_ds
Cn1ccc2ccc(C(=O)O)cc21.CC1CCCO1,Application_ds
O=C1N2C=3C=C(O)C=CC3C4=C2C(=NCC4)CC1.CO,Application_ds
CS(=O)(=O)NC(=O)c1cccc2c1ccn2Cc1cc(Cl)ccc1OCc1ccc(Cl)cc1F.CC(OCC)=O,Application_ds
[Mg+]CCc1ccccc1.O,Application_ds
CC(=O)Nc1ccc(COc2cc(N)cc(Cl)c2)cc1.CCO,Application_ds
O=C(O)CC(C)CCC1C(=NO)CCC2C(C)(C)CCCC12C.N#CC,Application_ds
NC1=CC=C(C=C1)S(=O)(=O)NC1=CC=CC=N1.CCO,Application_ds
O=C(Nc1ccc2cc1CCc1cccc(c1)Nc1ncc(Cl)c(n1)N2)[C@@H]1CCCN1C(=O)Nc1ccccc1.N#CC,Application_ds
O=C(OC12C(=O)C(=CC3C(CCC4(OC4C2C(OC(=O)CC)C(COC(=O)CC)C1)C)C3(C)C)C)C=CC=5C=CC=CC5.CC1=CC=CC=C1,Application_ds
O=C(OC(C(C)CCC)C(C)C1OC(=O)C(N=C(O)C(OC(=O)C(C)C(O)C(N=C(O)C2(N=C(SC2)C3(N=C(SC3)C=4N=C(SC4)CC(OC)C1C)C)C)C(C)CC)C(C)C)C(O)C)C5=CC=C(Br)C=C5.CC1CCCO1,Application_ds
  CC(C)(C)[C@H](Nc1c(NC[C@@H]2CCCN2)c(=S)c1=S)C(=O)N1CCC[C@@H]1c1ccccc1.CO,Application_ds
COC(=O)c1cccc2c1c(C)nn2-c1ccc(C#N)c(NCC(C)(C)O)c1.CO,Application_ds
O=C(N)C=1C=CC=CC1NC(=O)CC(C(=O)O)CN2CCCC2.O=CN(C)C,Application_ds
OC1=CC=C(C=C1OCC(NCC)C2=CC(=CN2)C(CNCC(O)C)C3CCCC3)CCC=4OC(=C(C4)CO)CCCCCCCN.CC(C)=O,Application_ds
O=C1OC(C2=COC(C=CC)=CC2=O)C=3C(OC)=CC(O)=CC13.CC1=CC=CC=C1,Application_ds
OCC1OC(OCC(=CCC(O)C(C)C2CCC3(C)C4CCC5C(C)(CO)C(OC6OC(CO)C(OC7OC(C)C(O)C(O)C7O)C(O)C6O)CCC85CC48CCC23C)C)C(O)C(O)C1O.CC(C)=O,Application_ds
O=C(O)C=CC(=O)N(C)CCC(C1=NC=CC=C1)C=2C=CC=CC2.CC(C)=O,Application_ds
N#CCOC1=CC=C2C(OC=C(C2=O)C=3C=CC(OC)=CC3)=C1.CCO,Application_ds
  Cc1ccc(C(=O)NC(=S)NC(=S)c2ccccc2)cc1.CO,Application_ds
Nc1cc(F)c(Cl)c(F)c1.N#CC,Application_ds
O=C(NC1=CC=C(C=C1O)C)C.CC(C)=O,Application_ds
COc1ccc([C@@H](C)N2C[C@H]([C@@H](C)O)CC2=O)cc1.O=CN(C)C,Application_ds
CC(C)Oc1ccc(-c2nc(Br)ns2)cc1Cl.CC1CCCO1,Application_ds
c1ccc(CN2CCc3ccc(OCCCN4CCCCC4)cc3CC2)cc1.CC1CCCO1,Application_ds
Cc1cc(=O)c2ccc(OCCCN3CCC(NC(=O)c4ccccc4)CC3)cc2o1.CC1=CC=CC=C1,Application_ds
O=C1C=C(OC=2C1=C(OCCC(O)C=CC=3C=CC=CC3)C(OC)=C(OCCC=4C=CC=CC4)C2C5C#CC6NCCN(C=7NC(=CC7C8=CC=CC(=C8)C5)C9(C)CCCC9)C6)C=%10C=CC(O)=CC%10.CCO,Application_ds
O=C1C2=CC=C(C(O)=C2C(=O)C=3C=C4C(=O)CC(OC5OC(C)C(OC6OC(C(=O)C=C6)C)CC5)(C)CC4=C(O)C13)C7OC(C)C8OC9OC(C(=O)CC9OC8C7)C.CC1CCCO1,Application_ds
O=C(N[C@]1(c2ccc(OC(F)(F)F)c(F)c2)CCOc2cccnc21)c1cc(Br)c[nH]1.CO,Application_ds
C1CC1N2C=C(C(=O)C3=CC(=C(C=C32)N4CCNCC4)F)C(=O)O.N#CC,Application_ds
CCOC(=O)Cc1ccc(N)c(Cl)c1.CO,Application_ds
CC(C)(C)OC(=O)N1CCc2oc3cc(-n4ncc(OCc5ccc(F)cn5)cc4=O)ccc3c2C1.CC1=CC=CC=C1,Application_ds
OCC1OC(OCC(C)CCC2(O)OC3CC4C(CCC5C4CC(O)C6(C)C(OC7OC(CO)C(OC8CC(CO)C(O)C(OC9OC(CO)C(O)C(O)C9O)C8OC%10OC(CO)C(O)C(O)C%10O)C(O)C7O)CCCC56C)C3C2C)C(O)C(O)C1O.CCO,Application_ds
Oc1ccc(-c2nccs2)cc1.O,Application_ds
CCCCN1CC[C@H]2[C@@H](C1)c1cc(-c3ccc(Cl)cc3Cl)cc3c1N2CCC3.CO,Application_ds
CC(NC1CC1)c1cc(F)ccc1C1=CCCC1.O,Application_ds
CCOC(=O)C=Cc1cccc(NC(=O)c2csc(-c3ccccc3)n2)c1.CC1=CC=CC=C1,Application_ds
CCCC[N+](CCCC)(CCCC)Cc1ccc(CCl)cc1.CCO,Application_ds
CCCCCCn1nnnc1-c1ccccc1.CC1=CC=CC=C1,Application_ds
CO[C@@H]1[C@H](OCc2ccccc2)[C@H]2CO[C@H](O2)[C@@H]1OCc1ccccc1.O,Application_ds
N1=CSC=2C1=C(C=3N=C4C=CC=CC4=C5C=CN(C2C35)C)CCN(C)C.CC1CCCO1,Application_ds
O=C(O)C(N)CCCNC(=N)NN(O)O.O,Application_ds
COC(=O)c1ccc(-c2ccc(N)nc2)cc1.N#CC,Application_ds
CSc1nccc(Cl)n1.N#CC,Application_ds
OC1=CC=C(C=C1)C=CC=2C(=C(O)C=C3OC(C4=CC=C(O)C=C4)C(C=5C=C(O)C=C(O)C5)C32)C(C6=CC=C(O)C=C6)C(O)C=7C=C(O)C=C(O)C7C8OC(CO)C(O)C(O)C8O.CCO,Application_ds
O=C1C(OC=2C1=CC=C3OCN(CC4=NC=CC=C4)CC32)=CC=5C=CC=C(F)C5.CCO,Application_ds
N1=C(N=C(C=C1C=2OC=CC2)C3CN4CCC3CC4CNCC5=CC=C(C=C5)N(C)C)C.CO,Application_ds
O=C(Nc1ccccc1)C(F)(F)S(=O)(=O)F.O=CN(C)C,Application_ds
CCCCC[C@@H]1CC[C@@H](CCc2ccc(OC(=O)c3ccc(OCCCCC[C@@H](C)CC)cc3)cc2)CC1.CC(C)=O,Application_ds
COc1cc(Cl)ccc1C#CCCO.CO,Application_ds
O=C(OCc1ccccc1)N1CCc2cc(O)ccc2C1.N#CC,Application_ds
O=C1C(OC2=C1C(=CC(O)=C2CN3CCCC3)C)=CC4=CC(OC)=CC=C4OC.O,Application_ds
O=C1OC(C=C(C)C)C(O)C=CC(CC)CCC(=O)C=C2OC3=C(C=C2)C=C(O)C=C3NC(=O)CC=C1C.CCO,Application_ds
Nc1ncc(Br)c(N2CCN(Cc3ccncc3)CC2)c1[N+](=O)[O-].CC(C)=O,Application_ds
COC(=O)c1cc(F)cc2nc(-c3ccc(C)cc3)oc12.CCO,Application_ds
CCNCCN1CCCc2[nH]c(C=O)c(C)c2C1=O.CO,Application_ds
CN1CCN([C@@H]2CC[C@H](n3cc(I)c4c(Cl)ncnc43)CC2)CC1.CC1=CC=CC=C1,Application_ds
O=C(OC(CC(C(=C)CC)C)CC(C)CC(C(=O)C)C)C=C(C)CO.N#CC,Application_ds
O[C]1[CH][CH][C]2[CH][C]3[C]4[CH][C](OC)[C](OC)[C](O)[C]4CC[NH+]3[CH][C]2[C]1OC.CC(OCC)=O,Application_ds
Cn1nc(Br)c2cc(F)c(F)cc21.CC1=CC=CC=C1,Application_ds
Brc1ccc2c(c1)CNC2.N#CC,Application_ds
  COC(=O)c1ccc(Nc2c(Nc3ccc(C(=O)O)c(O)c3)c(=O)c2=O)cc1.CC1CCCO1,Application_ds
  CCN(CC)P(=O)(Nc1c(NC(=O)c2cc(F)c(F)c(F)c2F)c1=O)N(C)C=O.CC1CCCO1,Application_ds
COC(=O)CCc1cccc(CN)c1.CO,Application_ds
Cc1c(-c2ccc(C(F)(F)F)cc2)nn(C)c1C(C)(C)O[SiH2]C(C)(C)C.CC1CCCO1,Application_ds
COc1ccc(F)cc1C(C)(C)CC(O)(CNc1cc(C)cc2c1cnn2-c1cccc(C(=O)O)c1)C(F)(F)F.CCO,Application_ds
COP(=S)(OC)Oc1ccc(c(C)c1)[N+](=O)[O-].O,Application_ds
N[C@@H](CC1=CNC2=C1C=C(O)C=C2)C(O)=O.N#CC,Application_ds
O=c1[nH]c(-c2ccccc2C(F)(F)F)cc2ccc(Br)cc12.CC(OCC)=O,Application_ds
CCCCCCCC/C=C\CCCCCCCC(=O)OCCCN(CCCOC(=O)CCCCCCC/C=C\CCCCCCCC)C(=O)C[N+](C)(C)CCO.O=CN(C)C,Application_ds
C=C1c2c(C)c(N3CCN(c4ccc(OC)cc4)CC3)c(C)c(C)c2OC1(C)C.O=CN(C)C,Application_ds
COc1ccc(COc2nccnc2NS(=O)(=O)c2cccc(Cl)c2Cl)cn1.CC(C)=O,Application_ds
O=C(OC1C(C)CC2(O)C(OC(=O)C)C(C=CC(C(=O)C(O)C(OC(=O)C)C(=C)C(OC(=O)C)C12)(C)C)C)C=3C=CC=CC3.CC1CCCO1,Application_ds
Nc1ccc(/C=C/C(=O)OCc2ccccc2)cn1.CC(C)=O,Application_ds
CC(c1oc(=O)c2ccccc2c1-c1cccc(S(=O)(=O)N2CCOCC2)c1)n1cnc2c(N)ncnc21.CC(OCC)=O,Application_ds
S=C(N)NC=1N=C(C=CC1)C.CC(OCC)=O,Application_ds
  CC(C)CCNc1c(Nc2ccc(O)cc2)c1=O.CC1CCCO1,Application_ds
O=C1N(C)C(C(=O)N(C)C(C(=O)N(C)C(O)C(O)=NC(C(=O)N(C)C(C(=O)N(C)CC(=O)N2C(C(=O)N(C)C(C(O)=NC(C(=O)N(C)C(C(=O)N(C)C(C(=O)N(C)C1)C(C)C)C(C)C)C(C)CC)C(C)C)CC3(O)C=4C=CC=CC4NC23)C(C)CC)C(C)C)C(C)C(O)C)C(O)(C)C.CC1CCCO1,Application_ds
COc1c(I)cc(-n2ccc(=O)[nH]c2=O)cc1C(C)(C)C.CC1=CC=CC=C1,Application_ds
O=C(OCC1(O)COC(OCC2OC(OC3=CC(O)=C4C(=O)OC(C)CC4=C3)C(O)C(O)C2O)C1O)C5=CC=C(OC)C=C5.CC1CCCO1,Application_ds
O=C(NCCC1=CC=CC(=C1)CCNC(=O)C=2C=CC=CC2)C=3C=CC=CC3.N#CC,Application_ds
O=C(NC1=CC=C2N(C1=O)CC3CN(C(=O)NC4=CC=C(F)C=C4)CC2C3)C=5C=CC=CC5.CO,Application_ds
CC(C)(C)OC(=O)N1CCC(CN=[N+]=[N-])(C2CCCCC2)CC1.CCO,Application_ds
COc1cccc(C=C2SC(=S)NC2=O)c1C(=O)O.O=CN(C)C,Application_ds
O=C(OC)C1C2N(C)CC(CC)C1CC(C3=CC=4NC5=C(C4C=C3OC)CCN6CC7CC(CC)C6C5(C(=O)OC)C7)C=8NC=9C=CC=CC9C8C2.CO,Application_ds
CCOC(=O)COc1ccc(OCc2ccccc2)cc1OCc1ccccc1.CO,Application_ds
[O-]S(=O)(=O)C1=CC=CC=C1.[O-]S(=O)(=O)C1=CC=CC=C1.COC1=C(OC)C=C(C[C@@H]2C3=CC(OC)=C(OC)C=C3CC[N@+]2(C)CCC(=O)OCCCCCOC(=O)CC[N@@+]2(C)CCC3=CC(OC)=C(OC)C=C3[C@H]2CC2=CC(OC)=C(OC)C=C2)C=C1.CC1=CC=CC=C1,Application_ds
O=C(NCC1CC=2N=C(N)NC2C3C(=O)NC(=O)C31)C4=CC(Br)=C(Br)N4.CC1CCCO1,Application_ds
NCCN1C(=O)S/C(=C\c2ccc3c(cnn3Cc3ccc(Cl)cc3C(F)(F)F)c2)C1=O.CC1CCCO1,Application_ds
CCCCCCCCC#Cc1ccc(CNCc2ccc(OCC(=O)OC)cc2)cc1.CCO,Application_ds
Cc1ccc2ccc(C#N)cc2c1.CC(OCC)=O,Application_ds
CC1Cc2ccc(-c3ccc(C(=O)N4CCN(C)CC4)nc3)cc2CN1c1cc(N2CCN(C)CC2)nc(N)n1.CO,Application_ds
CS(=O)(=O)OC1=C(N)OC(c2ccc(Cl)cc2)C1=O.CO,Application_ds
CCOc1cc(C(=O)NC2CCN(CC)CC2)ccc1Nc1ncc2c(n1)N(C1CCCC1)CC(F)(F)C(=O)N2C.O,Application_ds
O=C1C=C(OC2=C(OC)C(OC)=C(OC)C(OC)=C12)C=3C=CC(O)=C(O)C3.N#CC,Application_ds
O=C(NCCC(=O)NC1=CC=C2OCCOC2=C1)N3CC=4NC=5C=CC=CC5C4CC3.CO,Application_ds
O=C(OC1=C2NC=3C=CC=CC3C24CCN5CC(=CC)C1CC54)C.CO,Application_ds
Cc1c(Cl)nnc(-c2ccccc2)c1C.N#CC,Application_ds
O=C(OC1C(O)C2(C)CCC(O)C34C(O)C5C(=O)C3(C)C16C(C)(C)C5C(OC(=O)C)C246)C.O=CN(C)C,Application_ds
CCCCCOC(CN)OCCCCC.N#CC,Application_ds
  CN(C(=O)OC(C)(C)C)c1nc2c(I)c(NS(=O)(=O)N[C@H](C(=O)N3CCC[C@@H]3c3ccccc3)C(C)(C)C)ccc2s1.CC(OCC)=O,Application_ds
COc1ccc(Oc2ccnc3cc(OCCCCl)c(OC)cc23)c(C(C)=O)c1.CCO,Application_ds
COc1ccc2c(C(=O)C(C)(C)C)nn(CC(=O)O)c2c1.CC(C)=O,Application_ds
N#CC1=C(N=C(C=C1C)C)SCC(=O)NCCN(C2=CC=CC(=C2)C)CC.N#CC,Application_ds
O=S(=O)(Oc1cc2c(cn1)[nH]c1ncc(F)cc12)C(F)(F)F.O,Application_ds
O=C1OCC23NC=4C=CC=CC4C(=O)N3C=5C=CC=CC5C12.O=CN(C)C,Application_ds
O=C(NC(C(=O)O)CCCCN)CCCCCCCCCCC.CC(OCC)=O,Application_ds
OC=1C=CC2=C(C1)C(CC=3C=CC=4NC=CC4C3)CC=5C2=C(OC(CO)CO)C=C6OC(C7=CC=C(O)C(OC)=C7)C(O)CC65.O=CN(C)C,Application_ds
O=C(O)C1=C2CC3CCC(C)C2(CC1COCC)C3(C)CNC(=N)NC.CCO,Application_ds
COC(=O)CNC(C)C.O=CN(C)C,Application_ds
Cn1ncnc1Cc1n[nH]c(=O)c2cc(F)cc(C/N=C\c3ccc(F)cc3)c12.CC1CCCO1,Application_ds
C[C@H]1CNS(=O)(=O)C1.N#CC,Application_ds
O=CC1=CC(O)C(O)C(O)C1O.O=CN(C)C,Application_ds
Cc1nc2cccc(Cl)c2nc1-c1cc(F)ccc1Cl.CC1=CC=CC=C1,Application_ds
Cc1ccc(F)cc1-c1ccc2cc(N)ncc2c1.CCO,Application_ds
O=CNC1=CC=2C=C(O)C(O)=CC2OC1=O.O=CN(C)C,Application_ds
CCCC(C)c1ccc(C(=O)O)cc1.CC1CCCO1,Application_ds
O=C(OCC(=CCO)C(=O)OC1CC(=CCCC(=CC2OC(=O)C(=C)C21)C)C)C(=CC)C.CCO,Application_ds
NC1CCN(c2nccnc2OCCOc2ccccc2Cl)C1.O=CN(C)C,Application_ds
O=C(C1=CC=CC2=C1C=CN2C)N3CC=4C=5C=C(Cl)C=CC5NC4CC3.O=CN(C)C,Application_ds
CCOC(=O)N1CCc2sc3cc[nH]c3c2CC1.O,Application_ds
CCOP(=O)(CCCCCl)OCC.CCO,Application_ds
O=C1Nc2ccc(F)cc2C1=NN=Cc1ccc(C(=O)O)cc1.O=CN(C)C,Application_ds
CCOC(=O)Cc1cccc(NC(=O)c2csc(Cl)n2)c1.CC1=CC=CC=C1,Application_ds
CC(C)(C)OC(=O)NC(CN=[N+]=[N-])CNC(=O)OCc1ccccc1.O,Application_ds
CCC(=O)c1ccc(C(C)C)cc1.CO,Application_ds
O=C1C=2C=CC=CC2C(=O)C3=C(N)C(C=NNC4=CC=C(C=C4[NH+]([O-])O)[NH+]([O-])O)=CC=C13.N#CC,Application_ds
Brc1cc2ccccc2o1.CC1=CC=CC=C1,Application_ds
CN(C)Cc1cccc(Nc2nccc(-c3c(-c4ccc(F)c(NC(=O)Cc5cccs5)c4)nn4ccccc34)n2)c1.CC(OCC)=O,Application_ds
O=C(OC1OC(CO)C(O)C(O)C1OC2OC(C)C(O)C(O)C2O)C34CCC(C)(C)CC4C5=CCC6C7(C)CC(O)C(OC8OC(CO)C(O)C(O)C8O)C(C)(C)C7CCC6(C)C5(C)CC3.CC1CCCO1,Application_ds
O=C(O)c1ccc(OCC2CC2)cc1.CC1=CC=CC=C1,Application_ds
CCc1cc(C(F)(C(F)(F)F)C(F)(F)F)cc(C)c1N.O,Application_ds
O=C(C=1C=CC=C(F)C1)N2CCN3C(=O)C(NC(=O)C3C2)CC4=CC=C(F)C=C4.CC(C)=O,Application_ds
CCOP(=O)(CC#N)OCC.O=CN(C)C,Application_ds
  CC(C)(C)[C@H](NS(=O)(=O)Nc1cccs1)C(=O)NCc1ccccc1.CC1=CC=CC=C1,Application_ds
O=C1Nc2cccc(CCO)c2C1=Cc1ccc2[nH]ccc2c1.CO,Application_ds
NS(=O)(=O)c1ccc(Br)s1.CC1CCCO1,Application_ds
Nc1cc(Cl)c([N+](=O)[O-])cc1OCc1ccccc1.CC1CCCO1,Application_ds
CCOC(=O)[C@@H]1CC[C@@H](Oc2cccc(F)c2)CC1.O,Application_ds
N#Cc1ncccc1C(=O)c1cccc(OCCC(F)F)c1.CCO,Application_ds
O=C(OCC(OC(=O)CCCCCCCCCCCCCCCCC)COP(=O)(O)OC1C(OC2OC(CO)C(O)C(O)C2O)C(O)C(O)C(O)C1OC3OC(CO)C(O)C(O)C3O)CCCCCCCCC(C)CCCCCCCC.N#CC,Application_ds
CC(C)(C)NC(=O)c1ccc(C(=O)Nc2ccc(Cl)c(-c3ccccn3)c2)cc1.N#CC,Application_ds
CC1Cc2cccc(S(N)(=O)=O)c2OS1(=O)=O.CO,Application_ds
C=CCC1(C(C)C)CCN(C(C)c2ccc(Br)cc2)C(=O)O1.CC(C)=O,Application_ds
  CCCCc1cc(=O)[nH]c2nc(Nc3c(NC(c4ccc5ccccc5c4)c4ccc5ccccc5c4)c3=O)ccc12.CC1CCCO1,Application_ds
COc1ccc(Cn2c(=O)c(-c3cccs3)c(OCC3CCOCC3)c3cc(Br)ccc32)cc1.O,Application_ds
CC(C)(C)OC(=O)N1CCC(CCc2cccc(C(=O)O)c2)CC1.CCO,Application_ds
O=C(N)C=1C(=O)C2(O)C(=O)C=3C(O)=C4C(O)=CC=CC4=C(C3CC2C(N)C1O)C.CO,Application_ds
O=CC1=CCC(C=CCC2(OC2CC1)C)(C)CCC(O)C(=C)C.O=CN(C)C,Application_ds
O=C(Nc1ccc(OC(F)(F)Cl)cc1)c1cnc(Cl)c(-c2ccn[nH]2)c1.CC1=CC=CC=C1,Application_ds
O=C(OCc1ccccc1)N1CCc2nnc(Cl)cc2C1.O,Application_ds
O.O=[Si]=O.O=[Al]O[Al]=O.CO,Application_ds
O=C(C=CC1=CC(OC)=C(O)C=C1CC2=CNC(N)C=C2CCC=3C=CC=C(C3)CCC=4C=CC=CC4)CC(=O)CCCC(CCC5(O)CCCC5)CC6C7NCC=CC7CC8CNCCC86.CC(C)=O,Application_ds
S1C(SC(NC1C)C(C)C)C.O,Application_ds
CC(C)(C)OC(=O)N[C@@H](CC1CCCCC1)CN1C(=O)c2ccccc2C1=O.O,Application_ds
N=1C(=NC(=NC1NC(C)(C)C)N2CCCCC2)NC(C)(C)C.CC(OCC)=O,Application_ds
O=C(O)C(N=C(O)C(N=C(O)C(N1C(O)=NC=2C=CC=CC2C1=O)CC3=CNC=4C=CC=CC43)C(C)C)C(O)C.CC(OCC)=O,Application_ds
O=C1OC2(C(=O)C=3C=CC=CC3C2=O)C(C(=O)C4=CC=C(OC)C=C4)=C1O.CC1=CC=CC=C1,Application_ds
O=C(c1cnc(-n2ccnc2)nc1)N(C1CC1)C1CCN(c2nc(-c3ccccc3)no2)CC1.CC(OCC)=O,Application_ds
OC=1C(OC)=CC(=C(OC2OC(CO)C(O)C(O)C2O)C1OC)C=3C=CC=CC3OC.O=CN(C)C,Application_ds
Cc1ccccc1-c1ccc(C(=O)O)cc1C.CC1=CC=CC=C1,Application_ds
CC(C)OC(C(=O)Nc1ccc2[nH]nc(I)c2c1)c1ccccc1.CC(C)=O,Application_ds
O=C(OC)C(NC(=O)COC1=CC=C2C(=O)C(OC=3C=CC=CC3)=C(OC2=C1)C)CC(C)C.N#CC,Application_ds
Cc1c(-c2cccnc2)[nH]c2ccc(Cl)cc12.O=CN(C)C,Application_ds
O=C1C=2C=CC=CC2C=C3C=CC=4C=CC=CC4N31.CC(C)=O,Application_ds
O=CC(=CC)C(CC=O)CC(=O)OCC(CO)C1CC(OC(=O)CC(C(C=O)=CC)CC=O)C(C)C1CO.CO,Application_ds
"CC1(C(C1C(=O)OC(C#N)C2=CC(=CC=C2)OC3=CC=CC=C3)C=C(C(F)(F)F)Cl)C
CC1(C(C1C(=O)OC(C#N)C2=CC(=CC=C2)OC3=CC=CC=C3)C=C(C(F)(F)F)Cl)C
CC1(C(C1C(=O)OC(C#N)C2=CC(=CC=C2)OC3=CC=CC=C3)C=C(C(F)(F)F)Cl)C
CC1(C(C1C(=O)OC(C#N)C2=CC(=CC=C2)OC3=CC=CC=C3)C=C(C(F)(F)F)Cl)C
CC1(C(C1C(=O)OC(C#N)C2=CC(=CC=C2)OC3=CC=CC=C3)C=C(C(F)(F)F)Cl)C
CC1(C(C1C(=O)OC(C#N)C2=CC(=CC=C2)OC3=CC=CC=C3)C=C(C(F)(F)F)Cl)C.CC1=CC=CC=C1",Application_ds
OC1C(O)C(OCC2OC(OCCC(=CCCC(O)(C)C)C)C(O)C(O)C2O)OC(C)C1O.CO,Application_ds
O=C1C=C(OC2=CC(OC3OC(COC4OC(C)C(O)C(O)C4O)C(O)C(O)C3OC5OC(CO)C(O)C(O)C5OC6OC(CO)C(O)C(O)C6O)=CC(O)=C12)C=7C=CC(OC)=C(O)C7.O=CN(C)C,Application_ds
O=C(N)C(NC(=O)C1NC(=O)C(NC(=O)C(NC(=O)C(NC(=O)C2NC(=O)C(NC(=O)CNC(=O)C(NC(=O)C(NC(=O)C(NC(=O)C(NC(=O)C(NC(=O)C(NC(=O)C(NC(=O)C(NC(=O)C(NC(=O)C(N)CCCNC(=N)N)CCCNC(=N)N)CC3=CNC=4C=CC=CC43)CSSC1)CC5=CC=C(O)C=C5)CCCNC(=N)N)CCCCN)CSSC2)CC6=CC=C(O)C=C6)CCCCN)CC7=CC=C(O)C=C7)CC8=CC=C(O)C=C8)CCCNC(=N)N)CCCCN)CCCNC(=N)N.O,Application_ds
CSc1ccc(C(=O)Nc2ccc3ccc(Cl)nc3n2)s1.O=CN(C)C,Application_ds
COC1=C(OC)C(=O)C(Cc2ccc(CC(=O)O)cc2)=C(C)C1=O.CC1=CC=CC=C1,Application_ds
Nc1cccc(Cl)c1.N#CC,Application_ds
O=Cc1ccc(OCCBr)cc1.CC1=CC=CC=C1,Application_ds
O=C(O)c1ccc(C(F)(F)F)cc1Cl.O,Application_ds
COC(C)(C)C1CCN(Cc2nc3c(N4CCOCC4)nc(Cl)nc3n2C)CC1.N#CC,Application_ds
CCOC(=O)c1ccc(-c2cc3c(Cl)ncn(Cc4ccc(OC)cc4)c-3n2)cc1.CO,Application_ds
COCCNCc1ccccc1.CC(C)=O,Application_ds
Cc1cc(COc2ccc(C(=O)NCC3(C4CCN(Cc5cccnc5)CC4)C(=O)NC(=O)NC3=O)cc2)c2ccccc2n1.CC1=CC=CC=C1,Application_ds
O=C(CNC(=O)c1cccc(C(F)(F)F)c1)NC1CNC1.O,Application_ds
O=C(O)CC1(CO)COC2(C1)C(C)CCC3C(C)(CO)C(O)CCC32C.CC1=CC=CC=C1,Application_ds
O=C(OCC12C(OC(=O)C)CC(C)C(C)(C3OC(=O)C(CCO)C3)C2CC(O)C(OC(=O)C(O)(C)C(OC(=O)C)C)C41OC4)C.O=CN(C)C,Application_ds
O=C1C=2C(O)=CC(OC)=CC2CC(C=3C=CC=CC3)C1.CCO,Application_ds
O=S(=O)(O)NC(O)(O)CC1N(O)C(=N)N2N=CC(O)(O)C23CC(=NC13)N.CC1CCCO1,Application_ds
O=CC1(C)C(OC(=O)C)C(OC(=O)C=2C=CC=CC2)C(OC(=O)C)C34C5N(C)C(C(OC(=O)C)C67C(OC(=O)C)C(=C)C(C(OC(=O)C=8C=CC=CC8)C56)C(OC(=O)C)C73)C14.CC(C)=O,Application_ds
O=C1OC=2C=C(OCC(=O)NCC(O)C=3C=CC=CC3)C=CC2C(=C1)C.CC(OCC)=O,Application_ds
N#Cc1cnc(Cl)nc1N.CC1=CC=CC=C1,Application_ds
O=C1C=2C=CC=CC2OC=3C=C(OC(C(=O)C)C)C=C(O)C13.CCO,Application_ds
CCOC(=O)CCc1cn(Cc2ccc(C(=O)O)cc2)nc1-c1ccccc1.CCO,Application_ds
OC1N=C(C2=CC=CC=C2Cl)C2=C(NC1=O)C=CC(Cl)=C2.O=CN(C)C,Application_ds
CCOC(=O)C=C(C)C=CCC(C)CCCC(C)(C)O.O=CN(C)C,Application_ds
Clc1cc(N2CCOCC2)nc(-n2cnc3ccccc32)n1.CC(C)=O,Application_ds
O=C1C=C(OC2=CC(O)=CC(=C12)CC(=O)OCC)C.N#CC,Application_ds
COCCOCCOCCNC(=O)c1ccc2c(c1)C(CO)c1cc(C(=O)NCCNC(=O)OC(C)(C)C)ccc1-2.CO,Application_ds
O=C1C=C(OC2=C(OC3OC(CO)C(O)C(O)C3O)C(OC)=CC(O)=C12)C=4C=CC(O)=C(O)C4.CC1=CC=CC=C1,Application_ds
CS(=O)(=O)c1ccc(Br)nc1.CC(OCC)=O,Application_ds
Cc1noc(-c2ccc(Br)cc2)c1C(O)c1cn(Cc2cccc(C(F)(F)F)c2)nn1.O,Application_ds
CCc1nc2c(cnn2CC)c(NC2CCOCC2)c1CNC(=O)c1cc(C)cc(C(=O)NCc2ccc(F)c(Br)c2)c1.CO,Application_ds
OC1c2ccccc2-c2ccccc21.CC1=CC=CC=C1,Application_ds
O=C1C2=C(N=CN1CCOC)C3=CC(OC)=CC=C3N2C.CO,Application_ds
CCCCCCCCCCc1cnc(-c2ccc(-c3ccc4c(c3)CC(CCCCCCCC)C4)cc2F)nc1.CC(OCC)=O,Application_ds
O=C(Nc1ccc(C(=O)N2Cc3ccccc3Oc3ncccc32)cn1)c1ccccc1-c1ccccc1.CCO,Application_ds
CCOC(=O)C(Cc1ccc(OCCc2ccc(O)cc2)cc1)OCC.CO,Application_ds
CCOC(=O)CCN(C)C(=O)OCc1ccccc1.O=CN(C)C,Application_ds
OCCNCCCOCc1ccccc1.CC(OCC)=O,Application_ds
O=C1Cc2cc(S(=O)(=O)Cc3ccc(F)cc3)ccc2N1.CO,Application_ds
COc1cc(C(=O)O)ccn1.CC(OCC)=O,Application_ds
CCNCCNCC.CC1CCCO1,Application_ds
COc1ccccc1C1(CN[C@@H](C)C(=O)N(C)C)C(=O)N(S(=O)(=O)c2ccc(OC(F)(F)F)cc2)c2ccc(C#N)cc21.O=CN(C)C,Application_ds
Cc1ccc(Cl)c(Nc2cc(Cl)ncn2)c1.CO,Application_ds
CN1C(=O)C(C)(C)[C@@](C)(c2cc(NC3CCc4c(C(=O)O)cccc43)ccc2F)N=C1N.CC1=CC=CC=C1,Application_ds
O=C(NC1=CC=C(OCC)C=C1)C2=CC=C3OCOC3=C2.O=CN(C)C,Application_ds
Nc1cc(Cl)c(Cl)c(Cl)c1.CC(OCC)=O,Application_ds
O=C1C=CC(=O)C=2C(OC3OC(CO)C(O)C(O)C3O)=CC=CC12.CC1CCCO1,Application_ds
O=C(NC)C1=C(N=CN1C)N(C)CN(C=2N=CN(C2C(=O)NC)C)C.O,Application_ds
Cc1c[nH]c2c(Br)cc(F)cc12.CC1CCCO1,Application_ds
O=C(O)CN1C(=O)C2N(C(=O)NC3=CC=C(F)C=C3)CC(OC=4C=CC=CC41)C2.CC1CCCO1,Application_ds
N#Cc1cccc(C=O)c1.CC1=CC=CC=C1,Application_ds
Cc1cc(-c2ccc(Cl)cc2)cc(I)n1.CC1CCCO1,Application_ds
Cc1onc(-c2ccc(F)cn2)c1/C=C/c1ncc(C(=O)O)s1.O,Application_ds
CC(=O)O[C@H]1C[C@@H](c2ccccc2)CN(C)C1.CC1CCCO1,Application_ds
CC(C)(C)[Mg+].CCO,Application_ds
CCc1cccc(CC)c1N=C=O.CCO,Application_ds
S=C1C=C(OC(=C1)C)C.CO,Application_ds
O=C1OC=2C=C(OC(=O)CCCNC(=O)OCC=3C=CC=CC3)C=CC2C(=C1)C=4C=CC=CC4.CC(C)=O,Application_ds
COC(=O)c1ccc(-c2cnc(N)c(C(=O)Nc3ccncc3)c2)cc1F.N#CC,Application_ds
Clc1ncc(Cl)c(NC2CC2)n1.CC1=CC=CC=C1,Application_ds
CC(C)(C)OC(=O)C1(S(=O)(=O)c2ccc(-c3ccc(Br)cc3)cc2)CCOCC1.CC1=CC=CC=C1,Application_ds
N=1OC(=NC1C=2C=CN=C(OCCOC)C2)C3N(CC4=CC=C(C=C4)C)CCC3.CC1=CC=CC=C1,Application_ds
O=C1NC(C(=O)NC(C(=O)N2CCCC2C(=O)NC(C(=O)N3CCCC3C(=O)NC(C(=O)NC1CO)C(C)CC)CC4=CC=5C=CC=CC5N4)C(C)C)CC=6C=CC=CC6.CC1CCCO1,Application_ds
c1ccc(-n2c3ccccc3c3cc(-c4ccc5[nH]c6ccccc6c5c4)ccc32)cc1.N#CC,Application_ds
CS(=O)C1(c2c(C#N)nn(-c3c(Cl)cc(C(F)(F)F)cc3Cl)c2N)CC1(F)F.CC1CCCO1,Application_ds
COc1cc(-c2ccc(S(=O)(=O)Nc3cccc(C)n3)cc2)ccc1C#N.O,Application_ds
CCCCCC(=O)c1c(CBr)nc2cc(OC)c(OC)cc2c1-c1ccc(OC)c(OC)c1.CC1=CC=CC=C1,Application_ds
CC(C)(C)SCc1cc(NC(=O)C(C)(C)C)ccc1CBr.N#CC,Application_ds
O=C1C=C2C3CCC4(C5CCCCC5)C(CCC24OCC#CC(C=6C=CC=CC6)COC7CCC3(C)C1C7)C(O)(C)C(O)C8OC(CO)C(C)C8C.CC(C)=O,Application_ds
  CCOC(=O)c1ccccc1/N=N/c1ccccc1NS(=O)(=O)Nc1cccc2c(OCC(C)C)cc(C(=O)NCc3ccccc3)nc12.O=CN(C)C,Application_ds
O=C1N2C(C3=CC=CC(=C3)[NH+]([O-])O)C=4NC=5C=CC=CC5C4CC2C(=O)N(C1)CCC.CC(OCC)=O,Application_ds
COc1cc2ccnc(CSc3nc4ccccc4[nH]3)c2cc1OCC(F)(F)F.O=CN(C)C,Application_ds
O=C1OC=2C=C(OC(=O)C3CC3)C=CC2C(=C1)C4=CC=5C=CC=C(OCC)C5OC4=O.CC(OCC)=O,Application_ds
[O-]S(=O)(=O)[O-].[Pb+2].O=CN(C)C,Application_ds
Nc1nc2c(nnn2[C@H]2C[C@H](O)[C@@H](CO)O2)c(=O)[nH]1.N#CC,Application_ds
Cc1ncc([N+](=O)[O-])[nH]1.CCO,Application_ds
O=C1N2CCCC2C(O)=NC(C(O)=NC(C(O)=NC(CC(O)=NC(C(O)=NC(C(O)=NC(C(O)=NC1CCC(=N)O)CC(=N)O)CC3=CC=C(O)C=C3)CC(=N)O)CCCCCCCCCCC(C)C)CC(=N)O)CO.O,Application_ds
c1ccc2[nH]c(SCc3cnc4ccccn34)nc2c1.CC1CCCO1,Application_ds
COc1ccc([C@@H]2Sc3c(cccc3OCc3ccccc3)NC(=O)[C@@H]2O)cc1.CC1=CC=CC=C1,Application_ds
NC1=N[C@@]2(CCO1)c1cc(NC(=O)c3ccc(Cl)cn3)ccc1Oc1ncc(Br)cc12.CC(OCC)=O,Application_ds
COCCCOc1ccccc1-n1c(Cl)c(C(=O)O)c2ccccc21.CC1=CC=CC=C1,Application_ds
ClC(Cl)=CCOc1ccc(Sc2ccc(Cl)cc2)cc1Br.CCO,Application_ds
CC(C)(C)OC(=O)Cc1nc(N2CCN3CCC[C@@H]3C2)nc2cccc(F)c12.O=CN(C)C,Application_ds
O=C(C=C(C)C)CC(C)C1CCC2C3=C(CCC21C)C4(C)CCC(O)C(C)(C)C4CC3.CC(OCC)=O,Application_ds
Cc1cc(C#Cc2cn(CC3CC3)c(C)n2)ccn1.CC(C)=O,Application_ds
COC(=O)CSC(C)c1ccc(-c2ccccc2Cl)cc1.CC(C)=O,Application_ds
CC(=O)N(C)CC(C)(C)c1cc(NC(=O)OC(C)(C)C)on1.N#CC,Application_ds
CCCCCCCCCCCCCCN(CCCCCCCCCCCCCC)C(=O)CCCOC1OCC(CNC(=O)CN(CCCN(CCCNC(=O)C(F)(F)F)CCCNC(=O)C(F)(F)F)C(=O)C(F)(F)F)O1.CCO,Application_ds
COc1cc(B(O)O)ccc1C#N.CC1CCCO1,Application_ds
O=C(OC)C1=C2CCC3(O)C(=O)OC(C4=COC=C4)CC3(C)C2CCC1OC5OC(CO)C(O)C(O)C5O.CC1CCCO1,Application_ds
Cc1n[nH]c2cc(Br)ccc12.O=CN(C)C,Application_ds
O=C1C2=CC=C3OC(CC3=C2OC4COC5=CC(OC)=C(OC)C=C5C14O)C(O)(C)C.CC(C)=O,Application_ds
COc1ccc2cnc(Nc3cc(CN4CCCC4)ccn3)cc2c1.N#CC,Application_ds
O=C(OC1CC2=C(O)C=C(O)C(=C2OC1C3=CC=C(O)C(O)=C3)C4C=5C(O)=CC(O)=CC5OC(C6=CC=C(O)C(O)=C6)C4OC(=O)C7=CC(O)=C(O)C(=O)C7)C8=CC(O)=C(O)C(O)=C8.CO,Application_ds
CCOC(=O)N(Cc1ccc(C)nc1)c1cc(Cl)nc(N)c1[N+](=O)[O-].CC(C)=O,Application_ds
O=C(O)C(=C)C1CCC2(C)CCCC(=C)C2(OC3OC(CO)C(O)C(O)C3O)C1.CO,Application_ds
CC(C)(C)OC(=O)N1CCC(c2ccc(N3CCCC3)cc2)CC1.CC(C)=O,Application_ds
  COc1ccc(P(=NC[C@@H](Nc2c(NC(=O)CCc3ccccc3)c(=S)c2=S)c2ccccc2)(c2ccc(OC)cc2)c2ccc(OC)cc2)cc1.CC(OCC)=O,Application_ds
CC1(C)OB(c2ccc(O)cc2)OC1(C)C.CO,Application_ds
NC(=O)CCC(=O)c1ccccc1.N#CC,Application_ds
O=C1C(SC(=S)N1CC)=CC2=CC=C(OC3OC(CO)C(O)C(O)C3O)C(OC)=C2.CO,Application_ds
O=C(O)c1ccccc1Cl.CC1=CC=CC=C1,Application_ds
CCOC(=O)/C=C/c1ccc(OCOC)cc1OCc1ccccc1.CC(OCC)=O,Application_ds
COCCN(CCOC)C(=O)c1cc(-c2ccc(-c3ccccc3)cc2)c(=O)n2ccc3ccsc3c12.CC(OCC)=O,Application_ds
O=[N+]([O-])c1ccc(Cc2nccs2)cc1.CO,Application_ds
CCS(=O)(=O)c1ccc(Cl)cc1CNC(=O)c1cc(Cl)c(CN2CCOC3(C2)CN(C(c2ccccc2)c2ccccc2)C3)c(C(F)(F)F)c1.CC(C)=O,Application_ds
CCCCCCCCCCCCCCCCCCNC(=O)Oc1ccccc1CCC(=O)NCCCN(C)C.CCO,Application_ds
c1ccc(C(NC2(COCc3ccc(-c4nc5ccccc5o4)cc3)CCCC2)(c2ccccc2)c2ccccc2)cc1.O,Application_ds
O=C(C1=CC=CC=2C=CC=CC21)C3C(=O)C4(C)CCC3C4(C)C.CO,Application_ds
O=C(O)C=1C(=NOC1C(NC(=O)CC=2C=CC=CC2)C)C.CC(OCC)=O,Application_ds
O=C(NCCC=1C=CC=CC1)CCCCCCC(=O)CCCCCCC.CC(OCC)=O,Application_ds
OCC1OC(OC2CCC34CC54CCC6(C)C(C(O)CC6(C)C5CC(OC7OCC(O)C(O)C7O)C3C2(C)C)C8(OCC(C8)C(O)(C)C)C)C(O)C(O)C1O.CC1CCCO1,Application_ds
O=C(Cl)c1cccc(CBr)c1.CC1CCCO1,Application_ds
O=C(O)C12CCC(C)C(C)C2C3(O)C=CC4C(C)(CCC5C(C)(C)C(O)C(O)CC45C)C3CC1.CC1=CC=CC=C1,Application_ds
O=C1C=2C=CC=CC2N3C(=O)C4=C(OC)C(OC)=CC=C4C3N1CC(=O)NCCC(C)C.N#CC,Application_ds
O=C(N1CCCC2C1CC(C)CC2CC3=NC=4C=C5CC(C)CC6N(C)CC(C4C=C3)CC56)C.CC(C)=O,Application_ds
CCOC(=O)N1CCCC(=O)CC1.N#CC,Application_ds
OCC1Cc2nccnc2C1.CC1CCCO1,Application_ds
O=C(O)C(C)C1OOC(C)(CC=CC(=O)C)CC1.CCO,Application_ds
NC(=O)c1cc(Br)ccc1Nc1nc(Cl)ncc1Cl.O,Application_ds
  Cc1cc(=O)[nH]c(Nc2c(Nc3ccc4cccnc4c3O)c(=O)c2=O)n1.CC(OCC)=O,Application_ds
Brc1ccc2c(ccn2-c2ccccn2)c1.CO,Application_ds
O=C(OC1C(OC(=O)C)C2(C3=CCC(C4COC(O)C4)C3(C)CCC2C5(C=CC(=O)C(C)(C)C15)C)C)C.O=CN(C)C,Application_ds
CC(C)(C)c1ccc(CN2CCN(c3ccc4nnc(C(F)(F)F)n4n3)CC2)cc1.CC1=CC=CC=C1,Application_ds
C=CCN1CCN(c2ccc([N+](=O)[O-])nc2)CC1.O=CN(C)C,Application_ds
O=C(NCC=1C=NC=CC1)C2CC(O)C(O)C3N=C(SC32)NC=4C=C(C=C(C4)C)C.CC(OCC)=O,Application_ds
CCc1nc2ccccc2[nH]1.CC1=CC=CC=C1,Application_ds
O=C1C2=C(C(=C(C=C2C(O)C1(O)C)CO)CCOC3OC(CO)C(O)C(O)C3O)C.N#CC,Application_ds
CC(C)(C)c1nc(N2CCC(F)(F)C2)c2nnn(C(=O)c3ccccc3Cl)c2n1.CC1=CC=CC=C1,Application_ds
N#Cc1ccc2ccc3cccnc3c2n1.CC1CCCO1,Application_ds
N#CCC(=O)c1ccc(F)cc1.O,Application_ds
C#Cc1ccc2cc(OC)ccc2c1.CO,Application_ds
O=C1OC=2C=C(OCC(=O)NC(C(=O)O)CCCC)C=CC2C3=C1CCC3.CO,Application_ds
CCC(=O)OCn1ccnc1C(C)c1cccc(C)c1C.CCO,Application_ds
COC(=O)c1ccc2c(N=CC(O)(CC(C)(C)c3cc(F)ccc3OC)C(F)(F)F)cccc2n1.O=CN(C)C,Application_ds
O=C(NC(COP(=O)(O)OC1C(O)C(O)C(O)C(O)C1O)C(O)C(O)CCCCCCCCCCCCCC)C(O)C(O)CCCCCCCCCCCCCCCCCCCCCCC.O,Application_ds
CCOC(=O)C(C#N)=C(C)c1ccccc1.O,Application_ds
Cc1ccc(C)n1CCO.CC(C)=O,Application_ds
CC(C)(C)OC(=O)NCc1cc(F)c(Oc2cc(Oc3ccc(C#N)cc3)cc(C(=O)O)c2)c(F)c1.O,Application_ds
  O=c1c(Nc2nc(-c3ccc(Cl)c(Cl)c3Cl)c(-n3cncn3)s2)c1NC1(C2CC2)CC1.CC(C)=O,Application_ds
CC(C)c1cc(Nc2cc(NC(=O)c3c(Cl)cccc3Cl)ccn2)nc(Cl)n1.O,Application_ds
COCCN(C(C)(C)C)S(=O)(=O)c1ccc(I)cc1.CC1=CC=CC=C1,Application_ds
CS(=O)(=O)c1ccccc1I.O=CN(C)C,Application_ds
CN(C)c1cccc(N)c1.CO,Application_ds
O=C(NCC=C)NC1CN(C(=O)CSC)C(C(=O)NC(C(=O)N)CC=2SC=CC2)C1.CC(C)=O,Application_ds
O=C(O)c1ccc(-c2ncccc2Cl)cc1.CC1CCCO1,Application_ds
O=C(O)CCCCC(N)CCCCC(=O)O.O,Application_ds
C=CC(=O)Nc1cccc(-c2nc(Cl)ncc2Cl)c1.O,Application_ds
O=C1OC=2C(OC3=C(Cl)C(O)=C(Cl)C(=C13)CCC)=CC(O)=CC2CCC.CC1=CC=CC=C1,Application_ds
NNC(=O)COc1ccc2c(c1)CCC(=O)N2.CC1=CC=CC=C1,Application_ds
COC(=O)Cc1ccc(Oc2ccc(CN3CCC(N4C(=O)N(C5CCCC5)C[C@H]4CC(C)C)CC3)c(C)n2)cc1.CC(OCC)=O,Application_ds
COC(=O)c1sc(-c2ccc(Cl)cc2)cc1Br.CC1CCCO1,Application_ds
O=C(OC1CCC2(C)C3CCC4(C(=CCC4C5COC(O)(C(O)C5)C(O)(C)C)C3(C)C(OC(=O)C)CC2C1(C)C)C)C.O,Application_ds
O=C(OC)CCCCCCCCCC(O)C(O)CCCCCCCC.CC1CCCO1,Application_ds
OCC1OC(OC2C(O)C(O)C(OC2OC3C(O)C(OC4OC(C)C(O)C(O)C4O)C(OC5CC6=CCC7C(CCC8(C)C7CC9OC%10(OCC(CO)CC%10)C(C)C98O)C6(C)CC5)OC3CO)CO)C(O)C(O)C1O.CC(OCC)=O,Application_ds
O=C1C(=O)C(=C(O)C=2C1=CC(O)=CC2C)C.CC1=CC=CC=C1,Application_ds
O=C([O-])C1=C(c2ccccc2)c2ccc(O)cc2C1=O.O,Application_ds
CCCN1CCC(c2cc(OC)c(Nc3nccc(-c4c(-c5cccc(C(=O)Nc6c(F)cccc6F)c5)nc5ccccn45)n3)cc2C)CC1.CC(OCC)=O,Application_ds
C=C[C@H](O)C#CC#C[C@@H](CCCCCCCCC)NC(C)=O.CC(C)=O,Application_ds
C[Si](C)(C)CCOCn1c(O[C@@H]2CO[C@@H]3[C@H](O)CO[C@H]23)nc2cc(Cl)c(-c3ccc(N4Cc5ccc(N=S(C)(C)=O)nc5C4)cc3)nc21.CC1=CC=CC=C1,Application_ds
N#Cc1cc(C=O)ccc1Oc1cc(F)cc(F)c1.CC1=CC=CC=C1,Application_ds
Oc1cc(C(F)(F)F)c2ccccc2n1.CC1CCCO1,Application_ds
COC(=O)C(N)Cc1c[nH]c2c(Br)cccc12.CO,Application_ds
Cc1ccc(-c2oncc2C(=O)N2CCC(c3ccccc3)CC2)cc1.CO,Application_ds
CN(C)C1=NC(Cl)=NC(N)N1OC(F)F.O=CN(C)C,Application_ds
CCN(C(C)C(C)C)C(=O)SCC1=CC=CC=C1.CC(C)=O,Application_ds
O=CC(O)C(O)C(O)C(O)C(=O)OP(=O)(O)OP(=O)(O)OCC1OC(N2C=NC=3C(=O)NC(=NC32)N)C(O)C1O.O=CN(C)C,Application_ds
ClC=1C=C(Cl)C=C(C1)C=2C=C(Cl)C=C(Cl)C2Cl.CC(OCC)=O,Application_ds
O=C(O)C1OC(OC=2C(O)=C(O)C=C3OC(=CC(=O)C32)C=4C=CC(O)=CC4)C(O)C(O)C1O.O=CN(C)C,Application_ds
OC=1C=CC=2C=CC=CC2C1C=NC(C)(C)C.N#CC,Application_ds
CC(N)C12CC3CC(CC(C3)C1)C2.CCO,Application_ds
NNC(=O)c1ccc(NC(=O)CCCCc2ccccc2)cc1.CO,Application_ds
O=C(OCC=CCCC)CCCC.CC(OCC)=O,Application_ds
CCCC(=O)c1cccnc1.N#CC,Application_ds
O=C1OC2CC3(OC(CC(O)CC)C(C)CC3)OC(CC4OC(O)C(C)CC4C=CCCCC(O)(C)C(O)CC(O)C(C)C(O)C(C=C1)C)C2C.CCO,Application_ds
O=C(CCC1=CC=C(O)C(OC)=C1)CC(O)CC2(C3=CC=C(O)C(O)=C3)CCCCC2.O,Application_ds
COc1cc(C2NC(=O)c3ccccc3N2)ccc1OCCCCCOc1cc(-c2cc(-c3cc(OC)c(OC)c(OC)c3)on2)ccc1OC.O=CN(C)C,Application_ds
ClC=1C(OC)=C(Cl)C(=C(Cl)C1OC2OC(COC3OCC(O)C(O)C3O)C(O)C(O)C2O)C.CCO,Application_ds
C=C[C@H](O)C#CBr.CC1=CC=CC=C1,Application_ds
N#Cc1cccnc1-c1cccc(Cl)n1.CC(C)=O,Application_ds
CC1=CC(=C(C=C1Cl)N=NC2=C(C(=CC3=CC=CC=C32)C(=O)O)O)S(=O)(=O)O.[Ca].O=CN(C)C,Application_ds
CCCCCCCCOc1cccc(Br)c1.CC1=CC=CC=C1,Application_ds
CC(=O)OCCCc1cc2c3c(nc4ccc(Cl)cc4c3c1)-c1ccccc1N2C.CC(C)=O,Application_ds
CC1(C)CCCC(C)(C)N1CCOc1ccc(I)cc1.CO,Application_ds
CC1COCCN1c1nc(C(C)(C)C)nc2c1nnn2Cc1ccccc1Cl.CCO,Application_ds
O=C(OCC(O)(C=CC(OC(=O)C)C(=C)C1CC(O)C2(C)C3CCC(C)C3C12)C)C.CO,Application_ds
COCCOCCOS(=O)(=O)c1ccc(C)cc1.O,Application_ds
BrCc1ccc(CBr)cc1.CCO,Application_ds
O=C(OCCC1=CC=C(O)C=C1)C2=COC(OC3OC(CO)C(O)C(O)C3O)C4C(OC(=O)CC24)C.CC(OCC)=O,Application_ds
Cc1cc(N)c(NC(=O)OC(C)(C)C)cc1N(C)CC(C)C.CCO,Application_ds
COC(=O)c1cc(F)ccc1B1OC(C)(C)C(C)(C)O1.CO,Application_ds
O=C1C2=C(O)C=C(OCC=C(CO)CO)C=C2OC3=CC(=CC(O)=C13)C.O,Application_ds
Nc1nc(O)c([N+](=O)[O-])c(Cl)n1.CC(C)=O,Application_ds
CC1(C)OCC2OC2CO1.CC(OCC)=O,Application_ds
O=C(OC=1C=C2C(C(=O)OC2(C)CC)=C(O)C1C)C3=C(O)C(=C(O)C=C3C(=CC)C)C.O=CN(C)C,Application_ds
Cc1ccn2c(-c3ccnc(-c4ccc(CN5CCOCC5)cc4)c3)c(-c3cccc(C)n3)nc2c1.CC(C)=O,Application_ds
O=C(Nc1ccc(Cl)cn1)c1ccccc1NC(=O)c1ccc(N2CCCC2)cc1OC1CCN(C(=O)C(F)(F)F)CC1.CC1=CC=CC=C1,Application_ds
O=C1NCC(c2cccc3ccccc23)SCC1N1C(=O)c2ccccc2C1=O.O=CN(C)C,Application_ds
CC(C)(C)OC(=O)N1CC2CN(Cc3cc4nc(Cl)nc(N5CCOCC5)c4s3)CC2C1.CO,Application_ds
N#CC1(NC(=O)[C@@H]2C[C@@H](S(=O)(=O)c3ccccc3C(F)(F)F)CN2Cc2ccccc2)CC1.O,Application_ds
O=C(N1CCN([C]2[CH][CH][CH][CH][NH2+]2)CC1)CC3CC[NH2+]CC3C[C]4[N]O[C]([CH]4)[C]5[CH][CH][C](F)[CH][CH]5.CCO,Application_ds
CCn1ncc(C(=O)N2CCC2)c1C(=O)Nc1ccn2cc(-c3ccccc3)nc2c1.CCO,Application_ds
CCc1cnc(N2CCC(n3cc(COc4ccc(-n5cnnn5)cc4F)c(C(F)(F)F)n3)CC2)nc1.O=CN(C)C,Application_ds
COC[C@H](CC=O)N1CCN(c2cccc(C(F)(F)F)c2)CCC1=O.O,Application_ds
N#CCOC1=CC=C2C(OC(=CC3=CN(C=4C=CC=CC34)C)C2=O)=C1.O,Application_ds
[O-][NH+](O)C1=CC=C(C=NN2C(S)=NN=C2C(F)(F)F)C=C1.CC(C)=O,Application_ds
N=1OC(=CC1C=2C=CC=CC2)COC3=CC=C(C=C3)C(C4=CC=C(OCC=5ON=C(C5)C=6C=CC=CC6)C=C4)(C)C.CO,Application_ds
O=C(NC=1C=CC=CC1C)C(Cl)(C(F)(F)F)C(F)(F)F.CC(C)=O,Application_ds
COc1ccc(-c2ccc(C(OC)C(=O)NCc3ccc(C#N)cc3)c(F)c2)cc1.CC(C)=O,Application_ds
O=C1C(=COC=2C1=CC=C(O)C2CN3CCN(CCO)CC3)C=4C=CC=5OCCOC5C4.CC1CCCO1,Application_ds
C=C(CCCCCCCCCCCCCCCC)CC(CO)COCCCCCCCCCCCCCCCC.CO,Application_ds
O=C(OC1CC(=O)CC(C2=CC(O)=C(O)C(OC)=C2)CSSCC(C=3C=CNC3)C1CC4C=CC=CC4C)C.N#CC,Application_ds
  O=C(NC(=S)NCS(=O)(=O)O)c1ccc(CCl)cc1.N#CC,Application_ds
Cc1cc(/C=C/C(F)(F)F)ccc1C(=O)O.CC(C)=O,Application_ds
CC(C)Oc1ccc(S(C)(=O)=O)cc1C(=O)N1CCN(c2nc(-c3ccccc3)ns2)CC1.CC(C)=O,Application_ds
COC(=O)c1ccc(N)cc1.O=CN(C)C,Application_ds
O=C(OC1C(OC(OCCC2=CC=C(O)C(O)=C2)C(O)C1OC3OC(C)C(O)C(O)C3OC4OCC(O)C(O)C4O)COC5OC(CO)C(O)C(O)C5O)C=CC6=CC=C(O)C(OC)=C6.CO,Application_ds
O=C(O)C(NC(=O)C(NC(=O)C1OC2OC(OC2C3OC(OC13)(C)C)(C)C)C(C)C)CC(C)C.O,Application_ds
CCn1cc2c(O)cc(C(=O)OC)cc2n1.CO,Application_ds
COc1ccc(C2=NN(C3CCN(C(=O)CCl)CC3)C(=O)C2(C)C)cc1OCc1ccccc1.N#CC,Application_ds
O=C(NC(C(=O)N1CCC2(NCCC=3NC=NC32)CC1)CC=4C=CC=CC4)C=5OC=CC5.CC(C)=O,Application_ds
O=C(N1CCS(=O)(=O)CC1)CC2OC3C(OC(CNC4CC=5C=CC=CC5C4)C3O)C2.CC1CCCO1,Application_ds
O=C(O)COCC(=O)N1CC2C3=C(C=CC(=O)N3CC(C1)C2)C=4C=CC=CC4.CC1CCCO1,Application_ds
Nc1ccc(Br)c(Cl)c1Cl.CC(OCC)=O,Application_ds
Cc1cc(/C(C[C@H](c2ccc(CC(=O)O)cc2)c2ccc(Cl)cc2C)=N/O)ccn1.O,Application_ds
O=C1C=2C(=NC=C(C2CC3C=4NC=5C=CC=CC5C4CCN13)C(O)C)C(=O)C.O=CN(C)C,Application_ds
O=S(=O)(Nc1ccccc1OCC1CCNC1)c1ccccn1.CC(OCC)=O,Application_ds
O=C(O)c1cc(C(=O)O)c(C(=O)N(Cc2cccc(Br)c2)[C@H]2CCCc3ccccc32)cc1C(=O)O.CC(C)=O,Application_ds
CC(C)(O)C#N.CC(C)=O,Application_ds
O=C(C1=CC=C(O)C(=C1O)C)CC2OC(CC2)C(O)C.CO,Application_ds
O=[N+]([O-])c1ccccc1Nc1ccccc1F.O=CN(C)C,Application_ds
Cc1nc2c(Br)cc(N3CCOCC3)cc2n1Cc1cccc(Cl)c1Cl.O,Application_ds
Sc1nnc(-c2ccc3c(c2)OCO3)o1.CC1CCCO1,Application_ds
  O=c1c(N/C(=N/c2ccccc2)c2ccccc2)c(Nc2cc[n+]([O-])cc2)c(=O)c1=O.CC1=CC=CC=C1,Application_ds
CC(=O)COc1cc(-c2ccc(F)cc2)n[nH]1.O=CN(C)C,Application_ds
Cc1ccc(F)cc1B(O)O.CO,Application_ds
CC(=O)CCc1cccc(F)c1.CCO,Application_ds
Cc1ccnc2nc(Cl)[nH]c(=O)c12.O,Application_ds
O=c1c(C2=NS(=O)(=O)c3ccccc3N2)c(O)c2sccc2n1N=Cc1cccnc1.O=CN(C)C,Application_ds
N#Cc1ccc(NC(=O)C(=O)c2cccs2)cc1C(F)(F)F.CC1CCCO1,Application_ds
CCCCc1nc2c(N)nc3cccnc3c2n1CCCCNC(=O)NCc1ccccc1.O,Application_ds
O=C(C=C(C)C)CC(C)C1CCC2C3C(=CCC21C)C4(C)CCC(OS(=O)(=O)O)CC4C(O)C3.CC1=CC=CC=C1,Application_ds
C(#CCSC1=NC=2C=CC=CC2O1)CSC3=NC=4C=CC=CC4O3.CO,Application_ds
O=C1C2=C(C(=C(C=C2C(O)C1C)CO)CCOC3OC(CO)C(O)C(O)C3O)C.O,Application_ds
  CCN(CC)C[C@H](Cc1ccccc1)NC(=O)Nc1c(F)c(F)nc(F)c1F.CC1CCCO1,Application_ds
N#Cc1ccc(O)cc1.CC1CCCO1,Application_ds
CC(=O)Nc1ccccc1-c1ccc(F)cc1.CC1CCCO1,Application_ds
O=C(OC)C(C)CC(C)CC(C)CCC.CC(OCC)=O,Application_ds
Brc1ccc2c(c1)[C@@H]1O[C@@H]1CC2.CCO,Application_ds
O=S(=O)(NC1COC2C1OCC2NC3=NC=CC(=N3)C=4C=CC=CC4)C5=CC=C(C=C5)C.N#CC,Application_ds
  O=C(Cc1cccc(Br)c1)c1ccccc1Nc1c(Nc2ccc(F)cc2)c(=S)c1=S.O=CN(C)C,Application_ds
COC(=O)c1nc(N(Cc2ccccc2)Cc2ccccc2)ccc1Br.O,Application_ds
CN1CCN(c2cccc([N+](=O)[O-])c2)C(=O)C1.O,Application_ds
O=C1C=C(OC=C1OC)C(=O)NC=2C=CC=3NC=CC3C2.CCO,Application_ds
O=C(O)C1OC(OC2C(OC(C(=O)O)C(O)C2O)OC3CCC4(C)C5C(=O)C=C6C(C)(CCC7(C)C8OC(=O)C(C)(C8)CC67C)C5(C)CCC4C3(C)C)C(O)C(O)C1O.CC(C)=O,Application_ds
CC(C)CNC1CCN(C(=O)OC(C)(C)C)CC1.CO,Application_ds
CC(C)(C)OC(=O)N1C[C@H](CCC2CCCCC2)OC[C@@H]1[C@@H](O)[C@H](Cc1ccccc1)[N+](=O)[O-].CO,Application_ds
CNC.CC1CCCO1,Application_ds
CCCCCc1ccc(C(=O)Oc2ccc(F)c(F)c2F)cc1.CO,Application_ds
O1C=CC2=C1C3(C=CCC(C)(C)C3CC2)C.CC1CCCO1,Application_ds
CC(C)Nc1cccc2c1CCO2.O,Application_ds
CC1(C)CCNC1.O=CN(C)C,Application_ds
O=C(O)CCC(=O)OC1C(OC)C(OC(=O)CC(C)CC(=O)OC(CC(=O)OC2CN(C)C(C(=O)N(C)C2C(=O)O)C(OC3OC(CN)C(O)C3)C4OC(N5C=CC(=O)NC5=O)CC4O)CCCCCCCCCCC)OC(C)C1OC.CC1CCCO1,Application_ds
O=C1OC=2C=C3OC(C=4C=CC=CC4)CC(=O)C3=C(O)C2C(C=5C=CC=CC5)C1.CC1=CC=CC=C1,Application_ds
O=C1C=2C=CC=C3OC4OC5(CO)CCC(C(O)(C4O)C5O)C6(C=7C=CN=C(C7)NCSSCC8(C(=O)C32)C(O)=CC(=CC18)CC=9C=CC=C(C9)CO)CCCC6.CC(OCC)=O,Application_ds
CCC(CC)C(c1ccc(NC(=S)Nc2nc3ccccc3s2)cc1)n1ccnc1.CCO,Application_ds
O=C1OC(C=CCC(O)C(O)C(O)CC(=C)CC2OC(CC(O)C(O)C(O)CC(O)CCCC3OC4(OC(CCC4)CC(O)C(O)C(C)CC(O)C(O)C5OC(O)(CNC(=O)CC(O)C(O)C(O)CC(C=C(C)CC6OC(CC(O)C(O)CCC=C(C=CC)C)C(O)C(O)C6O)C)C(O)C(O)C5O)CCC3)C(O)C(O)C2)CC(OS(=O)(=O)O)C(O)C(O)C(O)C=CC(C)CC(O)CC(O)C=CC(O)CC(O)CC=CC(O)CC(=CC(O)CC=CC(O)CC7(OC7C8OC8C(O)CC=CCC(O)C=CC(C)C(O)C=CC(O)C(O)C=CC=CCC(O)C(O)C(O)CCC1)C)C.CO,Application_ds
NC(=O)c1cc(B(O)O)cs1.O=CN(C)C,Application_ds
COc1ccc(-c2cc(-c3ccccc3)[nH]c2C(=O)O)cc1.CC1=CC=CC=C1,Application_ds
O=C(O)c1ccc2ccccc2c1F.O,Application_ds
COc1ccncc1-c1nc(N2CCOCC2)c2sc(C(C)(C)O)cc2n1.CC(OCC)=O,Application_ds
O=C1OC2=C(C=CC(OCC=3C=CC=CC3Cl)=C2C)C(=C1)C4=CC=5C=CC=CC5OC4=O.O,Application_ds
CCOC(=O)c1cccc(NC(=O)c2c(-c3c(F)cccc3Cl)noc2C)c1.O=CN(C)C,Application_ds
O=C(OC)C=C1C23C(=CC(OC)C(OC)C2)CCN3CC4CC14C(=O)OC.CC1CCCO1,Application_ds
CCCS(=O)(=O)Nc1ccc(F)c([N+](=O)[O-])c1.CC1=CC=CC=C1,Application_ds
O=C(OCC12CCCC(C)(C)C3C2C(=C)C(=O)CC31)C.CCO,Application_ds
O=C(OC1C(=C)C2C3OC(=O)C(=C)C3C(O)CC(=C)C2C1)C=C(C)C.CCO,Application_ds
O=C1C=2C=CC(=CC2OC3CN(CC3N1C)C(C)C)C4=CC=C(F)C=C4F.CC(C)=O,Application_ds
Nc1cccc(-c2c(C(=O)c3ccccc3)cnc3c(C(F)(F)F)cccc23)c1.CO,Application_ds
O=C(C=C(O)C=CC=1C=CC=CC1)CCC=2C=CC=CC2.O=CN(C)C,Application_ds
O=C(OCC1OC(OC2=CC=C(O)C=C2OC)C(O)C(O)C1O)C3=CC=C(O)C=C3.O=CN(C)C,Application_ds
O=C1OC2=C(C(O)=C(C(=O)C)C=3OC(=O)CC(C4=CC=5C=CC=C6C5N(C4=O)CC6)C23)C(=C1)C.CC1CCCO1,Application_ds
CC(=O)Oc1c(C)c(C)c2c(c1C)CCC(C)(COc1ccc(CC3SC(=O)NC3=O)cc1)O2.CC(OCC)=O,Application_ds
CC(CSC(F)(F)F)C(=O)N(C)c1cn(-c2cccnc2)nc1Cl.CC1CCCO1,Application_ds
O=CC12CCC(OC3OC(C)C(O)C(OC)C3)CC2(O)CCC4C1CCC5(C)C(C6=CC(=O)OC6)CCC45O.O=CN(C)C,Application_ds
CON(C)C(=O)c1ccc(-c2ccc(Cl)cc2)cn1.CO,Application_ds
  OCCNC(=S)NCC(F)(F)C(F)(F)C(F)(F)C(F)(F)C(F)(F)C(F)(F)C(F)(F)C(F)(F)F.O,Application_ds
O=C1C(OC)=C2C=3C=4C1=C(O)C=C(OC)C4C=5C(OC)=CC(O)=C6C(=O)C(OC)C7(OC2(OC(C)C7)C(=O)C)C3C65.CC1=CC=CC=C1,Application_ds
O=C(OC1=CC(O)=C2C(OC(C3=CC=C(O)C(OC(=O)C4=CC(O)=C(O)C(O)=C4)=C3)C(O)C2)=C1)C5=CC(O)=C(O)C(O)=C5.CC1=CC=CC=C1,Application_ds
Nc1cnc(-c2ccc(-c3ccccc3S(=O)(=O)N3CCC(CCO)CC3)cc2F)cn1.CC(OCC)=O,Application_ds
N[C@@H](CC1CCCCC1)[C@@H](O)[C@@H](O)C1CC1.N#CC,Application_ds
O=C(O)c1cc(-c2ccc(Cl)cc2)c(OCC(F)(F)F)nn1.O=CN(C)C,Application_ds
O=C1C=C2C(=CC=C1NC(C(=O)NC(C(=O)O)C(C)C)C(C)C)C3=C(OC)C(OC)=C(OC)C=C3CCC2NC(=O)C.CC(C)=O,Application_ds
Cc1nnc2n1-c1ccc(I)cc1C(c1ccccc1Cl)=NC2.CC(C)=O,Application_ds
CCOC(=O)c1cc2cc(Cn3cc(C(O)(CC)C(F)(F)F)nn3)ccn2c1-c1ccc(OCC)nc1.CCO,Application_ds
O=C(O)C(N)CCC(=O)NC(C(=O)O)CC=1N=CNC1.N#CC,Application_ds
C1=CC=C2C(=C1)C(=O)C3=C(C2=O)SC(=C(S3)C#N)C#N.CCO,Application_ds
CC(C)(C#N)NC(=O)c1ccc(C2CC2)c(OCC2CC2)n1.O,Application_ds
Nc1ccc(CN2CCCC2)cc1.CCO,Application_ds
CCCCCS(=O)(=O)NC(=O)/C=C/c1ccc(OCCOC)cc1Oc1ncc(NC(C)=O)cc1C.CCO,Application_ds
CCOc1nc2c(C(O)(c3ccccn3)C(C)CC)cc(-c3c(C)noc3C)cc2[nH]1.CC(C)=O,Application_ds
CN1CCN(S(=O)(=O)c2ccc(C(CC3CCCC3)C(=O)O)cc2)CC1.CC(OCC)=O,Application_ds
CCc1cc2c(C(F)(F)F)c(C#N)ccc2[nH]1.CCO,Application_ds
  NCCNS(=O)(=O)NCCCC(N)=O.CO,Application_ds
O=C1NCC=C1CCC2C(=COS(=O)(=O)O)CCC3C2(C)CCC4C(C)(C)CCCC43C.CC1CCCO1,Application_ds
COc1cccc(CC(=O)O)c1.N#CC,Application_ds
CCc1nn(-c2ccccc2)c2cc(N)ccc12.CC1CCCO1,Application_ds
N[C@H]1CCN(C(=O)c2cc(C(F)(F)F)cc(C(F)(F)F)c2)[C@H](Cc2ccccc2)C1.CC(C)=O,Application_ds
O=C(OC=1C(=O)C(=C(O)C(=O)C1C=2C=3C=CC=CC3NC2CC=C(C)C)C=4C=5C=CC=CC5NC4CC=C(C)C)C.CC1=CC=CC=C1,Application_ds
O=C(OC)CCCCCCCCCCCCCCCCCCCCCCCCCCCCCCC.CO,Application_ds
O=C(O)[C@H]1CCCN(C(=O)c2ccc(F)cc2)C1.O=CN(C)C,Application_ds
O=C(Cl)c1ccc(C(=O)c2ccccc2)cc1.CO,Application_ds
CC1(C(=O)Cl)CCCCC1.CO,Application_ds
O=C(Nc1ccn(CCCO)n1)[C@H](CC1CCCC1)N1Cc2ccccc2C1=O.N#CC,Application_ds
O=Cc1cc(Oc2cccc(NC(=O)OCc3ccccc3)c2)ccc1[N+](=O)[O-].O=CN(C)C,Application_ds
OC(C=1C=CC=CC1)(C)C2C=CCCC2.CC(OCC)=O,Application_ds
N=1OC=2C=C(N=CC2C1)N.CC(OCC)=O,Application_ds
FC(F)(F)c1cc(CNc2ncc(Br)cn2)cc(C(F)(F)F)c1.CC(OCC)=O,Application_ds
Cc1cnc(N)s1.CCO,Application_ds
O=C(Nc1ccc(CNc2nc(N3CCC3)nc3ccccc23)cc1)c1ccc(F)cc1.CO,Application_ds
N#CC1=CC=C(N=CC=2C=CC=CC2O)C=C1.CCO,Application_ds
CCCOC(=O)N1CCN(C(=O)OC(C)(C)C)CC1.O=CN(C)C,Application_ds
Cn1ccc2c1CCCC2CCCl.CC(C)=O,Application_ds
O=C(O)CC(O)(C(=O)O)C(C(=O)O)CCCCCCCCCCCCCC.O,Application_ds
Clc1cc2c(nn1)CCCCCC2.CC(OCC)=O,Application_ds
O=C(O)C1=CC2(C)CCC3C(C)CC(O)C32C1C.CC1=CC=CC=C1,Application_ds
O=C(Nc1ccc(O)cc1)c1cc(NC2CCCC2)ncn1.O=CN(C)C,Application_ds
NCc1ccncc1.CC(C)=O,Application_ds
N=1C=CC=C(C1)C=2N=C(NC2)C3N(CC=4N=CNC4)CCOC3.CO,Application_ds
O=[N+]([O-])c1ccc(CCl)cc1.O,Application_ds
O=C(C1=CC=C(O)C=C1)C2=C(O)C=C(OC3OC(CO)C(O)C(O)C3O)C(=C2O)C4OC(CO)C(O)C(O)C4O.O=CN(C)C,Application_ds
CC1=CC(=C(C=C1Cl)N=NC2=C(C(=CC3=CC=CC=C32)C(=O)O)[O-])S(=O)(=O)[O-].[Mn+2].CC(C)=O,Application_ds
O=C(NC1C(C=2SC=CC2)N(C(=O)NC3CCCCC3)CCC1(O)C)C4=CC=C(F)C=C4.CC1CCCO1,Application_ds
O=C(OCC1OC(OC2=CC=C(Br)C=C2)C(OC(=O)C)C(OC(=O)C)C1OC(=O)C)C.O,Application_ds
COc1ccc2cc(Br)ccc2c1C(C)=O.CC1=CC=CC=C1,Application_ds
CCc1cc(-c2noc(-c3cc(C)nc(N(CC)CC)c3)n2)cc(C)c1OC1COC(C)(C)OC1.CC1=CC=CC=C1,Application_ds
COc1ccc2cc(C(O)c3cn(C(c4ccccc4)(c4ccccc4)c4ccccc4)cn3)ccc2c1.O,Application_ds
CCCCc1oc2ccccc2c1-c1ncc(-c2ccc3c(Br)c(OCC#N)ccc3c2)o1.CC(C)=O,Application_ds
OCC1=CC(NC2C(O)C(O)C(OC2C)OC3C(O)C(O)C(OC3CO)OC4C(O)C(O)C(OC4CO)OC5C(O)C(O)C(O)OC5CO)C(O)C(O)C1O.N#CC,Application_ds
CC1(C)CNCCN1Cc1ccccc1.CO,Application_ds
CCOC(=O)C(C)OC1=CC=C(C=C1)OC2=NC3=C(O2)C=C(C=C3)Cl.CC(OCC)=O,Application_ds
O=C1N2C3NC=4C=CC=CC4C3(C(O)C52SSC1(C(=O)C)N(C5=O)C)C67C=8C=CC=CC8NC7N9C(=O)C%10(SSC9(C(=O)N%10C)C6O)C(=O)C.CC1=CC=CC=C1,Application_ds
COCCc1cc(C)c(C)c(C(=O)OC)c1.O=CN(C)C,Application_ds
NC(Cc1cccc(C(F)(F)F)c1)C(=O)N1CCSC1.CC(C)=O,Application_ds
COc1ccc([C@H](Cc2c(Cl)c[n+]([O-])cc2Cl)OC(=O)c2ccc(CNC(C(=O)O[C@H]3CN4CCC3CC4)c3ccccc3)s2)cc1OC.N#CC,Application_ds
CC#Cc1ccc(N2CC[C@H](NCc3ccc(Cl)cc3Cl)C2)nc1.CO,Application_ds
O=[N+]([O-])c1ccc2[nH]ccc2c1.O,Application_ds
O=C1OC(O)C(=C1)C2CC3OC34C2(C)CCC5C6(C)C(OC(=O)C)CC(OC(=O)C)C(C)(C)C6CC(OC(=O)C)C54C.O=CN(C)C,Application_ds
O=Cc1c[nH]c2cnc(-n3cncn3)cc12.CC(C)=O,Application_ds
O=C(O)c1cccc(Br)c1.O=CN(C)C,Application_ds
O=C1OC2=C(C=C3C(OC(=C3C)C)=C2C)C(=C1CC(=O)NC(C(=O)NC(C(=O)O)CC=4C=CC=CC4)CC(C)C)C.CCO,Application_ds
O=C1C=C(OC=2C=C(OCCC)C=C(O)C12)C=3C=CC=CC3.CC1=CC=CC=C1,Application_ds
CCOC(=O)C(CC)Sc1ccc2nnc(-c3ccccc3F)n2n1.CC1CCCO1,Application_ds
CC(O)c1ccncc1-c1nc2ccc(Cl)cc2n1C.O,Application_ds
CN1CCN(c2nc3ncc(Br)cc3nc2Cl)CC1.O=CN(C)C,Application_ds
[CH]1[CH][CH][C]([C]([CH]1)C)C[NH+]2[C]3[CH][C]([CH][CH]N3[CH][C]2C)C.O=CN(C)C,Application_ds
CS(=O)CCOc1cccc(C=O)c1.O,Application_ds
CC1c2cc(-c3nn[nH]n3)cn2CCN1C(=O)c1cc2ncc(Cl)cn2n1.CC1CCCO1,Application_ds
Cc1ccc(F)cc1OC1CCN(C(=O)CNc2ccnn(C)c2=O)CC1.O,Application_ds
CC(C)C(=O)N1CCC[C@H]1COc1ccc2c(c1)c(SC(C)(C)C)c(CC(C)(C)C(=O)O)n2Cc1ccc(Cl)cc1.N#CC,Application_ds
CCOc1cc(C(C)(C)C)ncc1C1=N[C@@](C)(c2ccc(Cl)cc2)[C@@](C)(c2ccc(Cl)cc2)N1C(=O)N1CCN(C(=O)CNc2nccs2)CC1.CO,Application_ds
OCCOCCOCCOCCOCCO.N#CC,Application_ds
Cn1c(=O)[nH]c2c(OCC3CCC3)c(Br)ccc21.O=CN(C)C,Application_ds
O=C(O)CNC(=O)C(NC(=O)CCC(N)C(=O)O)CSC1(C=2OC(=O)C3C=CCC(C23)CC1)C4(CC)CCCC4.CC(C)=O,Application_ds
N#Cc1ccccc1.CC1CCCO1,Application_ds
O=C1OC=2C=C(OC3OC(CO)C(O)C(O)C3OC4OC(C)C(O)C(O)C4O)C=CC2C=C1.CC1=CC=CC=C1,Application_ds
  COC(=O)Nc1cc(NC(=S)NP(=O)(N(C)C=O)N(CCCl)CCCl)ccc1C.CC(OCC)=O,Application_ds
CC(C)CNc1nccc(-c2sc(C3CCOCC3)nc2-c2cccc(NS(=O)(=O)c3ccoc3)c2F)n1.O=CN(C)C,Application_ds
CC1(NC(=O)OCc2ccccc2)CCNCC1.CO,Application_ds
O=S(=O)(Nc1ccc2c(OCc3ccc(-c4ccc(F)cc4)cc3)cccc2c1)C(F)(F)F.O=CN(C)C,Application_ds
CSc1nc(NC(=O)OC(C)(C)C)cn2c(Br)cnc12.CO,Application_ds
OCC1=CC[C@H](NC(c2ccccc2)(c2ccccc2)c2ccccc2)C1.N#CC,Application_ds
O=C1OC2=C(C=CC(OCC(=O)N3C(=O)NCC3)=C2C)C(=C1CC(=O)OC)C.O=CN(C)C,Application_ds
c1ccc2c(c1)NC[C@H]1CCCN21.N#CC,Application_ds
O=C(O)C(O)C(O)CC(O)C(N)CCCCN.CCO,Application_ds
O=C1OC2=CC(=CC(OCC(=O)C=3C=CC=C(OC)C3)=C2C(=C1)CCC)C.CC(OCC)=O,Application_ds
O=C(Nc1ccc(OC(F)(F)Cl)cc1)c1cnc(N2C[C@@H](O)[C@H](O)C2)c(I)c1.N#CC,Application_ds
O=C(OC1CC(O)CCC2(C#CC3CCCC4NCCC(OC5=CC(=CC=C5O)CC31)C4)CNC(=N)NCN6CC7CN(CC2O)CC(C6)C7)C.CCO,Application_ds
Cc1nnn(-c2ccc(F)cc2)c1COc1cc(C(=O)O)n(C)n1.O=CN(C)C,Application_ds
CN(c1ccc(NC(=O)Nc2ccccc2)cc1)S(=O)(=O)c1ccc(-c2cc(C(F)(F)F)n[nH]2)s1.CC(C)=O,Application_ds
O=S(=O)(Cl)CC1CCCCC1.CC1=CC=CC=C1,Application_ds
O=C(O)c1cc2ccsc2s1.CC1=CC=CC=C1,Application_ds
Clc1cc(Cl)nc(-c2ccco2)n1.CCO,Application_ds
COC(=O)c1ccc(C)c(/C=C/C(=O)OC(C)(C)C)c1.CCO,Application_ds
O=C(NCC=1C=NC=CC1)C=2N=C(C=3C=CC=C(OC)C3OC)C=4NC=5C=CC=CC5C4C2.CCO,Application_ds
CC(=O)SC/C(=C/c1ccccc1)C(=O)O.O,Application_ds
O=C(OCC=1C=CC=CC1)N2C(=O)CCC2C(=O)NC(C(=O)NCC(=O)OC)CC(C)C.CO,Application_ds
O=C(OC(CC(=O)OC1C(OP(=O)(O)O)C(OC(OCC2OC(OP(=O)(O)O)C(NC(=O)CC(O)CCCCCCCCCCC)C(OC(=O)CC(O)CCCCCCCCCCC)C2O)C1NC(=O)CC(OC(=O)CCCCCCCCCCC)CCCCCCCCCCC)COC3(OC(C(O)CO)C(O)C(OC4(OC(C(O)CO)C(O)C(O)C4)C(=O)O)C3)C(=O)O)CCCCCCCCCCC)CCCCCCCCCCCCC.CCO,Application_ds
C[C@H]1COc2c(F)c(F)cc3c(=O)c(C(=O)O)cn1c23.N#CC,Application_ds
O=C(O)CC[C@H](NC(=O)OCc1ccccc1)C(=O)O.O=CN(C)C,Application_ds
CC(C)(C)OC(=O)N1CC2CC(C(=O)NCC(F)(F)F)CC2C1.N#CC,Application_ds
CC(C)CI.O,Application_ds
CC(=O)NC[C@H]1CN(c2ccc3c(c2)CCCCC3=O)C(=O)O1.CC(OCC)=O,Application_ds
COc1cc(OCCCl)c2c(Cl)ncnc2c1.CC1=CC=CC=C1,Application_ds
O(C=1C=C(C=C2OCOC12)CC(C)C(C)CC3=CC=C4OCOC4=C3)C.CC(OCC)=O,Application_ds
O=C1C(=COC=2C=C(O)C=C(O)C12)C=3C=C(OC)C(O)=C4C3OC(C)(C)C(O)C4.CC1CCCO1,Application_ds
[H][C@@]12CCCC[C@@]11CCN(C)[C@@H]2CC2=C1C=C(OC)C=C2.O,Application_ds
Cc1cc(Nc2cc3ccccc3c(Cl)n2)n[nH]1.N#CC,Application_ds
Fc1ccc2c(C3CCNCC3)nsc2c1.CC(C)=O,Application_ds
O=C(NNC(=O)C=1C=CN=CC1)NC=2C=CC=CC2.O,Application_ds
CN(C)[C@@H]1CCN(c2cc(O)c3c(=O)[nH]cnc3c2)C1.O,Application_ds
  O=c1c(Nc2ccc(F)cc2)c(Nc2cc(-c3ccccn3)[nH]n2)c(=O)c1=O.N#CC,Application_ds
O=C(O)Cc1ccc(OCCCCl)cc1.CCO,Application_ds
O=C(OCC(OC(=O)CCCCCCCCCCCCCCC)COC(=O)CCCCCCCCCC=CCCCCCC)CCCC=CCC=CCC=CCC=CCCCCC.CCO,Application_ds
O=CCC1CC(C)C(O)C=CC2OC2CC(OC(=O)CC(OC(=O)C)C(OC)C1OC3OC(C)C(OC4OC(C)C(OC(=O)CC)C(O)(C)C4)C(N(C)C)C3O)C.CCO,Application_ds
CC(C)(C)OC(=O)N1C[C@@H]2[C@@H](CCN2c2cncc(Br)c2)C1.CC1=CC=CC=C1,Application_ds
Cn1cc(-c2ccc3nc(N4CC(O)C4)sc3c2)cn1.N#CC,Application_ds
O=C1NC(C(=O)NC=2C=CC=CC12)CCC(=O)NC3=CC=CC4=C3C=CN4CCC(C)C.CCO,Application_ds
O=C(O)COc1cccc2c1CC(=CCCN1CCC(O)(c3ccc(Cl)cc3)CC1)c1cccnc1O2.CO,Application_ds
FC(F)(F)C(F)(F)C(F)(F)C(F)(F)C(F)(F)C(F)(F)C(F)(F)C(F)(F)C1=CC=C(C=C1)N(C)C.CC1=CC=CC=C1,Application_ds
O=C(OC(C)(C)C)NCC1CCC(C(=O)OC=2C=CC=3C=C(C(=O)OC3C2)C4=CC=C(OC)C(OC)=C4)CC1.CC1CCCO1,Application_ds
OC12CC3CC(C1)C(NC(c1ccccc1)(c1ccccc1)c1ccccc1)C(C3)C2.O=CN(C)C,Application_ds
O=C(OC(C)(C)C)NC(C(=O)OC1=CC=2OC(=O)C3=C(C2C=C1CCCCCC)CCC3)C=4C=CC=CC4.CO,Application_ds
CC#CCn1c(N2CCC[C@@H](NC(=O)OC(C)(C)C)C2)nc2c1c(=O)n(Cc1nc(C)c3ccccc3n1)c(=O)n2C.N#CC,Application_ds
COc1ccc(C=O)cc1Cl.CC1CCCO1,Application_ds
O=C1CCC2(C)C(C1)CCC3C4CCC(C5(OC5)C)C4(C)CCC32.CC1CCCO1,Application_ds
  COC(=O)C(C)(C)Nc1c(Nc2nc(-c3ccccc3)nc3ccccc23)c(=O)c1=O.O=CN(C)C,Application_ds
O=C1OC2=C(C=CC(OC(C(=O)NCCCC(=O)O)C)=C2C)C(=C1)CC.CO,Application_ds
O=C1C=2C=C(C(=C(O)C2C(=O)C3=C(OC4OC(CO)C(O)(CCC=5C=C(N)NCC5)C(O)C4O)C=C(OC)C(=C13)CO)CNC(=N)NC)CCCCO.CCO,Application_ds
C=CC(=O)N(C)C.O,Application_ds
OCCCN=C(NC)NC1C#CC2CCC=C(CC3=CC=4C=CC=CC4N3)C52CCC(O)(C)C6CC(O)C(O)(C1)C6C5.CCO,Application_ds
CS(=O)(=O)NC1CCCc2ccc([N+](=O)[O-])cc21.CC(OCC)=O,Application_ds
  Cc1ccc(C)n1[C@@H]1CCCC[C@H]1Nc1c(NC(CO)(CO)CO)c1=O.CC(C)=O,Application_ds
CC(O)CNc1c(S(=O)(=O)C(F)(F)F)c(C#N)nn1-c1c(Cl)cc(C(F)(F)F)cc1Cl.CC(C)=O,Application_ds
O=C(C=1NC=2C=CC(OC)=CC2C1C)N3CCCCC3C=4C=NC=CC4.CO,Application_ds
O=[N+]([O-])c1ccc(OC[C@@H]2CCCN3CCCC[C@H]23)cc1.CC1CCCO1,Application_ds
O=C(OCCC=1SC(=CC1)C=2SC(C#CC)=CC2)C.O=CN(C)C,Application_ds
O=C1OC2CC(O)=C1C(CC(=O)C)C3C(C=CC4C(=O)C(C)CC43)CC(O)C2.CCO,Application_ds
CC1(C)OB(c2cnc(Cl)c(NS(=O)(=O)c3ccc(F)cc3F)c2)OC1(C)C.CC(C)=O,Application_ds
OC1C(OC(C)C(O)C1O)OC2C(OCC=3C=CC=CC3)OC(C)C(OCC=4C=CC=CC4)C2OCC=5C=CC=CC5.CC(OCC)=O,Application_ds
COC(C)Oc1ccccc1O.CC(C)=O,Application_ds
CC(=O)NC1(c2nc(NCc3ccccn3)c3c(-c4ccccc4)ccn3n2)CC1.CC(C)=O,Application_ds
O=[N+]([O-])c1cc[nH]c1Cl.CO,Application_ds
FC1=CC=C(C=C1)C(=NO)C2=CC=C(O)C=C2O.CO,Application_ds
O=C1N2C(C=3C=CC=C(Cl)C3)C=4NC=5C=CC=CC5C4CC2C(=O)N(C1)CCC.CO,Application_ds
O=C(OC1CC(O)C(OC1C2(C(=O)C=3N=C2C=C4C=C(C(=CC5=NC(=CC=6NC(C3)=CC6C)C(C5=O)(C)C7OC(C)C(O)CC7O)N4)C)C)C)C.O=CN(C)C,Application_ds
Cc1cc(C=O)ccc1OC1CN(C(=O)c2nnc(-c3ccccc3)o2)C1.CC(C)=O,Application_ds
Oc1cnc2ccc(Cl)cc2c1.CC(C)=O,Application_ds
C[SiH](C)OC(c1c[nH]cn1)C(C)(C)C.O,Application_ds
OC1=CC=C(C=C1CC=C(C)C)C(OC)C.CCO,Application_ds
O=C1C=2C=CC=CC2N(C=3C=CC=CC3)CC1.CC(C)=O,Application_ds
O=Cc1sccc1B(O)O.CC1=CC=CC=C1,Application_ds
O=C(OC1C(O)C(OC2OC(COC(=O)C)C(O)C(O)C2O)C(OC1CO)OC3(OC(CO)C(O)C3OC(=O)C=4C=CC=CC4)COC(=O)C)C=5C=CC=CC5.CC1=CC=CC=C1,Application_ds
  CC(C)CC(=O)NC(=O)N[C@@H](Cc1ccccc1)c1ccccc1.CO,Application_ds
CC(C)(C)OC(=O)N[C@@H]1CC[C@@H](C=O)CC1.CC1=CC=CC=C1,Application_ds
O=C(OC1C(OC(=O)C(C)CC)C2(CO)C(O)C(O)C3(C(=CCC4C5(C)CCC(OC6OC(C(=O)OC)C(OC7OC(CO)C(O)C7O)C(OC(=O)C)C6OC8OC(CO)C(O)C(O)C8O)C(C)(C)C5CCC43C)C2CC1(C)C)C)C=C(C)CCC=C(C)C.CCO,Application_ds
CC(=O)OCc1c(-c2cc(Nc3ccc(N4CCN(C)CC4)cn3)c(=O)n(C)c2)cc(F)cc1N1CCc2c(sc3c2CCCC3)C1=O.N#CC,Application_ds
COC(=O)c1ccc([C@@H]2CCC(=O)C2)cc1.O=CN(C)C,Application_ds
CC(=O)CCC(=O)c1ccccc1OCc1ccc(F)cc1.CC(C)=O,Application_ds
O=C(c1ccc(CCc2ccccc2)cc1)N1CCc2cc(CN3CCCC3)oc2C1.N#CC,Application_ds
CC(=O)c1cccnc1.CC(OCC)=O,Application_ds
  CC(C)(C)[C@H](Nc1c(Nc2cc3cccnc3c3ncccc23)c(=O)c(=O)c1=O)P(=O)(Oc1ccccc1)Oc1ccccc1.CC1=CC=CC=C1,Application_ds
COc1ccc(CC(CO)N(CCC(c2ccccc2)c2ccccc2)C(=O)OCc2ccccc2)cc1OC.N#CC,Application_ds
CC(C)(C)OC(=O)COc1cccc2c1CCCCC2NS(=O)(=O)c1ccc(-c2cccc(C(F)(F)F)c2)cn1.CC1=CC=CC=C1,Application_ds
O=C(NCCOC)C1CC(O)C(O)C2NC(=S)N(C=3C=C(C=C(C3)C)C)C21.CO,Application_ds
BrCCCOc1cccc2c1CCCC2.N#CC,Application_ds
O=C(O)C1=CC(=CC[NH+]2C3=CC(O)=C(OC4OC(COC(=O)C5C(=O)OC5)C(O)C(O)C4OC6OCC(O)(COC(=O)C=CC7=CC=C(O)C(OC)=C7)C6O)C=C3CC2C(=O)[O-])CC(N1)C(=O)O.CCO,Application_ds
CC(C)(C)OC(=O)N1CCN(Cc2ccccc2)C[C@H]1/C=C/C1CC1.CC1=CC=CC=C1,Application_ds
O=C1C2=C(OC=3C(=O)C(O)(C(=O)C(C13)(CC=C(C)C)CC=C(C)C)CC(=O)C)C=C4OC(C=CC4=C2O)(C)C.CO,Application_ds
COc1ccc(-c2c(OCCO)nn(C)c2NS(=O)(=O)c2ccc(C(C)(C)C)cc2)cc1.O=CN(C)C,Application_ds
O=C1OC(C)(CCCC(O)(C)C)C2CCC3(C4=CCC5C(C4=CCC123)(C)CCC(O)C5(C)C)C.O=CN(C)C,Application_ds
Cc1c(C(=O)O)ccc(S(C)(=O)=O)c1F.CO,Application_ds
CCOC(=O)c1ccnc(Cl)c1.CCO,Application_ds
C[C@H]1CN(c2ccc(S(=O)(=O)Nc3ccc(Cl)cc3C(=O)c3ccncc3)cc2)C[C@@H](C)O1.CCO,Application_ds
CCCc1cc(Oc2ccc(Cl)cc2)ccc1/C(=N/O)c1cc(OC)c(Cl)cc1F.O=CN(C)C,Application_ds
CC1(C)OB(c2ccc(OC3CCN(C4COC4)CC3)cc2)OC1(C)C.CC1CCCO1,Application_ds
CCOC(=O)C(Br)C(=O)c1ccc(C)cc1.CCO,Application_ds
O=C(O)C=CC=1C=CC=CC1C.CC(OCC)=O,Application_ds
COC(=O)C(CC1CC1)c1ccc(N)cn1.N#CC,Application_ds
O=C(C1=CC=C(OC)C=C1)CC(C(C=C(C)C)C(=O)C2=CC=C(OC)C=C2)C(C)C.CC(OCC)=O,Application_ds
O=C(O)CC(O)CCN.CCO,Application_ds
  C[C@@H]1CCc2ccccc2CN1C(=O)CN1C(=O)O[C@]2(CCc3cc(NS(=O)(=O)NC(=O)C(c4ccccc4)c4ccccc4)ccc32)C1=O.CC1=CC=CC=C1,Application_ds
O=C(N1CC2=CC(OC)=C(OC)C=C2CC1)CC3CCNCC3CC4=NOC(=C4)COC.O=CN(C)C,Application_ds
OB(O)c1ccc(OCc2ccccc2)c(F)c1.O,Application_ds
CC[Si](CC)(CC)OC(C)(C)C/C=C\Br.O=CN(C)C,Application_ds
O=C1C=C2C(CCC3(C)C4C(OC5(C(O)C(C)C6(C=CC5CC6)C)C4(O)C)CC23O)C7(C)CC(O)C(O)C(C8=CC=C(O)C(O)=C8)C17.O,Application_ds
Nc1cc2cc(-c3cn[nH]c3)ccc2cn1.CC1=CC=CC=C1,Application_ds
O=C(O)CCCCC=CCC=CC=CC(O)CCCCC.CC1CCCO1,Application_ds
O=S(=O)([O-])CC(O)(C(F)(F)F)C(F)(F)F.CC(OCC)=O,Application_ds
  CC(C)[C@@H](CN(C)C)Nc1c(NC[C@@H]2CCCCC2=O)c(=O)c1=O.CO,Application_ds
O=CC1=C(O)C=CC=2C1=C(O)C(OC)=C(C2C=3C4=CC=C(O)C=5C(=O)OC(=C(OC)C3C)C45)C.CC1CCCO1,Application_ds
O=C(NC=1C=CC=CC1OC)C(C(F)(F)F)(C(F)(F)F)C(F)(F)F.CC1CCCO1,Application_ds
O=C1NC(C(=O)N(C)C1CC2=CNC3=CC=CC(=C32)N(O)O)CC=4C=CC=CC4.CC1CCCO1,Application_ds
CS(=O)(=O)C1=CC(=C(C=C1)C(=O)C2C(=O)CCCC2=O)[N+](=O)[O-].N#CC,Application_ds
O=C(Nc1cnc2[nH]cc(-c3ccoc3)c2c1)c1ccc(F)cc1.CC1=CC=CC=C1,Application_ds
Cn1ncc2cc(Oc3ccc([N+](=O)[O-])cc3F)c(-c3cn[nH]c3)cc21.CO,Application_ds
Cc1ccc(C2CC2CO)cc1.CC1=CC=CC=C1,Application_ds
O=C1CC[C@@H](C(=O)O)N1.CCO,Application_ds
  CC[C@H]1O[C@@H](CC)[C@H](C)[C@@H](NS(=O)(=O)Nc2cccc(CO)c2)O1.O,Application_ds
Cc1ccc(NC(=O)c2cccc(C(F)(F)F)c2)cc1-n1ccn2nc(-c3cccnc3)cc12.CC(C)=O,Application_ds
O=C(O)C1=NC(C(=O)O)CC=C1.CO,Application_ds
Clc1ccn2c(-c3cccc(-n4cccn4)c3)cnc2c1.CCO,Application_ds
O=C1Cc2cc(NC(=O)C(=O)N3CCC(Cc4ccccc4)CC3)ccc2N1.N#CC,Application_ds
CC(C)c1c(C(=O)NCc2ccc(F)c(F)c2)c2ccc(/C=N/O)cc2n1Cc1ccccc1.CO,Application_ds
CC(C)(C)OC(=O)NC1(c2ccc(-c3c(-c4ccccc4)nc4n3-c3cccnc3Nc3ccccc3-4)cc2)CCC1.N#CC,Application_ds
COc1ccccc1C1(N[C@@H](CCC(=O)N(C)C)C(=O)N(C)C)C(=O)Nc2ccc(Cl)cc21.CC1CCCO1,Application_ds
CN1C(=O)C(C)(C)C(=O)c2ccccc21.CC(OCC)=O,Application_ds
OC/C=C/c1cccc(Cc2ncc[nH]2)n1.CC1CCCO1,Application_ds
CC(C)(C)OC(=O)N1CCC[C@@H]1C(N)c1ccc(OCc2ccccc2)cc1.CC(C)=O,Application_ds
CC(=O)OC1Oc2ccc(C#N)cc2C1(C)C.CC1CCCO1,Application_ds
CO[C@@H]1[C@@H](O)[C@@H](O)[C@H](Oc2ccc3c(OCc4ccccc4)c(C(=O)OCC(C)C)c(=O)oc3c2C)OC1(C)C.CC1CCCO1,Application_ds
Cc1ccc(C(=O)c2ccc([N+](=O)[O-])cc2)cc1.CO,Application_ds
O=C1C=C(OC)C(O)=C(O)N1C.CC1CCCO1,Application_ds
  O=c1c(NCCc2cccs2)c1Nc1cc(Cl)c(OC(F)(F)C(F)F)c(Cl)c1.CO,Application_ds
CN1CC[C@]2(CC[C@H](c3ccc(OCc4ccccc4F)cc3)N2C(=O)OC(C)(C)C)C1=O.CCO,Application_ds
O=c1c2nc(CBr)n(-c3ccccc3)c2nc(-c2ccc(-c3ccccc3)cc2)n1-c1ccc(Cl)cc1.CC(OCC)=O,Application_ds
COc1ccc(CNC(=O)c2cc(C#N)ccc2N[C@@H](C)COS(C)(=O)=O)cc1OC.O=CN(C)C,Application_ds
CCn1nccc1OC(=O)c1ccc2c(c1C)C(Cl)C(Cl)CS2(=O)=O.CCO,Application_ds
C[As](C)(O)=O.O=CN(C)C,Application_ds
  O=c1c(NCc2ccc3c(c2)OCO3)c(NCc2ccccc2[N+](=O)[O-])c1=O.CC1=CC=CC=C1,Application_ds
O=C(Cc1cc(Cl)cc2c(-c3ccccc3)onc12)N1CCN(c2ccccc2)CC1.CC(C)=O,Application_ds
O=c1ccccn1-c1nc(Br)cs1.CC1CCCO1,Application_ds
O=C1OC=C(C(O)=C1CN2CC3=CC(OC)=C(OC)C=C3CC2)CN4CC=5C=CC=CC5CC4.CO,Application_ds
O=C1SCC2NC(=O)C=3N=C(SC3)C(NC(=O)C=4N=C(SC4)C(=CC)NC(=O)C(NC(=O)C=5N=C(SC5)C6=CC(=O)C(N=C6C=7N=C2SC7)=C8SC=C(N8)C(=O)NC(=C)C(=O)N)C(O)C)CC(O)C(=O)OCC=9C=CC=C%10NC1=C(C%109)C.O,Application_ds
  COc1ccc([C@@H]2C(C#N)=C(N)S[C@H]2C(=O)NC(=O)Nc2cc(C(C)(C)C)nn2-c2ccc(C)cc2)cc1.O=CN(C)C,Application_ds
OC1=CC=C(C=C1)C=CC(C=C)C2=CC=C(O)C(OC)=C2.N#CC,Application_ds
O=C(O)CCCCC(C)C.N#CC,Application_ds
O=C1OC2=CC=C(OC(=O)N(C)C)C=C2C(=C1C=3C=C(OC)C=CC3OC)C.CCO,Application_ds
Clc1nccc(C2CC2)n1.O=CN(C)C,Application_ds
c1ccc(C(c2ccccc2)N2CCNCC2)cc1.CO,Application_ds
CCOC(=O)c1ccc(N2CCCC2)s1.N#CC,Application_ds
O=C(OC1=CC=C(C=C1)[NH+]([O-])O)C2(C)CCCC3(C)C4C(=CC(=CC4)C(C)C)CCC23.N#CC,Application_ds
CCOC(=O)C1(C(C#N)N[C@@H](CC)c2ccccc2)CC1.CC1=CC=CC=C1,Application_ds
O=C(O)C=C(C)CCC1(C)C(C)C(OC(=O)C)C(OC(=O)C(=CC)C)C2(C(=CCCC21)C)C.CC1CCCO1,Application_ds
Cc1csc(CC#N)n1.CC(C)=O,Application_ds
NC(CCCc1ccccc1)CCCc1ccccc1.CC(C)=O,Application_ds
O=CC1CCC2CC2C1.O=CN(C)C,Application_ds
Nc1nccn2c([C@@H]3CCCCN3)nc(-c3ccc(C(=O)Nc4ccon4)cc3)c12.O=CN(C)C,Application_ds
  CCOC(=O)c1cc(CC)sc1Nc1c(Nc2c(C)cc(C)cc2C)c1=O.CC(OCC)=O,Application_ds
  COC(=O)[C@H](CC(C)C)Nc1c(NCc2ccc(F)cc2)c(=S)c1=S.N#CC,Application_ds
O=C(O)C1=CC(O)=C2C3=C1C(C=C(C)C)CC(C)C3CCC2C.CC1CCCO1,Application_ds
ON=Cc1ccc2c(c1)OC(F)(F)O2.CO,Application_ds
O=C(NCCC(=O)N1CC=2C=3C=C(Cl)C=CC3NC2CC1)C4=CC(OC)=C(OC)C(OC)=C4.CC1CCCO1,Application_ds
OCC1OC(OCC2OC(OC(C)(CCC=C(C)C)C3CCC4(C)C3CCC5C6(C)CCC(OC7OC(CO)C(O)C(O)C7OC8OC(CO)C(O)C(O)C8O)C(C)(C)C6CCC54C)C(O)C(O)C2O)C(O)C(O)C1O.CC(OCC)=O,Application_ds
O=C(C[N+]12CCC(CC1)[C@@H](OC(=O)C(c1ccc(Cl)cc1)N1CCCCC1)C2)c1ccccc1.CCO,Application_ds
C=1C=C2CCCCCCC=CCC[NH+]3C=CC=C(CCCCCCC=CCC[NH+]4C=CC=C(CCCCCCC=CCC[NH+](C1)C2)C4)C3.O,Application_ds
CN([C@@H]1CN(C(=O)OC(C)(C)C)C[C@H]1SC(C)(C)C)S(=O)(=O)c1ccc(Oc2ccccc2)cc1.CO,Application_ds
C[C@H](NC(=O)OC(C)(C)C)C(=O)Nn1cccc1C(=O)NC1CC1.CC1=CC=CC=C1,Application_ds
CC1(C)CCC(C)(C)c2cc(CO)ccc21.CC(C)=O,Application_ds
C=C(C)C(=O)OCCCCC#Cc1ccc2c3ccc4c5c(ccc(c6cccc1c62)c53)C(=O)N(c1c(C(C)C)cccc1C(C)C)C4=O.CC(C)=O,Application_ds
O=C1OC2(C(=O)NC3CC(NC(C)(C)C3)(C)C)CCC1(C)C2(C)C.CC(OCC)=O,Application_ds
  Cc1cccc(Nc2c(NC[C@@H]3C[C@@H]4C[C@H]3[C@H]3[C@H]5C=C[C@H](C5)[C@@H]43)c(=O)c(=O)c2=O)c1N1C(=O)CC(c2ccccc2)(c2ccccc2)C1=O.CO,Application_ds
  CN(C)C(=O)[C@@H](NS(=O)(=O)NCc1ccc(Cl)cc1)C(C)(C)C.CO,Application_ds
O=S(=O)(c1cccc(C(F)(F)F)c1)n1ccc2c(Br)cccc21.N#CC,Application_ds
CCOC(=O)c1ccc(C2=CCCc3ccccc32)cc1.O=CN(C)C,Application_ds
COC(=O)c1cc(Br)cc(CO)c1.O,Application_ds
CCC(CC)C(Nc1ccc(C(=O)O)cc1)c1oc2ccc(OC)cc2c1C.CC(OCC)=O,Application_ds
CC1(C)OB(c2ccc(-c3cnc(N)nc3)c(F)c2)OC1(C)C.CC(C)=O,Application_ds
O=C(OC1CC2C(=COC(OC(=O)CC(C)C)C2C1(O)COC(=O)CC(C)C)COC(=O)CC(C)C)C.O=CN(C)C,Application_ds
COC(=O)[C@H](CC(C)C)NC(=O)[C@@H](N=O)C(C)C.CC1CCCO1,Application_ds
  COc1ccc(C(=O)NCCNc2c(Nc3cc(-c4ccccn4)cc(-c4ccccn4)c3)c(=S)c2=S)cc1.CC1CCCO1,Application_ds
Cc1cnc(N2CCC(NC3CC3)CC2)cn1.CC1=CC=CC=C1,Application_ds
CCc1nc2c(cc1COCC1CC1)C[C@@H]1CN(C(=O)OC(C)(C)C)C[C@@H](C)N21.CC1CCCO1,Application_ds
O=C(NC1CCC(C(=O)O)CC1)OCc1ccccc1.N#CC,Application_ds
O=C1C2=C3CCC4C5(C)CC6(C=7C=C(O)C=C(C7)CNC)C(=O)C8(C)CCCCC(O)(C)CNC(CC6)(CC4(C(CO)CCC9CCCC%10CCC(C(O)C%11OC%11(C)C%12CCCC%12C=%13C=C(N)C=C(C%13)CC(C)C)C2C9%10)C3(C)C1)C85.CC1=CC=CC=C1,Application_ds
COc1cc(F)ccc1B(O)O.CC1CCCO1,Application_ds
O=C1CCCC(=NNc2ccccc2)C1.CCO,Application_ds
O=C(c1ccnc(Br)c1)N1CCOCC1.O,Application_ds
O=c1[nH]c2ccc([C@@H]3CC[C@@H](NCCCc4ccc(Cl)cc4F)CC3)cc2o1.CO,Application_ds
CCC(Cl)C(=O)Cl.CC1CCCO1,Application_ds
OCCOCCO.CC(OCC)=O,Application_ds
O=C(OC)C(NC(=O)C1C=2C=CC=CC2C(=O)N(CCCC)C31CCCCC3)C.CC(OCC)=O,Application_ds
OC1CCC2(C)C3C(=C4CCC(C(C)CCC(C)C(C)C)C4(C)CC3)CCC2C1.N#CC,Application_ds
O=C(OC)C1=CNC=2C=C(Br)C(Br)=CC21.CC1CCCO1,Application_ds
CON(C)C(=O)c1ncc(Cl)cc1NS(=O)(=O)c1ccc(Cl)c(C(F)(F)F)c1.O=CN(C)C,Application_ds
  O=C(Nc1c(Nc2c(F)cc(F)cc2F)c(=O)c(=O)c1=O)c1ccccn1.CO,Application_ds
O=C(O[Si](C)(C)C)C=CC1=CC=C(O[Si](C)(C)C)C(O[Si](C)(C)C)=C1.CCO,Application_ds
CC(=O)c1ccc2ncccc2c1.CCO,Application_ds
O=C(S)C(=CC(N(C(=O)C(NC(=O)C1[NH+](C)CC2=C(C=3C=CC=CC3N2C)C1(C)C)C(C)(C)C)C)C(C)C)C.CC1CCCO1,Application_ds
COC(=O)c1cc(NC(=O)c2cc3ccccc3cc2NC(=O)Nc2c(C)cc(C)cc2C)cc(C(=O)OC)c1.CC1CCCO1,Application_ds
COC(=O)C1Cc2ccccc2N1.CC(OCC)=O,Application_ds
CC(C)(C)c1cc(N=C=S)ccc1C#N.CC(OCC)=O,Application_ds
N#Cc1c(SCC(N)=O)ncnc1-c1cccc(NC(=O)Nc2ccc(C(F)(F)F)cc2)c1.O=CN(C)C,Application_ds
NC1CCN(Cc2ccccc2)CC1.O,Application_ds
O=C(O)C1=CC2C(C(=C)CCC2C(C(=O)O)C)CC1.O,Application_ds
COc1ccc(Cc2cn(CCCC(C)C)c3c(Cl)nc(N)nc23)cc1OC.CC1=CC=CC=C1,Application_ds
CCSc1ccnc(C2=Cn3c(nc4ccccc43)S2=O)c1C.O,Application_ds
  CCCCCOC(=O)Nc1c(NC(=O)c2cccc(OC)c2)c(=O)c1=O.CC1CCCO1,Application_ds
O=C(O)CCC(=O)c1cccs1.N#CC,Application_ds
O=C(OC1=CC=C2C(=O)C(OC2=C1)=CC3=CC(OC)=C(OC)C=C3OC)C4CCCCC4.CC1CCCO1,Application_ds
COC1=CC=C(C[C@@H](C)NC[C@H](O)C2=CC(NC=O)=C(O)C=C2)C=C1.O=CN(C)C,Application_ds
Cc1cncc(B(O)O)c1.O=CN(C)C,Application_ds
COc1c(F)cccc1CCl.O,Application_ds
O=C1NCC(Cc2ccccc2O)O1.CO,Application_ds
CCOC(=O)c1c(B2OC(C)(C)C(C)(C)O2)cn(COCc2ccccc2)c1C=O.O=CN(C)C,Application_ds
CCOC(=O)C1(C(N)C#N)CC1.O=CN(C)C,Application_ds
COC(=O)c1cnc(N2CCc3[nH]c4cc(Br)ccc4c3C2)nc1.CC(C)=O,Application_ds
O=C(N)CCC(NC(=O)C(NC(=O)CC(O)CCCCCCCCC)CC(=O)N)C(=O)NC(C(=O)N)CC(C)C.O,Application_ds
COC(=O)C1=C(C=CC(OC2=C(Cl)C=C(Cl)C=C2)=C1)[N+]([O-])=O.N#CC,Application_ds
O=C(OC)CCCCCCCCCCCCC.N#CC,Application_ds
O=C1C=C2C(=CC=C1NC(C(=O)NCCCC3=NN=C4C=CC=CN43)C)C5=C(OC)C(OC)=C(OC)C=C5CCC2NC(=O)C.O=CN(C)C,Application_ds
OC1=CNC=C2N=CN=C12.CC1CCCO1,Application_ds
O=C(OC1CCC2(C)C(CCC3(C)C2CC=C4C5CC(C)(C)CCC5(C(=O)OC6OC(CO)C(O)C(O)C6O)CCC43C)C1(C)CO)C7OC(O)C(OC8OC(CO)C(O)C(O)C8O)C(O)C7O.N#CC,Application_ds
  CCNC(=O)c1cc(Nc2c(Nc3ccccc3NS(=O)(=O)c3ccccc3)c(=S)c2=S)ccc1OC.CO,Application_ds
O=[N+]([O-])c1cccc(/C=C/c2ccccc2)c1.CC1=CC=CC=C1,Application_ds
  C=CCC1(CC=C)C(=O)N=C(NC(=O)NP(=O)(N(C)C=O)N(CCCl)CCCl)NC1=O.O,Application_ds
CN1CCN(c2n[nH]c3cc(C(=O)[O-])ccc23)CC1.CC1CCCO1,Application_ds
O=C(OCC(=CC=C)C1=CC(OC(=O)C)CCC1=O)C.CCO,Application_ds
CCC[C@@H](CO)Nc1nc(N)nc(C)c1Cc1ccc(C(=O)OCCCCN(C)C)cc1OC.CC(OCC)=O,Application_ds
COc1cc(C(=O)c2c[nH]c3nc(C)ccc23)cc(OC)c1OC.O=CN(C)C,Application_ds
OCC(O)CCCCCCCCCCCCCCCCCCCC(C)C.N#CC,Application_ds
N#CCc1cccc(NC(=O)c2cccc(-c3ccccc3)n2)c1.CC1=CC=CC=C1,Application_ds
CC1CCN(C2C3=CC(OC3=O)C3C(CC4(C)OC4C2O)OC(=O)C3C)CC1.CC(OCC)=O,Application_ds
OC1CCC2(C3=C(C4=CCC(C(C)CCC(=C)C(C)C)C4(C)CC3)CCC2C1C)C.CC(OCC)=O,Application_ds
CCN(Cc1nnc2n1-c1ccc(F)cc1C(c1ccccc1F)=NC2)CC1CC1.CC1CCCO1,Application_ds
O=C1CCC(O)(c2cncs2)CC1.CC(C)=O,Application_ds
O=C(OC1CC(OC2C1CCC3C#CC4C5OC6=CC(=CC=C6O)CC32CC#CC7CCCCC7NC(O)C89CCC%10=C%11C=CNC%11=CN%10C9N=C(NCC%12(CC=%13C=C(N)NCC%13)CCCC%12CNC)NC48CCC5)C%14=CC(O)=C(O)C(OCCC=%15C=NC=CC%15)=C%14)C.CC(OCC)=O,Application_ds
CCOC(=O)Cc1ccc(OC)c(Oc2ccc(N)cc2CN(CC)C(=O)C2CC2)c1.O=CN(C)C,Application_ds
O=C(OCC1CCCN2CCCCC21)C=CC3=CC=C(OC4OC(C)C(O)C(O)C4O)C(OC)=C3.O=CN(C)C,Application_ds
O=C1C=C2C(CCC3(CO)C4CC(CSSCC(N5C=NC=C5)CC(C(=C)CC(O)C4C)(C)C)C23O)C6(C)CC(O)C(O)CC16.CC(C)=O,Application_ds
O=C1OC2=CC=C3C=CC=CC3=C2C(=C1)CN4CCN(CC=CC=5C=CC=CC5)CC4.N#CC,Application_ds
COc1cc(-c2nc3sccn3c2-c2ccnc(N[C@@H]3CCCNC3)n2)ccc1F.CC(C)=O,Application_ds
COc1ccc(C[C@H](NC(=O)c2c(C)[nH]c3c(-c4c(OCC5CC5)ccc5c4OCO5)ncnc23)C(=O)N2CCC(N3N=C(c4ccc(OC)c(OC)c4)[C@H]4CCCC[C@H]4C3=O)CC2)cc1.O,Application_ds
O=S(=O)(O)OC1CC2C(OS(=O)(=O)O)CC3C(=CCC4(C)C(CCC34C)C(C)CCC(=C)C(C)(C)C)C2(C)CC1OS(=O)(=O)O.CC(C)=O,Application_ds
N#Cc1ccc(C2(F)CCNCC2)cc1.N#CC,Application_ds
CC1(c2ccccc2)NCCc2ccccc21.N#CC,Application_ds
N=1N=C(OC1C=2C=CC(=CC2)C)CC3C(=CC(CNCCN4CCOCC4)C(C3)C(C)C)C.O=CN(C)C,Application_ds
CCCCCc1ccc(-c2ccc(O)c(F)c2F)cc1.CC(OCC)=O,Application_ds
CN(CCCCCCC1=C(c2cccc(O)c2)CCCc2cc(O)ccc21)CCCCS(=O)CCCC(F)(F)C(F)(F)F.CC(OCC)=O,Application_ds
Cc1cc(-n2cc(C#Cc3ccnc(Cl)c3)nc2C)ccc1F.CO,Application_ds
O=C1N(CC=2C=NC=CC2)C(CO)C(OC1)C3=CC=C(C=C3)NS(=O)(=O)CC=4C=CC=CC4.O,Application_ds
COc1ccc(-c2cn(CCN3CCCCC3)nc2OCc2ccccc2)cc1.CC1CCCO1,Application_ds
CSc1cc(-c2cncnc2Cl)ncn1.CC1CCCO1,Application_ds
  Fc1cc(F)c(F)c(Nc2c(NC(c3ccccc3)(c3ccccc3)[C@@H]3CCCN3Cc3ccccc3)c(=S)c2=S)c1F.O,Application_ds
O=C(O)C=Cc1cnc2[nH]c(=O)cc(O)c2c1.CC(C)=O,Application_ds
O=C1OC=2C=3OC(C4=CC(OC)=C(O)C(OC)=C4)C(OC3C(OC)=CC2C=C1)CO.CC(OCC)=O,Application_ds
OCCC1=CC=C(OCC(O)C(=C)C)C=C1.CC(OCC)=O,Application_ds
N=C(NC)NC1CSSCC2C(N)CC3CC(CCC=4OC(=CC4CO)CCC5=CC=C(O)C(OCC(O)C6=CC7=C(N6)CCC8CCCC8C7CNCC(O)C)=C5)CCC2C3CCC1C.N#CC,Application_ds
FC=1C=CC(=CC1)C=2N=C(NC2)C3N(CC4=NC=CN4)CCOC3.CC1=CC=CC=C1,Application_ds
O=C(OC(CO)COC(C(=O)O)C)CCCCCCCC=CCCCCCCCC.CO,Application_ds
OC1=CC=C(C=C1OC2CCCCC2CCN=C(N)N)C3OC4=CC(OC)=C5C6=CC(=C(O)C=C6CC(C5=C4CC3O)C7C=CC(CCO)C(C7)C(C)CCCCC)CC(C)C.CC1CCCO1,Application_ds
  CCC(=O)NC(=O)NC(=O)CCC(C)C.O,Application_ds
Cc1cc(OCC2CCN(C(=O)OC(C)(C)C)CC2)cc(OS(=O)(=O)c2ccccc2)c1.CO,Application_ds
OC=1C=C2C(=C(C1O)C)CC(O)C3CC(C=C)(C)CCC23C.N#CC,Application_ds
[N-]1[C]2[CH][CH][CH][CH][C]2[C]3[CH][C](C)[NH+]4[C]([C]13)CCNC4C.CCO,Application_ds
C[C@H]1CCc2c(ccc(Br)c2O)N1C(=O)C1CC1.O=CN(C)C,Application_ds
COC(=O)C1CCN(C2CCCCC2)C1=O.O,Application_ds
O=C1C=CC(=O)C2=C(O)C(=CC(O)=C12)C(OC(=O)C)CC=C(C)C.CC(OCC)=O,Application_ds
O=C1OC(C2=COC=C2)CC3(O)C(C)CCC4(O)C13C(=O)CCC4(C)C.CCO,Application_ds
O=C1CC2CCCC(C1)N2C1CC1.CO,Application_ds
Cc1ccc(C)c(C#N)c1.CCO,Application_ds
CCN(CC)CCCNC(=O)/C(=C/C=C/c1cc2ccccc2o1)OC.CC(C)=O,Application_ds
OC1C(O)C(OCC2OC(OC3CC4=CCC5C(CCC6(C)C5CC7OC8(OCC(C)CC8)C(C)C76)C4(C)CC3)C(O)C(O)C2OC9OC(C)C(O)C(O)C9O)OC(C)C1O.O,Application_ds
CCCCCCCNCC.O=CN(C)C,Application_ds
OCC1=CC(C)C2CC(C)(C)CC2C(O)C1CO.CCO,Application_ds
Cc1csc(N)n1.CCO,Application_ds
CCOC(=O)CCCCCCN1CC=Cc2nc(-c3ccc(C)cc3)c(-c3ccc(C)cc3)nc21.CC(C)=O,Application_ds
BrC1=CC=C(C=C1)C(C=2SC(=CC2)C)C=3SC(=CC3)C.CC1=CC=CC=C1,Application_ds
Nc1c(I)c(C(=O)O)c(I)c(C(=O)O)c1I.CO,Application_ds
Cc1ccc(C(COC(C)C)NC(=O)Cc2ccc3oc(C(O)c4c(C)noc4C)cc3c2)c(C)c1.N#CC,Application_ds
O=C1OC2C(C1=C)CCC(C)C3CC(=O)C(=O)C23C.CC1=CC=CC=C1,Application_ds
COC(=O)Cc1cccc(-c2c(CNCCCN3CCCC3=O)cccc2OC)c1.CC(C)=O,Application_ds
O=C(NCCC[NH+](C)C)CO[C]1[CH][CH][C]2[C]([C]3[CH][CH][NH2+][C]4[C]5[CH][CH][CH][CH][C]5C(=O)N2[C]34)[C]1CC=C.CC(OCC)=O,Application_ds
O=C1CN(c2cccc(-n3cc(-c4ccc(Cl)cc4Cl)nc3Cc3ccc(-c4ccc(Br)cc4)cc3)c2)S(=O)(=O)N1.O=CN(C)C,Application_ds
O=C(OCC(OC(=O)CCCCCCCC=CCCCCCCCC)COP(=O)(O)OC1C(O)C(O)C(O)C(O)C1O)CCCCCCC=CCC=CCC=CCCCCC.CC(C)=O,Application_ds
CCCOCCCNCc1ccc(-c2cc(C(N)=O)c3[nH]cc(C4CCN(S(=O)(=O)CC)CC4)c3c2)s1.N#CC,Application_ds
OC=1C2=C(OC3(OCC(C)C3C2)C)C4=C(OC5(OCC(C)C5C4)C)C1C6(OCC(C)C6)C.CO,Application_ds
Cc1cccc(F)c1C(=O)Nc1ccccc1.N#CC,Application_ds
O=C1OC(C2=COC=C2)C3(C=4C(=CCC3)CC5(O)C(=O)C(C)(C)C6CC(=O)OC6(C)C5(O)C14)C.CC(C)=O,Application_ds
O=C1OCC(C)C2C(O)CC(C)C2COC(=O)CC3C1=COC(OC4OC(CO)C(O)C(O)C4O)C3=CC.N#CC,Application_ds
O=C(Cc1ccc(OC2CCNCC2)cc1OCC(F)(F)F)N1CCC(N2C(=O)OCc3ccccc32)CC1.O=CN(C)C,Application_ds
  CC(C)c1cc(C(C)C)c(C(Nc2c(Nc3ccc(C(N)=O)cc3)c(=S)c2=S)c2c(C(C)C)cc(C(C)C)cc2C(C)C)c(C(C)C)c1.O,Application_ds
CCN1CC(C)(C)OC(=O)C1CC(=O)O.CC1=CC=CC=C1,Application_ds
Nc1ccc(C(=O)N2CCCC2)c(Cl)c1.CC(C)=O,Application_ds
COC(=O)Cc1ccc(-c2cccc(C=O)c2)cc1.CC1CCCO1,Application_ds
O=C1C2=CC=C(C(O)=C2OC3=C(O)C=C(C(O)=C13)C(C=C)(C)C)CC=C(C)C.O=CN(C)C,Application_ds
CCOC(=O)c1c(C#Cc2ccccc2)csc1N.CC(OCC)=O,Application_ds
C1=CC=C2C(=C1)C=C(C(=C2N=NC3=CC(=C(C=C3)Cl)S(=O)(=O)[O-])[O-])C(=O)O.[Mn+2].CC(C)=O,Application_ds
CCOC(=O)[C@@H]1O[C@H]1C(=O)NC(CC(C)C)c1ccccc1.CO,Application_ds
CN1CCC(Sc2ncccc2C(=O)O)C1.CC(OCC)=O,Application_ds
COc1ccc(C[C@H](N)C(=O)N[C@@H](Cc2ccccc2)C(=O)[C@]2(C)CO2)cc1OC.CC1CCCO1,Application_ds
S=C=NC1(C)CCC(O)(C2=CC(O)(C)CCC21)C(C)C.CO,Application_ds
C[C@@H](N)c1ccc(F)cc1.O,Application_ds
CC(C)(C)OC(=O)NCCCN(CCc1ccccn1)C(=O)OC(C)(C)C.CC(OCC)=O,Application_ds
O=C1OC=2C=C3OC(=C(C3=CC2C(=C1CCC(=O)NC(C(=O)NC(C(=O)O)CC4=CNC=5C=CC=CC54)C)C)C)C.N#CC,Application_ds
CC(C)(C)OC(=O)N1CC[C@H](N)C1.O,Application_ds
Cc1nc2ccccc2n1C1C[C@@H]2CC[C@H](C1)N2CCC1(c2cccc(F)c2)CCN(C(=O)C2(N)CCCC2)CC1.CC(OCC)=O,Application_ds
COc1ccc(Nc2cc(Cl)nnc2C(N)=O)nc1C(C)C.O=CN(C)C,Application_ds
CCC(=O)N1CC2CN(C(=O)c3ccc(Br)cc3)CC2C1.CO,Application_ds
CCOC(=O)COc1ccc([N+](=O)[O-])cc1.O=CN(C)C,Application_ds
CNC(=O)n1ncc2cc(-c3cnc4[nH]cc(C(=O)c5c(F)ccc(NS(=O)(=O)c6cc(F)ccc6F)c5F)c4c3)ccc21.O,Application_ds
  CCOC(=O)[C@H](Cc1ccccc1)Nc1c(N[C@@](C)(CCC=C(C)C)[C@H]2CC=C(C)CC2)c(=S)c1=S.CCO,Application_ds
CCCCCCCCCCCCOC(=O)NS(=O)(=O)Cl.CC1CCCO1,Application_ds
OCC1OC(OC23CCC(OC2(C)C)(C)CC3)C(O)C(O)C1O.CC1CCCO1,Application_ds
COC(=O)CCC(C(N)=O)N1Cc2c(OCc3ccc(CBr)cc3)cccc2C1=O.CO,Application_ds
CN(c1ccc([N+](=O)[O-])cn1)[C@H]1CCN(C(=O)OC(C)(C)C)C1.CCO,Application_ds
O=C(Nc1ccnnc1)Oc1ccccc1.CC1=CC=CC=C1,Application_ds
O=C1C2=CC=C(OCC=3C=CC=CC3)C=C2OC(=C1C=4C=CC=CC4)C.CO,Application_ds
CCOC(=O)c1cnc(N2CCc3ccccc32)nc1NCc1ccc(F)cc1.CC1CCCO1,Application_ds
Cc1cc(N)cnc1Br.O,Application_ds
O=C1OC2=CC(=CC(O)=C2C(=O)C=3C(OC)=CC(O)=CC13)C.O,Application_ds
N=CC1=NOC2=CNC=C12.CO,Application_ds
CC(C)(C)OC(=O)NC[C@@H]1CC[C@@H](CNC(=O)c2c(N)sc3ccccc23)CC1.CC1CCCO1,Application_ds
C=1C=CC2=C(C1)C=CC3=C4C=CC(=C23)CCC5=CC=C(C=C5)CC4.O=CN(C)C,Application_ds
O=C(OCC1OC2OC(C)CCCCCCC=CCCCCCCCC(=O)OC3C(O)C(O)C(OC3COC(=O)C)OC2C(O)C1O)C.N#CC,Application_ds
CC(C)N1Cc2c(NCc3cc4ccccc4cn3)nc(N3CCN(C(=O)OC(C)(C)C)[C@@H](C)C3)nc2C1=O.N#CC,Application_ds
O=CC1(C)C(OC(=O)C(=CC)C)C2C(=C)C(=O)OC2C3C(=CCC31)C.N#CC,Application_ds
COc1nc2ccccc2nc1C(=O)O.O,Application_ds
O=C1OC=C(C=C1)C2CCC3(O)C4(O)CC(OC(=O)C)C5CC(OC6OC(C)C(OC7OC(CO)C(OC8OC(CO)C(O)C(O)C8O)C(O)C7O)C(OC)C6O)CCC5(C)C4CCC23C.O=CN(C)C,Application_ds
Cc1cc(-c2ncnc3c(C(=O)N[C@@H]4CCN(C(=O)OC(C)(C)C)C[C@H]4O)c(C)n(COCC[Si](C)(C)C)c23)c(OCC2CC2)cc1F.CC(OCC)=O,Application_ds
O=C(N1CC2N(CC(O)C2)C3(C1)CN(CC4=CC=C(C=C4)S(=O)(=O)C)C3)C.CC1=CC=CC=C1,Application_ds
OC=1C=2C=CC=CC2C(OC)=CC1CC=C(C)CCC=C(C)CCC=C(C)CCC=C(C)CCC=C(C)CCC=C(C)CCC=C(C)C.CC1CCCO1,Application_ds
CC(N=C=S)C(C)(C)C.CC(OCC)=O,Application_ds
O=C1C(=COC=2C=3OC(C=CC3C=C(O)C12)(C)C)C=4C=CC(OC)=CC4.CC1=CC=CC=C1,Application_ds
O=C1C2=CC=C(O)C=C2C(=O)C=3C(O)=C(O)C=C(O)C13.N#CC,Application_ds
C=CCCN.CC1=CC=CC=C1,Application_ds
O=C(OCC(OC(=O)CCCCCCCC=CCCCC)CO)CCCCCC=CCC=CCC=CCC=CCC=CCC.O=CN(C)C,Application_ds
CC(C)(O)C#Cc1cnc(N2CCC(Oc3cc(F)ccc3Br)CC2)nc1.O,Application_ds
COC(=O)c1ccc(CNC2CCCCC2F)cc1.CC1CCCO1,Application_ds
C[Sn](C)(C)c1cncnc1.CC1=CC=CC=C1,Application_ds
O=C(OC1CC(O)CCC23C#CC4CCCC5(NCCC(OC=6C=C(C(=CC6O)C(O)O)CC41)C5)C7NCC(SSCC8(NC(=N)NC3C=CCC2O)CC9%10CCCC%10C=CC(C9)C%118CCCC%11)CC7)C.CC1=CC=CC=C1,Application_ds
CC(=O)N1CCC(C(=O)N2CC[C@@H](N(C)C(=O)c3cc(C(F)(F)F)cc(C(F)(F)F)c3)[C@H](c3ccc(Cl)cc3)C2)CC1.CC(OCC)=O,Application_ds
CC(C)(C)OC(=O)NC1(c2ccc(-c3oc4ccnc(-c5cn[nH]c5)c4c3-c3ccccc3)cc2)CCC1.CC(OCC)=O,Application_ds
O=C(NC1CCOc2cc(C(=O)O)ccc21)OCc1ccccc1.CC(OCC)=O,Application_ds
O=C(N)C1=CC=C(OCCC(O)N2CC=C(C=3C=CC(F)=CC3)CC2)C=C1.CC(OCC)=O,Application_ds
CCC1NC(=O)C2=CC(=C(Cl)C=C2N1)S(N)(=O)=O.CC1CCCO1,Application_ds
Cc1nnc(CCl)o1.CO,Application_ds
Cc1ccc(S(=O)(=O)OC[C@@](C)(O)C(=O)[C@H](CC(C)C)NC(=O)[C@H](Cc2ccccc2)NC(=O)[C@H](CC(C)C)NC(=O)[C@H](CCc2ccccc2)NC(=O)CN2CCOCC2)cc1.CC1=CC=CC=C1,Application_ds
OCC1OC(OCC2OC(OC3C(O)C(OC4OC(C)C(O)C(O)C4O)C(OC5CC6=CCC7C(CCC8(C)C7CC9OC%10(OCC(C)CC%10)C(C)C98)C6(C)CC5)OC3CO)C(O)C(OC%11OC(CO)C(O)C(O)C%11O)C2O)C(O)C(O)C1O.CC(C)=O,Application_ds
O=C(O)CCC(=O)NC(=O)Cc1ccc(CCCCc2ccccc2)cc1.CC(OCC)=O,Application_ds
Cc1cc(C#N)sc1-c1ccc2c(c1)C(C)(C)OC(C(F)(F)F)N2.CCO,Application_ds
O=C1C=CC2C3CC(CC)CCC3C(CCCO)C4C5(CCCC5)CCC24C6=CC=7OC8(CNC)CC(CC#COC7C(=C6)NC(=NC#CCC9CCCC19CC%10=CC=C(O)C(OC)=C%10)NC)C%11(C=CC%12CC%13CCC(CO)C%13OC%12(O)C%11)C8.CO,Application_ds
O=C1C=C(NC=C1OCC(=O)N2CC=3C=4C=C(OC)C=CC4NC3CC2)C.CC(C)=O,Application_ds
Cc1cccc(C)c1N.CO,Application_ds
O=C(NC1=CC=C(C=C1)C(O)C2N(C(=O)COC2)CC=3C=CC=CC3F)C=4C=CN=C(Cl)C4.CC1CCCO1,Application_ds
O=C1C=C(OC=C1OCC(=O)N2CC3=CC(OC)=C(OC)C=C3CC2C(=O)N)C.O,Application_ds
O=C(C=CC1=CC=C(OC)C(Br)=C1)NC(C(=O)O)CCCNC(=N)N.CO,Application_ds
CCNc1ncc(I)c2cc(Cl)oc12.CC(C)=O,Application_ds
O=C(OC)CN(C)CC(=O)NC1C(CCC(C)C21C=C(C)CC2)C(C)C.N#CC,Application_ds
CC(C)N1CCCC(c2ccc3[nH]c(C(=O)Nc4cc(F)cc(F)c4)cc3c2)C1.CCO,Application_ds
Cc1nc(C)c(Cl)c(N)n1.CC(C)=O,Application_ds
  O=C1c2cccc3cccc(c23)C(=O)N1[C@@H]1CCCC[C@H]1NC(=S)Nc1nncs1.O,Application_ds
CCCc1c(CNC)ccc2ccccc12.O,Application_ds
  COC(=O)Nc1cc(Nc2c(Nc3nc(-c4ccccc4)n[nH]3)c2=O)ccc1C.CC1CCCO1,Application_ds
  COC(=O)[C@]1(Cc2ccc(C(C)(C)C)cc2)CCC[C@@H]1Nc1c(N[C@@H](C)C(C)C)c(=O)c(=O)c1=O.O=CN(C)C,Application_ds
CC(C)[C@@H](C(=O)O)N(C)C(=O)OC(C)(C)C.CC(OCC)=O,Application_ds
O=C(OC1CCC2(C)C(CCC3(C)C2CCC4C5C(C(=C)C)CCC5(CO)C(O)CC43C)C1(C)C)CCCCCCCCCCCCCCCCC.O,Application_ds
Cc1cnn(-c2cnccc2-c2nc3cc(C(F)(F)F)ccc3o2)c1.N#CC,Application_ds
O=C(O)C(N=C(O)C(N=C(O)C(N1C(O)=NC=2C=CC=CC2C1=O)CC3=CNC=4C=CC=CC43)C(C)C)C(O)C.CC1CCCO1,Application_ds
C=CCOC(=O)N(Cc1cccc(-c2ccnc(NCCc3ccc(O)cc3)n2)c1)C(C)(C)C.O,Application_ds
O=C(CCl)c1ccc2c(c1)CCO2.CC(C)=O,Application_ds
OCC1OC(OC(CCC(C)C2CC(O)C3C4CC(O)C5CC(O)CCC5(C)C4CCC23C)C(C)C)C(O)C1O.CCO,Application_ds
O=C1OC2CC3(C(=C(CO)C(O)CC3)CC2C1=C)C.CC1=CC=CC=C1,Application_ds
FC(F)(F)c1ccc(Br)cc1.CO,Application_ds
O=C(O)C1CCCN(c2ccc(F)cc2)C1=O.CCO,Application_ds
O=C1C=C(OC2=C(OC)C(OC)=C(OC)C(O)=C12)C=3C(O)=CC=CC3OC.CCO,Application_ds
O=C(O)C(NC(=O)CCN1C=CC=2C=C(Br)C=CC21)C(C)CC.CO,Application_ds
O=CC1(C)CC2C34OC4CC5C6(C)CCC(OC7OCC(OC8OC(CO)C(O)C(O)C8O)C(O)C7OC9OC(CO)C(O)C(O)C9O)C(C)(CO)C6CCC5(C)C3(C)CC(O)C2(C)CC1OC(=O)C=%10C=CC=CC%10.N#CC,Application_ds
O=C(C1=C(OC)C=2C=CC(OC2C3=C1OC(C)(C)C(O)C3O)(C)C)C.CC(OCC)=O,Application_ds
OC12C3=C4C=CC=CC4=NC=C3C5C(=CC)CN(CC1)C2C5.O,Application_ds
Cn1cc(Cn2ccc(CCc3ccc(Oc4cccc(C(F)(F)F)c4)c(C#N)c3)nc2=O)cn1.CO,Application_ds
O=C(NC1C(O)CC(OC)(OC1C(O)C(O)CO)C(=O)NC2CCC3(C)C(CCC4C5CCC(C(C)CCCC(C)C)C5(C)CCC43)C2)C.CC1CCCO1,Application_ds
COc1ccc(C(=O)CCCCCN2CCC(CNC(=O)c3cc(Cl)c(N)cc3OC)CC2)cc1.CC(C)=O,Application_ds
Cc1cccc2c(=O)[nH]c(Cl)cc12.O=CN(C)C,Application_ds
OCC1OC(OC2CC3(O)C(O)CC4C(CCC5(C)C4CC6OC7(OCC(C)CC7)C(C)C65)C3(C)CC2O)C(O)C(O)C1O.CCO,Application_ds
Oc1ccc(-c2ccc(F)cn2)c(F)c1F.CC1=CC=CC=C1,Application_ds
Clc1ccc(OCCOc2nccnc2Cl)cc1.N#CC,Application_ds
COC(=O)NC1=CC=CC(OC(=O)NC2=CC(C)=CC=C2)=C1.CC(OCC)=O,Application_ds
O=C(C1=C(OC)C(OC)=C2OC=CC2=C1OC)CCC=3C=CC=CC3.O,Application_ds
OCC1OC(OC2CCC3(C)C(CCC4(C)C3CC(O)C5C(CCC54C)C6(OC(CC6)C(O)(C)C)C)C2(C)C)C(OC7OC(C)C(O)C(O)C7O)C(OC8OC(C)C(O)C(O)C8O)C1O.CC1CCCO1,Application_ds
COCCCOc1cc(C(=O)O)ccc1OC.O,Application_ds
OC1CCCCCCCCCCC1.CO,Application_ds
O=C(O)C1OC(OC2CCC3(C)C4CC=C5C6CC(C)(C)CC(=O)C6(C)CCC5(C)C4(C)CCC3C2(C)C)C(OC7OC(CO)C(O)C(OC8OC(CO)C(O)C(O)C8O)C7OC9OC(C)C(O)C(O)C9O)C(O)C1O.CO,Application_ds
NC[C@@H]1C[C@@H]2C[C@@H]2N1C(=O)c1nc(N)sc1-c1cccc(F)c1.CO,Application_ds
CCCS(=O)(=O)Nc1ccc(F)c(B2OC(C)(C)C(C)(C)O2)c1F.CC(OCC)=O,Application_ds
O=C1c2ccccc2C(=O)N1C[C@@H]1C[C@H](SC(c2ccccc2)(c2ccccc2)c2ccccc2)CN1C(=O)OCc1ccc([N+](=O)[O-])cc1.O,Application_ds
COc1cccc(Cl)c1-c1cc2ccc(NC(=O)C(F)(F)F)cc2[nH]1.CC(C)=O,Application_ds
O=C(CCl)NCC#Cc1ccc2ncnc(Cl)c2c1.O,Application_ds
CCCCn1c(=O)n(Cc2ccccc2F)c(=O)c2[nH]c(Cc3ccc(NS(=O)(=O)C=Cc4ccccc4)cc3)nc21.O,Application_ds
O=C(OC1C(O)C2C34CC(=C)C1C4C5[NH+]([O-])CC6(C)CCCC52C6CC3)C(=CC)C.CO,Application_ds
O=C(N[C@@H]1CC[C@H](n2c(=O)c3cc(F)cnc3n(-c3cccc(-c4ccc(O)cc4CN4CCOCC4)c3)c2=O)CC1)c1cn2cc(F)ccc2n1.CC1=CC=CC=C1,Application_ds
CCOC(=O)CCBr.O,Application_ds
O=C(OCC1OC(OC2CC3(C)C(CC(O)C4C(CCC43C)C(O)(C)CCC=C(C)C)C5(C)CCC(O)C(C)(C)C25)C(OC6OCC(O)C(O)C6O)C(O)C1O)C.CC1=CC=CC=C1,Application_ds
Cc1noc(C)c1-c1cc(N)c(N)c(I)c1.CC(OCC)=O,Application_ds
O=C1Nc2cc(Cl)c(F)cc2/C1=C/c1cccc(Cl)c1.O,Application_ds
C=C1CCC2C(=C)CCC(C(C)C)C2C1.CO,Application_ds
  CCCCCC(=O)Nc1c(Nc2ccc(N(c3ccc(OC)cc3)c3ccc(OC)cc3)cc2)c(=O)c1=O.CC(C)=O,Application_ds
O=C(Cl)c1ccco1.CC(C)=O,Application_ds
O=CCCCc1ccccc1.O=CN(C)C,Application_ds
COC(=O)C=Cc1ccc(I)cc1.O=CN(C)C,Application_ds
O=C1OC2CC(O)(N1)C(OC)C=CC=C(C)CC3=CC(OC)=C(Cl)C(=C3)N(C(=O)CC(OC(=O)C(N(C(=O)CC)C)C)C4(OC4C2C)C)C.CC1=CC=CC=C1,Application_ds
CCCCC(O)c1cccc(-c2ccc(C(F)(F)F)cc2)n1.CO,Application_ds
CC(=O)OCC1=C(C(=O)O)N2C(=O)C(N)C2SC1.CC1=CC=CC=C1,Application_ds
CCCc1cc2cc(OC)ccc2c(Oc2ccc(/C=C/C(=O)OCC)cc2)c1-c1ccccc1.N#CC,Application_ds
O=C(OCCCC1=CC(OC)=C2OC(=CC2=C1)C=3C=CC=4OCOC4C3)C=5C=CC=CC5.CC(OCC)=O,Application_ds
CSc1nc(CS(C)(=O)=O)cc(N2[C@@H](C)COC[C@H]2C)n1.CCO,Application_ds
CC[C@H]1C[C@@H](NC(=O)O[C@@H](C)c2ccccc2)c2nc(OC)ccc2N1.N#CC,Application_ds
NNc1ccc(C(=O)O)cc1.CC1=CC=CC=C1,Application_ds
CC1(C)OC(C(F)(F)F)Nc2ccc(Br)cc21.CC(C)=O,Application_ds
O=C(OC1=CC=C2C(OC(=CC=3C=CC=CC3OC)C2=O)=C1)C4=C(OC=5C=CC(OCC)=CC54)C=6C=CC=CC6.O=CN(C)C,Application_ds
O=C1C=C2C(CC=C3C(CCC23C)C4(OC(OC4CCC(O)(C)C)(C)C)C)C5(C)CC(O)C(O)CC15.CC1CCCO1,Application_ds
OC=1C=C2C(=CC1OC)NC=3C=C(OC)C=CC32.CCO,Application_ds
CCOC(=O)c1c(C)nc2ccc(NCCCN3CCC(OC(c4ccccc4)c4ccccc4)CC3)nn12.O,Application_ds
CC(=O)N(C1CCCCC1)C1CCN(CCC(CN(C)C(=O)c2ccccc2)c2ccc(Cl)c(Cl)c2)CC1.N#CC,Application_ds
COc1ccc([N+](=O)[O-])c(O)c1.CC(OCC)=O,Application_ds
  Cc1cccc(C(=O)Nc2c(Nc3ccc(F)c(F)c3F)c(=S)c2=S)c1.CCO,Application_ds
C[C@H]1C(=O)N2C(CN1C(=O)OCc1ccccc1)OC[C@@H]2CC(=O)O.CO,Application_ds
O=Cc1csc2ccc(Cl)nc12.O=CN(C)C,Application_ds
O=C1C=CC2(CCC(CSSCC3=CC4=C(C#CCC5=NC=C[C-]5C(=O)CC4C6=CC(=CC=C6O)CCOC7=CC(=CC=C7O)CC1)C=C3C(N)N)C2)CCC8(CCCC8)CC(O)CO.CC1CCCO1,Application_ds
O=C([O-])CCC(=O)CNC(=O)OCc1ccccc1.O,Application_ds
COC(=O)[C@H](OC(=O)CBr)c1ccccc1.CC(OCC)=O,Application_ds
O=C1CC2(C)CC3CC3(C)C(O)C2C4C(CCC14C)C(C)C.CC1=CC=CC=C1,Application_ds
O=C(OC=1C=CC2=NC=3C4=CC5=C(C(=O)N4CC3C(=C2C1)CC)COC(=O)C5(O)CC)N6CCC(N7CCCCC7)CC6.CC1CCCO1,Application_ds
COc1ccc(NCCN)cn1.O=CN(C)C,Application_ds
CCOC(=O)C1=NN(C(=O)C1N=NC2=C(C=C(C=C2)C3=CC(=C(C=C3)N=NC4C(=NN(C4=O)C5=CC=CC=C5)C(=O)OCC)Cl)Cl)C6=CC=CC=C6.CC(OCC)=O,Application_ds
Cc1cccc(-n2nnnc2SCC(=O)O)c1C.N#CC,Application_ds
O=C1OCC(=C1)C2CCC3(O)C4C(O)CC5CCCCC5(C)C4CCC23C.CCO,Application_ds
CC1(C)OB(c2ccc(NC(=O)Nc3ccon3)cc2)OC1(C)C.CC(OCC)=O,Application_ds
CCOC(=O)c1ccc(C2CC2)c(O)n1.O=CN(C)C,Application_ds
O=C1C=C(OC2=CC(O)=CC(=C12)CC(=O)OCC)CCCCCCC.O=CN(C)C,Application_ds
CC(C)(C)OC(=O)N[C@H]1CCNC1.O=CN(C)C,Application_ds
OC(C)C1(O)CCC2(O)C3(O)C=CC4(O)CC(OC5OC(C)C(OC6OC(C)C(OC7OC(C)C(OC8OC(C)C(O)C(OC)C8O)C(OC)C7)C(OC)C6)C(OC)C5)CCC4(C)C3CC(O)C12C.N#CC,Application_ds
O=C(C1=C(O)C=C(O)C2=C1OC(C3=CC=C(O)C=C3)C(O)C2)CCC4=CC=C(OC)C=C4.CCO,Application_ds
CCC1(CCN2CCN(C)CC2)OCCc2cc(OC)c(OC)cc21.O=CN(C)C,Application_ds
N[C@@H]1CCc2ccccc2N(Cc2ccc(-c3ccccc3-c3nnn[nH]3)cc2)C1=O.O,Application_ds
O=C1C=2C=C(OCC(=O)NCC=3OC=CC3)C=CC2N=C4N1CCC4.CCO,Application_ds
CC(C)(C)OC(=O)N1CCC(Cn2ccc3cc(Nc4ncnc5ccn(CCOC(=O)c6ccccc6)c45)ccc32)CC1.CC(C)=O,Application_ds
CCCNC(=O)c1ccccc1N.CO,Application_ds
COc1ccc(C2=NN(C3CCN(C(=O)[C@H](Cc4cccnc4)NC(=O)c4c[nH]c5c(-c6c(OCC7CC7)ccc7c6OCO7)ncnc45)CC3)C(=O)[C@@H]3CCCC[C@H]23)cc1OC.O=CN(C)C,Application_ds
O=C(O)C=1C=CC=CC1C(=O)NC2COC3C2OCC3N4N=NN=C4C=5C=CC=CC5.CC1=CC=CC=C1,Application_ds
O=C(OC)C12C(=O)C=C(C3C=4C(=O)C5(C(=O)OC)C(C)CCC5(C)C(C4CCC3)C)C(C)C2(C)CCC1C.O=CN(C)C,Application_ds
O=C(C=CC1=CC(OC)=C(O)C=C1CC2=CN=C(N)C=C2CCC=3C=CC=C(C3)CCC=4C=CC=CC4)CC(=O)CCCCCC5C(NC)CCC6CNCCC65.CO,Application_ds
O=C(O)C=CC=1C=CC=C(O)C1.CC(OCC)=O,Application_ds
O=C1OC(C(=CCC)C)=C(C=C1C)CO.CO,Application_ds
CC1Cc2c(ncnc2Oc2ccc3c(ccn3C(=O)Nc3cccc(C(F)(F)F)c3)c2)CN1.CC(OCC)=O,Application_ds
O=C1C=2C(Br)=C(O)C(Br)=C(OC)C2C(=O)C3=C(O)C(Br)=C(C(Br)=C13)CC(OS(=O)(=O)O)CCC.CCO,Application_ds
CC(=O)N1c2ccc(-c3cn(CCO[Si](C)(C)C(C)(C)C)nn3)cc2[C@H](Nc2ccc(C)cn2)C[C@@H]1C.O=CN(C)C,Application_ds
NC(Cc1ccc(CC(F)(F)C(F)(F)F)cc1)C(O)c1cccc(Cl)c1.CC(OCC)=O,Application_ds
O=C(NCC)C(C(=O)C)=C(O)CCCCC.CC(C)=O,Application_ds
O=S(=O)(NC1CN(C)C(C2=NC(=NO2)C)C1)C=3C=CC=CC3.O=CN(C)C,Application_ds
CC(C)(C)OC(=O)NCCCCO.CC1=CC=CC=C1,Application_ds
Oc1ccc(Br)c(F)c1.O=CN(C)C,Application_ds
O=C(O)COc1ccccc1.CC1=CC=CC=C1,Application_ds
C[C@@H]1CN(c2cc3c(cn2)OCC(=O)N3)[C@H](c2ccccc2)CO1.CC(OCC)=O,Application_ds
C#CC1(CO)CC1.CCO,Application_ds
CS(=O)(=O)OCc1ccc(-c2cc3nccc(Oc4ccc(NC(=O)NC5CC5)cc4F)c3s2)nc1.CC1=CC=CC=C1,Application_ds
O=C(O)c1ccc2cc(C(=O)NC(c3cccc(C(F)(F)F)c3)C(F)(F)F)oc2c1.CO,Application_ds
OC1=CC=C(C=2OC(C=CC12)(C)C)C3COC4=CC(O)=C(C(OC)=C4C3)CC=C(C)C.CC(C)=O,Application_ds
Cc1ccc(C(=O)NC2CC2)cc1NC(=O)c1ccc(OCc2ccc(CO)cn2)cc1.O=CN(C)C,Application_ds
Cc1ccc2on(C(c3ccccc3)(c3ccccc3)c3ccccc3)c(=O)c2c1.N#CC,Application_ds
CC(C)(C)OC(=O)Nc1c(F)cccc1C=O.CC1=CC=CC=C1,Application_ds
O=Cc1ccccc1.CC(C)=O,Application_ds
O=C(CC(O)C(CC1=CN=C[CH-]1)CC2=CC=C(O)C(OC)=C2CC=3C=4C=CC=CC4C=CC3CC)C(CC=5C=N[CH+]C5)CC6=CC=C(O)C(OC7CCCC7)=C6.CC(C)=O,Application_ds
Fc1ccc(F)c(C(Sc2ccc(Cl)cc2)c2cc(Cl)ncc2Cl)c1.O=CN(C)C,Application_ds
O=C(N1CC2OC3=NC=CC=C3S(=O)(=O)NC2C1)C4CCCCC4.O,Application_ds
O=C(c1ccccn1)C1CCCCC1.CC1=CC=CC=C1,Application_ds
Cc1ccc(C)c(S(=O)(=O)Cl)c1.CC(OCC)=O,Application_ds
CCOC(=O)c1c(O)c2cc(I)c(Cl)cc2[nH]c1=O.O,Application_ds
O=C(O)CCCC(O)C=CC=CC=CC(O)CC=CCCCC(O)C.CC1=CC=CC=C1,Application_ds
CN[C@H]1CCN(c2ccc(-n3ccc(OCc4ccccc4)cc3=O)cn2)C1.N#CC,Application_ds
CCOC(=O)/C(CC)=C(/C)N.CC(C)=O,Application_ds
CC(C)(C)OC(=O)NNC(=O)C(CCCCl)C1CC1.O,Application_ds
O=C(O)CCC(NC(=O)C=1N=C(C=2NC=3C=CC=CC3C2C1)C(OC4OC(CO)C(O)C(O)C4O)C)C(=O)O.O=CN(C)C,Application_ds
O=C(N1CCSCC1)C(C)C2CCC3(C)CC=4SC(=NC4C(C)C3C2O)C5CCNCC5.CC1CCCO1,Application_ds
O=C1OC=2C=C(OC)C(OC3OC(CO)C(O)C(O)C3O)=CC2C=C1.CC1CCCO1,Application_ds
O=Cc1c[nH]c2ncc(Cl)cc12.CC1CCCO1,Application_ds
Brc1cccc(Sc2nc[nH]n2)n1.CO,Application_ds
O=C(O)C(NC(=O)C(NC1=CC=C2C(=CC1=O)C(NC(=O)C)CCC3=CC(OC)=C(OC)C(OC)=C23)CCSC)C=4C=CC=CC4.CCO,Application_ds
CC(C)(C)OC(=O)N1CCC(n2cnc(COS(C)(=O)=O)n2)CC1.CCO,Application_ds
CCOC(=O)C(C)(Cc1ccc(OCCC2CN(Cc3ccc(C(F)(F)F)cc3)C(=O)N2CC)cc1)Oc1ccccc1.CC1=CC=CC=C1,Application_ds
C[Si](C)(C)CCOCn1ncc2cc(Br)cc(CBr)c21.N#CC,Application_ds
COc1cc2c(=O)[nH]cnc2cc1OCc1ccccc1.CC1=CC=CC=C1,Application_ds
Clc1nc(-c2ccc(N3CCOCC3)cc2)cc2ncccc12.CC(C)=O,Application_ds
C=CCNCC1=Cc2ccccc2Oc2ccccc21.CC(C)=O,Application_ds
CC(C=CCO)Oc1ccc(Oc2cnc3cc(Cl)ccc3n2)cc1.CC(OCC)=O,Application_ds
CC(C)(C)c1cc(NC(=O)Nc2cccc(S)c2)no1.CC1CCCO1,Application_ds
  Cc1ccc(-c2nn(-c3ccccc3)cc2C(=O)NC(=S)NC(=O)c2ccoc2)cc1.CC1=CC=CC=C1,Application_ds
O=C1OC2=C(C=CC(=C2C)C)C(=C1)CN3CC(OC(C)C3)C.CC1=CC=CC=C1,Application_ds
O=C1OC2=CC=C3C(=O)C(OC3=C2C(C4=CC=5C=CC=CC5NC4=O)C1)=CC6=CC=C(OC)C(O)=C6.O,Application_ds
Clc1ccc(Br)c(CBr)c1.CCO,Application_ds
FC1=CC=C(C=C1F)CNC2CC(O)C(CO)C2CC3=NC(=NC=C3)C=4C=CC=C(C4)C(F)(F)F.CC1CCCO1,Application_ds
Clc1nc(Br)[nH]c1Cl.CC(OCC)=O,Application_ds
Cc1cnc(N)s1.O,Application_ds
O=C(O)C=NN1C(=O)C2N(C(=O)C1)CC=3NC=4C=CC=CC4C3C2.CC1CCCO1,Application_ds
O=C(O)CC(C=1C=CC=CC1)C=2C(=O)C(C(O)=C3C(=O)C(C)C(OC32)C)(CCC(=CCC=C(C)C)C)CCC(C)C.CO,Application_ds
COc1ccc(CNC(C#N)c2c(F)cccc2F)cc1.CC1CCCO1,Application_ds
O=C(OC1CC2C(C(=O)CCC2(C)C3CC(=O)C4(C(=O)C(OC(=O)C4C13C)(C(=O)CC)C)C)(C)C)C.CC1CCCO1,Application_ds
C=CCOC1(C)CCN(c2c([C@H](OC(C)(C)C)C(=O)OCC)c(C)nc3cc(CO)nn23)CC1.CC1CCCO1,Application_ds
COC(=O)c1nn(-c2ccc(Cl)cc2Cl)c(-c2ccc(OC)cc2)c1C.CCO,Application_ds
O=C(NC=1C=CC=2NC=CC2C1)CN3C=CC=4C(OC)=CC=CC43.CC(OCC)=O,Application_ds
O=C1C(=COC=2C1=CC=C3OCN(CC32)C4CCS(=O)(=O)C4)C=5C=CC(Cl)=CC5.CC(C)=O,Application_ds
COCCOCN1C(C)=C(C(=O)OC)C(c2cccc([N+](=O)[O-])c2)C(C(=O)OC)=C1C.CO,Application_ds
CCCCCCC/C=C/C(=O)N1CCN(C2CCCCC2)CC1.CO,Application_ds
CN[C@H]1CN(C(=O)C2CCN(C(=O)C3(C)CC3)CC2)C[C@@H]1c1ccc(Cl)c(Cl)c1.O=CN(C)C,Application_ds
  CC(C)=CCC[C@](C)(Nc1c(Nc2ccccc2/N=C/c2ccc([N+](=O)[O-])cc2[N+](=O)[O-])c(=O)c1=O)[C@H]1CC=C(C)CC1.CC1=CC=CC=C1,Application_ds
O=C(NCC=1C=CC=CC1)CC(C2=CC=C3OCOC3=C2)C4=CNC=5C=CC=C(OC)C54.N#CC,Application_ds
Fc1ccc(C(F)F)c(CN2CCN(c3ccc4nnc(C(F)F)n4n3)CC2)c1.CCO,Application_ds
NS(=O)(=O)c1ccccc1-c1ccc(C(=O)O)cc1.CO,Application_ds
  COc1ccc(Nc2c(NCC3CCCCC3)c(=O)c2=O)cc1.CCO,Application_ds
CNC(=O)c1c(-c2ccccc2)c(C(C)N)nc2ccc(F)cc12.CC1=CC=CC=C1,Application_ds
CC(C)(C)C1=CC=C(CN2CCN(CC2)C(C2=CC=CC=C2)C2=CC=C(Cl)C=C2)C=C1.N#CC,Application_ds
CCOC(=O)c1nc(C)c2nc(-c3ccc(F)cc3)sc2c1O.CC(OCC)=O,Application_ds
O=C(NC1C(C=2SC=CC2)N(CCC)CCC1(O)C)CC(C)(C)C.CO,Application_ds
O=C(OCC1OC(OCC(O)C(O)C2=CC(OC)=C(O)C(OC)=C2)C(O)C(O)C1O)C=CC=3C=CC=CC3.O,Application_ds
CC(C=NNC(N)=O)c1ccc2c(=O)c3ccccc3ccc2c1.CC(C)=O,Application_ds
C1CSCN1.CC1CCCO1,Application_ds
CC(C)(C)OC(=O)NCc1ccnc(CN)c1.CC(C)=O,Application_ds
COCCNCc1ccccc1.CC(OCC)=O,Application_ds
CC(C)n1ncc2c(C(=O)O)cc(-c3ccc(-c4cn[nH]c4)cc3)nc21.CC(C)=O,Application_ds
O=C1OC2=C(C=CC(O)=C2C(C3=CC=4C=CC=C5C4N(C3=O)CCC5)CC(=O)OC)C(=C1)C.O,Application_ds
COc1ccc(C(=O)O)cc1Br.CC1=CC=CC=C1,Application_ds
CCn1c(=O)oc(=O)c2c(OC)c(OC)ccc21.CO,Application_ds
O=C(OCC1OC(OC2=CC=3OC(=CC(=O)C3C(O)=C2O)C=4C=CC(O)=CC4)C(O)C(O)C1O)C=CC5=CC=C(O)C=C5.CC(C)=O,Application_ds
COC(=O)C(C)Oc1cc(C)ccc1COc1ccc(NC(=S)N2CCCCN2)c(F)c1.CC(C)=O,Application_ds
O=C1C=C(OC(=C1O)C(C2=CC=C(O)C(OC)=C2)CC(=O)NC(C3=NC=4C=CC=CC4N3)CC(C)C)C.CC(C)=O,Application_ds
CO[C@@]1(c2ccc(-c3ccccc3)cc2)C[C@H]2C(=O)N[C@]3(C(=O)NS(=O)(=O)C4CC4)C[C@H]3C=CCCCCC[C@H](NC(=O)OC(C)(C)C)C(=O)N2C1.O,Application_ds
O=C1C(OC2OCC(O)C(O)C2O)=C(OC=3C1=C(O)C=C(O)C3C)C=4C=CC(O)=C(O)C4.CC(OCC)=O,Application_ds
Cc1nnc2ccc3c(cc(-c4ccn(C5(CC#N)CNC5)n4)n3Cc3cccc(Cl)c3)n12.CCO,Application_ds
O=C(OCC)C1CCC(C(=O)OC=2C=CC=CC2)(C)C1(C)C.CC(C)=O,Application_ds
CC1(CCOCc2ccccc2)OCCO1.N#CC,Application_ds
COc1nc2cc(F)ccc2nc1NC(=O)N1CCN(c2ccccc2Cl)CC1.CC(OCC)=O,Application_ds
CN1CCC(NC(=O)c2ccc(N)c(OC(F)(F)F)c2)CC1.O=CN(C)C,Application_ds
CCCCCCC[P+](c1ccccc1)(c1ccccc1)c1ccccc1.CO,Application_ds
CCCCCCCCCCCCOC(=O)[C@@H](N)CCCNC(=N)N.CC(C)=O,Application_ds
O=C1OC2C34C(=O)C(C)CN4CC5CCC6C(=CCC6)C2(CC1)C5(CO)C3.CC(OCC)=O,Application_ds
  CN1C(=O)C[C@H]([C@H](Cc2ccccc2)Nc2c(N[C@H]3CC[C@@H](Oc4ccc(C(=O)O)cc4)CC3)c2=O)N1C.CC1CCCO1,Application_ds
Cc1nc(CCc2c(-c3ccccc3)noc2C)sc1C(=O)O.CC(OCC)=O,Application_ds
O=S(=O)(Nc1ccccc1CO)C(F)(F)F.O=CN(C)C,Application_ds
  C=C[C@H]1CN2CCN1C[C@H]2[C@H](NS(=O)(=O)N[C@@H]1[C@@H](CC2CCCCC2)[C@H]2CC[C@]1(C)C2(C)C)c1ccnc2ccc(OC)cc12.CO,Application_ds
O=C1C(OC2OCC(O)(COC3OCC(O)(CO)C3O)C2O)=C(OC4=CC(OC)=CC(O)=C14)C=5C=CC(OC6OC(CO)C(O)C(O)C6O)=CC5.N#CC,Application_ds
CCn1c(-c2nonc2N)nc2c(C#CC(C)(C)O)ncc(OC[C@@H]3CNCCO3)c21.CC1CCCO1,Application_ds
NC(=O)c1sccc1N.O=CN(C)C,Application_ds
CNCCCC12CCC(C3=CC=CC=C13)C1=CC=CC=C21.CC(OCC)=O,Application_ds
O=C(C=CC=1C=C(OC)C(O)=C(C1)CC=2C=CC=3C=CC=CC3C2)CC(=O)CCCCCCC4CCNCC4.O=CN(C)C,Application_ds
Cc1ncc(-c2nc(Nc3ccc(C(=O)NC4CCN(C)CC4)cc3)ncc2F)n1C(C)C.CC(OCC)=O,Application_ds
O=C1N=CC2=CNNC2=C1.CCO,Application_ds
CNC(=O)C1=C(F)C=C(C=C1)N1C(=S)N(C(=O)C1(C)C)C1=CC=C(C#N)C(=C1)C(F)(F)F.O,Application_ds
COC(=O)c1cc(NS(C)(=O)=O)ccc1-c1ccc(C(F)(F)F)cc1.CC1=CC=CC=C1,Application_ds
O=C1C(OC)=C(OC)C(=O)C(C)C1C.O,Application_ds
COc1cc(NC(=O)c2cncc(N3C[C@@H]4CN(C(=O)OC(C)(C)C)C[C@@H]4C3)c2)cc(OC)c1.CC1=CC=CC=C1,Application_ds
OC1C(=C)C2C(C1)CC3CCC(C)(C)C23.CCO,Application_ds
COc1ccc(-c2ccccn2)nn1.O,Application_ds
O=C1OC2CC3(C(=C(C)CCC3)CC2C1CN4CCN(C5=CC=C(Cl)C=C5)CC4)C.N#CC,Application_ds
CCNC(=O)Nc1cc2cc(NC(=O)c3cccc(C(=O)OC)c3)cc(C)c2cn1.N#CC,Application_ds
CN(Cc1cc(F)ccc1S(=O)(=O)Cl)C(=O)C(F)(F)F.O=CN(C)C,Application_ds
OC1CCC2(C)C3CC=C(OC3(C)CCC2C1(C)C)C.O,Application_ds
CC(C)C(=O)OCCCl.CC1CCCO1,Application_ds
  CC(=O)Nc1ccnc(Nc2c(N[C@@H](c3ccccc3)[C@@H](NOS(C)(=O)=O)c3ccccc3)c(=O)c(=O)c2=O)n1.O,Application_ds
O=C(O)C12CCC(C)C(C)C2C3=CCC4C(C)(CCC5C(C)(C)C(O)CC(O)C45C)C3(C)CC1.N#CC,Application_ds
Cc1cc([C@](C)(O)C#Cc2ccc3c(C(C)(C)O)nn(-c4ccnc(N)n4)c3c2)no1.CC1=CC=CC=C1,Application_ds
O=C(OCCCCCC)C12OC2(C(=O)[C]3[CH][CH][CH][CH][C]3C1=O)CC=C(C)CC([C]4[CH][CH][NH2+][C](N)[CH]4)C[C]5[CH][CH][C](O)[CH][CH]5.CC1=CC=CC=C1,Application_ds
  COC(=O)[C@]1(Cc2ccc(C(C)(C)C)cc2)CCC[C@@H]1Nc1c(N[C@@H](NC(C)=O)C(C)C)c(=O)c1=O.O=CN(C)C,Application_ds
CC(=O)N(c1ccc(Cl)cc1)[C@@H]1C[C@H](C)N(C(=O)c2ccc(OCCCN3CCCC3=O)cc2)c2ccccc21.N#CC,Application_ds
OC1CCC(C)C23OC(C)(C)C(CC(O)C12C)C3O.CC(OCC)=O,Application_ds
O=C(OC1C2OC2C3(C)C(OC(=O)CCC)C=CC(=C)C(Cl)C4OC(=O)C(C)C4(O)C(OC(=O)C)C3C1C)C.CC1CCCO1,Application_ds
O=C1NC(=NC2=C1N=C(Br)N2C3OC(CO)C(O)C3O)N.CC1CCCO1,Application_ds
O=C([O-])Nc1cccc2c1CC(O)CC2.CCO,Application_ds
CC(C)(C)c1ccc(C(=O)NCc2ccc3c(c2)CN(C2CCC(=O)NC2=O)C3=O)cc1.O,Application_ds
CN1CCN(CC#Cc2cc3nccc(Oc4ccc(N)cc4F)c3s2)CC1.O,Application_ds
O=S(=O)(NCC1OCC(NCC2=CC=C(F)C=C2)C1O)C=3C=CC=CC3.CO,Application_ds
O=C(OC1C(O)CC2(C)C(CCC3(C)C2CCC4C5(C)CCC(C)(C)C(O)C5CCC43C)C1(C)C)C.N#CC,Application_ds
CCc1nn(C2CCCC2)c2cc(C(=O)Nc3cccc4ncccc34)ccc12.CC1=CC=CC=C1,Application_ds
O=C(Nc1nc2cnccc2s1)Oc1ccccc1.N#CC,Application_ds
O=C(OC1C(C)C2(O)C(C(OC(=O)C)C1(O)C(=C)C)C(OC(=O)C=3C=CC=CC3)C4(OC5(C(OC(=O)C)C(C)CC25)C4OC(=O)C)C)C=6C=CC=CC6.CC1CCCO1,Application_ds
Nc1nc(-c2ccccn2)cs1.N#CC,Application_ds
O=C(N)CCC1NC(=O)C(NC(=O)C(NC(=O)C2N(C(=O)C(NC(=O)C3N(C(=O)C(NC1=O)C(C)CC)CCC3)CC4=CC=C(O)C=C4)CCC2)C)C(C)CC.CC1CCCO1,Application_ds
O=CCCl.CO,Application_ds
COc1cccc2cc(C(=O)Nc3ccc(C(C)(C)C)cc3)oc12.CCO,Application_ds
CN(C)C(=O)NC1=CC=CC=C1.CCO,Application_ds
Cc1cc(C)c(Nc2nc(Cl)nc(Nc3ccc(C#N)cc3)n2)c(C)c1.CC1=CC=CC=C1,Application_ds
Fc1cccc2ccccc12.CC1=CC=CC=C1,Application_ds
  CCOC(CNc1c(Nc2ccccc2NS(=O)(=O)c2ccccc2)c(=O)c(=O)c1=O)OCC.CC(OCC)=O,Application_ds
CCOc1cc(C)nc2nc(S(=O)(=O)Nc3c(Cl)ccc(C)c3Cl)nn12.CCO,Application_ds
Nc1cc(C(=O)O)cc(C2CCCC2)c1.CC(C)=O,Application_ds
O=C1C2=C(OC)C=C(OCC=C(C)C)C(=C2OC(C=3C=CC=CC3)C1)CC=C(C)C.CCO,Application_ds
CCCCCCCCO.CC1=CC=CC=C1,Application_ds
CCN(CC)C(=O)c1ccc2c(c1)Oc1ccccc1C2=C1CC2CCC(C1)N2Cc1ccoc1.CC1=CC=CC=C1,Application_ds
Cc1cc([N+](=O)[O-])ccc1Oc1cccc(C2(C(N)=O)CC2)c1.CC(OCC)=O,Application_ds
  CC(C)C[C@H](NC(=O)[C@@H]1CCCN1C(=O)C(C)(C)C)Nc1c(Nc2ccc([N+](=O)[O-])cc2Cl)c(=O)c1=O.CC1=CC=CC=C1,Application_ds
Nc1ccc(S(=O)(=O)c2ccc(Br)cc2)cc1Cl.N#CC,Application_ds
O=C(Cl)c1ccc(-c2nc(C(Cl)(Cl)Cl)nc(C(Cl)(Cl)Cl)n2)cc1.N#CC,Application_ds
CC1(C)COC(CNc2nc(-c3cc(N)ncc3Cl)ccc2F)CO1.CC1CCCO1,Application_ds
CCSCc1cccc2c(C(CCC#N)c3ccc(Cl)cc3)c[nH]c12.O=CN(C)C,Application_ds
OC1CN(CC=2OC=3C=CC=CC3C2)C(C4=NC(=NO4)C=5C=CC=C(C5)C)C1.CC(OCC)=O,Application_ds
O=CC=P(c1ccccc1)(c1ccccc1)c1ccccc1.CC1CCCO1,Application_ds
CCc1c(CO)cccc1Nc1c(C(N)=O)cnc2cc(O)c(OC)cc12.O=CN(C)C,Application_ds
CCOC(=O)CCCOc1cccc(CCCCCCOc2cc(Br)cc(CO)c2)c1CCC(=O)OCC.CC1CCCO1,Application_ds
CC(C)(C)OC(=O)N1CCC(=O)C(C)(C)C1.CCO,Application_ds
O=CC=Cc1cccc(O)c1.CC(OCC)=O,Application_ds
CC(C)(C)C(=O)OC[C@H]1O[C@@H](S(=O)c2ccccc2)[C@H](OC(=O)C(C)(C)C)[C@@H](OC(=O)C(C)(C)C)[C@@H]1OC(=O)C(C)(C)C.N#CC,Application_ds
CC(C)(C(=O)O)c1ccc(Br)nc1.CCO,Application_ds
O=C(O)CC1CCN(C)CC1CC2=NC=3C=CC(F)=CC3N2.CC(C)=O,Application_ds
O=C1C(=COC=2C=C(OCC(=O)C3=CC=C(F)C=C3)C(=CC12)CC)C=4C=CC=5OCCOC5C4.N#CC,Application_ds
COC(=S)c1cc(N)c(C)s1.CO,Application_ds
CCOC(=O)c1cc(C#N)c(N2CCNCC2)nc1C(F)(F)F.CCO,Application_ds
OC1C(=C)CCC2C(C(=C)CC1)CC2(C)CCC(O)C(O)(C)C.O=CN(C)C,Application_ds
CCC1=CN=C(CCOC2=CC=C(CC3SC(=O)NC3=O)C=C2)C=C1.CCO,Application_ds
ClC1=CC=C(C=C1)C(C=2C=CC=CC2)N3CCN(CC=4C=CC=C(C4)C)CC3.O,Application_ds
CCCCCCCc1ccc(CN(C(=O)c2ccncc2)c2ccc(O)c(C(=O)OC)c2)cc1.CO,Application_ds
COc1cc(C(=O)N2CCC3(CC2)CC(=O)c2cc(-c4nnn[nH]4)ccc2O3)cc(-c2ccccc2)n1.O=CN(C)C,Application_ds
CSCc1cccc(Cl)c1NC(=O)C(F)(F)F.CC(C)=O,Application_ds
CCN(CC)CCNC(=O)c1cc(C)c(C=O)[nH]1.CC(OCC)=O,Application_ds
COC(=O)Cn1c(=O)c(=O)[nH]c2ccccc21.CC(OCC)=O,Application_ds
CC1=CC(=CC=C1)NC(=O)OC2=CC=CC(=C2)NC(=O)OC.CC(C)=O,Application_ds
CC(=O)c1cc(C)ccn1.CCO,Application_ds
O=C1OC=2C=C(OCC=C(C)C(O)C3OC(=O)C(=C3)C)C=CC2C=C1.CCO,Application_ds
COc1ccc([C@H](Cc2c(Cl)c[n+]([O-])cc2Cl)OC(=O)c2ccc(CNC(C(=O)O[C@H]3CN4CCC3CC4)c3ccccc3)s2)cc1OC.CCO,Application_ds
CCC(C)(C(=O)CCl)NC(=O)C1=CC(=C(C(=C1)Cl)C)Cl.O,Application_ds
O=C(OC1(C)CCC(=O)C(=C)CC2(O)OC1C3C(CCC(OC(=O)C)(C)C32)C(C)C)C.CC(C)=O,Application_ds
CCCCCCCCCCCOC(=O)NCCC.CCO,Application_ds
CC(C)=CCOc1ccc(OCCO)cc1.CCO,Application_ds
CCCCC(=O)c1ccc(OCCOCCO)cc1.CC1=CC=CC=C1,Application_ds
CCN1CCN(c2nc(-c3ccc(C4(CCOC(C)=O)CCOCC4)cc3)cc3ccccc23)CC1.CC(OCC)=O,Application_ds
CC1(C2(CO)CC2)OCCO1.CC1CCCO1,Application_ds
CC(C)(C)OC(=O)NCC(O)CN.CC(OCC)=O,Application_ds
COC(=O)c1ncccc1-c1ccc(OC)nc1.CC1=CC=CC=C1,Application_ds
CNS(=O)(=O)NC(=O)c1cc(Cl)c(OCC2(C#N)C3CC4CC(C3)CC2C4)cc1F.O,Application_ds
Cn1nccc1-c1cc(-c2ccccc2)ccc1O.O,Application_ds
CC1(C)C(=O)c2ccc(Br)cc2S1(=O)=O.CC1CCCO1,Application_ds
  CSc1cccc(NC(=O)NC[C@@H](C)O)c1.CC(C)=O,Application_ds
CN(N)c1cc(C(F)(F)F)cc(C(F)(F)F)n1.CCO,Application_ds
O=C(OCC1OC(OC=2C=C3C(OC4OC(CO)C(O)C(O)C4O)=CC(O)=CC3[OH+]C2C=5C=CC(O)=CC5)C(O)C(O)C1O)C=CC6=CC=C(O)C(O)=C6.CC(C)=O,Application_ds
O=C(C)C1CCC(=C2CC=C(C)C2C1)C.N#CC,Application_ds
O=C(NC1CCCCC1)C1CCCC(Oc2ccccc2Cl)C1.O=CN(C)C,Application_ds
CCOC(=O)C(C)(C)Oc1ccc(O)cc1.CC1=CC=CC=C1,Application_ds
COc1ccc(C=CC(=O)NNC(=O)C(F)(F)F)cc1.CC1CCCO1,Application_ds
Cc1nc2nccc(Oc3ccc(N)c(F)c3)c2[nH]c1=O.CO,Application_ds
Brc1ccc(Oc2c[nH]cn2)cc1.O=CN(C)C,Application_ds
O=C(NCC1OC(CC2=NOC(=C2)C=3C=CC=CC3)CCC1O)C(C)(C)C.CC(OCC)=O,Application_ds
O=C(O)C1CCc2cc(O)ccc2C1.CC(C)=O,Application_ds
O=C(O)COC=1C=C(C2=C(C1C)CC(CC2)C(C(=O)N3CCC(O)CC3)C)C.O=CN(C)C,Application_ds
O=C(N(C)C(C)C1CC=C2C3CCC4CC(NC)CCC4(C)C3CCC21C)C.O=CN(C)C,Application_ds
S1C=CC(=C1)CCCCCCCC.N#CC,Application_ds
C[SiH](C)c1cc(C(C)(C)C)cnc1-c1ccccn1.CC(OCC)=O,Application_ds
CC(C)(C)OC(=O)N1CCN(c2nnc(N)s2)CC1.O,Application_ds
COc1cc(Cn2c3ccccc3c3c(OC(C(=O)O)c4ccccc4)cccc32)ccc1OCc1nc(-c2ccco2)oc1C.N#CC,Application_ds
  CCN(CC)P(=O)(NS(=O)(=O)N[C@H](C)C(C)(C)C)N(C)C=O.CC(OCC)=O,Application_ds
O=C(NC1=NC2=C(S1)CC3C(C)(CO)C(O)CCC3(C)C2CC(=O)N4CCC(C)CC4)CC(C)(C)C.CC(OCC)=O,Application_ds
O=C1OCc2cc(CC3OCCO3)ccc21.N#CC,Application_ds
O=C1CCCC(=O)N1.CC1=CC=CC=C1,Application_ds
NC(=O)c1[nH]c2ccc(O)cc2c1S(=O)(=O)N1CCOCC1.CC(OCC)=O,Application_ds
O=C1OC(=O)C2=CC=C3C(C2=C1)(C)CCC4(C)C5CC(C(=O)OC)(C)CCC5(C)CCC34C.CC(C)=O,Application_ds
CC(C)CC(NC(=O)C(CCCCN)NC(=O)C(Cc1cccc2ccccc12)Cc1cccc2ccccc12)C(O)C(=O)OC(C)C.O=CN(C)C,Application_ds
COc1ccc(C(C)C)cc1-c1ccc(C(F)(F)F)cc1[C@H]1OC(=O)N(Cc2cc(C(F)(F)F)cc(C(F)(F)F)c2)[C@@H]1C.CO,Application_ds
COc1ccc2c(c1)CCC(C(=O)NC(C)c1cc(C)c(NS(C)(=O)=O)cc1F)C2.CC(C)=O,Application_ds
CC(C)(C)OC(=O)N1CCN(Cc2ccc(C(=O)Nc3ccc(Cl)c(-c4ccccn4)c3)cc2)C(=O)C1.CC1=CC=CC=C1,Application_ds
O=C1OC(C)(C)C2(OC(C)(C)C1CC2)C.N#CC,Application_ds
Cc1csc(NC(=O)CO)n1.CC1=CC=CC=C1,Application_ds
CCNC(=O)c1ccc(Oc2ccc(CC(=O)O)cc2OC)c(NS(=O)(=O)c2ccc(Cl)cc2Cl)c1.CC(OCC)=O,Application_ds
C=CCOC(=O)O[C@H](C)[C@H]1C(=O)N(C(C(=O)OCC=C)=P(c2ccccc2)(c2ccccc2)c2ccccc2)[C@@H]1SC(=O)COc1ccc(F)cc1.CCO,Application_ds
CCOC(=O)c1c(C=O)c2cc(-c3ccc(C(C)(C)C)cc3)ccc2n1-c1ccc(OC(C)C)cc1.CC(C)=O,Application_ds
OB(O)c1ccnc2c1cnn2-c1ccc(F)cc1.CC(OCC)=O,Application_ds
O=C(O)C(Br)C(Br)C=1C=CC=CC1.O,Application_ds
O=C=Nc1ccc(Cl)cc1.N#CC,Application_ds
O=C1CCNc2ccccc21.CC(OCC)=O,Application_ds
O=C(N[C@@H](Cc1ccc(F)cc1)C(=O)N1CCC2(CC1)OCCO2)c1cc2cc(Cl)ncc2[nH]1.CC1=CC=CC=C1,Application_ds
COc1ccccc1C1(N(Cc2ccccc2)[C@@H](C)C(=O)N(C)C)C(=O)Nc2ccc(Cl)cc21.O=CN(C)C,Application_ds
CC[C@H](NC(=O)CCCCl)C(N)=O.CCO,Application_ds
N#Cc1cc(Br)c2c(c1)cc1n2CCNC1=O.CCO,Application_ds
CSc1nnc(-c2ccc3c(c2)c(I)cn3C(=O)OC(C)(C)C)s1.N#CC,Application_ds
O=C(OCC(OC(=O)CCCCCCCC=CCCCCCC)CO)CCCCCCCC=CCCCCCC.CC(C)=O,Application_ds
FC(F)(F)c1cccc(Oc2cccc(CNc3cccc(-c4c(Cc5ccccc5)cnc5c(C(F)(F)F)cccc45)c3)c2)c1.CCO,Application_ds
O=C1C=CC(C=2C=CC=CC2F)=C3N1CC4CN(C(=O)NC5=CC=C(C=C5)C)CC3C4.CC1CCCO1,Application_ds
C[C@H]1CN(C(=O)OC(C)(C)C)C[C@H]1Nc1c(C(N)=O)cnn2cc(Br)nc12.CC(C)=O,Application_ds
COc1cc(C(=O)N2[C@@H](c3nccs3)[C@@H](c3cnccn3)C[C@@]2(Cc2cscn2)C(=O)OC(C)(C)C)ccc1C(C)(C)C.CO,Application_ds
COC(=O)c1cc2cccc(CBr)c2o1.O=CN(C)C,Application_ds
Nc1ccccc1B(O)O.CO,Application_ds
O=C1C(=C(O)C2(OC=3C(Cl)=C(OC)C=C(OC)C3C2=O)C(C)C1)C(C4=CC=C(O)C(OC)=C4)CC(=O)N5CCOCC5.CC1CCCO1,Application_ds
O=C(O)C(NC(=O)C(N)C(O)C)CCC(=O)N.N#CC,Application_ds
CCOC(=O)[C@H](C)N(C)c1ccccc1.CC1=CC=CC=C1,Application_ds
CNC(=O)Nc1nc(CC(=O)Nc2nnc(C(C)(C)C)s2)cs1.N#CC,Application_ds
N=C1C=CN(C=C1)CCC.CC1=CC=CC=C1,Application_ds
Cc1ccc(CC(=O)Cl)cc1.CC1CCCO1,Application_ds
CC(C)(C)OC(=O)c1ccc(-c2ccccc2)cc1NC(=O)c1cc(O)ccc1OCc1ccccc1.CC1=CC=CC=C1,Application_ds
OCC1OC(OC2C(OC(CO)C(O)C2OC3OCC(O)C(O)C3O)OC4C(O)C(O)C(OC5CC6=CCC7C(CCC8(C)C7CC9OC%10(OCC(C)CC%10)C(C)C98)C6(C)CC5O)OC4CO)C(O)C(OC%11OCC(O)C(O)C%11O)C1O.CC(C)=O,Application_ds
C[C@@H]1CNCCN1C(=O)OC(C)(C)C.CC1=CC=CC=C1,Application_ds
O=C1C=CC(C)(C)C2CC(O)C3C4(C)CCC(C(C)CCC(OC5OCC(O)C(O)C5O)C(OC6OC(CO)C(O)C(O)C6O)(C)C)C4(C)CCC73CC127.O=CN(C)C,Application_ds
O=C(OC1CC2C(C)(CO)C(O)CCC2(C)C3CCC4CC13C5OC54C)C.CC1=CC=CC=C1,Application_ds
COC(=O)Cc1cncc(-c2ccc(C(F)(F)F)cc2)c1.CC1CCCO1,Application_ds
  CC1(C)[C@@H](/C=C(\Cl)C(F)(F)F)[C@H]1C(=O)NC(=S)N[C@H]1OC[C@@H](O)[C@H](O)[C@H]1O.CC(OCC)=O,Application_ds
O=CC1=C(O)C(O)=C(C=2C(=O)C(C)CC(=O)C12)C(C)C.O,Application_ds
  CCCCC1(CCCC)C(=O)N=C(NC(=S)NCC(F)(F)F)NC1=O.CC(C)=O,Application_ds
NCCCC(O)(P(O)(O)=O)P(O)(O)=O.CC(OCC)=O,Application_ds
COc1c2n(c3c(N(C(=O)OC(C)(C)C)S(C)(=O)=O)cn(Cc4ccc(F)c(Cl)c4)c(=O)c13)CCN(C)C2=O.CO,Application_ds
N#CCSC(=O)c1ccco1.O=CN(C)C,Application_ds
[H][C@@]12CC[C@](O)(C(=O)CO)[C@@]1(C)C[C@H](O)[C@@]1([H])[C@@]2([H])CCC2=CC(=O)CC[C@]12C.O=CN(C)C,Application_ds
O=C(OC)C1(O)C2=C(C(=O)C(C)CC(C)CC(=CC(C)CCC3OC2C(C)C(O)C3C)C)C(O)C(=O)C1(O)C.CC1=CC=CC=C1,Application_ds
CC(C)S(=O)(=O)NC1CCC=C1c1ccc(OCCN)cc1.O,Application_ds
O=C1C=CC(NC(=O)C(C)(C)C)=C2N1CC3CN(CC2C3)C4CCN(C(=O)C)CC4.CC(OCC)=O,Application_ds
[H][C@@]12CC3=CN(C)C4=CC=CC(=C34)[C@]1(C[C@@H](COC(=O)C1=CC(Br)=CN=C1)CN2C)OC.N#CC,Application_ds
O=C1C(O)=C(OC=2OC=3C=CC=CC3C(=O)C2O)OC=4C=CC=CC14.CO,Application_ds
O=C(c1ccccc1)c1ccc(CBr)cc1.N#CC,Application_ds
N[C@@H](Cc1ccccc1)C(=O)O.CC(OCC)=O,Application_ds
C[C@H]1N[C@@H]1c1ccccc1.O=CN(C)C,Application_ds
N=1C=2C=CC1C(=C(C3=NC(C=C3)=C4N=C(C=C4)C(=C(C5=NC2C=C5)CCC)CCC)CCC)CCC.O=CN(C)C,Application_ds
CCc1c(C=O)cccc1-c1nsc(-c2ccc(CC(C)C)c(C#N)c2)n1.N#CC,Application_ds
O=C(O)C(=CCC12OC(C)(C)C3CC(C=C4C(=O)C=5C(O)=C(C(O)=C(C5OC431)CC=C(C)C)CC=C(C)CCC=C(C)C)C2=O)C.N#CC,Application_ds
N#Cc1cccc(C=O)c1.CO,Application_ds
CSc1c(CC(=O)OC(C)C)cc(C)c2c1[nH]c1ccccc12.CC1CCCO1,Application_ds
CC1(C)OB(c2ccc(F)cc2F)OC1(C)C.N#CC,Application_ds
CC(C)(O)c1cccc(-c2cc3nc(Cl)nc(N4CCOCC4)c3s2)c1.CC(C)=O,Application_ds
O=C(O)CCC1NC(=O)C(NC(=O)C(NC(=O)C(NC(=O)C(NC(=O)CC(NC(=O)C(NC(=O)C(NC1=O)CO)C(O)C)CCCCCCCCCCCC)CC(=O)N)CC2=CC=C(O)C=C2)CC(=O)N)CO.CC1CCCO1,Application_ds
O=C1OC(C(=NNC=2C=CC=CC2)C1=NNC=3C=CC=CC3)C(OC(=O)C)COC(=O)C.CCO,Application_ds
O=C(O)C(NO)CC(C)C.N#CC,Application_ds
C[Si](C)(C)c1ccc(B(O)O)cc1.CC(C)=O,Application_ds
CCOC(=O)c1ccc(-c2ccc(O)cc2)cc1.O=CN(C)C,Application_ds
OC1CC(=CC=C2CCCC3(C)C2CCC3C(C)CCCC(O)(C)C)C(=C)CC1.CO,Application_ds
N#CC1=CC=CC=C1OC2=NC=NC(OC3=CC=CC=C3/C(C(OC)=O)=C\OC)=C2.CCO,Application_ds
C[Si](C)(C)C#Cc1nn(-c2cccc(C(F)(F)F)c2)ccc1=O.O=CN(C)C,Application_ds
O1C=CC=C1C(CC=2C=CC=CC2)CCNCC3=CC=C(OC)C=C3.CCO,Application_ds
CCCCCCCCCCCCO.O=CN(C)C,Application_ds
O=C(NCC=C)CC1CCN(CC1CC)S(=O)(=O)C=2C(=NOC2C)C.CCO,Application_ds
Cc1cc(I)ccc1Cl.CO,Application_ds
CCOC(=O)c1ccc(NCc2c(-c3ccc(F)cc3)noc2C)nn1.O,Application_ds
N(=C)C(=CC1=CC=C(OC)C=C1)C(N=C)=CC2=CC(OC)=C(OC)C(OC)=C2.CC(OCC)=O,Application_ds
CN(C)C1=NC(Cl)=NC(N)N1OC(F)F.N#CC,Application_ds
O=C1C2=C(CC(C)C2)C(C1C)C3(C(=O)CC4C(C3=O)C4(C)C)C.O=CN(C)C,Application_ds
Brc1ccc2c(ccc3ncnn32)c1.CC(OCC)=O,Application_ds
N=1C=NC(=C2NC=3C=CC(OC)=CC3C12)N4CCCC4.CC1CCCO1,Application_ds
O=C(N)CCC(NC(=O)C(NC(=O)C(N)C)CO)C(=O)NC(C(=O)NC(C(=O)NC(C(=O)NCC(=O)NC(C(=O)N)CC(C)C)CC=1C=CC=CC1)C(O)C)CC2=CC=C(O)C=C2.CC1CCCO1,Application_ds
O=C(C=1C=C2OC(C(=C)COC3OC(CO)C(O)C(O)C3O)C(O)C2=CC1O)C.O,Application_ds
O=C1OC2=C(C=CC(OCC(=O)C=3C=CC=CC3)=C2C)C(=C1)C=4C=CC(OC)=CC4.CCO,Application_ds
O=C(NCC1CCCN2CCCCC21)C3=CN(C=4C=CC(OC)=CC34)C(C)C.N#CC,Application_ds
O=C1NC(C(=O)NC=2C=CC=CC12)CCC(=O)NC3=CC=C4C(=C3)N(C(=O)N4C)C.CC1CCCO1,Application_ds
COc1cccc(-c2ccc(Br)cc2)c1.CC1CCCO1,Application_ds
CCCN(CC(O)(CNc1cccc2c1cnn2-c1ccccc1)C(F)(F)F)C(=O)c1ccccc1Cl.CC(C)=O,Application_ds
CC(=O)OCCC(C)CC=O.CC(C)=O,Application_ds
O=C(CC)C(C)CC(C)CC(C)CCC(O)CC(O)C(CC(C)C)C(O)C=1C=C(O)C=C(O)C1.O=CN(C)C,Application_ds
COC(=O)CCCCCNc1ncnc2oc(-c3ccc(F)cc3)c(-c3ccc(OC)cc3)c12.CC1CCCO1,Application_ds
O=C(O)c1ccc(-c2cnc3c(c2)N(Cc2cc(Cl)ccc2C(F)(F)F)CCN3)cc1.CC(OCC)=O,Application_ds
CN1CCN(C[C@H]2COCc3nc4c(N)nc5ccccc5c4n32)CC1.CO,Application_ds
CC(=Cn1c2c(c3cc(C)ccc31)CCN(C)C2)c1ccc(F)c(F)c1.CO,Application_ds
CCOC(=O)COC1CCCCO1.CC1=CC=CC=C1,Application_ds
NCC1CC1.N#CC,Application_ds
  C/C=C/[C@H](NC(=S)N[C@@H](C)C(=O)OC)[Si](C)(C)C.CC1=CC=CC=C1,Application_ds
CCOC(=O)C1=C2CN(C)C(=O)C3=C(C=CC(F)=C3)N2C=N1.CC1CCCO1,Application_ds
FC(F)(F)Oc1ccc(Nc2nc(Cl)nc3c2ncn3C2CCSC2)cc1.CC(OCC)=O,Application_ds
Cc1ccnc(N2CC3CN(C(=O)c4ccccc4-c4ccccc4)CC32)n1.O,Application_ds
CC[C@H]1OC(=O)[C@H](C)[C@H](O[C@H]2C[C@@](C)(OC)[C@@H](O)[C@H](C)O2)[C@@H](C)[C@@H](O[C@@H]2O[C@H](C)C[C@@H]([C@H]2O)N(C)C)[C@](C)(O)C[C@@H](C)[C@@H]2N[C@@H](COCCOC)O[C@@H]([C@@H]2C)[C@]1(C)O.CC1=CC=CC=C1,Application_ds
O=C(NC1CCN(C(=O)C2=CC=CN2C)C(C(=O)NC(C(=O)N)C)C1)C=3SN=NC3C.CC1=CC=CC=C1,Application_ds
O=C(OC(C(=C)C)CCC(C)C1CCC2(C)C3CC(OC(=O)C)C(C=C)C4(CCC(=O)OC)CC34CCC12C)C.O=CN(C)C,Application_ds
O=C(OC1=CC=C2C(OC=C(OC=3C=CC=CC3OC)C2=O)=C1)C=4SC=CC4.N#CC,Application_ds
C=CCCCOC(=O)C(=C)C.CO,Application_ds
COC(=O)[C@@H](C)Oc1cccc2ncnc(Nc3ccc4c(cnn4Cc4cscn4)c3)c12.CC(OCC)=O,Application_ds
O=C1OC2=C(C=CC=3OCN(CC=4OC=CC4)CC32)C=C1C5=CC=C(OC)C=C5OC.O=CN(C)C,Application_ds
COc1cc(C(CO)CNC(C)=O)ccc1Nc1ncc(Cl)c(-c2cnc3ccccn23)n1.CCO,Application_ds
CCOc1ccc(-c2ccc(C#N)cc2)cc1C=O.CO,Application_ds
CC1(COc2ccc(C(=O)C(NC(=O)OC(C)(C)C)c3ccc(Cl)c(Cl)c3)c(F)c2)COC1.CCO,Application_ds
OCCCCO.CCO,Application_ds
  O=C(NCc1ccc(F)cc1)NCc1ccc(F)cc1.O,Application_ds
OC1COC(c2ccccc2)OC1.CCO,Application_ds
COC(=O)CCCCCCCNC(=O)C=C1c2ccccc2-c2ccccc21.CCO,Application_ds
CC(C)N(C(=O)c1cc2c(cc1C(F)(F)F)OC(C)(C)C(=O)N2CCNC(=O)C(F)F)[C@@H]1CC[C@H](CCNC2CC2)N(C(=O)OC(C)(C)C)C1.CC(OCC)=O,Application_ds
C=C(F)CNC(=O)Cn1ccnc1[N+](=O)[O-].N#CC,Application_ds
COc1ccccc1CCl.CCO,Application_ds
CSc1ccc(-c2cnn(CC(F)(F)F)c(=O)c2O)cc1.CC(C)=O,Application_ds
O=C(OC)CC(C1=CC(OC)=C(OC)C(OC)=C1)C=2C(O)=C(C=C(C2O)C3OCC4=CN=C(C(O)=C43)C)C(=O)C.O=CN(C)C,Application_ds
O=C(OCC)C1=CC=2C(=O)N3C=CC=CC3=NC2N(C1=N)CCC4=CC=C(OC)C(OC)=C4.O,Application_ds
O=C1NC(=O)N(C1=CC2COC(=O)C2CC)C.CC(OCC)=O,Application_ds
O=C1OC=2C=C(OCC(=O)NC(C(=O)O)CCCC)C=CC2C(=C1CC=3C=CC=CC3)C.O=CN(C)C,Application_ds
O=C(O)Cc1cc(O)cc(C(F)(F)F)c1.CC1=CC=CC=C1,Application_ds
Cc1ccc(S(=O)(=O)N[C@H](C(=O)O)C(C)C)cc1.CC1=CC=CC=C1,Application_ds
CCOC(=O)c1cc([Si](C)(C)C)n[nH]1.CC1CCCO1,Application_ds
  COC(=O)c1c(Nc2c(NC[C@@H]3CCCO3)c(=O)c(=O)c2=O)nn2ccccc12.CC(OCC)=O,Application_ds
  C=C[C@@H]1CN2CC[C@H]1C[C@H]2[C@H](NC(=O)N[C@@H](Cc1ccccc1)C(=O)N[C@@]1(C(=O)OCC)Cc2cc(Br)c(OC)cc2C1)c1ccnc2ccc(OC)cc12.N#CC,Application_ds
O=C(OC1C=C(C)C(O)CC(OC(=O)C)C(=CC2OC(=O)C(=C)C12)CO)C(=CC)C.CC(OCC)=O,Application_ds
O=C(N)C=1OC(OCCC2OC(C)C3(O)C(=O)C=4C(O)=CC=CC4C(=O)C3(SC56C(=O)C=7C=CC=C(O)C7C(=O)C6(O)C(OC(CC(=O)OC)C5)C)C2)C(O)C(O)C1.CC1=CC=CC=C1,Application_ds
O=C(N)CC(O)C1NC(=O)C(NC(=O)C2N(C(=O)C(NC(=O)C(NC(=O)CCCCCCCCCCCCCCC)CC(O)C(O)NC(=O)C3N(C1=O)CC(C)C3O)C(O)C)CC(O)C2)C(O)C(O)C4=CC=C(O)C(=C4)S(=O)(=O)O.CCO,Application_ds
O=C1NC=NC2=C1N=CN2C3CC(CO)C(O)C3O.CO,Application_ds
O=C(OCC)[C]1[CH][CH][C]2[C]([CH]1)[C]3OC(C)C[C]3[C](C)[NH2+]2.N#CC,Application_ds
OC1(c2ccc(Cl)cc2)CCNCC1.CC(C)=O,Application_ds
Oc1cc(Br)cnc1Cl.O=CN(C)C,Application_ds
CC(C)(C)CC(=O)NN.O=CN(C)C,Application_ds
CCOC(=O)C(C)=O.N#CC,Application_ds
O=C(OC1CCN2CC=C(COC(=O)C(O)(C(O)C)C(O)(C)C)C21)C(C)CC.CC1=CC=CC=C1,Application_ds
O=C1OC=2C=C(OCC(=O)C=3C=CC(=CC3)C=4C=CC=CC4)C=CC2C(=C1)C=5C=CC=CC5.CCO,Application_ds
COC(=O)[C@@H](NC(=O)OC(C)(C)C)[C@@H](C)c1ccc(OCC[C@@H](C)C2CCN(c3nc(C(C)C)no3)CC2)cc1F.CC1=CC=CC=C1,Application_ds
Cc1ccc(C(C)C)cc1OCc1c(OC(C)C)cc(Cl)nc1C.CC1CCCO1,Application_ds
O=C(Nc1cccc(C2=CCOCC2)n1)Nc1ccnc2c(F)cccc12.CO,Application_ds
O=C1C=C(OC2=C1C(O)=C(C(OC3OC(CO)C(O)C(O)C3O)=C2C)C)C.CC1=CC=CC=C1,Application_ds
CCOCCOc1ccc(OCC2CO2)cc1.CC1CCCO1,Application_ds
Cc1nc(C(=O)O)c(-c2ccc(Cl)cc2)s1.CC(OCC)=O,Application_ds
CC(C)(CCC[C@H](N)C(=O)O)[N+](=O)[O-].CC(C)=O,Application_ds
O=C1OCC2=C1C(O)=C(C(OC)=C2C)CCC3(OC(=O)CC3O)C.N#CC,Application_ds
Cc1ccccc1-c1ncnc(-c2ccccc2)c1C.N#CC,Application_ds
  CC(=O)Nc1cc(C(=O)N(C(C)C)C(C)C)cc2c(=O)c3cc(C(C)(C)C)cc(Nc4c(N[C@@H]5CCCC[C@@H]5N)c(=S)c4=S)c3oc12.CO,Application_ds
FC1(F)CCC(C[Zn+])CC1.CC1CCCO1,Application_ds
FC(F)(F)c1ccccc1S.CC(C)=O,Application_ds
O=C1OC=2C(OC3=C(Cl)C(O)=C(Cl)C(=C13)CCC)=CC(O)=CC2CCC.CC(C)=O,Application_ds
C=1C=CC2=C(C1)NC3=C2C=C4C(=C3C)CCN(C)C4C.CC1=CC=CC=C1,Application_ds
C[C@H](C[C@H](O)[C@H](Cc1ccccc1)NC(=O)c1ccc(F)c(Br)c1)C(=O)NCCC(C)(C)C.CC(OCC)=O,Application_ds
Clc1cccc(C2(c3ccccc3)CO2)c1.CC(C)=O,Application_ds
O=C(OC)CC(C1=CC=2C=CC(OC)=CC2NC1=O)C3=C(O)C=C(N(C3=O)CCC=4N=CNC4)C.CCO,Application_ds
O=C(OC)C1=CC=2OCOC2C=3C4=CC(OC)=CC=C4C=C(C13)N(O)O.CC1=CC=CC=C1,Application_ds
O=C(OC)CC(C1=CC=C(OC)C=2C=CC=CC21)C=3C(=O)C=4C=CC=CC4C(=O)C3O.CC(C)=O,Application_ds
O=C(OC)C12NC3=C4OCOC4=CC=C3C52C6C(=O)CC7(C=CCN(C6)C75)CC1.O,Application_ds
[O-][NH+](O)C1=CC=C(C=C1)CN2CCCC2C3=NC(=NO3)C=4C=NC(OCCOC)=CC4.O=CN(C)C,Application_ds
Cc1oc(-c2cccnc2)nc1CCl.O,Application_ds
N#Cc1ncc(Br)cn1.CO,Application_ds
  CC[C@](CC1CCCCC1)(Nc1c(Nc2cc(C(=O)N(C(C)C)C(C)C)cc3c(=O)c4cc(C(C)(C)C)cc(NC(C)=O)c4oc23)c(=O)c1=O)C(=O)OC.O,Application_ds
Cc1nccn1-c1ccc(Nc2nc3c(c(NCC4CCOCC4)n2)CNCC3)cc1.CC(OCC)=O,Application_ds
CN(C(=O)Oc1ccc(F)cc1)[C@@H]1CN(C(=O)C2CCNC2)C[C@H]1c1ccc(Cl)cc1.CCO,Application_ds
[H][C@]12O[C@]11CC[C@@]3([H])[C@]4([H])CC[C@H](O)[C@@]4(C)CC[C@]3([H])[C@@]1(C)CC(C#N)=C2O.CC(OCC)=O,Application_ds
CC(C)(C)OC(=O)N1CC[C@H]1COc1cncc(-c2cccc(OCCCc3ccccc3)c2)c1.CC(C)=O,Application_ds
O=CC1=CC2(C=CC(O)C3C(=O)C4(OC3O)CC(C(=CC4C=CC=C(C)C(O)C5C(=O)C6(OC5O)CC(C(C=O)=CC6(C=CC(O)C7C(=O)C8(OC7O)CC(C(=CC8(C=CC=C(C)C(O)C9C(=O)C2(OC9O)CC1C)C)CO)C)C)C)CO)C)C.CO,Application_ds
CCCN(CCC)C1=C(C=C(C=C1[N+]([O-])=O)S(N)(=O)=O)[N+]([O-])=O.O,Application_ds
Cc1cccc(C)c1NC(=O)Nc1cc(Cl)ccc1C(=O)O.CC(OCC)=O,Application_ds
Fc1ccc(N=C=S)cc1.O,Application_ds
O=C(OC1C(O)C(O)OC(CO)C1OC(=O)C2=CC(O)=C(O)C(O)=C2)C=CC3=CC=C(O)C(O)=C3.CC(C)=O,Application_ds
Fc1ccc(Br)c(OC2CCN(c3ncc(Br)cn3)CC2)c1.O=CN(C)C,Application_ds
O=C(CCl)N1CCC(Cc2ccccc2)CC1.O=CN(C)C,Application_ds
  O=S(=O)(Nc1cccc(C#Cc2ccccc2)n1)Nc1ccc2cccnc2c1O.O,Application_ds
O=C(O)C1(OC2C(O)C(OC(CO)C2OC3OC(CO)C(O)C(OC4OC(CO)C(O)C(O)C4O)C3NC(=O)C)OC5C(O)C(O)C(OCC(NC(=O)CCCCCCCCCCCCCC=CCCCCCCCC)C(O)C=CCCCCCCCCCCCCC)OC5CO)OC(C(O)C(O)CO)C(NC(=O)C)C(O)C1.CC(C)=O,Application_ds
FC(F)(F)c1onc(-c2ccccc2)c1-c1cn(-c2ccccc2)cn1.CO,Application_ds
O=C(C=1C=C2C(OC3C4=CC(=C(O)C=C4OCC23)CC=C(C)C)=C(C1O)CC=C(C)C)C5=C(OC6=C5C=C(O)C(O)=C6CC=C(C)C)C7=CC(=C(O)C=C7O)CC=C(C)C.CCO,Application_ds
  CC(C)[C@H](NC(=O)[C@H](CNC(=O)Nc1ccccc1SC(C)(C)C)C(F)(F)F)C(=O)OC(C)(C)C.N#CC,Application_ds
O=C(OC1CCC2(C)C3CCC4(C)C(CCC4C3CC(=NO)C2(OC(=O)C)C1)C(C)CCCC(C)C)C.CCO,Application_ds
CCOC(=O)c1cnc(-c2ccc(F)cc2)cc1Cl.CO,Application_ds
O=C(O)C1CNc2cc(OC(F)(F)F)ccc2O1.O=CN(C)C,Application_ds
O=C(OC)C=1C=C(C=C(C1)C)C(=O)CC(C(=O)O)C(C)C.CC1=CC=CC=C1,Application_ds
  COC[C@@H]1O[C@@H](C(=O)OC)C[C@H]1Nc1c(Nc2nc(ON=C(C)C)nc(N(C)C)n2)c(=O)c(=O)c1=O.CCO,Application_ds
O=C(CCCC)C(C)C.O,Application_ds
CC(OS(C)(=O)=O)c1ccon1.N#CC,Application_ds
C=[N+]=[N-].CC1=CC=CC=C1,Application_ds
O1C2=CC=C(C=C2OC1)CC3COC(OCC)C3CC4=CC=C5OCOC5=C4.CC1CCCO1,Application_ds
O=C1N2CC(C3=CC=C(C=C3)CC)C=4C=5C=CC=CC5NC4C2(C(=O)N(C1)CCC6=CC=C(Cl)C=C6Cl)C.O=CN(C)C,Application_ds
CC(=O)N1CCc2[nH]nc(-c3ccc(Br)cc3)c2C1.CC1=CC=CC=C1,Application_ds
O=C(O)C=CC1=CC(OC)=C2OC(C3=CC=C(OC4OC(CO)C(O)C(O)C4O)C(OC)=C3)C(C2=C1)CO.CO,Application_ds
Fc1cccc(CBr)c1F.CO,Application_ds
O=[N+]([O-])c1ccc(C=Cc2ncc[nH]2)o1.O=CN(C)C,Application_ds
c1ccc([C@H]2CCCC[C@H]2NC2CC2)cc1.CCO,Application_ds
O=C(OC1CCC2(C)C3CCC4C5C(C(=C)C)CCC5(C)CCC4(C)C3(C)C(OC(=O)C)CC2C1(C)C)C.CC(C)=O,Application_ds
COC1=C(OC)C(=O)C(Cc2cccc(C(=O)O)c2OC(C)=O)=C(C)C1=O.CC(OCC)=O,Application_ds
  CP(C)(=O)CCCNc1c(N[N+](=O)[O-])c(=O)c1=O.O=CN(C)C,Application_ds
FC(F)(F)c1cc2c(NCc3ccc4c(c3)OCO4)nc(Cl)nc2s1.CC1=CC=CC=C1,Application_ds
  O=C(O)c1ccc(NC(=S)Nc2ccccc2-c2ccccc2)cc1O.CC(OCC)=O,Application_ds
O=C(O)c1ccc(-c2ccc(Cl)cc2)cc1[N+](=O)[O-].N#CC,Application_ds
CC(C)NC(=O)c1ccc(-c2ccncc2)s1.CC1CCCO1,Application_ds
O=C(NC1=CC=C(C(=C1)NC2=NC(=CS2)C=3C=NC=CC3)C)C4=CC=C(C=C4)CN5CCN(C)CC5.CC1CCCO1,Application_ds
COc1ccc(C2=NN(C3CCN(S(=O)(=O)c4ccc5ccccc5c4)CC3)C(=O)C2(C)C)c2c1OC(C)(C)C2.CC(C)=O,Application_ds
CN1C(CCl)NC2=CC(Cl)=C(C=C2S1(=O)=O)S(N)(=O)=O.O,Application_ds
O=C1OC=2C=C(OCC=C(C)CCC=C(C)C)C=CC2C3=C1CCC3.CC(OCC)=O,Application_ds
CC(c1nc2ccccc2c(=O)n1-c1ccc(OCc2ccccc2)cc1)N(C)S(=O)(=O)c1ccc(C(C)(C)C)cc1.CCO,Application_ds
  C[C@@H]1CCc2ccccc2CN1C(=O)CN1C(=O)O[C@]2(CCc3cc(Nc4c(N[C@H]5[C@H]6C[C@@H]7C[C@H](C6)C[C@H]5C7)c(=S)c4=S)ccc32)C1=O.CC(OCC)=O,Application_ds
O=C1OC=2C=C(C=CC2C(=C1)CN3CCN(CCC4=NC=CC=C4)CC3)C.CC1=CC=CC=C1,Application_ds
O=[N+]([O-])c1c(F)c(F)c(OCc2ccccc2)c(F)c1F.CO,Application_ds
O=C(NCC1CCOCC1)CC2=CN(C=3C=CC=CC32)C.CO,Application_ds
Nc1ncccc1[N+](=O)[O-].O,Application_ds
O=C(OCC)C1=COC(OC2OC(CO)C(O)C(O)C2O)C3C(=CC(O)C13)COC(=O)C.O=CN(C)C,Application_ds
O=C1C2=C(C(=O)CC3(C)C(CCC23C)C(C)CCC(=C)C(C)(C)C)C4(C)CCC(O)C(C)(C)C4C1.CC(OCC)=O,Application_ds
O=C(O)CC1OC(OC=2C(=O)C=3C(O)=CC(O)=CC3OC2C=4C=CC(O)=C(O)C4)C(O)C(O)C1O.CC(OCC)=O,Application_ds
CSCCC(CC(=O)O)NC(=O)CCCCc1ccc(C=NN)cc1.CC(C)=O,Application_ds
O=C1C=2C(O)=CC(OC)=CC2OC3=CC(OC)=C4OC(C=CC4=C13)(C)C.O=CN(C)C,Application_ds
Cn1ncc(Br)c1C(O)CCCc1ccccc1.CO,Application_ds
O=C1C(=COC=2C=C(O)C=C(O)C12)C=3C=CC(OC4OC(CO)C(O)C(O)C4O)=C(O)C3.CC1CCCO1,Application_ds
Cc1ccc(C[C@H](N)c2ccccc2)cc1.O,Application_ds
O=C1CC[C@H](N2Cc3c(OCc4ccc(CBr)cc4)cccc3C2=O)C(=O)N1.N#CC,Application_ds
COCC(C)(C)O.CC(OCC)=O,Application_ds
O=[N+]([O-])c1ccc(F)c(-c2nc3ccc(F)cc3o2)c1.CCO,Application_ds
O=C1C=2C(O)=CC(O)=CC2OCC1C3=CC=C(O)C(=C3OCC)CC(=CCC)C.CCO,Application_ds
Cc1c(C(=O)OC(C)(C)C)ccc2c1CCC2NCC(=O)OC(C)(C)C.CC(OCC)=O,Application_ds
NS(=O)(=O)c1cc(C(=O)N2CCOCC2)ccc1Cl.N#CC,Application_ds
O=C(N1CCN(CC1)C2C3OCC(O3)C(NCC4CC4)C2O)C.CC(C)=O,Application_ds
C[C@H](NC(=O)Cc1cc(F)cc(F)c1)C(=O)O.CC1=CC=CC=C1,Application_ds
c1ccc2c(c1)NC1CCCc3onc-2c31.CO,Application_ds
COc1ccc2ncc(F)c(CC(O)C34CCC(NCc5cc6c(cn5)OCC(=O)N6)(CC3)CO4)c2n1.CC(C)=O,Application_ds
O=C1O[C@]2(CCN(C(=O)C3(c4ccc(-c5ccccc5)nc4)CC3)C2)c2ccccc21.CC(OCC)=O,Application_ds
CC(C)(C)OC(=O)N[C@@H]1CC[C@@H](NC(=O)c2c[nH]c3c(-c4cc(F)ccc4OCC4CC4)ncnc23)CC1.O,Application_ds
O=C1C=C(OC(=C1O)C(C2=CC=C(O)C(OC)=C2)CC(=O)NCCOC=3C=CC=CC3)C.CCO,Application_ds
  C[C@@H]1CCCCN1CCCNC(=S)NCc1c(F)c(F)c(F)c(F)c1F.CC1CCCO1,Application_ds
O=c1cc(/C=C/c2ccc(Cl)cc2)nc[nH]1.CC1=CC=CC=C1,Application_ds
O=C1C=CN(C(=O)N1)C2OC(=CNC(=O)C(NC(=O)C(NC(=O)NC(C(=O)O)CC3=CNC=4C=CC=CC43)CCSC)C(N(C(=O)C5NC(C6=CC=C(O)C=C6C5)(C)C)C)C)CC2O.CC(OCC)=O,Application_ds
COC(=O)CN(C)c1ccc(F)cc1F.CC1=CC=CC=C1,Application_ds
CC(C)(C)CC(=O)N1CCC2(CCNC2=O)CC1.CO,Application_ds
  O=C(O)CCNc1c(NC(=O)Oc2ccccc2)c(=O)c1=O.O,Application_ds
COc1ccc(B(O)O)c(Cl)c1.CO,Application_ds
CN(C)CCN1CCNCC1.O,Application_ds
CN1Cc2c(C3CCC(O)CC3)ccc(N)c2C1=O.O=CN(C)C,Application_ds
CNC(=O)c1ccc(-c2cccc(-n3c4c(c5cc(C)ccc53)CN(C)CC4)c2)cn1.CCO,Application_ds
O=C(Nc1ccc2[nH]nc(I)c2c1)C(c1ccsc1)N1CCC1.CC(C)=O,Application_ds
O=C(OCC1=COC(OC(=O)C=C(C)COC(=O)C)C2CC(=O)CC12)C=C(C)COC(=O)C.N#CC,Application_ds
O=C1NCCn2c1cc1cc(F)cc(Br)c12.CC(C)=O,Application_ds
Cc1cc(CO)c2ccccc2n1.CO,Application_ds
O=C(CBr)Nc1cccc(O)c1.CC(C)=O,Application_ds
O=C(OCC1OC(OC2CCC3(C)C4C(=CCC3C2)C5CCC(C(C)CCC(CC)C(C)C)C5(C)CC4)C(O)C(O)C1O)CCCCCCCCCCCCCCC.CC(OCC)=O,Application_ds
O=C1C=2OC=C(C2C(C(=O)C(C)C)C3(C1=CCCC3C)C)C.CC(C)=O,Application_ds
CCNC1CCCCC1.CC1CCCO1,Application_ds
N#Cc1ccccc1O.CCO,Application_ds
O=C(OCC12C(O)CC3C(C2C(OC(=O)C)(C(=O)C4(O)CC(C)C(OC(=O)CCC)C4C1OC(=O)C(=CC)C)C)C3(C)C)C=5C=NC=CC5.CO,Application_ds
OCCCCC1COC(C(Cl)CCl)O1.CO,Application_ds
Cc1ccc(C(C)(C)C#N)cc1.CC1=CC=CC=C1,Application_ds
CCCC(=O)Nc1c(Cl)nc2ccccc2c1NCC1(O)CCSCC1.CC1=CC=CC=C1,Application_ds
O=C1C=2C(=CCC3C(CCC3(C)CC2C(C)C1)C(C=CC=C(C)C)C)CO.CC(OCC)=O,Application_ds
CC[C@H](CC(=O)O)Nc1ccc(C(F)(F)F)cc1.CC(C)=O,Application_ds
CC(C)(C)OC(=O)Cc1nc(N2CCN3CCC[C@@H]3C2)nc2cccc(F)c12.CC(C)=O,Application_ds
O=C(OCC1CC(OCCC2=CC=C(O)C(O)=C2)C(O)C(OC3OC(CO)C(O)C(O)C3O)C1O)C=CC4=CC=C(O)C(O)=C4.O,Application_ds
CC(C)(C)OC(=O)N1CCC[C@H]1CO.CO,Application_ds
O=C(OC)CC1(OC2(C(=CC(=O)C3C(O)(C)CCCC32C)C)CC1)C.N#CC,Application_ds
CCN1CC(C)(C)OC(=O)C1CC(=O)Nc1nc(C(C)(C)C)cs1.CO,Application_ds
O=C(Nc1c2c(nn1-c1cccc(Cl)c1Cl)CCC2)c1cccnc1Oc1cccc(Cl)c1.O=CN(C)C,Application_ds
CN(CC1CCOCC1)C(C)(C)C(=O)O.CCO,Application_ds
Nc1cnc(Br)cn1.CO,Application_ds
CC(C)COC(=O)NCCCc1cn(C(c2ccccc2)(c2ccccc2)c2ccccc2)c(F)n1.CC(OCC)=O,Application_ds
O=C1N(CCC1)CCCN2C(=O)C3N(CC(O)C3)C4(C2=O)CN(C4)C5CCOCC5.CCO,Application_ds
CCC(CO)Nc1ncc(Cl)c(-c2ccc(C(=O)OC)cc2)n1.CC1=CC=CC=C1,Application_ds
N#Cc1cc(I)ccc1F.CC(C)=O,Application_ds
CC(C)C1(C(=O)NC(=N1)C2=C(C=C(C=N2)COC)C(=O)O)C.O=CN(C)C,Application_ds
C[C@@H](O)[C@H]1CC[C@H]2[C@@H]3C=CC4=CC(=O)[C@@H]5O[C@@H]5[C@]4(C)[C@H]3CC[C@]12C.CC1=CC=CC=C1,Application_ds
O=C(OC(C)C1CCC2(O)C3CC=C4CC(OC5OC(C)C(OC6OC(C)C(OC7OC(C)C(OC8OC(CO)C(O)C(O)C8O)C(OC)C7O)C(OC)C6)C(OC)C5)CCC4(C)C3CC(CC(=O)C=9C=CC=CC9)C12C)C.CO,Application_ds
O=C(NC=1C=CC=C(OC(C)C)C1)C=2C=CC=CC2C(F)(F)F.CC(OCC)=O,Application_ds
Nc1cccc(Br)c1F.CC1=CC=CC=C1,Application_ds
  NS(=O)(=O)c1c(Cl)ccc(Nc2c(Nc3cccc(CO)c3)c(=O)c(=O)c2=O)c1O.CO,Application_ds
O=C(NC1CCCC1)NS(=O)(=O)c1cccc(Cl)c1Cl.CO,Application_ds
CCCCCCCCC=CCCCCCCCCOCC(C[N+](C)(C)CCCCC(=O)OCCC(=O)CCC(=O)CCO)OCCCCCCCCC=CCCCCCCCC.O,Application_ds
OS(=O)(=O)c1cc(ccc1C(=O)O)C(F)(F)F.CO,Application_ds
O=C(CBr)c1ccccc1F.CCO,Application_ds
O=C(O)CCCCCCCC=CCCC1CCCCC1.O,Application_ds
C[C@@H]1CN(c2ccc(C#N)cc2C(F)(F)F)CCN1S(=O)(=O)c1cccc(-n2cncn2)c1.CC1=CC=CC=C1,Application_ds
CN1C(=O)CC[C@]2(C)c3ccc(-c4ccc(C#N)cc4)cc3CC[C@@H]12.CC(C)=O,Application_ds
CC1CCCN1c1cccc(Nc2cc(-c3cccc(O)c3)nn3ccnc23)n1.CO,Application_ds
CCNS(=O)(=O)c1ccc(SCc2ccc(OC)cc2)cc1.CO,Application_ds
Cc1cnn(C(=O)OC(C)(C)C)c1.O,Application_ds
O=C(NCCO)c1ccc2[nH]ccc2c1.O,Application_ds
O=C(OC1C(OC(=O)C=2C=CC=CC2)C3(COC(=O)C(C)CC)C(OC(=O)C)C(OC(=O)C)CC(O)(C)C43OC(C)(C)C1C4OC(=O)C)C=5C=CC=CC5.N#CC,Application_ds
CC(C)C[C@H](NC(=O)N1CCCCCC1)C(=O)NCCC(c1ccccc1)c1ccccc1.O=CN(C)C,Application_ds
  COc1ccccc1C(=O)NS(=O)(=O)c1ccc(Nc2c(N[C@H](c3ccccc3)S(=O)(=O)c3ccc(C)cc3)c(=O)c(=O)c2=O)cc1.CC1CCCO1,Application_ds
  CC(C)[C@@H](CN(C)C)NC(=O)NC(=S)c1ccccc1.O=CN(C)C,Application_ds
CCc1nc2ccccc2n1-c1nc(N2CCOCC2)c2nc(CN3CCN(C(C)(C)C)C(=O)C3)n(C)c2n1.O,Application_ds
O=C(NCc1ccc(F)cc1)c1ccc(S(=O)(=O)n2cc(I)c3ccccc32)cc1.O,Application_ds
Cc1c(Cl)nc(N(Cc2ccccc2)Cc2ccccc2)c([N+](=O)[O-])c1NNC(=O)OC(C)(C)C.O,Application_ds
CNCCC1=CC=CC=N1.CC1CCCO1,Application_ds
COc1ccc(O)cc1.CO,Application_ds
O=C(OC)N1C=2C=CC=CC2C34CCN5CC=CC6(C(=O)CC13CC6)C54.N#CC,Application_ds
CCCCOC(=O)CC1COc2ccc(NC(=O)c3ccc(C=NN4CCOCC4)cc3)cc2C1.O,Application_ds
O=C(OC1CCC2(C)C(CCC(=C)C=C)C(O)(C)CCC2C1(C)CO)C.N#CC,Application_ds
CCOP(=O)(Cc1cc(-c2ccccc2Cl)c2c(c1)N(c1c(Cl)cccc1Cl)C(=O)NC2)OCC.N#CC,Application_ds
CNC(=O)c1c(C(N)=O)nc2n1CCOc1ccc(C#CC3(O)CCC3)cc1-2.N#CC,Application_ds
Cc1cc(C#N)ccc1-c1cnn(-c2ccc(C(=O)NCC3CCCO3)cn2)c1O.CC(C)=O,Application_ds
S=C=NC(C)(CC=CC(C)C)C1CC=C(C)CC1.CC1=CC=CC=C1,Application_ds
O=C(OC)C=1C=C(C(C(=O)OCC(O)CO)=C(OC)C1C(=O)C=2C(O)=CC(O)=CC2O)C.CC1=CC=CC=C1,Application_ds
O=C1C=C(OC=2C1=C(O)C=C(O)C2C(C3=CC=C4N=CC=CC4=C3)CC(=O)OC)C=5C=CC=CC5.O=CN(C)C,Application_ds
Cc1ccc(C(=O)N2CC(F)(c3ccc(C#N)cc3)C2)cc1-c1[nH]nc(C)c1C.O,Application_ds
COC(=O)c1cc(Oc2nccs2)cc(-c2ccc(C)cn2)c1.N#CC,Application_ds
BrCCCCOCCc1ccccn1.CCO,Application_ds
COc1ccc(CN(c2nncs2)S(=O)(=O)c2ccc(F)c(C#N)c2)c(OC)c1.CC1=CC=CC=C1,Application_ds
CCOC(=O)c1cscn1.O=CN(C)C,Application_ds
[H][C@@]12CC[C@H](O)[C@@]1(C)CC[C@@]1([H])[C@@]2([H])CC[C@@]2([H])CC(=O)[C@H](C)C[C@]12C.O=CN(C)C,Application_ds
CC1(C)Oc2ccc(CO)cc2NC1=O.CCO,Application_ds
FC1=CC=CC(=C1)C2=NC(=NC=C2)NC3COC4C3OCC4NCC5=NC=CC=C5.CO,Application_ds
N#CCCSc1ccc(Cl)cc1.CC(C)=O,Application_ds
Cc1ccc(C(=O)NC2CC2)cc1-c1ccc2c(=O)n(CC3CC3)cc(CN3CCCN(C(C)C)CC3)c2c1.CC1=CC=CC=C1,Application_ds
O=C(C(=C)C)CCC(OC1OC(COC2OC(CO)C(O)C(O)C2O)C(O)C(O)C1O)(C)C3CCC4(C)C3C(O)CC5C6(C)CCC(OC7OC(CO)C(O)C(O)C7OC8OC(CO)C(O)C(O)C8O)C(C)(C)C6CCC54C.CC(OCC)=O,Application_ds
CC(C)C[NH3+].CC(OCC)=O,Application_ds
  CC(C)c1ccc(Cl)c(S(=O)(=O)NC(=S)Nc2ccc(Cl)c(S(N)(=O)=O)c2O)c1.O=CN(C)C,Application_ds
CCOC(=O)c1c(O)c2ncc(Cc3ccc(F)cc3)cc2n(CCCO)c1=O.CC(OCC)=O,Application_ds
O=C1NC2CSC(CCCCC(=O)NC(C3=NC=4C=CC=CC4N3C)C(C)C)C2N1.CC1=CC=CC=C1,Application_ds
O=C(C=CC=1C=C(OC)C(O)=C(C1)CC=2C=CC=3C=CC=CC3C2)CC(=O)CCCCCCC4CCNCC4.CC(C)=O,Application_ds
Brc1ccnc(OCc2ccccc2)c1.O=CN(C)C,Application_ds
O=[N+]([O-])c1ccccc1Oc1cncc(Cl)c1.CC1CCCO1,Application_ds
O=C(OC(C=CC#CC#CC(O)CC)CCCCCCC)C.CO,Application_ds
O=[N+]([O-])c1ccc(S(=O)(=O)NC(c2ccccc2)c2ccccc2)cc1.CCO,Application_ds
CCc1cc(OCC#N)ccc1Nc1cc2c(cn1)ncn2C.CC(OCC)=O,Application_ds
O=C(NC1C(OC(CO)C(O)C1OC2OC(CO)C(O)C(O)C2O)OC3C(O)C(OC(CO)C3O)OC4C(O)C(O)C(O)OC4CO)C.O=CN(C)C,Application_ds
O=C(OC)C=CC=1C=CC(=CC1)C2=CC=C(C(O)=C2)C3C4CC5CC(C4)CC3C5.N#CC,Application_ds
Clc1ncnc2ccc(Br)cc12.CCO,Application_ds
CCCN(CCC)C(=O)c1cc(C(=O)O)cc(-c2noc(C)n2)c1.CC1CCCO1,Application_ds
C[C@H]1NC(=O)OC12CN(Cc1ccccc1)C2.O,Application_ds
COC(=O)c1ccnc(Cl)c1.CC1=CC=CC=C1,Application_ds
O=C(OCC1=CC[N+]2([O-])CCCC12)C(O)(C(OC)C)C(C)C.N#CC,Application_ds
O=C(OC1C(=O)C(=CC(O)C1O)CO)C.CC(C)=O,Application_ds
O=C1OC2=C(C=CC=3OC45CC=CC6(CC7C8=CC9=CC=C8C%10CC(C(=O)OC4C(OC(=O)CC%11CC(C=CC9%11)C%12=CC=CC%13=C%12CCC%14CCCC%15C=CC=%16C=CC(=CC%16C%13%15%14)CC%17=CC=C(C=C%17)C%18(CCCC%18)C%10C7)C32)=C(C)CO)C%19C=CC=%20C=CC=CC%20C%19CC56)C(=C1C(COC)CCO)CO.CO,Application_ds
O=C1CC(C)C2C3N(C)CCC2(C4=CC(OC)=CC=C4C3)C1.CC(C)=O,Application_ds
Brc1ccc(N2CCOCC2)c2ccccc12.O=CN(C)C,Application_ds
O=C(O)C(O)c1cc(F)cc(F)c1.CC(OCC)=O,Application_ds
O=C1NC=2C=CC=CC2C1=NNC3=CC=C(C=C3)[NH+]([O-])O.O=CN(C)C,Application_ds
O=C1OC=2C=C(OCC(=O)NC(C(=O)O)C(C)CC)C=CC2C(=C1)C=3C=CC(OC)=CC3.CCO,Application_ds
  CC(C)NC(=S)Nc1cccc2cc[nH]c12.N#CC,Application_ds
O=C1C=2C(O)=C(C(O)=C(C2OC=3C=4C(O)=CC(O)=C5OC(C)(C)C(C54)CC13)CC=C(C)C)CC=C(C)C.CC1=CC=CC=C1,Application_ds
O=C(Cc1ccccc1)c1cc(O)ccc1O.CC(OCC)=O,Application_ds
CCCc1cc(C(=O)O)ccc1OC(C(=O)NS(=O)(=O)c1ccc(C(C)C)cc1)c1ccc2c(c1)OCO2.CC1=CC=CC=C1,Application_ds
O=C(O)CC(=O)OCC1OC(OC2=CC=3C(O)=CC(OC4OC(COC(=O)C=CC5=CC=C(OC6OC(COC(=O)C=CC7=CC=C(O)C(O)=C7)C(O)C(O)C6O)C(O)=C5)C(O)C(O)C4O)=CC3[OH+]C2C8=CC=C(O)C=C8)C(O)C(O)C1O.O=CN(C)C,Application_ds
O=C(OC1C(=C)C2C(OC(=O)C)C3(O)C(OC(=O)C3C)C(Cl)C(=C)C=CC(OC(=O)C)C2(C)C(OC(=O)C)C1)C.O,Application_ds
O=C(OC(C)(C)C)NC(C(=O)N1CCC(C(=O)NC(C(=O)NC2=CC=C(F)C=C2)C)CC1)C(C)C.O=CN(C)C,Application_ds
O=C(N(C)CC=1C=CC=CC1)CC2CCNCC2CC3=NOC(=C3)CN(C)CC=4C=CC=CC4.CC(OCC)=O,Application_ds
  C=C(C)C(=O)OCCNS(=O)(=O)N[C@H]1O[C@@H](CC)O[C@@H](CC)[C@@H]1C.O,Application_ds
O=C(N)C(NC(=O)C(NC(=O)C(N)C(O)C)CCCNC(=N)N)CC=1C=CC=CC1.CC1CCCO1,Application_ds
OC(C=1C=CC=CC1)C(=C)C.N#CC,Application_ds
O=C(O)Cc1cc(C(F)(F)F)ccc1I.CC1CCCO1,Application_ds
O=C(OC1C(O)C(O)C(OC(=O)C(=C(C)C)C)C(O)C1OC(=O)C(=C(C)C)C)C(=CC)C.N#CC,Application_ds
C#CCN1CCN(c2c(Cl)cc3c(=O)c(C(=O)O)cn4c3c2CCC4C)CC1.CC(C)=O,Application_ds
O=C(OC)C1C(OC(=O)C2C(C(=O)OC3CC4N(C)C(CC4)C3C(=O)OC)C(C=5C=CC=CC5)C2C=6C=CC=CC6)CC7N(C)C1CC7.N#CC,Application_ds
CN1CCC(C(=O)c2cccc(NC(=O)c3ccc(I)cc3)c2)CC1.O=CN(C)C,Application_ds
O=C(O)C(=NO)C.CO,Application_ds
CCC(O)CNC(C(=O)N(CCc1ccc(C)cc1)c1ccc(C)c(C)c1)c1ccccc1.CC(C)=O,Application_ds
COC(=O)c1nscc1NC(=O)c1ccc(Cl)s1.CC1CCCO1,Application_ds
Clc1cc(Nc2nccc(-c3ccnc(Cl)c3)n2)ccn1.CC(C)=O,Application_ds
CCC1CCC(=O)CC1.CC1=CC=CC=C1,Application_ds
COC(=O)c1cc(C(=O)CN2CCN(c3ccccc3C)CC2)ccc1O.CC1=CC=CC=C1,Application_ds
CC(=O)c1ccc(N2CCN(C(=O)c3cc(S(=O)(=O)N(C)C)ccc3N3CCOCC3)CC2)c(F)c1.CC1CCCO1,Application_ds
COC(=O)[C@@H]1C[C@H](Oc2ccc([N+](=O)[O-])cc2)CN1C(=O)OC(C)(C)C.N#CC,Application_ds
O=C(O)C1N=C(O)C(N=C(O)C(N=C(O)C(N=C(O)C(N=C(O)C(O)O)CC(C)C(Cl)(Cl)Cl)C(O)CCCN)C(OC2=C(C(=O)C(O)C2)C1)C(C)C)=CCl.O=CN(C)C,Application_ds
C=CC(=O)N(C)Cc1cc2ccccc2n1C.CO,Application_ds
O=C(OCCC(S)C)C.CCO,Application_ds
CC(C)(C)OC(=O)NCC(=O)Nc1cc(-c2cn(S(=O)(=O)c3ccccc3)c3cc(F)ccc23)ccc1N.CC1=CC=CC=C1,Application_ds
CN1CCCC1CCOc1ccc(-c2nnc(CSCCOc3ccccc3)o2)cc1.CC1=CC=CC=C1,Application_ds
O=Cc1cccc(OCCO)c1.O,Application_ds
CC(=O)NCC1OC(=O)N2c3ccc(-c4ccccc4)cc3CC12.CC1=CC=CC=C1,Application_ds
CC(C)(C)OC(=O)N1CCC[C@H](Nc2ncc(C#N)c3sc(Br)cc23)C1.N#CC,Application_ds
O=C(NC=1C(Cl)=CC=CC1Cl)C(F)(F)C(F)(F)C(F)(F)F.CC1=CC=CC=C1,Application_ds
O=C1NC(C(=O)N1C2=CC=C(C=C2)C(C)C)CCC(=O)NCC3CCCN4CCCCC43.CCO,Application_ds
Cc1c(C(=O)Nc2ccc(CN3CCC(N4CCOCC4)CC3)c(C#N)c2)cnn1-c1ccc(Cl)cc1.CO,Application_ds
O=C(O)COCCc1ccc(Cl)cc1.CC(OCC)=O,Application_ds
CCN1C(=O)N(c2c(Cl)cccc2Cl)Cc2cnc(S(C)(=O)=O)nc21.CC(OCC)=O,Application_ds
O=C1C(OC2OCC(O)C(OC3OCC(O)C(O)C3O)C2O)=C(OC=4C=C(O)C=C(O)C14)C=5C=CC(OC)=C(O)C5.O,Application_ds
COc1cc(CNC(=O)c2cnc(O[C@@H](C)C(F)(F)F)c(-c3ccc(Cl)cc3)c2)on1.CCO,Application_ds
  C=C[C@H]1CN2CCC1CC2[C@H](NS(=O)(=O)Nc1ccc(F)c(Cl)c1)c1ccnc2ccc(OC)cc12.O,Application_ds
CC(C)NC(=O)N1CCc2ccc(S(=O)(=O)NC(=O)NC3CCCCC3)cc2CC1.CC1=CC=CC=C1,Application_ds
COC(=O)[C@@H](N)CCCCOCc1ccccc1.N#CC,Application_ds
COC(=O)N(NC(=O)c1c(C)c(-c2ccccc2)nc2ccccc12)c1ccccc1.CC(OCC)=O,Application_ds
  COc1ccc(CNc2c(Nc3nnc(/C=C/c4ccccc4)s3)c(=O)c(=O)c2=O)cc1.CO,Application_ds
CC(C)(C)OC(=O)N1CCC(CCOS(C)(=O)=O)CC1.CC1=CC=CC=C1,Application_ds
CC(=O)N1Cc2cc(F)c(Cl)nc2C=Cc2ccccc21.N#CC,Application_ds
COC(=O)c1c(N)c(-c2ccc(I)cc2)nc2ccc(F)cc12.CC1=CC=CC=C1,Application_ds
COc1cc(C(=O)N(C)OC)cc(Cl)n1.CCO,Application_ds
C=CCOC(C=C)CCc1c(C)c(OC)c(OC)c(OC)c1OC.CC1=CC=CC=C1,Application_ds
O=C(N[C@@H]1CC[C@H](Nc2ccc3ccccc3n2)CC1)c1cccnc1Oc1ccccc1Br.O,Application_ds
O=C(O)C(N)CC[Se][Se]CCC(N)C(=O)O.CCO,Application_ds
O=C(NCC(F)(F)F)C1(CCCCN2CCN(c3ccccn3)CC2)c2ccccc2-c2ccccc21.CCO,Application_ds
O=C(NCc1ccc(F)cc1)c1ccc(S(=O)(=O)n2cc(-c3ccccc3Cl)c3ccccc32)cc1.O=CN(C)C,Application_ds
O=[Zr]=O.CO,Application_ds
COc1cc(N)ccc1-n1cnc(C)c1.CO,Application_ds
OCC1OC(OC2C(O)COC(OC3COC(OC4COC(OC5COC(O)C(O)C5O)C(O)C4O)C(OC6OC(CO)C(O)C6O)C3OC7OC(CO)C(O)C7O)C2O)C(O)C1O.CO,Application_ds
Fc1cccc(-c2nc3cnn(Cc4ccc(Cl)nn4)cc-3n2)c1F.CC1CCCO1,Application_ds
CCc1cc(C)c(-c2cccc(C(=O)CC(=O)Nc3cc(C(F)(F)F)c(C)cc3NC(=O)OC(C)(C)C)c2)cn1.CO,Application_ds
COc1cc(OC)cc(N2CCNCC2)c1.O=CN(C)C,Application_ds
N#CC(=CC1=CC=C(OC)C=C1)C(C#N)CC2=CC=C(OC)C=C2.N#CC,Application_ds
COc1cc2ncnc(Oc3ccc(OCC(=O)N4CCCCC4)cc3)c2cc1OC.CO,Application_ds
CC(=O)Nc1nc(CCCCCNC(=O)COCc2ccc(F)cc2)cs1.O,Application_ds
OCCCCCCC1=C(c2ccc(F)c(O)c2)CCCc2c1ccc(O)c2F.CC1=CC=CC=C1,Application_ds
C#CCOc1cc(Oc2cc(Cl)ccc2Cl)ncn1.CC1CCCO1,Application_ds
CC(C)c1cc2c(NC3CCC(N)CC3)ncnc2s1.CC(C)=O,Application_ds
CCCCOc1nc(N)c2nc(OC)n(CCCNCC3CCCOC3)c2n1.N#CC,Application_ds
  C=C(c1ccccc1)[C@@H](NC(=O)N[C@H]1CN(Cc2ccccc2)C[C@@H]1c1ccccc1)P(=O)(OC(C)C)OC(C)C.CCO,Application_ds
Clc1ccnc(Cl)c1.CC(OCC)=O,Application_ds
CCN1CCN(c2ccc(C(=O)[O-])cn2)CC1.CC(C)=O,Application_ds
  Cn1ccnc1CNS(=O)(=O)NC(=O)c1ccc(Cl)cc1.O,Application_ds
Cc1cc(Nc2ccn(-c3ccccc3)n2)cc(C)c1O.CO,Application_ds
O=C(OC(CC=C(C)C)C(O)(C)C1CCC2(C3=CCC4C(C)(C)C(OC5OCC(OS(=O)(=O)O)C(O)C5OC6OC(C)C(OC7OC(CO)C(O)C(OC8OC(CO)C(O)C(OC)C8O)C7O)C(O)C6OC9OCC(O)C(O)C9O)CCC4(C)C3CCC12C)C)C.CC1CCCO1,Application_ds
CCOC(=O)Cn1nc(-c2ccc(F)cc2)cc1NC(C)=O.CC1CCCO1,Application_ds
  O=c1c(Nc2ccc(O)cc2)c(Nc2cccc(B(O)O)c2)c(=O)c1=O.CC1CCCO1,Application_ds
COC(=O)C12CCC(NC(=O)OC(C)(C)C)(CC1)CC2.CC1=CC=CC=C1,Application_ds
O=C1OC2CC3(C)CCCC(=C)C3CC2C1CN4CCN(C=5C=CC=C(OC)C5)CC4.O=CN(C)C,Application_ds
O=C(O)C=1C=CC=CC1C=2OC3=CC(O)=CC=C3C(=O)C2OC=4C=CC=CC4.CC(C)=O,Application_ds
CSC(=O)C1=C(N=C(C(C(=O)SC)=C1CC(C)C)C(F)(F)F)C(F)F.CC1CCCO1,Application_ds
O=C1OCC12N(C(=O)C(C)C2(O)C(OC)CC(C)C(O)C=CC=CCNC(=O)C(C)(C)C(O)C(=CC=CC=CCC=3OC=NC3)C)C.CC(C)=O,Application_ds
OC1CC2(C)C(CCC3(C)C2CCC4=C5CC(C)(C)CCC5(C)CCC43C)C(C)(C)C1O.O,Application_ds
CCOC(C)(OCC)P(=O)(C[C@H](O)CN)OCC.CC1CCCO1,Application_ds
O=C(c1cccnc1Oc1cc(Cl)ccc1Cl)N1CCOc2ccccc21.CC1=CC=CC=C1,Application_ds
CCOC(=O)C=Cc1ccc(C(F)(F)F)nc1-c1ccccc1.CC(C)=O,Application_ds
CN[C@H]1[C@H](O)C[C@H]2[C@@H]3CCc4cc(O)ccc4[C@H]3CC[C@]12C.CC1=CC=CC=C1,Application_ds
Cc1cccc(Nc2ncnc3ccc(N)cc23)c1.O,Application_ds
CCOC(=O)c1ccc(OC2CCC(N)CC2)cc1.CC1=CC=CC=C1,Application_ds
O=C(OC1CC2(OC(C3OC(=O)C(=C)C13)C(COC(=O)C)C(OC(=O)C)CC2)C)C(=CC)COC(=O)C.O,Application_ds
CS(=O)(=O)NCCN1CC2CN(Cc3ccc(C#N)cc3)CC(C1)O2.N#CC,Application_ds
CCS(=O)(=O)Nc1ccc(CCNC(=O)c2ccnc3[nH]c(-c4ccc(Cl)cc4)nc23)cc1.CC1CCCO1,Application_ds
O=C1OC=2C=3C=CC=CC3C=CC2C(=C1)CCl.O=CN(C)C,Application_ds
COc1cc(COc2nn(-c3ccccc3)cc2/C=C/C#N)ccc1OCc1nc(-c2ccco2)oc1C.CO,Application_ds
O=C1OC=2C=CC=CC2C(=C1)NCCCCC.O,Application_ds
O=C(OC=1C=C(C=2OC3(CC2C1OC(=O)C)C(C)CCC4C5(C)CCC(=O)C(C)(C)C5CCC43C)C)C.CCO,Application_ds
COc1ccc(NC(=O)c2cc(C(N)=O)ccc2OC)c(OC)c1.CO,Application_ds
CC(C)(C)OC(=O)C(C)(C)Sc1nc(CCOc2ccc(-c3ccc([N+](=O)[O-])cc3)cc2)cs1.CO,Application_ds
Nc1c[nH]c2cccnc12.CC(C)=O,Application_ds
O=C1OC=2C=C(OC(C(=O)NCC(O)C=3C=CC=CC3)C)C=CC2C(=C1)C=4C=CC=CC4.CC(OCC)=O,Application_ds
O=C(OC=C(C1=CC(OC)=C(C=C1O)C)COC(=O)C(C)C)C.CC(C)=O,Application_ds
CCOC(=O)CCc1ccc(S(=O)(=O)CCc2c(CCN)n(C(c3ccccc3)c3ccccc3)c3ccc(Cl)cc23)cc1.O,Application_ds
CCOc1cc(C#N)ccc1C1=NC(C)(c2ccc(Cl)cc2)C(C)(c2ccc(Cl)cc2)N1C(=O)Cl.O,Application_ds
O=C(O)CC(N=C(O)C(N=C(O)C(N=C(O)C(N=C(O)CN=C(O)C(N=C(O)C(N)CC(C)C)CCC(=N)O)CO)CC(C)C)CCC(=N)O)C(O)=NC(C(O)=NC(C(O)=NC(C(O)=NC(C(O)=NC(C(O)=NC(C(O)=NC(C(O)=NC(C(=O)N1CCCC1C(O)=NCC(O)=NC(C(=O)O)CS)CO)CC(C)C)CC(=O)O)CC(C)C)CCC(=N)O)CC2=CNC=3C=CC=CC32)CC(C)C)CCSC.CC1=CC=CC=C1,Application_ds
OC(CC=1C=CC2=C(C1)NC3=C2CC4CCC5(O)C67OC7C8OC(OC(C)(C)C8OC6CCC5(C)C34C)C(O)C(O)(C)C)C(O)(C)C.CC(OCC)=O,Application_ds
Clc1nsc(Cl)n1.O=CN(C)C,Application_ds
ON=C(S)CC=1C=CC=CC1.CO,Application_ds
Cc1cccc2c(=O)[nH]c(N3CCN[C@H](CO)C3)cc12.CC(OCC)=O,Application_ds
CC(C)(C)C(=O)OCCOc1cccc(C=O)c1.CC(OCC)=O,Application_ds
COC(=O)[C@@H]1CCN1S(=O)(=O)Cc1ccccc1.CCO,Application_ds
O=C(C=CC=CC1=CC=C(O)C(O)=C1)C2=CC=C(O)C(O)=C2.CCO,Application_ds
Cc1onc(-c2ccccc2)c1-c1c[nH]cn1.CO,Application_ds
O=C(O)c1ccc(B(O)O)cc1.CC1CCCO1,Application_ds
O=C(NCC1=CC=C(OC)C=C1)CC2C(O)CCC3C4(C)COC(OC4CCC23C)CN.CCO,Application_ds
CCOCOc1cc(B(O)O)cc2c1C(C)(C)CCC2(C)C.N#CC,Application_ds
O=C(OC1C(OC(OC2C=C(C)C(O)C3(O)C(OC(=O)C)C(O)C=4C(=O)C5=C(O)C(=CC=C5C(=O)C4C23O)C6OC(C)C(O)C(OC7OC(C)C(OC8OC(C)C(O)CC8)C(O)(C)C7)C6)CC1OC)C)N.N#CC,Application_ds
O=C(Cn1nc(-c2ccc(F)cc2)nc1-c1ccc(F)cc1)N1CCN(c2cc(Cl)ncn2)CC1.CC1CCCO1,Application_ds
Cc1ccsc1Br.CCO,Application_ds
CCCCCCCC(=O)O.CC(C)=O,Application_ds
CNC(N)=O.CC(OCC)=O,Application_ds
CCOC(=O)C1CCOc2c1cc(Cl)c(Oc1ccc(C(=O)Nc3cccc(-c4ccc(Cl)cc4)n3)cc1)c2Br.CCO,Application_ds
O=C(O)C=C(CO)CCC1C(=C)C=CC2C(C)(C)CCCC21C.CC1CCCO1,Application_ds
O=C1C=2C=C(OC)C=C(OC3OC(CO)C(O)C(O)C3O)C2C(=O)C4=C(O)C=C(C=C14)CC5(C=6C=CC(N)NC6)CCNCC5.CC(C)=O,Application_ds
O=C(OCCC(C)C)C=1OC=CC1.CC1=CC=CC=C1,Application_ds
CNCc1ccc(C)nc1.O=CN(C)C,Application_ds
CCOC(=O)[C@@H]1C[C@@H](OC2CCCCO2)CN1C(=O)OCc1ccccc1.CC1CCCO1,Application_ds
COc1ccc2c(c1)C=C(C(=O)N1C[C@H](C)N(C)[C@H](C)C1)Cn1c-2c(C2CCCCC2)c2ccc(C(=O)NS(=O)(=O)N(C)C)cc21.O=CN(C)C,Application_ds
CC1=CC=C(C=C1)N2C(=C(C(=N2)C)N=NC3=C(C=C(C=C3)C4=CC(=C(C=C4)N=NC5=C(N(N=C5C)C6=CC=C(C=C6)C)O)OC)OC)O.CC(OCC)=O,Application_ds
Cc1ccc(-c2nc3ccccc3o2)cc1O.O,Application_ds
O=C1OC2=C(C=CC(OCC=3C=CC=CC3)=C2C(=O)CC)C(=C1)C.CCO,Application_ds
O=C(OC1C2C(=C3CC(C(=O)CC(C)C31C4C(=O)C(=C5CC(C(=O)CC(C)C524)=C(C)C)C)C(C)C)C)C.CCO,Application_ds
COc1ccc2cc(C(=O)C(C)Br)ccc2c1Cl.N#CC,Application_ds
N#Cc1c(Cl)c(Cl)c(Oc2ccccc2-c2ccccc2)c(Cl)c1C#N.CC(OCC)=O,Application_ds
O=C(NCc1ccco1)c1ccc2cncc(Br)c2n1.O,Application_ds
CC(C)(C)Nc1nc(Cl)cc(-c2ccccc2)n1.O,Application_ds
O=C(NC=1C=CC2=C(OC(C(=O)C=3C=CC=C(OC)C3)=C2C)C1)C4=CC=C(C=C4)C.CO,Application_ds
CC(=O)OCC(Br)c1nc(-c2ccc(C(F)(F)F)cc2)c(Br)o1.CO,Application_ds
C[Si](C)(C)C#Cc1ccc(N)c(F)c1.O,Application_ds
O=C(NCCC1=CNC=2C=CC=CC21)C3C4OC5(C=C4)C3C(=O)N6C(C=7OC=CC7)CC(=O)C(C)C65.CCO,Application_ds
Cc1cnc(NC(=O)C2CC2)cc1[Sn](C)(C)C.CC1=CC=CC=C1,Application_ds
O=C1OC(CC(=C1CO)C)C(O)(C)C2(O)CCC3(O)C4(O)CC=C5CCCC(=O)C5(C)C4CCC23C.CCO,Application_ds
O=C(c1cc2cc(Cl)sc2[nH]1)N1CCN2CCCC2C1.CC1CCCO1,Application_ds
CCOC(=O)/C=C/c1ccc(Cl)nc1.CC(C)=O,Application_ds
OC1=CC=C2C(=C1)C3(C)CCN(C)C(C2)C3C.CC(OCC)=O,Application_ds
COc1nc(C(=O)O)c(-n2c(C)ccc2C)cc1C(F)(F)F.O=CN(C)C,Application_ds
CCN(CC)C(=O)COc1ccc(C(=O)CCl)cc1.CC1CCCO1,Application_ds
O=C1OC=2C(OC)=C(OS(=O)(=O)O)C=C3C(=O)OC4=C(OC)C(OC)=CC1=C4C23.O,Application_ds
CS(=O)(=O)NC(=O)c1cc(F)c(CBr)cc1F.O=CN(C)C,Application_ds
  CCC(CCNC(=S)NC[C@@H]1C[C@@H]2C[C@H]1[C@H]1[C@H]3C=C[C@H](C3)[C@@H]21)=C1c2ccc(Cl)cc2CCc2ccc[n+]([O-])c21.O,Application_ds
Cc1ccc2nc(Cl)c(N)nc2c1.CC1CCCO1,Application_ds
COc1cccc2c1CC(NCCCCc1coc3ccccc13)CO2.CC1=CC=CC=C1,Application_ds
O=C(O)c1ccc([N+](=O)[O-])cc1.CC(OCC)=O,Application_ds
Cc1ccc(S(=O)(=O)OC[C@H]2CCCN(CC(c3ccccc3)c3ccccc3)C2)cc1.CC1CCCO1,Application_ds
COC1(c2ccc(C)cc2)CCC(=NO)CC1.O,Application_ds
Cc1ccc(NC(=O)c2ccsc2)cc1B1OC(C)(C)C(C)(C)O1.O=CN(C)C,Application_ds
  CCOC(=O)c1cnn(C)c1S(=O)(=O)NC(=S)Nc1ccc(C(=O)C(F)(F)F)cc1.CCO,Application_ds
COC(=O)c1ccc(Br)cc1.O=CN(C)C,Application_ds
O=C(NC(COC1OC(CO)C(O)C(O)C1O)C(O)C(O)CCCCC=CCCCCCCCC)C(O)CCCCCCCCCCCCCC.O=CN(C)C,Application_ds
CCn1cc(C(=O)O)c(=O)c2cc(F)c(N3CCNC(c4ccc(Cl)s4)C3)cc21.CC1CCCO1,Application_ds
O=C(OC)CCC(NC(=O)CCCCCCC)C(=O)NC1C(=O)NC(C(=O)NC2C(=O)N(C(O)CC2)C(C(=O)N(C)C(C(=O)NC(C(=O)OC1C)C(C)C)CC3=CC=C(O)C=C3)CC=4C=CC=CC4)CCCNC(=N)N.CC(C)=O,Application_ds
Cc1ccc2sc(Cl)nc2n1.O,Application_ds
O=C(c1ccc(Br)cc1)c1nccs1.CCO,Application_ds
COc1cc(N2CCN(C)CC2)ccc1Br.CC1=CC=CC=C1,Application_ds
COc1cc2c(cc1OC)CNCC2.O,Application_ds
O=C1CC(c2ccccc2)Oc2ccccc21.CO,Application_ds
O=CN1C=C2N=CC=C2N1.CO,Application_ds
O=C(CCl)NNC(=O)c1ccc(Br)cc1.O,Application_ds
O=C1CCN(c2nc(Br)cs2)CC1.O,Application_ds
CCOC(=O)[C@@H](CCCCCC1CCN(C(=O)OCc2ccccc2)CC1)N[C@H]1COc2ccccc2N(CC(=O)OC(C)(C)C)C1=O.O,Application_ds
O=C(O)C1(C)C(O)C(O)CC2(C)C1CCC3(C)C2CC=C4C5C(C(=CCC5(C(=O)O)CCC43C)C)C.CC1CCCO1,Application_ds
O=C1C=C(OC=2C=C(OC)C(=CC12)CC=C(C)C)C=3C=CC(O)=CC3.CC1=CC=CC=C1,Application_ds
O=C1C(=COC=2C1=CC=C3OCN(CC=4C=NC=CC4)CC32)C=5C=CC=CC5.O,Application_ds
OC1=CC=C2C=C1OC3C4C=CC(CN=C(N)NCCCC(O)CC5C=CC(CC5CC)C6C=7C(=C(OC)C=C8OC2C(O)CC87)C9=CC(=C(O)C=C9C6)CC(C)C)C3C(CO)CC4.O,Application_ds
COc1ccc(CN(C(=O)OC(C)(C)C)c2ccc(C=O)c(F)n2)cc1.CC(C)=O,Application_ds
CC(C(C1=CC=CC=C1)O)NC.Cl.O=CN(C)C,Application_ds
COC(=O)C(C)(C)c1ccc(C(=O)Nc2ccc(Cl)cc2C(=O)Nc2ccc(Cl)cn2)cc1.CO,Application_ds
O=C(O)C1OC(OC2=C(OC)C=C(C=C2OC)C3C4=CC=5OCOC5C=C4C(OC6OC7COC(OC7C(O)C6O)C)C8COC(=O)C38)C(O)C(O)C1O.CC1=CC=CC=C1,Application_ds
O=C(O)/C=C/CN1CCCC1.N#CC,Application_ds
  CCCCCCC(=O)Nc1c(Nc2nc(-c3ccc(C)cc3)n[nH]2)c(=O)c(=O)c1=O.CO,Application_ds
O=[N+]([O-])c1ccc(Cl)cc1CO.CC1=CC=CC=C1,Application_ds
Nc1ccc(-c2cccc3c2CNC3=O)cc1.O=CN(C)C,Application_ds
Cc1ccccc1-c1cc(F)c2ncc(C(=O)NCc3ccc(Cl)cc3)c(O)c2c1.CC(C)=O,Application_ds
  CC[C@](CC1CCCCC1)(Nc1c(NC2([C@H]3CCCS3(=O)=O)CCCCC2)c(=O)c(=O)c1=O)C(=O)OC.CC1CCCO1,Application_ds
Nc1ccc(C(=O)N2Cc3ccccc3Sc3ccccc32)cc1.CC1=CC=CC=C1,Application_ds
  C[C@H](C(=O)Nc1c(NC(=O)COc2ccc(Cl)cc2)c(=S)c1=S)C1=CCCCC1.CC1CCCO1,Application_ds
O=C1OC2=C(C=CC(OCC3=CC=C(OC)C=C3)=C2C)C(=C1)CCCC.O=CN(C)C,Application_ds
S=C=NCCC=CSC.N#CC,Application_ds
O=C(OC1OC(C)C(O)C(OC2OC(C)C(O)C(O)C2O)C1OC3OC(C)C(OC4OC(CO)C(OC5OC(C)C(O)C(O)C5O)C4O)C(OC6OC(CO)C(O)C6O)C3O)C78CCC(C)(C)CC8C9=CCC%10C%11(C)CC(O)C(OC%12OC(CO)C(O)C(OC%13OC(CO)C(O)C(O)C%13O)C%12O)C(C)(CO)C%11CCC%10(C)C9(C)CC7.CC(OCC)=O,Application_ds
  C=CCN(CC=C)[C@@H]1CCCC[C@H]1NC(=O)NCCC[Si](OCC)(OCC)OCC.CO,Application_ds
O=C(OC1C(O)C(O)COC1OC2C(O)C(O)COC2OC3C(O)C(O)COC3OC4C(O)C(O)COC4OC=5C(=O)C=6C(O)=CC(O)=CC6OC5C=7C=CC(O)=CC7)CCCCCCCCCCCCCCC.O=CN(C)C,Application_ds
CC(C)c1noc(N2CCC(COc3ccc(-c4ccc(S(=O)(=O)NCCO)cc4)cc3)CC2)n1.CC(OCC)=O,Application_ds
O=C1OC=2C=C(OC)C(OC)=CC2C(=C1)C.O=CN(C)C,Application_ds
CCOP(=O)(OCC)C(=O)Oc1ccc(OC)cc1.CC1CCCO1,Application_ds
CCS(=O)(=O)n1cccc1CN.O=CN(C)C,Application_ds
O=C1OC=2C=C(O)C(O)=CC2C(=C1)CCC.CCO,Application_ds
O=S(=O)(O[Na])C1CCC2=CC=C(OC(N=C(N)N)(C3=CC=C(C=C3)C4C1C=C5CC4CC(OC5C6=CC=C(O)C=C6)CCO)CCCO)C=C2.CC(OCC)=O,Application_ds
O=C1OC=2C=C(OC)C=CC2C(=C1CCC(=O)NCCC3=CNC=4C=C(OC)C=CC43)C.O,Application_ds
O=C(NNC1=CC=C(C=C1)C)C=2C=CC=CC2.O,Application_ds
  C[C@H]1CCc2cccc(Nc3c(N[C@H]4[C@@H](COC(=O)n5ccnc5)C[C@H]5C[C@@H]4C5(C)C)c(=S)c3=S)c2N1.N#CC,Application_ds
O=C(OC1CC(OC(CCC2=CC=C(O)C(OC3CCCC4(NC(=NCC4)NCCCC=5C=C(N)NCC5)C3)=C2)C1)C6=CC(O)=C(O)C(OCCC=7C=NC=CC7)=C6)C.O=CN(C)C,Application_ds
C=CCCC(=O)N1CCc2nnc(Cl)cc2C1.CO,Application_ds
Cc1cc2cccc(C(C)C)c2n1C.CO,Application_ds
CCOC(=O)N1C2CCC1CC(C(=O)O)C2.CC(C)=O,Application_ds
  Cc1nonc1NC(=S)N[C@@H](C(=O)N(C)Cc1ccccc1)C(C)(C)C.CC(C)=O,Application_ds
O=C(O)C12CCC(=C)CC2C3=CCC4C5(C)CCC(OC6OCC(O)C(OC7OC(CO)C(O)C(O)C7O)C6OC8OC(C)C(O)C(O)C8O)C(C)(C)C5CCC4(C)C3(C)CC1.CC(C)=O,Application_ds
N1=CC=CC=2NC(=NC12)C3CN(CC3)C(C)C.O,Application_ds
COC(=O)C=C(C)c1cc2c(Br)cccc2n1S(=O)(=O)c1ccccc1.O,Application_ds
Fc1ccc(-c2cc(NCC3CCNCC3)c3sccc3n2)cc1.CC(C)=O,Application_ds
C=C[C@@H]1C[C@]1(NC(=O)[C@H]1CCN(C(=O)OC(C)(C)C)C1)C(=O)NS(=O)(=O)c1cccc(OCc2ccccc2)c1.CC1=CC=CC=C1,Application_ds
CC1Cc2c(OS(=O)(=O)C(F)(F)F)ccc(F)c2O1.CC1CCCO1,Application_ds
Nc1ccc(-c2ccncc2)cc1.CO,Application_ds
O=C1Cc2ccc(-c3cccnc3)cc2N1.N#CC,Application_ds
COC(=O)c1sc(-n2cnc3ccc(CN4CCN(C)CC4)cc32)cc1O[C@H](C)c1ccccc1C(F)(F)F.O,Application_ds
[N-]=[N+]=Nc1cccc(Cl)c1.N#CC,Application_ds
Cc1c(C=C2C(=O)Nc3cccc(Br)c32)[nH]c2c1C(=O)N(CCN1CCCCC1)CCC2.CO,Application_ds
CS(=O)(=O)OCC1CCNC1.CC1CCCO1,Application_ds
CC(C)(CO)NS(=O)(=O)c1cccc(NC(=O)c2cnn3c(C(F)(F)F)cc(-c4ccc(C(F)(F)F)c(F)c4)nc23)c1.CC1CCCO1,Application_ds
O=C1C2C(O)C(CC=3C=CNC3)CC4=CC=C(O)C(OC)=C4CC5=C(C=CC6=CC=CC(=C65)C(SSCC2CC(O)C1(C=7C=C(O)C=C(C7)C89NCCCC9C(CC=%10C=CC=C(C%10)CCC(C)C)CCC8)C%11C%12=CC=C(O)C(OC%13CCC%14(CCCC%14)CC%13CSSC%11)=C%12)CO)CC.CC(OCC)=O,Application_ds
CC(O)C1(F)CCN(C(=O)OCc2ccccc2)C1.CC1=CC=CC=C1,Application_ds
Brc1ccc(N2CCOCC2)nc1.CCO,Application_ds
  CCOC(=O)[C@H](C)C[C@@H](Cc1ccc(-c2ccccc2)cc1)NC(=S)NCC(F)(F)F.CC(C)=O,Application_ds
O=C(OC1C(=CCC2(C)CCC(C(C)C)C2(O)C1)C)C.CC(C)=O,Application_ds
Cc1ccc2nc(N3CCS(=O)(=O)c4cc(O)ccc4C3)cc(Cl)c2c1.O=CN(C)C,Application_ds
Cc1cc(O)c(F)cc1Br.CC(OCC)=O,Application_ds
O=C(NCC1=NC=CC=C1)C=2C(=O)C3=CC=CC4=C3N(C2O)CC4.CCO,Application_ds
COc1cccc(OC)c1C1CCCC(=O)N1Cc1ccc(O)cc1.CO,Application_ds
O=C1C(Br)=C2C=CN(C=C2C3=C1NC=CS3(=O)=O)C.CC(OCC)=O,Application_ds
COc1cccc(C2(C(=O)NS(=O)(=O)Oc3c(C(C)C)cccc3C(C)C)CCC(=O)CC2)c1.CC(C)=O,Application_ds
CCOC(=O)C(c1ccccc1)N1CCc2c(cnc3c2cnn3Cc2ccc(OC)cc2)C1.O,Application_ds
O=C(C=CC1=CC=C(OC2OC(C)C(OC3OC(C)C(OC4OC(C)C(OC5OC(C)C(OC6OC(C)C(O)C(OC7OC(C)C(O)C(O)C7O)C6O)C(N)(C)C5)C(O)C4O)C(N)(C)C3)C(O)C2OS(=O)(=O)O)C(O)=C1)NCCS(=O)(=O)O.CC1=CC=CC=C1,Application_ds
O=C(Cn1c(-c2ccccc2Cl)ccc(NC(=O)OCc2ccccc2)c1=O)NCCc1ccccc1.CCO,Application_ds
COC(=O)COc1c(C(=O)O)sc(-c2cccc(C3CCN(S(=O)(=O)Cc4ccccc4)CC3)c2)c1Br.N#CC,Application_ds
  O=S(=O)(NCCSCc1c[nH]cn1)Nc1cccs1.N#CC,Application_ds
CN1Cc2c(Br)cccc2N(Cc2cccc(F)c2)C1=O.CCO,Application_ds
N#CC=1C=CN(C1)C(CO)C(COC)CC2=CC(OC3OC4C(O)C(O)C53OC(=CC6(CCC7C(O)(CC8C(C9=CC=C(C=C9)C(=O)O)CCC%10CCCC%1087)C6)C(C5)C(O)CC#COC4CCCO)CCC(NCC(O)C)CC)=CC=C2CC=C.CCO,Application_ds
CC1(C)CON(Cc2ccc(N)cc2Cl)C1=O.CC1=CC=CC=C1,Application_ds
O=C1CCNCC1C(c1ccccc1)c1ccccc1.CCO,Application_ds
C#CCCCc1ccccc1.CO,Application_ds
CC(C)CCI.CC1CCCO1,Application_ds
O=C1OCC2=C(OC)C(OC)=C(OC)C(=C12)CSC3=NN=NN3C=4C=CC=CC4.O,Application_ds
CCC[C@H](N[C@@H](C)C(=O)N1C2CCC(CC2)[C@H]1C(N)=O)C(=O)OCC.CC1CCCO1,Application_ds
Clc1nc(Cl)c2oc(-c3ccccc3)cc2n1.CC(C)=O,Application_ds
O=CC1CC2(CCC3(CCC(CC=4C=CC=C(O)C4)C3)C2)CC51CC6CC7C8=C9C=C(NCSSC%10CCC%11(O)CCCCC%11C=CC%12=C(C=C(O)C%13%10C(=O)C=%14C(OC%15OC%16(CO)CC(C7)C(C(O)(C%15O)C%16O)C96C5)=CC=CC%14C(=O)C%12%13)CC=%17C=CC=C(C%17)CO)NC8.O,Application_ds
O=C(OC)C=1C=2C=C(OCC(=O)OC(C)(C)C)C(Br)=CC2OC1C.CC(C)=O,Application_ds
CC(C)N(CCSc1ccc(Cl)cc1)C(=O)Oc1ccccc1.N#CC,Application_ds
O=C(NCCCCN)C.O=CN(C)C,Application_ds
O=C(NC1CC(C)(C)[NH+](O)C(C)(C)C1)C.O=CN(C)C,Application_ds
O=C(C1=CC=2C=C(OC)C(OC)=C(OC)C2N1C)N3CC=4C=5C=C(Cl)C=CC5NC4CC3.CO,Application_ds
CCCS(=O)(=O)Nc1ccc(F)c(N)c1F.O,Application_ds
O=C1OC2C(C1=C)CCC3(C=CC(=O)C(C)C23)C.CC1=CC=CC=C1,Application_ds
CC(C)(C)C(=O)N1CC(NC(=O)c2cnc(-c3cccc(F)c3)nc2)C1.CC(OCC)=O,Application_ds
C=1C=CC2=C(C1)CCC2CCC(C)C.N#CC,Application_ds
O=C(CCc1ccccc1)NC(Cc1ccc(C(F)(F)F)c(F)c1)C(O)c1ccc(F)cc1.CC(OCC)=O,Application_ds
O=C(OCC=1C=CC=CC1)NCCCN.CC(C)=O,Application_ds
O=C(OC)C1OC(OC2CCC3(C)C(CCC4(C)C3CC=C5C6CC(C)(C)CCC6(C(=O)OC7OCC(O)C(O)C7OC8OC(C)C(OC9OCC(O)C(O)C9O)C(O)C8O)C(O)CC54C)C2(C)C)C(O)C(O)C1O.N#CC,Application_ds
O=C(O)C(C)CCCC(C)C1CCC2C3=CCC4CC(=O)CCC4(C)C3CCC21C.CO,Application_ds
CC(Cl)C(=O)O.N#CC,Application_ds
CS(=O)(=O)c1ccc(Cn2c(C(=O)O)c(-c3ccccc3)c3cc(Br)ccc3c2=O)cc1.CC(OCC)=O,Application_ds
CC(C)(O)c1cccc(C(Cl)c2cccc(C=Cc3ccc4ccc(Cl)cc4n3)c2)c1.O,Application_ds
CCc1nnn([C@@H]2C=C[C@H](n3cnc4c(NCC(c5ccccc5)c5ccccc5)nc(Cl)nc43)C2)n1.O=CN(C)C,Application_ds
CN(C[C@@H](CCN1CCC(c2ccccc2[S@](C)=O)CC1)c1ccc(Cl)c(Cl)c1)C(=O)c1ccc([N+](=O)[O-])c2c1CCCC2.CC(C)=O,Application_ds
CC(C)(C)OC(=O)N1CCC[C@@H](COS(C)(=O)=O)C1.CC1CCCO1,Application_ds
COC(=O)c1ccc2c(c1)NCC2.CO,Application_ds
OC(C)(CCC=C(C)C)C1(OC(C=C)(C)CC1)C.O,Application_ds
O=CC1(C)C(OC2OC(C(=O)O)C(O)C(OC3OCC(O)C(O)C3O)C2OC4OC(CO)C(O)C(O)C4O)CCC5(C)C6CC=C7C8CC(C)(C)CCC8(C(=O)OC9OC(C)C(OC%10OC(C)C(OC(=O)C)C(O)C%10O)C(O)C9OC%11OC(C)C(OC%12OCC(O)C(OC%13OCC(O)C(O)C%13O)C%12O)C(O)C%11O)CCC7(C)C6(C)CCC15.CC1=CC=CC=C1,Application_ds
COC(=O)c1ccc([N+](=O)[O-])c(OC2CCCC2)c1.CC1=CC=CC=C1,Application_ds
Cc1ccc(S(=O)(=O)Nc2ccccc2NC(=O)Nc2ccc(Cl)cc2)cc1.O,Application_ds
COC(=O)c1ccnc(OC)c1.CCO,Application_ds
O=C1C=C(OC2=C1C(OCCC3(O)CCCC3)=C(OC)C(O)=C2CCC4=CC=CC(=C4)C5=CNC(=C5)CC)C=6C=CC(O)=CC6.N#CC,Application_ds
O=C(Cl)CF.CO,Application_ds
O=C(OCC=C1CCC2(C)C(CCC3(C(=CC(=O)CC32)C)C)C1OC(=O)C)C.CC(C)=O,Application_ds
  CC(C)[C@H](Nc1c(Nc2nncs2)c(=O)c1=O)C(=O)O.CC(OCC)=O,Application_ds
C#CCN1CCN(C(=O)OC(C)(C)C)CC1.CC1=CC=CC=C1,Application_ds
O=C1C2=CC(O)=C(OC)C=C2OC3=CC(OC)=CC(O)=C13.CC(OCC)=O,Application_ds
O=C1C2=C(C=3C=CC=CC3N2C)CC4N(C)CC(=CC)C(C1)C4CO.O=CN(C)C,Application_ds
O=C1C=CC=C2N1CC3CN(C(=O)CC4NC(=O)N(C4=O)CCC=5C=CC=CC5OC)CC2C3.O,Application_ds
OCc1cc2c(F)ccc(Br)c2s1.CC1=CC=CC=C1,Application_ds
O=C(OC1C2C(=O)C(C3=C(C2)C4CC(=O)OC(C5=COC=C5)C4(C)CC3)(C)C(CC(=O)OC)C1(C)C)C.CC(OCC)=O,Application_ds
O=C(OCC)CC1C(=CC(CNS(=O)(=O)C=2C=CC=CC2)C(C1)C(C)C)C.CC1=CC=CC=C1,Application_ds
N#Cc1cccc(-c2ccc(Cc3cc([C@@H]4O[C@H](COCc5ccccc5)[C@@H](OCc5ccccc5)[C@H](OCc5ccccc5)[C@H]4OCc4ccccc4)ccc3Cl)s2)c1.O=CN(C)C,Application_ds
Nc1c(Br)cccc1Br.CC1CCCO1,Application_ds
O=C1OC2=C(C=C3C(OC=C3C)=C2C)C(=C1CC(=O)N4CCCC4C(=O)N)C.CC1=CC=CC=C1,Application_ds
Nc1cccc(S(=O)(=O)NCC2CC2)c1.CC1=CC=CC=C1,Application_ds
O=C1C=C2C(=CC=C1NC(C(=O)N3CCC(C(=O)OC)CC3)C)C4=C(OC)C(OC)=C(OC)C=C4CCC2NC(=O)C.CC1CCCO1,Application_ds
O=C(NC1=NC=CS1)C2=C(OC3=CC=C(OC)C=C32)C=4C=CC(OC)=CC4.CC(OCC)=O,Application_ds
O=C(NCCC1=CNC=2C=CC=CC21)C3N(C(=O)C)CC=4C=CC=CC4C3.CC1CCCO1,Application_ds
O=C(O)CNC(=O)CCC=1C=CC=CC1.CCO,Application_ds
Fc1ccc(F)c(N2CCNCC2)c1.CC1=CC=CC=C1,Application_ds
O=C(CC(C)C)CC(O)(C)C1CCC2C3C(=CCC21C)C4(C)CCC(O)CC4C(O)C3.CC1=CC=CC=C1,Application_ds
O=C(NC1N=C(c2ccccc2)c2ccccc2N(CCBr)C1=O)c1cc2ccccc2[nH]1.CCO,Application_ds
CCOC(=O)[C@@H](C)Oc1cc(NS(=O)(=O)N2CCC2)nc(SCc2cccc(F)c2F)n1.O=CN(C)C,Application_ds
O=C(O)C(NC(=O)CCCN1C(=O)NC=2C=CC=CC2C1=O)C(C)CC.CC(OCC)=O,Application_ds
O=C(NNc1ccccc1)C1CCC1.CC1=CC=CC=C1,Application_ds
O=C(O)CCCCCCCC=CCCCCCC(C)CCC.CO,Application_ds
CC(C)C[C@@H](CN=[N+]=[N-])NC(=O)OC(C)(C)C.N#CC,Application_ds
COC(=O)C[C@H](CCCNC(=N)NS(=O)(=O)c1c(C)c(C)c2c(c1C)CCC(C)(C)O2)NC(=O)c1cccn(C(c2ccccc2)c2ccccc2)c1=O.CC(C)=O,Application_ds
COC(=O)C1=CC=CC=C1S(=O)(=O)NC(=O)NC1=NC(OC)=NC(C)=N1.CCO,Application_ds
O=C(O)CCC1NC(=O)C(NC(=O)C(NC(=O)C(N(C(=O)CNC(=O)C(NC(=O)C(NC(=O)C(NC(=O)CC(OC(=O)C(NC(=O)C(NC(=O)C(NC(=O)C(NC1=O)CC(=O)N)CC2=CNC=3C=CC=CC32)CCCN)C(C)C)CCCC(C)C)CO)C(O)C(=O)N)CO)C)CC=4C=CC=CC4)CC(C)C)CCCN.CC(OCC)=O,Application_ds
O=C(Nc1nccs1)C(CC1CCOCC1)c1ccc(S(=O)(=O)Cl)cc1.O,Application_ds
CC(C)CC(N)c1cccnn1.O,Application_ds
CN1CCc2sccc2C(Oc2ccccc2Br)C1.CC1CCCO1,Application_ds
Cc1cc(NC(=O)OC(C)(C)C)c(NC(=O)CC(=O)c2cccc(-n3ccnc3)c2)cc1C(F)(F)F.N#CC,Application_ds
CCc1ccc(/C(=C/C2CCCC2)c2ccc(O)c(Cl)c2)nc1OC.CCO,Application_ds
CO[C@H]1CN(c2ncc(C#N)cn2)C[C@H]1Nc1c(C(N)=O)cnn2cc(-c3ccc(C(=O)NC4CC4)cc3)cc12.CC1CCCO1,Application_ds
O=C1N2CC=3NC=4C=CC=CC4C3CC2C(=O)N(N=CC=5C=NC=CC5)C1.CCO,Application_ds
CS(=O)(=O)N1CC=C(c2cc3c(cn2)O[C@@H](C2CCNCC2)C3)CC1.CC1CCCO1,Application_ds
CC(C)(C)OC(=O)N1CCC(CO)C1.O=CN(C)C,Application_ds
NCCNCc1nccs1.CCO,Application_ds
O1C=CC=C1CNCC2=CNC=3C=CC(OC)=CC32.CC(OCC)=O,Application_ds
CCN1CC(C)(C)OC(=O)C1CC(=O)O.CC1CCCO1,Application_ds
C=CC1(c2cncc(-c3ccc4c(c3)CCc3nncn3-4)c2)CC1.N#CC,Application_ds
O=C(O)c1ccc(OC2CCCCC2)nc1.CCO,Application_ds
OB(O)c1ccc(F)cc1.CCO,Application_ds
CCOC(=O)C(=NOC(=O)OC(C)(C)C)C(C)=O.CC1CCCO1,Application_ds
O=C1C=2C(O)=C(C=CC(O)(C)C)C(OC)=CC2OC3=CC(O)=C(OC)C(=C13)CC(O)C(=C)C.CCO,Application_ds
Nc1cc(Cl)c([N+](=O)[O-])cc1OC(=O)c1ccccc1.CCO,Application_ds
N#Cc1cccc(C=O)c1.CC(C)=O,Application_ds
O=C1OCC2OC(OC(=O)C3=CC(O)=C(O)C(OC4=C(O)C(O)=C(O)C=C4C(=O)OC5OC6COC(=O)C7=CC(O)=C(O)C(O)=C7C8=C(O)C(O)=C(O)C=C8C(=O)OC6C(OC(=O)C9=CC(O)=C(O)C(O)=C9)C5OC(=O)C%10=CC(O)=C(O)C(O)=C%10)=C3)C(OC(=O)C%11=CC(O)=C(O)C(O)=C%11)C(OC(=O)C%12=CC(O)=C(O)C(O)=C%12)C2OC(=O)C%13=CC(O)=C(O)C(O)=C%13C%14=C(O)C(O)=C(O)C=C1%14.CC(OCC)=O,Application_ds
C[C@H](COS(C)(=O)=O)CN1CCC(c2noc3cc(F)ccc23)CC1.CO,Application_ds
O=S(=O)(Cl)c1cc2ccccc2o1.CC1=CC=CC=C1,Application_ds
CCCCN1C(=O)c2cccnc2C1(O)c1ccccc1.O,Application_ds
CCN(C)S(=O)(=O)c1ccc(-c2cnc(N)c(Br)n2)cc1.O=CN(C)C,Application_ds
CC(C)(C)OC(=O)N(CCO)Cc1ccc(F)cc1.CC1=CC=CC=C1,Application_ds
Cc1cn(Nc2ccncc2)c2ccc(OCc3ccccc3)cc12.CC(C)=O,Application_ds
  COC(=O)[C@]1(Cc2ccc(C(C)(C)C)cc2)CCC[C@@H]1Nc1c(Nc2cccc3c(OCC(C)C)cc(C(=O)NCc4ccccc4)nc23)c1=O.CC1CCCO1,Application_ds
CN(C(=O)c1ccc(Cl)cc1)[C@@H]1CCN(C(=O)[C@H]2C[C@@H](O)CN2C(=O)OC(C)(C)C)C[C@H]1c1ccc(Cl)c(Cl)c1.CC(C)=O,Application_ds
CC1=NN(c2ccc(C)c(C)c2)C(=O)C1=NNc1cccc(-c2cccc(C(N)=O)c2)c1O.CCO,Application_ds
CC1(C)CN(Cc2cccnc2)c2ccc(OC(=O)NCC3CCCCC3)cc21.CCO,Application_ds
Cc1nc(C(=O)N2CCC[C@@H](C)[C@H]2CNc2ccc(C(F)(F)F)cn2)c(-c2ccc(F)cc2)s1.CC(OCC)=O,Application_ds
O=C(OCC)C=1OC2=C(C=C(C(O)=C2CN(CC(C)C)CC(C)C)CC)C(=O)C1C3=NC=4C=CC=CC4S3.O,Application_ds
N#Cc1ccc(Cn2cncn2)cc1.CC1CCCO1,Application_ds
O=CCC12OC(OC1=O)C3(C)C(C)CCC3(C)C2.CC(OCC)=O,Application_ds
O=C1C=CC(C=2C=CC=CC2)=C3N1CC4CN(C(=O)C5CC5)CC3C4.CC1CCCO1,Application_ds
O=C(O)C1OC(OC2=CC=C3C(=O)[C-](C4=CC=C(O)C=C4)C([OH+]C3=C2)C(=O)N)C5(O)CNCC(C(C=6C=NCC6)CSSCOC5C1O)C(C)CC=C7C=CC(C=8C=CC=CC78)C.CC1=CC=CC=C1,Application_ds
CC(C)(C)OC(=O)N1CC=C(c2c[nH]c3ncccc23)C1.CC(OCC)=O,Application_ds
  CC[C@H]1C[C@@H](CC(=O)NC(=S)NCCC[C@H](C)Nc2cc(OC)c(Oc3ccc(Cl)c(Cl)c3)c3c(C)ccnc23)C1(C)C.CC(OCC)=O,Application_ds
CC(C)(C)OC(=O)N1CCN(S(=O)(=O)c2ccc(C3CC3)cc2)[C@@H](C(=O)NCc2ccc(OC(F)(F)F)cc2)C1.CO,Application_ds
CC1=CC(=C(C=C1)C)OCCCC(C)(C)C(=O)O.O=CN(C)C,Application_ds
  C[C@H]1[C@H](NC(=S)NC(=O)c2ccccc2Br)C[C@@H]2C[C@H]1C2(C)C.CO,Application_ds
NC[C@@H]1[C@H]2C[C@H]2CN1C(=O)c1nc(N)sc1-c1cccc(F)c1.O,Application_ds
CCOC(=O)c1cnc(N2CCC(C(=O)NS(=O)(=O)c3ccc(Cl)s3)CC2)c(Cl)c1N.N#CC,Application_ds
CC(=O)N1CCc2nc3ccc(C#N)cc3c(Cl)c2C1.O=CN(C)C,Application_ds
COc1cc(C(=O)NC2CCN(CCCS(C)(=O)=O)CC2)ccc1N.N#CC,Application_ds
CC[Si](CC)(CC)OC(C)(C)/C=C/CO[C@@H](C)C1=CC[C@H]2C3=CC=C4C[C@@H](O[Si](C)(C)C(C)(C)C)C[C@H](O[Si](C)(C)C(C)(C)C)[C@]4(C)[C@H]3CC[C@]12C.O,Application_ds
COC1CCC(CC(C(=O)Nc2nccs2)c2ccc(Cl)c(Cl)c2)C1.CC(C)=O,Application_ds
O=C(c1ccccc1)c1cccc(Cl)c1.CO,Application_ds
O=C(OCCC)C1=CC=C(C=C1)NC(=O)C=2C=COC=3C=CC=CC3C2.O=CN(C)C,Application_ds
CN(CC=O)C(=O)OC(C)(C)C.CC(C)=O,Application_ds
COC(=O)CN1C(=O)[C@H](NC(=O)c2cc3cc(Cl)ncc3[nH]2)Cc2ccccc21.CC(OCC)=O,Application_ds
Cc1ccc(S(=O)(=O)n2ccc3c(-c4c(-c5ccc(F)cc5)nc5ccc(Cl)nn45)ccnc32)cc1.N#CC,Application_ds
CNC(=O)NCc1ccco1.CC1=CC=CC=C1,Application_ds
O=C1OC=2C(O)=C(O)C=CC2C(=C1CC(=O)OC)C.CO,Application_ds
O=C(C1=CC=C(C=C1)C)C(=C(SC)SC)C(=O)C.CC(OCC)=O,Application_ds
  CC[C@@H](COC(=O)Nc1ccccc1)NC(=O)N/C(N)=N/S(=O)(=O)c1ccc(C)cc1.CO,Application_ds
CCOc1ccc2c(C(=O)c3cc(OC)c(OC)c(OC)c3)cncc2c1NC(=O)OCC(C)C.CO,Application_ds
CCCCCCCCI.O,Application_ds
NC(=O)CC(N)=O.CC1=CC=CC=C1,Application_ds
O=C(OCC#CC#CC#CC=1C=CC=CC1)C.CCO,Application_ds
COc1cccc2c1ncc1c(=O)n(-c3cccc(Cl)c3)c(=O)n(C3CCN(S(C)(=O)=O)CC3)c12.CC1=CC=CC=C1,Application_ds
CC(=O)Oc1ccc(CBr)c(Cl)c1.CO,Application_ds
NCCSCc1ccncc1.CC1CCCO1,Application_ds
C=CCOC(=O)Cc1ccc(-c2ccc(OCc3ccc(C(F)(F)F)c(OCOC)c3C(OC)OC)c(F)c2)cc1.CC1CCCO1,Application_ds
O=C1OC2=C(C=CC(O)=C2C)C(=C1CCC(=O)O)C.CC1=CC=CC=C1,Application_ds
O=[N+]([O-])c1ccc(F)cc1Nc1ccc(CCO)cc1.CO,Application_ds
COC(=O)C1=C(N(N=C1)C1=NC=CC=C1)S(=O)(=O)NC(=O)NC1=NC(C)=CC(C)=N1.CC1CCCO1,Application_ds
O=C(OCC(OC(=O)CCCCCCCCCCCCC)COP(=O)(O)OCCN)CCCCCCCCCCCCCCCCC.O=CN(C)C,Application_ds
O=C(C1=C(O)C=C2OC(C(=C)C)CC2=C1O)C(C)C.CC(OCC)=O,Application_ds
OCCCCCCCCCCCCCCCCCCCCCCCCC(C)C.O=CN(C)C,Application_ds
C[C@H](NC(=O)Cc1cc(F)cc(F)c1)C(=O)N[C@@H](C)C(=O)N1CCSC1.CO,Application_ds
  CCN(CCNC(=O)Nc1ccccc1/N=C/c1ccc(Cl)cc1)c1ccc(/N=N/c2ccc([N+](=O)[O-])cc2)cc1.CCO,Application_ds
  CCOC(=O)C1=C(N)S[C@@H](C(=O)Nc2c(NC(=O)OCC(Cl)(Cl)Cl)c(=O)c2=O)[C@@H]1c1ccc(Br)cc1.N#CC,Application_ds
O=C(O)CC(NC(=O)C1CCCCN1C(=O)N1c2ccccc2Sc2ccccc21)C(=O)CF.O=CN(C)C,Application_ds
O=C(O)C(NC(=O)CN1C=CC=2C=C(OC)C=CC21)CCSC.CO,Application_ds
O=C(O)C1OC(OCC2OC(N3C=CC(=O)NC3=O)C(O)C2O)C(O)C(O)C1=O.O,Application_ds
CC1=C(C=CC=C1[N+](=O)[O-])[N+](=O)[O-].CC(C)=O,Application_ds
OC1CCC2CC3CC4CCC5(C=CC3(C2C1)C4(N5)C)C6=CC(=C7CC(C(=C)C)CCC7(C)C6)C.O=CN(C)C,Application_ds
O=C(OC)C=1C(OC)=C(C(OCC=C(C)C)=C2C1C(=O)OC2)C.O,Application_ds
O=C(Nc1ccc(Oc2ccc(F)cc2)cc1)[C@@H]1C[C@@H](Cc2c(F)cc(F)cc2F)CN1.O=CN(C)C,Application_ds
O=C(C=CC(=CC=CC(=CC=CC=C(C=CC=C(C=CC1=C(C=CCC1(C)C)C)C)C)C)C)C2(C)CCCC2(C)C.CO,Application_ds
CC(=O)Oc1ccccc1C(=O)Cl.O=CN(C)C,Application_ds
C1=C(C)CC=C(C1)C2(C)CCCC2(C)C.CCO,Application_ds
Nc1ccc([N+](=O)[O-])cc1N.O=CN(C)C,Application_ds
O=C(OC1=CC=C(Cl)C=C1)OC2CC3=CCC4C(CCC5(C)C(CCCCCCCC)CCC45)C3(C)CC2.CC1=CC=CC=C1,Application_ds
O=C1C(=COC=2C1=CC=C3OCN(CC32)C4CCN(CC=5C=CC=CC5)CC4)C=6C=CC=CC6.CC1=CC=CC=C1,Application_ds
  Cc1cccc(Nc2c(Nc3nc(C)cs3)c(=O)c(=O)c2=O)n1.CC1CCCO1,Application_ds
O=C1C(N2CCC(F)(F)CC2)CCN1Cc1c(Cl)cc(-c2ccc(-c3ccccc3)cc2)cc1Cl.CC1=CC=CC=C1,Application_ds
C=Cc1cc(C(F)(F)F)ccc1N1CCOc2cc(S(=O)(=O)N(Cc3ccc(OC)cc3)c3nccs3)ccc21.N#CC,Application_ds
Cc1cc(C=O)cc(C)c1O.CC(C)=O,Application_ds
Cn1cnc(-c2cc(C#N)ccn2)c1Br.CC(C)=O,Application_ds
  Cc1cccc(C(=O)CCCNc2c(NC(=O)[C@H]3CC3(C)C)c(=O)c(=O)c2=O)c1.N#CC,Application_ds
CCCCN1CCC(CNC(=O)c2cc(Cl)c(N)n3cc(CC)nc23)CC1.CC1=CC=CC=C1,Application_ds
O=C(O)C1=CC(F)=CC=C1NC2=CC(=O)C3(OC=4C(Cl)=C(OC)C=C(OC)C4C3=O)C(C)C2.O=CN(C)C,Application_ds
O=C1OC2=C(C=CC=3OCN(C=4C=CC=C(OC)C4)CC32)C5=C1CCC5.O=CN(C)C,Application_ds
OCc1ccc(C2=NCC(c3cc(Cl)cc(Cl)c3)(C(F)(F)F)C2)c2ccccc12.N#CC,Application_ds
COC(=O)c1cc(C(=O)Cl)cc([N+](=O)[O-])c1.O=CN(C)C,Application_ds
O=C(OC1C2=C(OC=C2C)CC3=CCCC(C)C31C)C(C)C.N#CC,Application_ds
CC(C)(C)OC(=O)Nc1ccc(OC(F)(F)F)cc1N.CC1CCCO1,Application_ds
O=C1OC2C3=C1CCCC3(O)C4(C(=O)OC(C5=COC=C5)C4)C(C)C2.O=CN(C)C,Application_ds
CCOc1ccc(-n2c(Cl)c(C=O)c3ccccc32)cc1.CC(OCC)=O,Application_ds
C[C@@H]1OC(c2c(F)cccc2F)=N[C@@H]1c1ccc(-c2ccc(OC(F)(F)F)cc2)cc1.CC1=CC=CC=C1,Application_ds
O=C1C=2C=CC=CC2N3C(=O)C4=C(OC)C(OC)=CC=C4C3N1CC(=O)NCC=5OC=CC5.CC1=CC=CC=C1,Application_ds
COC(=O)CC(=O)Nc1cc(C(=O)N[C@H](C)c2ccccc2)ccc1Cl.CO,Application_ds
CCOC(=O)c1ccc(C)c(C#Cc2ccc(NC(C)=O)nc2)c1.O=CN(C)C,Application_ds
O=C(OC(CCC(=C)C=C)C(O)(C)C)C=CC=1C=CC=CC1.O,Application_ds
COc1ccc(-c2cc3c(C(=O)Oc4ccc(C)cc4)n[nH]c3cc2Cl)cc1.CO,Application_ds
CCC1CN(C(C(=O)OC)c2cc(C(F)(F)F)cc(C(F)(F)F)c2)c2ccccc2N1.CCO,Application_ds
  CCOC(=O)c1cnn(C)c1S(=O)(=O)NC(=O)NCCc1c[nH]c2ccccc12.O=CN(C)C,Application_ds
Nc1nc(O)ncc1F.CCO,Application_ds
O=S(=O)(O)OCCC(CCC(C)C1CC(O)C2C3CC(O)C4(O)CC(O)CCC4(C)C3CCC12C)C(C)C.N#CC,Application_ds
O=C(OC1CCC2(OC2)C3C(OC(=O)C)C4(O)C(OC(=O)C4C)C=C(C=CC(OC(=O)COC(=O)CC(C)C)C13C)COC)C.CCO,Application_ds
COc1ccc(C2=NCC(O)C(c3ccccc3)O2)cc1.CC(C)=O,Application_ds
Clc1cc(Br)c2nccn2c1.CC1=CC=CC=C1,Application_ds
O=C(OC1CC(O)(OC(C=CC)C1C)C(C)C(O)C(C)C2OC(=O)C(OC)=CC(=CC(C)C(O)C(CC)C(O)C(C)CC(=CC=CC2OC)C)C)C=CC(=O)NC=3C(=O)CCC3O.CC1=CC=CC=C1,Application_ds
Cc1ccc2c(c1)C1(COc3cc4c(cc31)OCCO4)C(=O)N2C(c1ccccc1)c1ccccc1.CC1=CC=CC=C1,Application_ds
CN(C(=O)NC(C)(C)C1=CC=CC=C1)C1=CC=CC=C1.N#CC,Application_ds
CC(C)(C)OC(=O)N1CCN(CCOS(C)(=O)=O)CC1.O,Application_ds
O=Cc1cccc(COc2cccc(-c3ccsc3)c2)c1.O,Application_ds
CCOC(=O)Oc1ccc(/C=C/C(=O)O)cc1.CC1CCCO1,Application_ds
O=C1C(=O)C2=C(OC(C)C2(C)C)C=3C1=C(O)C(OC)=CC3C.CC1=CC=CC=C1,Application_ds
O=C(c1cc2ncc(Br)cn2n1)N1CCc2cccc(F)c2C1C(F)(F)F.CO,Application_ds
CNC(=O)C1=C(F)C=C(C=C1)N1C(=S)N(C(=O)C1(C)C)C1=CC=C(C#N)C(=C1)C(F)(F)F.N#CC,Application_ds
O=C(O)C=CC=CCCCC(O)CC1OC2C(OCOC2C(OC)C1(C)C)NC(=O)C(O)C3(OC)OC(C)C(C(=C)C3)C.N#CC,Application_ds
CS(=O)(=O)OCCc1ccc(OS(C)(=O)=O)cc1.O,Application_ds
CC1CN(C(=O)OC(C)(C)C)CC(C)N1.CC(C)=O,Application_ds
CCc1cccc(CC)c1NC(=O)c1cc(-c2ccnc(Nc3ccc(N4CCN(C)CC4)cc3OC)n2)n(C)n1.O=CN(C)C,Application_ds
C[C@H]1OC(OC2CC(O)C(C(O)CC(=O)CC(O)C(O)CCC(O)CC(O)CC(O)CC(=O)OC(C)C(C)C(O)C(C)\C=C\C=C\CC\C=C\C=C\C=C\C=C\2)C(O)=O)[C@@H](O)[C@@H](N)[C@@H]1O.CC1=CC=CC=C1,Application_ds
CC(C)(C)OC(=O)N1CC[C@@H](CNc2ncc3[nH]c(=O)n(Cc4cc(Br)ccc4Cl)c3n2)C1.CC1=CC=CC=C1,Application_ds
O=C1OC2(O)C(=C1C)CC3C(=CCC(O)C3(C)C2O)C.O,Application_ds
COCOc1c(C=O)cc(Br)cc1C(C)(C)C.CC1CCCO1,Application_ds
CCOC(=O)CCC(=O)Cl.CC1=CC=CC=C1,Application_ds
O=C(NCCC1=CC=C(O)C=C1)C2=C(C(=O)C3=CC=C(O)C(OC)=C3)C(=O)N(CCC4=CC=C(O)C=C4)C2(O)C5=CC=C(O)C(OC)=C5.CC1=CC=CC=C1,Application_ds
CC(C)(C)CC(C)(C)c1ccc(OCCOCCOCCO)cc1.CC(C)=O,Application_ds
O=C(CCCOCc1ccccc1)N1C(=O)OC[C@@H]1Cc1ccccc1.CC(OCC)=O,Application_ds
Nc1cc(OCc2ccccc2)ncn1.CC(OCC)=O,Application_ds
C[C@H](NC(=O)c1ccc2c(=O)[nH]cnc2c1)C(=O)OC(C)(C)C.CC(C)=O,Application_ds
Cn1cnc2nc(Cl)nc(NC3CCCCC3)c21.O=CN(C)C,Application_ds
O=C(O)C1NNCC(Cl)C1.N#CC,Application_ds
NCC1=NN=C(N)C1=NNc1ccc(F)c(F)c1.O=CN(C)C,Application_ds
COc1cc(C(=O)O)cc(OC)c1OC.CC(OCC)=O,Application_ds
CC(C)(C)OC(=O)NCc1ccc(CN2CCOCC2)cc1.CCO,Application_ds
COc1ccc2c(Cl)cc(=O)oc2c1OC1CCCC1.CC(C)=O,Application_ds
  O=S(=O)(NCCCCCc1cnc[nH]1)Nc1nnc(-c2ccccc2F)s1.CO,Application_ds
  CCOC(=O)[C@@H]1[C@@H]2C=C[C@@H](CC2)[C@H]1Nc1c(Nc2ccc(OC)c(Cl)c2)c(=O)c(=O)c1=O.O,Application_ds
CC(C)(C)Oc1ccc(C(=O)N[C@@H]2CC[C@@H](CCN3CCCCC3c3coc4cccc-4c3)CC2)cc1.O=CN(C)C,Application_ds
O=C1C=2C=CC=C(O)C2C(=O)C3=C(O)C=C4C(C(=O)CC(C4)CC)=C13.CC1CCCO1,Application_ds
O=C1NC(C(=O)N2CCCC2C(=O)NC(C(=O)NC(C(=O)N3CCCC3C(=O)NC(C(=O)N4CCCC4C(=O)NC1CC5=CNC=6C=CC=CC65)C(C)CC)C(O)C)CC(C)C)C(C)C.CC(OCC)=O,Application_ds
O=C(O)C12CCC3(C)CCC(C)(C)CC3C2(C)CCC4(C)C5CCC(O)C(C)C5(C)CCC41.O=CN(C)C,Application_ds
COC(=O)C(C)Oc1cc(Cl)ccc1COc1ccc(-c2nn(C)c(OC(F)F)c2Cl)cc1.CO,Application_ds
O=C1N=C(Nc2c(Cl)cccc2Cl)S/C1=C\c1ccc([N+](=O)[O-])c(O)c1.O=CN(C)C,Application_ds
  O=C(Nc1ccccc1NS(=O)(=O)Nc1c(F)cc(F)cc1Br)c1ccccc1.CCO,Application_ds
O=C(NCC1=CC=C(OC)C=C1)CCN2C=CC=3C(OC)=CC=CC32.O,Application_ds
O=C([O-])C1=C2CC3CCC(C)C2(CC1(O)COC4CCCCC4CCCCC)C53C[NH+](C(=N)NC)CCC5CNCCO.O=CN(C)C,Application_ds
O=C1O[C@]2(CCN(C(=O)C3(c4ccc(-c5ccccc5)nc4)CC3)C2)c2ccccc21.CC1=CC=CC=C1,Application_ds
  Cc1cc(=O)c(O)c(CNC(=O)Nc2ccc(/C=[N+](\[O-])C(C)(C)C)cc2)n1C.CC1CCCO1,Application_ds
O1C2=CC=3C=CC=CC3C=C2OCCOCCOC4=CC=5C=CC=CC5C=C4OCCOCC1.CC1=CC=CC=C1,Application_ds
O=C1OC2C(=C1)C(OC(=O)C)CC3C4(C)CCC5C(C)(C)CCCC5(C)C4CC(O)C23C.CCO,Application_ds
O=C(c1ccc(CCc2ccccc2)cc1)N1CCc2cc(CN3CCCC3)oc2C1.CCO,Application_ds
CN(C)C(=O)CN1CCC(CCOc2ccc(-c3nc(C#N)nc4c3ccn4CC3CCCO3)cc2C(F)(F)F)CC1.CC1CCCO1,Application_ds
CC(C)NC[C@H]1O[C@@H](n2cnc3cncnc32)[C@@H]2OC(C)(C)O[C@@H]21.CO,Application_ds
O=C1OC2(C(=O)C=C3C=C(C=CC(=CC(C)CC)C)N(C=C3C2=C1C(=O)C)CCCC(=O)O)C.CC1=CC=CC=C1,Application_ds
  O=S(=O)(NCCCCc1c[nH]cn1)Nc1nncs1.N#CC,Application_ds
CS(=O)Cc1ccc(Cl)nc1.CC(OCC)=O,Application_ds
Nc1cc(Br)ccc1F.CC1CCCO1,Application_ds
COC(=O)CCCCCBr.O=CN(C)C,Application_ds
CCOc1ccc([N+](=O)[O-])c(Nc2ccncc2)c1.O,Application_ds
COC1=CC(CC2C3=C(CC[N+]2(C)CCCOC(=O)CCC(=O)OCCC[N+]2(C)CCC4=C(C2CC2=CC(OC)=C(OC)C(OC)=C2)C(OC)=C(OC)C(OC)=C4)C=C(OC)C(OC)=C3OC)=CC(OC)=C1OC.N#CC,Application_ds
NC1CN(c2ncc(C(F)(F)F)cc2Cl)C1.CO,Application_ds
O=C1C=C(OC2=C1OC(=O)CC2C3=COC=4C=CC=CC4C3=O)C.CC(OCC)=O,Application_ds
c1cncc(Cn2ccc3ccccc32)c1.CC1CCCO1,Application_ds
Clc1nccc2c(-n3cccc3)cccc12.CC1CCCO1,Application_ds
CCS(=O)(=O)N[C@@H]1CCOC[C@H]1c1ccc(-c2ccccc2)cc1.CO,Application_ds
O=C(OC1CC(OC2C1CCC3C#CC4C5OC6=CC(=CC=C6O)CC32CC#CC7CCCCC7NC(O)C89CCC%10=C%11C=CNC%11=CN%10C9N=C%12NCC%13(CC=%14C=C(N)NCC%14)CCC%15C=%16C=CC=C(C%16C(NCC)C%15%13)CC(C5)CC48N%12)C%17=CC(O)=C(O)C(OCCC=%18C=NC=CC%18)=C%17)C.CC1=CC=CC=C1,Application_ds
CN(C)c1nc(NCc2ccc(NC(=O)c3ccc(F)cc3)cc2)c2ccc(/C=C/C(C)(C)C)cc2n1.N#CC,Application_ds
CCNCCCOc1cccc(-c2cc(C(=O)N3CNC(=O)C3)nn2-c2cccc(Cl)c2)c1.CC1=CC=CC=C1,Application_ds
O=C(CCC1=CC=C(O)C(OC)=C1)CC(O)CCC2=CC=C(OCNC)C(OC3CCCC3)=C2.CC1CCCO1,Application_ds
O=C(OC1C(O)C(OC2OC(C)C(OC3OC(CO)C(OC4OC(C)C(O)C(O)C4O)C3O)C(O)C2O)C(OC(=O)C56CCC(C)(C)CC6C7=CCC8C9(C)CC(O)C(OC%10OC(CO)C(O)C(O)C%10O)C(C)(CO)C9CCC8(C)C7(C)CC5O)OC1C)C.CCO,Application_ds
C#Cc1c(OC)ccc2c(=O)[nH]ncc12.O=CN(C)C,Application_ds
Brc1cccc2c1C1(COc3cc4c(cc31)CCO4)CN2Cc1ccccn1.O,Application_ds
O=C1C=2C(OC)=CC(O)=C(C2OC(C3=CC=C(O)C=C3O)C1)C(C(=C)C)CC=C(C)C.CC(OCC)=O,Application_ds
CC(=O)n1c2ccccc2c2cc(B3OC(C)(C)C(C)(C)O3)ccc21.CCO,Application_ds
CC(C)(C)OC(=O)N[C@@H](Cc1ccccc1)C(=O)CCl.CC(OCC)=O,Application_ds
Cc1ccc(NC(=O)OC(C)(C)C)cc1N.CCO,Application_ds
O=c1[nH]c(=O)n(-c2ccc(Cl)nn2)cc1C1c2ccccc2C=Cc2ccccc21.O,Application_ds
  C=CCC1(CC=C)C(=O)N=C(NC(=O)NC(C)(C)C(=O)O)NC1=O.CC(OCC)=O,Application_ds
O=C(CNC(=O)c1cccc(C(F)(F)F)c1)NC1CN(C2CCC(n3cc(I)ccc3=O)CC2)C1.CO,Application_ds
O=C1OC=2C=C3OC=C(C3=CC2C(=C1CCC(=O)NC4=CC=C(C(Cl)=C4)C)C)C.CCO,Application_ds
COc1ccc2c(Nc3c(Cl)cncc3Cl)cc(=O)oc2c1OCCCCCN1CCOCC1.CC(OCC)=O,Application_ds
N#Cc1cc([N+](=O)[O-])ccc1N1CCOCC1.O,Application_ds
O=C(CC1CCC1)OCc1ccccc1.CC(C)=O,Application_ds
O=C(O)c1cncc(Br)c1.CC1CCCO1,Application_ds
C=CCOC(=O)c1ccc(NC(=O)C(F)c2ccc3c(c2)C(C)(C)CCC3(C)C)cc1.CC1=CC=CC=C1,Application_ds
c1ccc2c(c1)NC1CCCc3onc-2c31.O=CN(C)C,Application_ds
O=C(OCC(OC(=O)CCCCCCCC=CCCCCCCCC)COC(=O)CCCCCCCC=CCC=CCCCCC)CCC=CCC=CCC=CCC=CCC=CCC=CCC.N#CC,Application_ds
O=C(CBr)NCCSC(c1ccccc1)(c1ccccc1)c1ccccc1.CC1CCCO1,Application_ds
O=C(NC1Cc2ccccc2C1)c1ccc(F)cc1.CCO,Application_ds
CC[Si](CC)(CC)OC(C)(C)c1ccn2c(-c3ccnc(Cl)n3)cnc2n1.N#CC,Application_ds
COc1cc(N2CCN(S(C)(=O)=O)CC2)ccc1N.CO,Application_ds
O=C(NCC#C)CCC1N2CC(NCC3=CC=C(C=C3)N(C)C)CC2C(=O)NC1.CO,Application_ds
O=C(O)[C@@H](Cc1ccccc1)NS(=O)(=O)c1ccc(Br)cc1.CO,Application_ds
O=C(NCCC(=O)NCCCN(C)C)N1CC=2NC=3C=CC=CC3C2CC1.CCO,Application_ds
Fc1cccc2cc(Br)c(CBr)nc12.CO,Application_ds
CN1C(=O)CC[C@]2(C)c3ccc(-c4cccc(C(F)(F)F)c4)cc3CC[C@@H]12.O=CN(C)C,Application_ds
O=CC12CCC(OC3OC(CO)C(O)C(O)C3OC4OC(CO)C(O)C(O)C4O)C(C)(C)C2CCC5(C)C1CCC6(C)C(CCC65)C(OC7OC(COC8OC(C)C(O)C(O)C8O)C(O)C(O)C7O)(C)CCC=C(C)C.CCO,Application_ds
O=C1N2C(C=3NC=4C=CC=CC4C3CC2C(=O)N(C1)CCCOC)C.CC(C)=O,Application_ds
O=C(OCC1=CC(OC(=O)C)C2C(C)(C)CCCC2(C)C1C=CC(O)(C=C)C)C.O,Application_ds
O=C(Cl)c1cc(Cl)sc1Cl.CC(C)=O,Application_ds
O=C(OCC)C=1C2=CC=C(C1C(O)OCC)CCCCCC2.CC(OCC)=O,Application_ds
CN(c1cccc(Br)c1)S(C)(=O)=O.CO,Application_ds
CCOC(=O)C(C(C)=O)C(C)C(=O)c1ccccc1.CC1=CC=CC=C1,Application_ds
O=C1CCC2=CC(OC)=C(O)C=C2C(C#CC3CC(CC=4C=C(N)NCC4)CC(CC3C(=O)C1O)C(CCC)C(O)CNCCC)C=5C=CC=CC5.CO,Application_ds
O=c1c(C2CC2)c(OCc2ccccc2)ccn1CC1CC1.CC1=CC=CC=C1,Application_ds
Brc1cnc(N2CCNCC2)nc1.CC(OCC)=O,Application_ds
O=C(OC1C2=C(OC=C2C)CC3CCC(OC(=O)C)C(CO)C13C)C(=CC)C.O=CN(C)C,Application_ds
CCCC(=O)NC[C@@H]1C[C@H]1c1cccc(OC(C)C)c1.O=CN(C)C,Application_ds
Cc1cc2c(Cl)nc(-c3cccnc3)nc2s1.CC1CCCO1,Application_ds
CCS(=O)(=O)c1ccc2oc(N3CCN(C(=O)c4cc(S(C)(=O)=O)ccc4OCC(C)C)CC3)nc2c1.CCO,Application_ds
O=C1c2ccccc2C(=O)N1CCCn1ccnc1[N+](=O)[O-].CO,Application_ds
O=C(Nc1ccncc1)C1=C(O)CCn2c1nc1ccccc12.O,Application_ds
NC1CNC1.CCO,Application_ds
OCC12C(O)C3OC2CC4(C(=CCC5C6(C)CCC(O)C(C)(C)C6CCC54C)C1CC3(C)C)C.CC1=CC=CC=C1,Application_ds
O=CC1=CN(C(=O)N1)C2OC3C(O)CC(OC3C2O)C(=O)O.CO,Application_ds
CN1C(=O)C(c2ccccc2)(c2cccc(Br)c2)N=C1N.N#CC,Application_ds
CCc1cccc(CC)c1-c1cccc(COc2ccc(CCC(=O)OC)cc2)c1.CC(C)=O,Application_ds
CC(=O)CCC(=O)CN1C(=O)c2ccccc2C1=O.CC(C)=O,Application_ds
COc1nc(C)nc(NN)c1Cl.CC(OCC)=O,Application_ds
Cc1cnc(N2CCNCC2)c(C#N)c1.N#CC,Application_ds
O=C(O)C(NC(=O)CCCCCCCCC)CC1=CC=C(O)C=C1.O,Application_ds
CC(C)=CCCC(C)=CCCC(C)=CCCC(C)=CC(=O)n1ccnc1.O,Application_ds
O=C(O)C=1C=CC=CC1C=2OC(=CC2)C=C3C(=O)C4=CC(OC)=C(OC)C=C4C3.CC(OCC)=O,Application_ds
CCSc1ccccc1B1OC(C)(C)C(C)(C)O1.CC(C)=O,Application_ds
  COC(=O)C[C@@H](Nc1c(Nc2ccccc2B2OC(C)(C)C(C)(C)O2)c1=O)C(=O)OC.CC(C)=O,Application_ds
O=C(O)c1cnc(O[C@@H]2CCOC2)c(-c2ccc(Cl)cc2)c1.CC(OCC)=O,Application_ds
  N#Cc1ccc(Nc2c(Nc3nonc3CO)c(=O)c2=O)cc1.O,Application_ds
COC1=C(OC)C(=O)C(Cc2ccc(OCc3cccnc3)c(C(=O)Nc3ccc(OC)cc3)c2)=C(C)C1=O.O,Application_ds
  CCOC(=O)[C@@H]1[C@@H]2C=C[C@@H](C2)[C@@H]1NS(=O)(=O)NC(=O)c1ccccc1Br.CCO,Application_ds
COc1ccc(Oc2ccnc(Cl)c2)cc1.O=CN(C)C,Application_ds
  O=c1c(Nc2nc3ccccc3[nH]2)c1N[C@@H](CO)Cc1ccccc1.O,Application_ds
COC(=O)C(=Cc1cccnc1)C(=O)OC(C)(C)C.CC(OCC)=O,Application_ds
O=C(NCCC1=CC=C(O)C=C1)C2=C(C(=O)C3=CC=C(O)C(OC)=C3)C(=O)N(CCC4=CC=C(O)C=C4)C2(O)C5=CC=C(O)C(OC)=C5.CC1CCCO1,Application_ds
  CC(C)CC(=O)Nc1c(N[C@H](C)C(=O)O)c1=O.O=CN(C)C,Application_ds
O=C(C1=CC=C(O)C=C1O)CCC2=CC=C(O)C(=C2)CC=C(C)CCC=C(C)C.O=CN(C)C,Application_ds
NNC1=NN=CC2=CC=CC=C12.O=CN(C)C,Application_ds
COC(=O)c1c(F)c(F)c(F)c(F)c1C(=O)O.O,Application_ds
CCN[C@H]1C[C@H](C)S(=O)(=O)C2=C1C=C(S2)S(N)(=O)=O.CCO,Application_ds
O=C(C1CC12CCNCC2)N1CCN(C2CCC2)CC1.CO,Application_ds
O=C1C=2C(OC(C)(C)C1)=CC=C3C2NC(=O)C34CC56N(C(=O)C7(N(C(=O)C(C)C7)C5)CC6C4(C)C)C.CCO,Application_ds
COc1cc(C(=O)/C=C/c2c[nH]c3ccccc23)cc(OC)c1OC.O=CN(C)C,Application_ds
COC(=O)[C@H](NC(=O)OC(C)(C)C)c1ccc(O)cc1.CO,Application_ds
O=C(O)CC1(CC(=O)N2CCC3NC(=O)N(C4=CC=C(OC=5C=CC=CC5)C=C4)C(=O)C23)CCCC1.CO,Application_ds
O=C1OC(CC2=CC(O)=C(O)C(OCOS(=O)(=O)O)=C2)CC1.CC1CCCO1,Application_ds
O=C(C)C[NH+]1[CH][CH][CH][CH][C]1N.CO,Application_ds
CCOC(=O)c1nnc(-c2ccc(NS(=O)(=O)C(F)(F)F)cc2)o1.O=CN(C)C,Application_ds
COc1cc2c(c(Cl)c1Cl)C(=O)C(CCCl)C2.CC1CCCO1,Application_ds
CCOC(=O)/C=C/C(O)c1ccc2nc(-c3cccs3)oc2c1.O=CN(C)C,Application_ds
O=C1C=C2C(=CC=C1NCCCCCC(=O)NC3=NN(C(=C3)C)C)C4=C(OC)C(OC)=C(OC)C=C4CCC2NC(=O)C.O,Application_ds
O=C1OC(=CC=2C(O)=C(OC)C=C(O)C12)CC(Cl)CO.CC1=CC=CC=C1,Application_ds
COC(=O)c1cnc(N2CCN3CCCC3C2)nc1.O=CN(C)C,Application_ds
O=C(O)C(N)CCCCNO.CC1=CC=CC=C1,Application_ds
CC(C)(C)OC(=O)N1CCN(c2nc(-c3ccoc3)ns2)CC1.O,Application_ds
O=c1[nH]c2c(c3nc(-c4ccccc4F)cn13)CNCC2.CC(OCC)=O,Application_ds
O=C1OC2CCC3(OC(O)(C1C4C5C(C(=CC6C(O)C(C)C(O)C65)C)CC43)C2C)C.O=CN(C)C,Application_ds
Cc1ccccc1OCc1c(C)nn(-c2ccc(C#N)cc2)c1C.CC(OCC)=O,Application_ds
CC(O)CNc1c(S(=O)(=O)C(F)(F)F)c(C#N)nn1-c1c(Cl)cc(C(F)(F)F)cc1Cl.CO,Application_ds
NC(=O)c1cccc(F)c1Nc1nc(Cl)ncc1Cl.CO,Application_ds
CCc1ccc(Cc2cc([C@@H]3O[C@H](COCc4ccccc4)[C@@H](OCc4ccccc4)[C@H](OCc4ccccc4)[C@H]3OCc3ccccc3)c(COCCOC)cc2Cl)cc1.O,Application_ds
O=[N+]([O-])c1ccc(Oc2ccc(O)c(Cl)c2Cl)cc1.CCO,Application_ds
CN(C)C(=O)Cn1ccc2c(Cl)nc(S(=O)(=O)c3ccc(F)cc3)nc21.O=CN(C)C,Application_ds
O=C(OCC)C=1C(=NN(C(=O)NNC=2C=CC=CC2)C1N)SC.CC(C)=O,Application_ds
CCCCCCCCCCCCCCCCCCOCC(COCCCCCCCCCCCCCCCCCC)(COCCCCCCCCCCCCCCCCCC)COc1ccc(C=NO)c(OC)c1.O=CN(C)C,Application_ds
CC(=O)c1cccc(N2C[C@H](C)N[C@H](C)C2)c1.CCO,Application_ds
O=C(NCCSC(=O)C(C)CCCC(C)C1CCC2C3C(O)CC4CC(O)CCC4(C)C3CC(O)C12C)CCNC(=O)C(O)C(C)(C)COP(=O)(O)O.O=CN(C)C,Application_ds
O=C(OC)C12CC(=O)C(CC(=O)C(C)CCCC(C)CC(=O)C2CC(=C3CCC4(OC(CCC(=CC31)C)C(O)(C)CCC4O)C)C)C(C)C.CC1=CC=CC=C1,Application_ds
O=Cc1c[nH]c2cc(N3CCOCC3)ccc12.O,Application_ds
O=C(OC)C1=CC(OC)=C2C=C(O)C=CC2=C1O.N#CC,Application_ds
COc1cc2c(cc1O)C(Cc1ccc(OC)c(OC)c1)N(CC(=O)NCc1ccccc1)CC2.CC(OCC)=O,Application_ds
CCOC(=O)c1cc2cc(C(CC)(CC)c3ccc(OCC4(C(C)(C)C)OCCO4)c(C)c3)cc(C)c2o1.CC1CCCO1,Application_ds
CC#CCn1c(N2CCC[C@@H](NC(=O)OC(C)(C)C)C2)nc2c1c(=O)[nH]c(=O)n2C.O=CN(C)C,Application_ds
OCCOc1ccc(B(O)O)cc1C(F)(F)F.O,Application_ds
OC1=CC(C=2C=CC=CC2)=C(O)C=3OCC=4C=CC=CC4C13.O,Application_ds
CC(C)Oc1nc2cc(OC(C)(C)C)cc([C@H](O)CO)c2s1.CC1=CC=CC=C1,Application_ds
OC1CN2C(CN(CC=3C=NC=CC3)CC24CN(C4)C(C)C)C1.CC(C)=O,Application_ds
CCOC(=O)CN(C)c1ccc(CCO)cc1.CC(C)=O,Application_ds
CCc1nc2c(C)cc(Br)nc2n1Cc1ccccc1.CC1=CC=CC=C1,Application_ds
CC(C)(C)OC(=O)N[C@@H](Cc1ccccc1)C(=O)N1CCN(C(c2ccc(F)cc2)c2ccc(F)cc2)CC1.CC(C)=O,Application_ds
N#CC1=C(N)N2N=C(N=C2NC1C3=CC=C(OC)C=C3)C(F)(F)F.N#CC,Application_ds
Cc1ccc(S(=O)(=O)OCCc2cccn2C)cc1.CC1CCCO1,Application_ds
CC(C)(C)OC(=O)N1CCN(c2ccnc(Cl)n2)CC1.CC(C)=O,Application_ds
Nc1ccccc1Nc1ccccc1.CC1CCCO1,Application_ds
CC(C)(CCC(C#N)(c1ccccc1)c1ccccc1)N1CC[C@H](OCc2cccc(Br)c2)C1.CC(C)=O,Application_ds
COc1ncc(B(O)O)c(OC)n1.O=CN(C)C,Application_ds
O=C1c2ccc(Br)cc2CN1CC(F)(F)F.CC(C)=O,Application_ds
O=C(O)C1=CC=C(C=C1)C2C=3C(OC(=O)C2)=CC=C4C(=O)C(Cl)=COC43.O=CN(C)C,Application_ds
CN1C(=O)CCc2cc(-c3cncc(C4=CN(C(=O)OC(C)(C)C)CCC4)c3)ccc21.O,Application_ds
CC(C)(C)OC(=O)N1CCN(C(=O)c2ncn(C3CCCCC3(O)CCc3nnn[nH]3)c2-c2ccccc2)[C@H](Cc2ccccc2)C1.O=CN(C)C,Application_ds
Cc1ccc(-c2ccccc2C(=O)N2C[C@@H]3C[C@@H]3[C@H]2CNC(=O)c2c(C)nc3sccn23)cc1C.O,Application_ds
O=C(OC1OC(COC2OC(CO)C(O)C(O)C2O)C(O)C(O)C1O)C34CCC(C)(C)CC4C5=CCC6C7(C)CCC(OC8OCC(O)C(O)C8OC9OC(CO)C(O)C(O)C9O)C(C)(C)C7CCC6(C)C5(C)CC3.CC1=CC=CC=C1,Application_ds
  CO[C@H](c1ccccc1)[C@H](C)Nc1c(NCc2ccccc2)c(=O)c1=O.CO,Application_ds
Fc1ccc2nc(Cl)sc2c1.N#CC,Application_ds
O=C1Nc2ccc(Cl)cc2/C1=C/O.CC1CCCO1,Application_ds
Fc1ccc(CC2CCNCC2)cc1.CC(C)=O,Application_ds
O=C(O)C1CCN(C(=O)OCc2ccccc2)CC1.O=CN(C)C,Application_ds
CSC1=N[C@@H]2CCCC[C@@H]2N1.N#CC,Application_ds
O=C(NC1CN(C(=O)NC2CCCCC2)CCCC1O)C3=CC=C(OCCOC)C=C3.CC1=CC=CC=C1,Application_ds
OC=1C=C(C=C(O)C1C(C)C)CCC=2C=CC=CC2.O=CN(C)C,Application_ds
CCCN1CC[C@@H](c2ccc(NS(=O)(=O)c3ccc(SC(F)(F)F)cc3)cc2)C1.CO,Application_ds
C#CCOCc1nnc(CNC(=O)CN2C(=O)c3ccccc3C2=O)n1-c1ccc(Cl)cc1C(=O)c1ccccc1.O,Application_ds
FC(F)(F)c1ccc(-c2cccc(Br)c2)cc1.CC1=CC=CC=C1,Application_ds
Cc1cccc(NC(=O)[C@@H](N)C(C)C)c1C(=O)O.CC1CCCO1,Application_ds
Nc1c[nH]nc1-c1nc2ccccc2s1.CC(OCC)=O,Application_ds
FC(F)(F)C1=CC(=NC2=CC(=NN21)C=3C=CC(OC)=CC3)C=4SC=CC4.O=CN(C)C,Application_ds
OCc1c(Cl)cccc1C(F)(F)F.O=CN(C)C,Application_ds
COc1cccc(C2(C(=O)Cl)CCN(c3ncccn3)CC2)c1.CO,Application_ds
Cc1cc(-c2ccc(C(F)(F)F)cc2)cc(-c2cccc(-c3cccc(S(=O)(=O)N4CCOCC4)c3)n2)n1.CCO,Application_ds
C[C@H](NC(=O)[C@H](C)NC(=O)[C@@H](N)CCP(C)(O)=O)C(O)=O.CCO,Application_ds
O=C1C=C2C(CCC3(CO)C(CCC23O)C4CC5C6=C(CCC5)C7C(=C(C(C)C)C6C4O)CCCC87CCCC8)C9(C)CC(O)C(O)CC19.CO,Application_ds
  C#CCNC(=S)Nc1cc(C)cc(C)n1.CC(C)=O,Application_ds
OC1=CC=C(C=C1CC=C(C)C)CCCO.CC1=CC=CC=C1,Application_ds
Cc1oc(C2=NOC(c3cc(Cl)c(Cl)c(Cl)c3)(C(F)(F)F)C2)cc1CNC(=O)C1CC1.CC(OCC)=O,Application_ds
Cc1cc(C)c(CNC(=O)c2ccc(CNc3ccccc3)cc2)c(O)n1.CC1=CC=CC=C1,Application_ds
Cc1nnsc1C(=O)O.CC(C)=O,Application_ds
COC(=O)CN(Cc1ccccn1)C(=O)c1nc(-c2ccccc2)oc1CCl.CC(OCC)=O,Application_ds
COc1ccccc1[C@]1(O)C[C@H](CC#N)C[C@H]2CN(C(=O)Cc3ccccc3OCc3ccccc3)C[C@H]21.CC1=CC=CC=C1,Application_ds
Sc1ccc(Br)cc1.O=CN(C)C,Application_ds
COc1ccc2[nH]cc(C=O)c2n1.CC(C)=O,Application_ds
  Cc1ccccc1-n1nc(C(C)(C)C)cc1Nc1c(Nc2ccc([N+](=O)[O-])cc2Cl)c(=O)c1=O.N#CC,Application_ds
O=C(C=1N=NN(C1)CC2N3CCC(C2)C(C(=O)NC4CCCCC4)C3)C.CC(C)=O,Application_ds
O1CC(OC1C2CC3=C(CCCC3(C)C)CC2C)CN4CCCCC4.CC(C)=O,Application_ds
O=C(OC1CC2=C(O)C=3C(=O)C=C(OC3C4=C2OC1(C)C(CC=5C=CC(NC5)NCC)CC6C7=C(N)NCC=C7C4C(C8=CC(O)=CC=C8CC6)CO)CO)C(=CC)C9(O)CCCC9.CC(OCC)=O,Application_ds
CC(=O)N1CCOC(C(=O)OCc2ccccc2)C1.O,Application_ds
Cc1cnc(N2CCN(C(=O)c3cnc(Br)cn3)CC2)c(C)c1.CC(OCC)=O,Application_ds
O=C(OC1=CC=C2C(=O)C(OC2=C1)=CC3=CC(OC)=C(OC)C=C3OC)N(C)C.CCO,Application_ds
  NS(=O)(=O)c1c(Cl)ccc(NS(=O)(=O)Nc2ccccc2)c1O.O=CN(C)C,Application_ds
CC(C)Oc1ccncc1NC(=S)Nc1cccc2c1ncn2C.CC1CCCO1,Application_ds
O=Cc1ccc(-c2ccccc2-c2nnn[nH]2)cc1.CO,Application_ds
Cc1cc(N=CN(C)C)c(C)cc1O.O=CN(C)C,Application_ds
C[C@H](N)C(=O)C1(N)N=C(c2ccccc2)c2ccccc2N(C)C1=O.CC(OCC)=O,Application_ds
OC(C)(C)C1CC2=C(CCC2C)C(C)CC1.CC1CCCO1,Application_ds
O=C1OC(=CC2(CC)CCCC2)C3=C1C4C(CC3)C5C6=C7C(=O)OC(=CCC(CCCCO)C(O)SSCNC8=CC(=CCN8)C6CN9C(=O)C=CC9=O)C74CC5.CC1CCCO1,Application_ds
  CC(=O)NS(=O)(=O)N[C@@H]1CCCC[C@H]1NC(=O)c1cc(C(F)(F)F)cc(C(F)(F)F)c1.CC1=CC=CC=C1,Application_ds
N#CC1=CC=C(C=C1)NC(=S)NCC2N3CCC(C2)C(C=C)C3.O,Application_ds
O=C1N(C(=O)C(C(=O)N1C)(CC2=CC=C(OC)C(OC)=C2)CN3CCC4=CC(OC)=C(OC)C=C4C3C)C.CCO,Application_ds
O=C(O)CCCCC[P+](c1ccccc1)(c1ccccc1)c1ccccc1.O,Application_ds
  N#Cc1ccc(Nc2c(N[C@H]3CCCc4ccccc43)c(=O)c2=O)cc1.CC1=CC=CC=C1,Application_ds
O=C(O)CC(NC(=O)C(N)C)C(=O)NC(C(=O)NC(C(=O)NC(C(=O)NC(C(=O)N1CCCC1C(=O)NC(C(=O)NC(C(=O)N)CC(C)C)CCCNC(=N)N)CC(=O)N)CC=2C=CC=CC2)C)CC=3C=CC=CC3.CC(C)=O,Application_ds
O=C(NCCCCO)C(F)(F)F.CC(C)=O,Application_ds
O=C1C(OC=2C1=CC=C(O)C2CN(CC)CC)=CC3=CN(C=4C=CC=CC34)CC.CC1=CC=CC=C1,Application_ds
O=Cc1ccc(CN(Cc2ncc[nH]2)Cc2ncc[nH]2)cc1.CC(C)=O,Application_ds
CC(C)c1cc(Cl)cc(C(C)C)c1N=C=O.CCO,Application_ds
Cc1cc(C)cc(N)c1.CO,Application_ds
CCC(Oc1ccc(F)cc1)C(=O)O.CC1CCCO1,Application_ds
O=C1C(OC)=C(OC)C(O)C(CC=C(C)CCC=C(C)CCC=C(C)C)C1C.CC(C)=O,Application_ds
O=C1C2=CC=C(O)C(O)=C2OC=3C1=C(O)C=C(OC)C3C(C=C)(C)C.CC1=CC=CC=C1,Application_ds
O=C(OCC12CCC(OC3OC(C)C(O)C(O)C3OC(=O)C)CC2CCC4C5CCC(C=C)C5(C)CCC41)C.CC1=CC=CC=C1,Application_ds
[O-][Cr](=O)(=O)[O-].[Zn+2].CC1=CC=CC=C1,Application_ds
O=C(O)c1cc(Br)nn1-c1ncccc1Cl.CC1CCCO1,Application_ds
O=C(N)C(=O)C(C)C.CC1CCCO1,Application_ds
C[Mg+].O=CN(C)C,Application_ds
CCCCCCCCCCC[C@H](CC(=O)N[C@H](CO)C(=O)OCc1ccccc1)OC(=O)CCCCCCCCC.CC(OCC)=O,Application_ds
CC(C)Oc1cc(CCCO)n(Cc2ccc(Cl)cc2Cl)n1.CC(OCC)=O,Application_ds
CCCCCCC[P+](c1ccccc1)(c1ccccc1)c1ccccc1.O,Application_ds
N=1NN=C2C=C(OC12)C=C.CC(C)=O,Application_ds
O=c1[nH]ccc2scc(N3CCOCC3)c12.CC1CCCO1,Application_ds
CC(C)(C)OC(=O)N1CCc2c(C#N)c(N3CCN(C(=O)C4CC4)[C@H](C4CC4)C3)nc(C3CC3)c2C1.CO,Application_ds
O=C(O)C1(OC(CO)C(O)C2OC(OC(CO)C(O)C3OC(OC4C(O)C(OC(CO)C4O)OC5C(O)C(O)C(OCC(NC(=O)CCCCCCCCCCCCCCCCC)C(O)CCCCCCCCCCCCCCC)OC5CO)(C(=O)O)CC(O)C3NC(=O)C)(C(=O)O)CC(O)C2NC(=O)C)OC(C(O)C(O)CO)C(NC(=O)C)C(O)C1.O=CN(C)C,Application_ds
O=C(OC(=O)C(C1=CC=C2C=C(OC)C=CC2=C1)C)OC3OC(C(=O)O)C(O)C(O)C3O.CO,Application_ds
CC(=O)N1CCC(C(=O)Nc2nc3cccc(-c4ccoc4)n3n2)CC1.CC1=CC=CC=C1,Application_ds
NS(=O)(=O)c1ccc(-n2nc(C(F)(F)F)cc2-c2ccc(-c3cscn3)c(F)c2)cn1.CC1CCCO1,Application_ds
CCn1c(C(=O)NC(c2cccc(C(F)(F)F)c2)C(F)(F)F)cc2cc(C(=O)NC3CC3)c(C)nc21.CCO,Application_ds
C=CC[C@H](C)[C@@H](CC(=O)C(C)(C)C(OC(C)C)OC(C)C)OC(=O)OCC(Cl)(Cl)Cl.CC1CCCO1,Application_ds
CC(C(=O)OCC#C)OC1=CC=C(C=C1)OC2=C(C=C(C=N2)Cl)F.CC1=CC=CC=C1,Application_ds
O=C(OC1C2C(OC(=O)C32CC4C(=CC3C(C4)C(O)(C)C)C)C(O)C(C)C5C=CC(=O)C15C)C(=CC)C.N#CC,Application_ds
CC(NC(=O)c1coc(Oc2cccc(C3CC3)c2)n1)c1cc(F)c(NS(C)(=O)=O)c(F)c1.N#CC,Application_ds
Cc1cc(O)ccc1F.N#CC,Application_ds
O=C(CCCCCCCCCCCO)OCc1ccccc1.CC1=CC=CC=C1,Application_ds
COc1ccc(N(Cc2cnccc2C)C2CCN([C@H](C)CCNC(=O)c3c(C)cc(Cl)nc3C)CC2)cc1.O=CN(C)C,Application_ds
O=C(NC(COC1OC(CO)C(O)C(O)C1O)C(O)C(O)CCCCCCCCCCCC(C)CCC)C(O)CCCCCCCCCCCCCC.CC(C)=O,Application_ds
ClCc1cc2ccccc2o1.O,Application_ds
O=C1C2=CC=C(OCC=3C=CC=CC3)C=C2OC(=C1C=4C=CC=CC4)C.CC1CCCO1,Application_ds
O=C1C=C(C(=O)C1(C2=CC=C(O)C=C2)C3NC(=O)CC3)C=4C=CC(O)=C(O)C4.CCO,Application_ds
S=C=NC1(C)CCC2C(C)CC(C=C(C)C)C3(O)C(=C)CCC1C23.CO,Application_ds
O=C(OC)C=C(C)CCC1C(=O)CCC2C(C)(C)C(O)CCC12C.CC1CCCO1,Application_ds
C[C@@H]1C[C@H](C)CN(C(=O)C2Cc3ccccc3N2)C1.CC1CCCO1,Application_ds
C[C@@H]1CN(CC[C@]1(C(O)=O)C1=CC=CC=C1)C1CCC(CC1)(C#N)C1=CC=C(F)C=C1.CC1=CC=CC=C1,Application_ds
COc1ccc(Nc2ccccc2N)cc1.CCO,Application_ds
O=C(OC)C1N(CC2=C(N=CN2C(C)C)C1)S(=O)(=O)C.O=CN(C)C,Application_ds
C=Cc1ccncc1.CCO,Application_ds
COc1cc2c(Oc3ccc(N)cc3F)ccnc2cc1OCc1ccccc1.CCO,Application_ds
COc1ccc([Mg+])cc1.O,Application_ds
  CCOC(=O)CCCOc1c(Cl)cc(Nc2c(Nc3ccc(Cl)cc3)c(=S)c2=S)cc1Cl.CC1=CC=CC=C1,Application_ds
O=C1C=C(N=C(N1)NC(=N)NCCC2=CNC=3C=CC=CC32)C.CCO,Application_ds
O=C1OC=2C(=C(O)C(=C(O)C2C(=C1)C=3C=CC=CC3)CC=C(C)C)C(=O)CCC.CO,Application_ds
COc1ccc(-c2ccc3nnc(-c4cccnc4OC)n3c2)cc1.CO,Application_ds
COc1ccc(C2=N[C@H](C(=O)O)CS2)c(OC)c1.CC(OCC)=O,Application_ds
  CS(=O)(=O)ON[C@@H](c1ccccc1)[C@@H](NS(=O)(=O)NC(=O)c1ccco1)c1ccccc1.CO,Application_ds
Clc1cccnc1-n1ncc2c(Cl)ncnc21.CC(OCC)=O,Application_ds
O=C(O)C1C=CC2CC3C(CC=4C=CC=CC4)C5C=CC1C2C53.CC(OCC)=O,Application_ds
  C[C@@H](O[Si](C)(C)C)[C@H](CP(c1ccccc1)c1ccccc1)Nc1c(Nc2nc(=O)n(Cc3ccccc3)c(=O)[nH]2)c(=O)c(=O)c1=O.O=CN(C)C,Application_ds
Cc1cc(-c2nc(-c3ccc(OCC(C)C)c([N+](=O)[O-])c3)nn2COC(=O)C(C)(C)C)ccn1.N#CC,Application_ds
  CCCCNC(=S)NCCCC.CCO,Application_ds
O=C(O)CC1C(=CC2(CCCC2)C(OC3OC(CO)C4(OC(=C5NC=CC5=C4)CCO)C(O)C3O)C1C=C)C(=O)OC.CC1=CC=CC=C1,Application_ds
O=C1CC2(C)C(C(=C)CCC=C(C)COC3OC(CO)C(O)C(O)C3O)CCC2(C)C4CC=C5C(CCC(OC6OC(COC7OC(CO)C(O)C(O)C7O)C(O)C(O)C6O)C5(C)C)C14C.N#CC,Application_ds
  CCOC(=O)[C@@H](C)NS(=O)(=O)NC(=O)[C@@H]1SC(N)=C(C#N)[C@H]1c1cccc(OC)c1.CO,Application_ds
Cc1c(Br)ccc2[nH]ncc12.CC1CCCO1,Application_ds
Cc1cc(C)c(C=O)c(C)c1.O,Application_ds
CN(C(=O)OC(C)(C)C)[C@@H]1CC[C@@H](OCCCCCCBr)CC1.CC1CCCO1,Application_ds
COc1ccccc1COc1ccc(CNC23CC4CC(CC(C4)C2)C3)cc1.CC(OCC)=O,Application_ds
OC1CCC=2C=C3OC=C(C3=C(C2C1C)C)COC.CC(C)=O,Application_ds
O=S(=O)(Cl)c1ccc2ccccc2c1.CC(OCC)=O,Application_ds
COC(=O)c1cccc(OCc2nc(-c3ccccc3)oc2C)n1.O=CN(C)C,Application_ds
  N[C@H](c1ccccc1)[C@H](Nc1c(Nc2nc3c(Cl)cccc3s2)c(=O)c1=O)c1ccccc1.CO,Application_ds
O=C(O)C1C2C(=C3CCC4C(=C)CC31C4)CCC(O)C2(C(=O)O)C.O,Application_ds
CCCNC(=O)CCn1ncc2c(-c3ccc(F)cc3)c(-c3ccncc3)c(-c3ccc(F)cc3)nc21.N#CC,Application_ds
CC(C)(C)OC(=O)N[C@@H]1CC[C@@H](CO)OC1.CCO,Application_ds
O=C(O)C1CCC2(C)C(CCC3C4CCC(C(C)CCC(CC)C(C)C)C4(C)CCC32)C1.CC(C)=O,Application_ds
O=C1C(=CC2C1(O)CC(=CC3CC(=O)CC(C)C32O)CO)C.CCO,Application_ds
C[C@@H](OC(C)(C)C)[C@H](NC(=O)OCc1ccccc1)C(=O)N1CCC[C@H]1C#N.CC(C)=O,Application_ds
O(C1=CC=C(C=C1)CNCCCN)C.CC1=CC=CC=C1,Application_ds
O=C(C=CCCCC(C)CCC=1C=CC=CC1)CCC2=CC=C(O)C(OCCC3=CC=C(O)C=C3)=C2.CO,Application_ds
O=C(Nc1cnc2ccccc2c1)c1ccc(N2CCN(C(=O)Cc3ccccc3)CC2)cc1.CCO,Application_ds
Cn1nnc(C(=O)Nc2cccc(Oc3ccc4nc(NC(=O)C5CC5)cn4c3)c2)n1.O=CN(C)C,Application_ds
N#CCC1=CC=C(O)C=C1OC2OC(CO)C(O)C(O)C2O.O=CN(C)C,Application_ds
COc1nc2c(N)nc(OCCC(C)C)nc2[nH]1.CC(OCC)=O,Application_ds
CC(=O)C(Cc1ccccc1)C(C)=O.O,Application_ds
O=C1C(=O)C2=C(C=CC3=C2CCCC3(C(=O)OC)C)C=4OC=C(C14)C.CC1=CC=CC=C1,Application_ds
CCCCCCCCCCCCS(=O)(=O)c1ccc(NC(=O)C(C(=O)OCC)N2C(=O)c3ccccc3C2=O)c(Cl)c1.CC(C)=O,Application_ds
O=C(OCc1ccc([N+](=O)[O-])cc1)[C@@H]1CCCN1.CCO,Application_ds
N=1C(=NC(=NC1NC(C)(C)C)N2CCCCC2)NC(C)(C)C.CCO,Application_ds
Cc1ccc(-c2cc(C=O)nn2C(C)(C)C)cc1.N#CC,Application_ds
O=Cc1cc2c(cc1Br)OCCO2.O,Application_ds
O=C(NC(C1=CC=C(OC)C(OC)=C1)C(C)C)N(CCCOC)CC2CCCN3CCCCC32.CC(OCC)=O,Application_ds
O=S(=O)(NC(N)=O)c1ccccc1C(=O)OC.CC1=CC=CC=C1,Application_ds
CCc1c(Oc2cc(C)cc(C)c2)n(Cc2ccccc2)c(=O)[nH]c1=O.CO,Application_ds
COC(=O)c1ccc(C#Cc2ccccc2)cc1.O,Application_ds
OCC1OC(OC2CCC3(C)C(CCC4(C)C3CC(O)C5C(CCC54C)C6(OC(C(O)C6)C(O)(C)C)C)C2(C)CO)C(OC7OC(C)C(O)C(O)C7O)C(OC8OC(C)C(O)C(O)C8O)C1O.O=CN(C)C,Application_ds
CCOC(=O)C(C(=O)OCC)c1ccc(N)c(C(=O)N(C)C)c1.CC(OCC)=O,Application_ds
[NH4+].CP(O)(=O)CCC(N)C([O-])=O.CC(C)=O,Application_ds
N#CCCSc1ccc(Cl)cc1.N#CC,Application_ds
O=C1OC2=C(C=CC(OCC(=O)C=3C=4C=CC=CC4N(C3C)C)=C2C)C(=C1CC)C.CC1=CC=CC=C1,Application_ds
O=C(O)C(N1C(=O)C2=CC=3OC(CC3C(O)=C2C1)C(C(=O)O)C)C.O=CN(C)C,Application_ds
  O=c1c(Nc2ccccc2C#Cc2ccccc2B(O)O)c(N[C@@H](c2ccccc2)P(=O)(Oc2ccccc2)Oc2ccccc2)c(=O)c1=O.CC(C)=O,Application_ds
  O=CC(=CNc1c(NCCc2ccc(Br)s2)c(=S)c1=S)c1ccccc1.CC1=CC=CC=C1,Application_ds
O=CC1=C(O)C=C(C=2C=C(C(O)=C(OC)C12)C)C(C)C.CC1CCCO1,Application_ds
Fc1cc(I)c(Cl)cn1.CC1=CC=CC=C1,Application_ds
O=C(O)C1C(=CC=2C=C(O)C(O)=CC2C1C3=CC=C(O)C(O)=C3)C(=O)OCC4OC(CC(O)CO)C(O)C4O.CC(C)=O,Application_ds
COc1c(C(C)n2nc(C)c3c(N)ncnc32)cc(Cl)c(C)c1C1CNC1.CC(OCC)=O,Application_ds
O=C(OC(C)CCCCCCCC1N=C2NC(C)CC3N2C(CC3)C1)C4C(NC5=NC(CCCCCCCCC)CC6N5C4CC6)C.CC1=CC=CC=C1,Application_ds
O=C(C=1SC(=CC1)C=2SC(C#CC)=CC2)C3CCCC3CCCO.CCO,Application_ds
Cc1ccc(-n2ccc(N)n2)cc1C.CCO,Application_ds
O=C(c1cc2nccc(Cl)c2s1)N1CCC(O)C1.O=CN(C)C,Application_ds
COC(=O)c1ccc(COc2ccc3c(c2)CCN(C2CCCC2)CC3)cc1.CC1CCCO1,Application_ds
NCc1cccc(-n2cccc2)c1.CC(OCC)=O,Application_ds
CCOC(=O)[C@@]1(NC(=O)OC(C)(C)C)[C@H]2[C@@H](C[C@@H]1O)[C@]2(F)C(=O)OCC.CCO,Application_ds
O=S(=O)(O[K])OC=1C=C(OS(=O)(=O)O[K])C=C(C1)CCCCCCCCCCCCCC(C)C.CC(C)=O,Application_ds
CC(=O)c1cc(NC(=O)C(F)(F)F)cc(S(F)(F)(F)(F)F)c1.CC1=CC=CC=C1,Application_ds
CCOC(=O)c1nn(-c2cccc(C#C[C@]3(O)CCN(C)C3=O)c2)c2nc(C(F)(F)F)ncc12.CC(C)=O,Application_ds
O=CC1CC2SSCC3=CCC(OC(=O)C(=CC)C)(C)C4(OC5=CC=6OC(=O)C(=CC6C=C5C4)C7(CCCC7)C(CO)CCCO)C3C8=CC(=NC=C8CC(=O)N9CC(C1NC)C92)N.CC(OCC)=O,Application_ds
O=C(Cl)c1ccc(Oc2ccccc2)nc1.CCO,Application_ds
CSc1ccc(NC2CCN(C(=O)CCCN3CCN(c4ccc(C(F)(F)F)cc4)CC3)CC2)cc1C(F)(F)F.N#CC,Application_ds
O=C(OC)C1N(CCN(C(=O)C2CCNCC2)C1)S(=O)(=O)C=3SC=CC3.CC(C)=O,Application_ds
  C[C@H](NC(=O)Nc1ccc(N2CCOCC2)cc1)c1cccc(Cl)c1.CO,Application_ds
CCOC(=O)c1cnc(C(C)(C)C)nc1-c1cccc(F)c1.CC(OCC)=O,Application_ds
C#CC#CCC/C=C\C(=O)O.O,Application_ds
CC(C)(C)[C@H](O)Cn1cnc(Cc2ccccc2)c1.CO,Application_ds
Clc1ccnc2cc(-c3ccc4c(c3)OCO4)oc12.O,Application_ds
Cc1cccc2cc(N3CCN(CCO)CC3)[nH]c(=O)c12.CCO,Application_ds
O=c1[nH]c2ccc(Cl)cc2n1CCCN1CCC(O)(c2ccc(Cl)cc2)CC1.CC1=CC=CC=C1,Application_ds
COc1ccc(Cl)cc1C(=O)NCCC1CCN(S(=O)(=O)NC(=S)NC2CC2)CC1.O,Application_ds
O=C(O)C=CC1=CC(OC)=C2OC(C3=CC=C(O)C(OC)=C3)C4C(=O)OC(C5=CC=C(O)C(OC)=C5)C4C2=C1.O,Application_ds
CC(=O)Oc1ccc(C(=O)O)c(F)c1.CCO,Application_ds
O=C1OC2=CC(O)=C3C(=O)C(O)=C(OC3=C2C(C=4C=CC=CC4F)C1)C=5C=CC(O)=C(O)C5.CC1CCCO1,Application_ds
  CCC(CCNc1c(N[C@@H]2CCCC[C@H]2n2c(C)ccc2C)c(=S)c1=S)=C1c2ccc(Cl)cc2CCc2ccc[n+]([O-])c21.N#CC,Application_ds
O=C([O-])c1cc2cccc(N3CCN(CCc4ccccn4)CC3)c2o1.N#CC,Application_ds
CC(C)(C)[Si](C)(C)OCc1cccc(Br)n1.O=CN(C)C,Application_ds
CN1CCCN(c2ccc(I)cn2)CC1.O=CN(C)C,Application_ds
O=C1C(=C2CCC3C4(C)CC5(C=6C=C(O)C=C(C6)CNC)C(=O)C7(C)CCCCC(O)(C)CNC(CC5)(CC3(CCO)C2(C)C1)C74)C(CC(O)C8OC8(C)C9CCCC9C=%10C=CC=C(N)C%10)C%11CCCC(CO)C%11.O=CN(C)C,Application_ds
O=C1C=2C(OCC1CC3=CC=C(OC)C=C3)=CC(OC)=C(O)C2OC.O=CN(C)C,Application_ds
CC1(C)OB(c2ccn3ccnc3c2)OC1(C)C.O,Application_ds
COc1cc2nncc(-c3ccc(F)nc3)c2cc1OC.N#CC,Application_ds
COC(=O)COc1ncccc1-c1ccc(Cl)c(C(=O)NCC23CC4CC(CC(C4)C2)C3)c1.N#CC,Application_ds
Fc1cc(I)ccc1OCCN1CCCC1.O=CN(C)C,Application_ds
FC(F)(F)CCCN(c1ccc(Br)cc1)c1nc(Cl)ncc1Cl.CC(C)=O,Application_ds
CCCc1cc(C(OCOC)(C(F)(F)F)C(F)(F)F)ccc1Oc1cncc(C#N)c1.CC1=CC=CC=C1,Application_ds
CCC(CC)(c1ccc(Br)cc1)c1ccc(OCc2ccccc2)c(C)c1.CC(OCC)=O,Application_ds
O=C(O)c1ccc(-c2nc3ccc(C4(c5ccccc5)CC4)nc3s2)c(F)c1.CC1CCCO1,Application_ds
O=C(N)C(NC(=O)C1=CC=C2OCOC2=C1)CC=3C=CC=CC3.O=CN(C)C,Application_ds
CCC(=O)N1CC2CN(C(=O)c3ccc(-c4ccc5cnccc5c4)cc3)CC2C1.CC1=CC=CC=C1,Application_ds
O=C(C)C(C)C1CCC2(C)C1CCC3(C)C2CCC4C5(C)CCCC(C)(C)C5CCC43C.CC1CCCO1,Application_ds
O=C1C=C(OC(=C1O)C(C2=CC=C(O)C(OC)=C2)CC(=O)NCCC=3N=C4C=CC=CN4C3)C.N#CC,Application_ds
CCCCCCCCCCCCn1c2cc(Br)ccc2c2ccc(Br)cc21.CC1=CC=CC=C1,Application_ds
O=C1OC2=C(C=C3C(=O)C=COC3=C2C)C(=C1)CC.O=CN(C)C,Application_ds
O=C(C=1C=CC=CC1)N2CCC(CC(=O)NCCSC)C(C2)CC.CCO,Application_ds
CC(C)(C)C#Cc1ccc(C#N)cc1.CC(C)=O,Application_ds
Cc1cscc1N=C=S.CO,Application_ds
O=C(OC)CC1C(C(=O)C2C(=O)C1(C)C3C(=C4CC(OC)OC(C5=COC=C5)C4(C)CC3)C2)(C)C.O,Application_ds
COc1c(C)c(C)c2c(c1C)CCC(C)(CCN1CCNCC1)O2.CC1CCCO1,Application_ds
O=C1OC2CC(OC(OC(=O)NC=3C=CC=CC3)(C2)C4NC(=O)SC4)CCC(C=CC=CCCC(=C1)C)C.CC1=CC=CC=C1,Application_ds
CCN1CCN(c2cc(C#N)c3ncn(-c4cc(C(=O)O)ccc4C)c(=O)c3c2)CC1.CC(OCC)=O,Application_ds
O=CC1CC2SSCC3=CC(CO)C(OC(=O)C(=CC)CCO)(C)C4(OC5=CC=6OC(=O)C(=CC6C=C5C4)C7(CCCC7)C(CO)CCCO)C3C=8C=C(N)NCC8CC(=O)N9CC(C1NC)C92.CCO,Application_ds
COc1ccc(CN(Cc2ccc(OC)cc2)c2ncc(-c3nc(N4CCOCC4)nc4c3CCN4c3ccc(C(=O)O)cc3F)cn2)cc1.O=CN(C)C,Application_ds
O=NN1NC(=O)CC1C2=CC=C(C=C2)C3N(N=O)NC(=O)C3.CC1=CC=CC=C1,Application_ds
C[Si](C)(C)CCOCON1CCc2c(ncc3c2c(C#CCN2CCOCC2)cn3Cc2ccc(F)cc2)C1=O.CC1CCCO1,Application_ds
Oc1ccc(C(=C2CCSCC2)c2ccc(Br)cc2)cc1.CC1=CC=CC=C1,Application_ds
CC(C)N1CCC(NS(=O)(=O)C[C@H](COCc2ccccc2)NC(=O)OCc2ccccc2)CC1.CC(OCC)=O,Application_ds
O=C(O)c1cc(O)cc(C(F)(F)F)c1.N#CC,Application_ds
CCO[C@@H](Cc1ccc(OCc2nc(C(C)(C)C)oc2C)cc1Cl)C(=O)OC.CCO,Application_ds
OCC1OC(OC2CC3(C)C(CC(O)C4C(CCC43C)C5(OC(CC5)C(O)(C)C)C)C6(C)CCC(O)C(C)(C)C26)C(O)C(O)C1OC7OC(C)C(O)C(O)C7O.CC(OCC)=O,Application_ds
NCCc1ccc(O)c(Cl)c1.CC(C)=O,Application_ds
CC(C)(C)OC(=O)NCC1(c2ccc(B3OC(C)(C)C(C)(C)O3)cc2)CCC1.N#CC,Application_ds
O=C(OCC(OC(=O)CCCCCC=CCC=CCC=CCC=CCCCCC)COP(=O)(O)OCCN)CCCCCCCCCCCCCCCCCCC.CC(OCC)=O,Application_ds
  O=CC(=CNc1c(N[C@@H](c2ccccc2)P(=O)(Oc2ccccc2)Oc2ccccc2)c(=O)c1=O)c1ccccc1.CO,Application_ds
COC(=O)c1sc(C)cc1C#N.CC1CCCO1,Application_ds
FC(F)(F)c1nnc2ccc(N3CCCNCC3)nn12.CC1=CC=CC=C1,Application_ds
O=C(Nc1ccccc1)c1c(F)cccc1[N+](=O)[O-].CC(OCC)=O,Application_ds
CN(C)Cc1ccc(CSCCN=C=S)o1.CC1CCCO1,Application_ds
O=C1NC(=S)SC1=Cc1ccc(OCc2cccc3ccccc23)cc1.CC1=CC=CC=C1,Application_ds
Cc1c(N2CCNCC2)nc2cc(F)cc(F)c2c1Nc1cncc(N2CCOCC2)c1.CO,Application_ds
CC(C)(C)[C@H](NC(=O)Nc1cc(F)ccc1F)C(=O)N[C@@H]1CCN(Cc2ccccc2)C1.CC1=CC=CC=C1,Application_ds
O=C(OC1C(OC=2C(=O)C=3C(O)=CC(O)=CC3OC2C=4C=CC(O)=C(O)C4)OC(COC5OC(C)C(OC(=O)C)C(O)C5OC(=O)C)C(OC(=O)C)C1O)C.CO,Application_ds
O=C1OC(C(O)=C1C(=O)CCCCCCCCCCCCC)C(O)C(=O)O.CC(C)=O,Application_ds
O=C1C(=CC)C2(C)CCC3C(CCC4C(O)C(O)CCC43C)C2C1.CC1=CC=CC=C1,Application_ds
  COC(=O)[C@H](C)Nc1c(NC(=O)c2ccc(-c3ccccc3)cc2)c1=O.CC1=CC=CC=C1,Application_ds
COC(=O)c1cc(C(F)(F)F)ccc1Sc1ccccc1.CC1CCCO1,Application_ds
COCCNc1cncc(-c2cc(C)cc(Nc3nccc(C(F)(F)F)n3)c2)c1.CC1CCCO1,Application_ds
  CC[C@](CC1CCCCC1)(Nc1c(Nc2ccc(O)cc2)c(=S)c1=S)C(=O)OC.CO,Application_ds
CC(C)(O)Cn1ccc(NC(=O)C(CC2CCCC2)n2ncc(S(=O)c3ccccc3)cc2=O)n1.CCO,Application_ds
  O=C(Nc1c(NC(=O)c2c(F)cccc2F)c1=O)C1=CCCC1.CO,Application_ds
O=C1C=2C(O)=CC(O)=CC2OC(C3=CC4C5COC4(O)C(=O)C3C5C6=CC=C(O)C(OC)=C6)C1.CC(OCC)=O,Application_ds
O=C(NCC=1OC=CC1)CCC(C)C2CCC3C4C(O)CC5CC(O)CCC5(C)C4CC(O)C23C.O,Application_ds
O=S(=O)(Cl)c1ccc(Br)cn1.CC(OCC)=O,Application_ds
C=CCOC(=O)Cc1ccc(-c2ccc(OCc3ccc(C(F)(F)F)c(OCOC)c3C(OC)OC)c(F)c2)cc1.O=CN(C)C,Application_ds
COC(=O)c1cccc(N)c1N.CC(OCC)=O,Application_ds
N1=CC=CC1=C2NC3(OC(C)CC4CCCCCCCC5=CC=C(N5)C43)C(OC)C2.O,Application_ds
CC[C@H](N)C(=O)OC.CO,Application_ds
  CC(C)COc1cc(C(=O)NCc2ccccc2)nc2c(Nc3c(NC(=O)C4CC4)c3=O)cccc12.O=CN(C)C,Application_ds
O=C(O)CC(C)(C)CC(=O)NCC1C=C(C)C(CC2=NC=3C=CC=CC3N2C)CC1C(C)C.O,Application_ds
  C#CCNc1c(N[C@H](c2ccnc3ccc(OC)cc23)C2CC3CCN2C[C@@H]3C=C)c(=O)c1=O.CC1=CC=CC=C1,Application_ds
Cc1occc1S(=O)(=O)Cl.N#CC,Application_ds
O1C2=CC=C(C=C2OC1)CC3COC(OCC)C3CC4=CC=C5OCOC5=C4.N#CC,Application_ds
CCc1cccc(N2CCN(Cc3ccc([N+](=O)[O-])cc3)CC2)c1.CC1CCCO1,Application_ds
COc1cccc(Nc2cnc(Nc3ccc(Cl)c(Cl)c3)nc2)c1.CC1=CC=CC=C1,Application_ds
O=C1C(=COC2=CC(O)=C(C(O)=C12)CC(O)C(=C)C)C=3C=CC(O)=C(C3O)CC=C(C)C.N#CC,Application_ds
COC(=O)C1CCCC(=O)N1C(=O)OC(C)(C)C.CC1CCCO1,Application_ds
c1cncc(C(Oc2cccnc2N2CCOc3ccccc32)c2cccnc2)c1.CCO,Application_ds
N[C@@H](Cc1ccccc1)C(=O)O.CC1CCCO1,Application_ds
OC1=CC(=CC=C1OC)C2COC=3C=CC=CC3C2.CC(C)=O,Application_ds
Fc1ccc(-c2cc(NCC3CCNCC3)c3sccc3n2)cc1.CC(OCC)=O,Application_ds
OB(O)c1cccs1.N#CC,Application_ds
N#CC1(c2cccc(S)c2)CCOCC1.CC1CCCO1,Application_ds
O=C(OC1=CC=C2C(OC(=CC3=CN(C=4C=CC(OC)=CC34)CC)C2=O)=C1)C=5C=CC=CC5Cl.CC(C)=O,Application_ds
OC1CN(CC2=NC(=CS2)C3(O)CCN(CC4=NC=CC=C4)CC3)CC1.N#CC,Application_ds
O=c1nc(N2CCN(c3ccc(F)cc3)CC2)[nH]c(=O)n1Cc1ccc(OCc2ccc(Cl)cc2)cc1.O,Application_ds
Cn1ccnc1Sc1ccc(Nc2c(C#N)cnc3cc(-c4ccc(CN5CCOCC5)nc4)ccc23)cc1Cl.CC(C)=O,Application_ds
O=Cc1sccc1Br.CC1=CC=CC=C1,Application_ds
O=C1c2ccccc2C(=O)N1CCCCBr.CC1=CC=CC=C1,Application_ds
COc1ccc(C2COCCO2)c2sc(N)nc12.CC1=CC=CC=C1,Application_ds
O=C(C1=CC=2C=C(OC)C(OC)=CC2N1C)N3CC=4C=5C=CC=CC5NC4CC3.O,Application_ds
[O-2].[O-2].[O-2].[Fe+3].[Fe+3].O=CN(C)C,Application_ds
CCCCn1c(=O)n(Cc2ccccc2F)c(=O)c2[nH]c(Cc3ccc(N)cc3)nc21.O,Application_ds
O=S(=O)(NCC1CCCO1)c1ccc(-n2nc(C(F)(F)F)c3c2CCOC3)cc1.O=CN(C)C,Application_ds
[H][C@@]12OC3=C(OC)C=CC4=C3[C@@]11CCN(C)[C@]([H])(C4)[C@]1(O)CCC2=O.O,Application_ds
O=C(NC=1C=CC=CC1C)C(Cl)(C(F)(F)F)C(F)(F)F.CC1=CC=CC=C1,Application_ds
O=C(O)c1cc(-c2cccs2)on1.CC(C)=O,Application_ds
CC(=O)COc1ccc(S(C)(=O)=O)cc1.CO,Application_ds
CC(C)(C)OC(=O)N1CCC(CN2CCNCC2)CC1.O=CN(C)C,Application_ds
Nc1ccccc1C(=O)Nc1ccc(Cl)cn1.CC1=CC=CC=C1,Application_ds
O=C1N(C(=O)C2C3C=CC(C3=C(C=4C=CC=CC4)C=5C=CC=CC5)C12)C=6C=CC=CC6OCC.CO,Application_ds
CC#C[C@H](CC(=O)OC)c1ccc(OC2CCc3cc(-c4cccc(OCC)c4)ccc32)cc1.CC1=CC=CC=C1,Application_ds
CN(Cc1cc(Br)c(S(=O)(=O)c2ccccc2)s1)C(=O)OC(C)(C)C.CO,Application_ds
O=C(OCC=1C=CC=CC1)C=2C=CC=CC2N.N#CC,Application_ds
O=C1C=CC2(C(=C1)CCC3C2CCC4(C)C(CCC34)C(C=CC(O)(CO)C(C)C)C)C.N#CC,Application_ds
O=C1CC(c2ccc(Cl)c(Cl)c2)Cc2c1c(=O)c1cc(Cl)ccc1n2O.CC(C)=O,Application_ds
O=Cc1nc[nH]n1.O,Application_ds
O=C(CCBr)N1CC2CC3CC(C2)CC1C3.CC1CCCO1,Application_ds
O=C(CC(O)C(CC=1C=CNC1)CC2=CC=C(O)C(OC)=C2CC=3C=4C=CC=CC4C=CC3CC)C(C=5C=CC=C(O)C5)(CO)CC6=CC=C(O)C(OC)=C6.O=CN(C)C,Application_ds
CC(C)(C)OC(=O)N1CCC(CN[C@@H]2C[C@H]2c2ccc(Br)cc2)CC1.N#CC,Application_ds
O=C(NC)C(F)(F)F.CC1=CC=CC=C1,Application_ds
O=C1OC2C(C1=C)CCC(=C)C3CCC(OC)(C)C23.CC1=CC=CC=C1,Application_ds
CNCCCCNC(=O)Nc1cccc(-c2nnnn2C)c1.CC(OCC)=O,Application_ds
O=C1C(O)=C(OC(=C1OC)C)CCCCC.CCO,Application_ds
CN(C)c1ccc(CN2CCC(C3c4ccccc4C=Cc4ccccc43)CC2)cc1.CO,Application_ds
O=C(NCc1ccc(Br)cc1F)c1nc(-c2ccc(F)cc2)n2ccccc12.CC(C)=O,Application_ds
  Cc1cc(C)c(NC(=S)Nc2cccc3c2N[C@@H](C)CC3)c(C)c1.CO,Application_ds
Cn1ccc(B2OC(C)(C)C(C)(C)O2)cc1=O.N#CC,Application_ds
NS(=O)(=O)CC[C@H](NC(=O)OCc1ccccc1)C(=O)O.CO,Application_ds
COC(=O)[C@@H](C)OS(=O)(=O)c1ccc(C)cc1.CC(C)=O,Application_ds
C[C@H](CC(=O)OC(C)(C)C)NC(=O)c1c(O)c2ncc(Cc3ccc(F)cc3)cc2n(CCN2CCCCC2=O)c1=O.CO,Application_ds
CCCNc1nc2ccc(OC)c(C(=O)OC)c2nc1-c1ccccc1.CC(C)=O,Application_ds
COc1cc(CCN2CCN(C)CC2)ccc1Nc1nccc(-c2c(-c3cccc(C(=O)Nc4c(F)cccc4F)c3)nc3ccccn23)n1.O=CN(C)C,Application_ds
COc1ccc(F)cc1C1CCN(CCN2C(=O)CC3(CCCC3)CC2=O)CC1.O=CN(C)C,Application_ds
Nc1nccn2c([C@@H]3CC[C@@H](CO)NC3)nc(-c3ccc(C(=O)Nc4cc(C(F)(F)F)ccn4)cc3)c12.CCO,Application_ds
Cc1nc(-c2ccc(Cl)cc2)sc1COCC1CCCN(C(=O)OC(C)(C)C)C1.CO,Application_ds
COc1ccc2[nH]c(S(=O)Cc3nccc(N4CCOCC4)c3Cl)nc2c1.O=CN(C)C,Application_ds
C1=CC=C2C(=C1)C(=O)C3=C(C2=O)C(=C(C=C3O)S(=O)(=O)O)O.CO,Application_ds
O=C1Nc2ccc(C(=O)O)cc2C1=Cc1[nH]cc2c1CCOC2=O.O=CN(C)C,Application_ds
OCC1OC(OC2C(O)C(OC3OCC(O)C(O)C3O)C(OC2OC4CCC5(C)C(CCC6(C)C5CCC7(C)C8C(OC9(OCC(C)CC9)C8C)CC76)C4)COC%10OCC(O)C(O)C%10O)C(O)C(O)C1O.CO,Application_ds
CN(C)CCOc1cccc(S(=O)(=O)n2ccc3ccccc32)c1.CC(C)=O,Application_ds
Fc1c(F)c(F)c(OC2(c3ccccc3)CCNCC2)c(F)c1F.N#CC,Application_ds
C#CCn1c(=O)n(C(C)C)c2ccc(-c3ncc(C(F)(F)F)cc3Cl)cc21.CC(OCC)=O,Application_ds
NCCNc1ccc(-c2ncc[nH]2)c(-c2ccc(Cl)cc2Cl)n1.N#CC,Application_ds
O=C(O)CC1C(O)C2(C)CC(=O)C3C(=CCC4C(C)CCC1C4(C)C32)C.CCO,Application_ds
COC(C)(c1cc(O)cc(F)c1)C(C)O.CC(C)=O,Application_ds
CN(C)CCc1cnn(-c2cc(C#N)ccn2)c1OCc1ccc(F)cc1.O=CN(C)C,Application_ds
CC(C)(C)OC(=O)NC[C@@H]1CC[C@@H](CN)CC1.CC1CCCO1,Application_ds
O=C1OC=2C(=C(O)C3=C(OC(C)C(C3=O)C)C2C(C1)CCC)CC=C(C)C.CCO,Application_ds
O=C1N(C=2C=CC=CC2OC3CN(C1C3)C4CCN(C)CC4)CC5=CC=C(OC(F)(F)F)C=C5.CO,Application_ds
  O=C(Nc1nc(-c2ccccc2)cs1)NC(CO)(CO)CO.CC1=CC=CC=C1,Application_ds
O=C(NC1=CC=C(C=C1)C)C2C(=O)N(CCO)C3(OC=4C=CC=CC4C2C3)C.CC1CCCO1,Application_ds
NS(=O)(=O)Cc1ccc(Cl)c(Cl)c1.CC1CCCO1,Application_ds
OC1C2=COC=C2CCC3=CC(C)(C)CC31.O=CN(C)C,Application_ds
[O-][NH+](O)C1=CC=C(C=C1)NN=C(C=2C=CC=CC2)C3=CC=C(C=C3)C.CC(OCC)=O,Application_ds
O=C1N=C(NC=2N=C3C=CC=CC3=C(N2)C)N(C=4C=CC=CC14)C.CC1CCCO1,Application_ds
O=c1ccc2ccc(O)cc2[nH]1.CCO,Application_ds
O=C1OC=2C=C3OC=C(C3=CC2C(=C1CC(=O)NCCC(=O)NCC4CCC(C(=O)O)CC4)C)C.O=CN(C)C,Application_ds
Fc1ccc(C(Nc2ccc(F)c(F)c2)C2CCN(Cc3ccc4ccccc4c3)CC2)cc1.CC(C)=O,Application_ds
Cn1cncc1C(O)(c1ccc(Cl)nc1)c1ccc2c(c1)c(-c1cccc(Cl)c1)cc(=O)n2C.CC(OCC)=O,Application_ds
CCCN(CCC)CCN.CC1CCCO1,Application_ds
Cc1n[nH]nc1C(=O)NCc1ccc(Cl)c(Oc2cc(Cl)cc(C#N)c2)c1F.O,Application_ds
O=C1C=C(OC=2C=C3C(=O)C4=CC(O)=C(Cl)C(O)=C4C(=O)C3=C(O)C12)C.O,Application_ds
Oc1cc(CCl)nc(-c2ccccn2)n1.CC1=CC=CC=C1,Application_ds
CC1(c2cccc(Cn3cc([N+](=O)[O-])cn3)c2)OCCO1.CCO,Application_ds
O=C1C(O)=C(C(=O)C=2C=CC=CC12)C(C=3C(=O)C=4C=CC=CC4C(=O)C3O)C.O=CN(C)C,Application_ds
C[Si](C)(C)CCl.N#CC,Application_ds
CCc1n[nH]c2cc(Br)ccc12.CC(OCC)=O,Application_ds
  CN(C)c1ccc(NC(=O)NCCC2=CCCCC2)cc1.CC1CCCO1,Application_ds
O=C1C2=CC=C(O)C(O)=C2OC=3C=CC=C(O)C13.CC(OCC)=O,Application_ds
COc1cccc(CC2(C(=O)N[C@H](C(N)=O)[C@@H](C)O)CCCN2C(=O)[C@@H]2CCCN2C(=O)OCc2ccccc2)c1.O,Application_ds
O=C(O)CCC=CCCC.O,Application_ds
OCC12C(O)C(O)C(=CC2OC3C(O)CC1(C)C43OC4)C.CC1=CC=CC=C1,Application_ds
  CC(C)c1cccc(C(C)C)c1NC(=O)NS(=O)(=O)c1cc([N+](=O)[O-])ccc1NC1CCCCC1.CO,Application_ds
Fc1cccc(COc2ccc3c(c2)CCNC3)c1.O,Application_ds
OC1(c2ccc(Br)cc2)CCN(Cc2ccccc2)CC1.CC(C)=O,Application_ds
O=C(N)C=1SC=2N=NC=CC2C1N.CO,Application_ds
  CC(C)(C)c1cc(NC(=O)NC(c2ccccc2)(c2ccccc2)[C@@H]2CCCN2Cc2ccccc2)n(-c2ccccc2)n1.CC(C)=O,Application_ds
BrCCCCCCOC1CCCCO1.CC(OCC)=O,Application_ds
CC1(C)CNc2cc([N+](=O)[O-])ccc2O1.CO,Application_ds
CC1C=CCN(C(=O)OCc2ccccc2)C1.N#CC,Application_ds
COC(=O)[C@H](Cc1ccc(OCc2ccccc2)cc1)NC(=O)c1ccc2nc(-c3ccc(Cl)cc3)c(Cl)n2c1.O=CN(C)C,Application_ds
COC(=O)c1cccc(N)c1N.CC1CCCO1,Application_ds
O=C1OCC(=C1)C2C(OC(=O)C)CC3(O)C4CCC5CC(OC6OC(C)C(OC7OC(C)C(OC8OC(C)C(OC(=O)C)C(OC(=O)C)C8)C(OC(=O)C)C7)C(OC(=O)C)C6)CCC5(C)C4CCC23C.N#CC,Application_ds
O=Cc1ccc(OCC2CCCO2)cc1.CC(OCC)=O,Application_ds
O=C(Nc1cc(F)c(F)c(C(=O)c2ccc3ncc(N4CCOCC4)nc3c2)c1F)c1cccc(C(F)(F)F)c1.CCO,Application_ds
CS(=O)(=O)c1cc([N+](=O)[O-])ccc1O.CC1=CC=CC=C1,Application_ds
COc1c(C(C)Nc2ncnc3c2ncn3C2CCCCO2)cc(Cl)c(F)c1Br.CCO,Application_ds
CC1Cc2c(Br)cccc2N1.CC1CCCO1,Application_ds
FC(F)(F)Oc1ccc(N2CCC3(CC2)OCCO3)cc1.CCO,Application_ds
O=C(C1=CC=C(OC(CO)C(O)C2=CC=C(OC)C(OC)=C2)C(OC)=C1)CCO.N#CC,Application_ds
CCOC(=O)c1nc(-c2cccc(C#C[C@]3(O)CCN(C)C3=O)c2)nc2c1CC(C)(C)CC2.O=CN(C)C,Application_ds
O=C1C(OC2OC(CO)C(O)C(O)C2OC3OC(C)C(O)C(O)C3O)=C(OC4=CC(OCC=CC5=CC=C(O)C=C5OC6OC(CO)C(O)C(O)C6O)=CC(O)=C14)C=7C=CC(O)=CC7.O,Application_ds
O=C(O)C12CCC(C)(C)CC2C3C=CC4C5(C(=O)CC(O)C(C)(C)C5CCC4(C)C3(C)CC1)C.N#CC,Application_ds
Cc1cc(C(=O)O)nn1Cc1cc(Cl)cc2cc(C(C)C)oc12.O=CN(C)C,Application_ds
COC(=O)N1CCc2ccc(Br)cc2CC1.CC1CCCO1,Application_ds
Cc1ccccc1Cc1cccc(-c2ncc3c(n2)CCOC3)n1.CC(C)=O,Application_ds
O=C(NCC1OC2CC(OC2C1O)CC(=O)NCC=3C=NN(C3)C)N4CCOCC4.CC1CCCO1,Application_ds
N#CC1=C(N=C(C=C1C)C)SCC2=CC(=O)OC=3C=C(C(O)=CC32)C=4C=CC=CC4.CO,Application_ds
CC(C)(C)OC(=O)NCc1cccc(Oc2cccc(I)c2)c1.CC(OCC)=O,Application_ds
CCCC[Sn](CCCC)(CCCC)c1cc(C(=O)NC)ccn1.CC1=CC=CC=C1,Application_ds
[O-][NH+](O)C1=CC=C(NN=C2CCC3C4CC=C5CC(O)CCC5(C)C4CCC23C)C(=C1)[NH+]([O-])O.O,Application_ds
CC(C)S(=O)(=O)NCCN(C)C.O=CN(C)C,Application_ds
COC1=C(Cl)C=C(NC(=O)N(C)C)C=C1.CO,Application_ds
CC(C)c1nc(N2CCC(CCCO)CC2)no1.CO,Application_ds
CC(C)c1nc(COCc2ccccc2)n(CC(C)(C)O)c1Sc1cc(Cl)cc(Cl)c1.N#CC,Application_ds
COc1ccc(-n2cnc3ccc(-c4ccnn4-c4ccc(F)cc4)cc32)cc1.CO,Application_ds
CC(=O)N1CCC(CCC(=O)c2ccc(F)cc2)CC1.O,Application_ds
CC(C)N=C=O.CC(OCC)=O,Application_ds
  CCOC(=O)c1cc(CC)sc1Nc1c(Nc2nc(=O)cc(C)[nH]2)c(=O)c(=O)c1=O.CC1=CC=CC=C1,Application_ds
OC1(C=2N=C(SC2)CN(CC)CC)CCN(CC1)CC(C)C.CCO,Application_ds
O=C(OC)CC(C1=CC=2C=CC=CC2OC1)C=3C(=O)NNC3CC4=CC=C5OC(C)(C)CCC5=C4.CC(OCC)=O,Application_ds
Cc1oc2cc(Oc3ccnc4ccsc34)ccc2c1C(=O)NCCC1CCCN1C.CO,Application_ds
C=CCOc1ccc([C@H]2[C@H](O[Si](C(C)C)(C(C)C)C(C)C)CN(C(=O)OCc3ccccc3)C[C@@H]2OCc2ccc3c(c2)N(CCCOC)C(=O)CO3)cc1.O,Application_ds
O=C1C=C(O)C2=CC(O)=C(OC2=C1)C=3C=CC(O)=C(O)C3.CC1=CC=CC=C1,Application_ds
NC(=O)C1(c2cccc(O)c2)CC1.CC(C)=O,Application_ds
CC[C@H](N)c1nc2cccc(C)c2c(=O)n1-c1ccccc1C.CO,Application_ds
O=C1C(=O)c2ccccc2C2=C1SCC1(CCN(C(=O)c3cccc([N+](=O)[O-])c3)CC1)O2.CCO,Application_ds
O=C1CC(C(O)OC1C(O)(C)C)C2CCC3(C4=CCC5C(C)(C)C(O)CCC5(C)C4CCC23C)C.CC1CCCO1,Application_ds
Cc1ccc(-c2[nH]c(C(C)(C)C)nc2N)cc1.CC1CCCO1,Application_ds
O=C(NCC1=NC=CN1C)CC2OC3C(O)C(OC3C2)CNC4CC=5C=CC=CC5C4.CC(OCC)=O,Application_ds
O=Cc1nccnc1OCc1ccccc1.CCO,Application_ds
O=C1OC2CC(OC3(OC(C(C)C)C(C)CC3)C2)CC=C(C)CC(C=CC=C4COC5C(O)C(=CC1C45O)C)C.CO,Application_ds
CON(C)C(=O)CCc1ccccc1.O,Application_ds
O=C(O)C=1ON=C(C=2C=CC(Cl)=CC2)C1C(NC(=O)CC=3C=CC=CC3)C.CCO,Application_ds
O=C(OC)C=1C=C(O)C=C(N)C1.O=CN(C)C,Application_ds
OC1CCC2(C3=C(CCC2C1C)C4CCC(C(C)CCC(C)C(C)C)C4(C)CC3)C.O,Application_ds
O=C(OC(CC(=C)C(C)C)C(C)C1CCC2(C3=C(CCC12C)C4(C)CCC(OC(=O)C)C(C)(C)C4CC3)C)C.CC(OCC)=O,Application_ds
Cn1c(I)c(C(N)=O)c2c1-c1nc(N)ncc1CC2.CO,Application_ds
  C[C@@H](Nc1c(NCCc2ccc(Br)s2)c1=O)c1nc2ccc(F)cc2s1.CC1CCCO1,Application_ds
CCCN(CCCCc1c[nH]c2ccc(F)cc12)C1COc2cccc(OC)c2C1.CC1CCCO1,Application_ds
CN(Cc1ccccc1)c1cc(N=C=O)ccn1.O=CN(C)C,Application_ds
OC1CCC23C=4C(OC2C1)=CC=CC4CN(C)CC3.CO,Application_ds
O=C1C(=C)NC(=O)C(O)(N1O)CC=2C=CC=CC2.O=CN(C)C,Application_ds
O=S(=O)(Nc1nccs1)c1ccc(Nc2nc(Cc3ccc(Cl)cc3)cs2)nc1.CC(C)=O,Application_ds
C=CCNS(=O)(=O)c1ccc(C)cc1.CO,Application_ds
COC(=O)C1(N)CC1.CC(C)=O,Application_ds
Cc1cc2c(c(=O)n(C)c(=O)n2C)n1Cc1ccc(C(=O)c2ccc(Cl)cc2)cc1.CC1CCCO1,Application_ds
CCCCCCCNC(=O)N(C)c1cccc(-c2ccc(CCC(=O)OC)cc2OCC)c1.CCO,Application_ds
COP(=O)(Oc1ccc2c(c1)c(I)nn2C(=O)OC(C)(C)C)c1ccccc1.CO,Application_ds
CCCCC[C@@H]1CC[C@@H](CCc2ccc(O)cc2)CC1.N#CC,Application_ds
Oc1noc(-c2ccccc2)c1C1C=CCC1.CC(C)=O,Application_ds
COC(=O)/C=C/C(=O)O.CO,Application_ds
CC(=O)c1ccc2c(c1)Cc1cc(Br)ccc1-2.CCO,Application_ds
COC(=O)c1c(CBr)c(-c2ccccc2)nc2ccccc12.O,Application_ds
O=[Ti]=O.O,Application_ds
O=C(C=CC=CCCC1=CC(OC)=C2OCOC2=C1)NCC(C)C.CC1CCCO1,Application_ds
COc1ccc(C2CC(=O)NN2C)cc1OC1CCCC1.CC1CCCO1,Application_ds
C1=CC(=CC(=C1)O)[N+](=O)[O-].CO,Application_ds
  COc1cc(/C=N/[C@@H]2CCCC[C@H]2NC(=O)N[C@H](Cc2ccccc2)NC(C)=O)c(O)c(C(C)(C)C)c1.CC(C)=O,Application_ds
CN(C)C=O.CC(C)=O,Application_ds
O=C(O)C(NC(=O)N1CC=2NC=3C=CC(Cl)=CC3C2CC1)CC(C)C.CC(OCC)=O,Application_ds
CCC(NC(=O)C(F)F)c1ccc(Cl)c2nc3n(c12)CCCN3c1ccc(Cl)cc1Cl.O=CN(C)C,Application_ds
  O=C(NC(=O)c1cccc(Oc2ccc(C(F)(F)F)cc2Cl)c1)NC(=O)C1CCCCC1.CC1=CC=CC=C1,Application_ds
O=C(O)c1ccc2c(c1)N(Cc1ccc(OC3CCNCC3)cc1)C(=O)CN(C(=O)c1ccc(Cl)cc1)C2.CC1CCCO1,Application_ds
COc1cc(-c2nc(Nc3ccc(C)cc3)c3ccccc3n2)cc(OC)c1OC.CC1CCCO1,Application_ds
COc1ccc([C@H]2SCC(C(=O)O)N2C(=O)OCc2ccccc2)cc1.CC(C)=O,Application_ds
Cc1nnc(-c2ccc3occ(-c4ccc(OS(C)(=O)=O)cc4)c3c2)o1.N#CC,Application_ds
CC(C)(C)OC(=O)NC1(C(=O)O)CCN(c2ncnc3[nH]ccc23)CC1.CC(OCC)=O,Application_ds
CC(C)(C)NC(=O)[C@@H]1C[C@H](Cl)CN1C(=O)[C@@H](O)[C@H](Cc1ccccc1)NC(=O)[C@H](CCS(N)(=O)=O)NC(=O)OCc1ccccc1.CC(C)=O,Application_ds
OCC(O)C1(OC2(C)CCC3C(C)(CO)CCCC3(C)C2CC1)C.CC(C)=O,Application_ds
C#CCCC1(C2CCCC2)CC(=O)C(Cl)C(=O)O1.CC(OCC)=O,Application_ds
CC(C)(C)OC(=O)N1CCC[C@H](Cn2c(-c3ccccc3Cl)cc3cnc(NCc4ccc(F)c(F)c4)nc32)C1.O,Application_ds
O=C1NC(=NC1=CCCNC(=O)C2=CC(Br)=C(Br)N2)N.CO,Application_ds
O=CCC(C)C1CCC23CC13CCC4C5(C)CCC(OC(=O)C)C(C)(C)C5CC(OC6OC(COC(=O)C)C(O)C(O)C6O)C42C.CO,Application_ds
CCOC(=O)C1(COc2ccc(-c3ccc(F)cc3)cc2)CCN(C(=O)Nc2ccccc2Cl)C1.CO,Application_ds
O=C1OC2C(OC(C)C(OC3OC(C)C(OC4OC(C)C(O)C(O)C4O)C(OC5OC(CO)C(O)C(O)C5O)C3OC(=O)CCCCCCCCCCC)C2O)OC6C(OC(CCCCC)CCCCCCCCC1)OC(C)C(O)C6O.O=CN(C)C,Application_ds
O=C(NC1(OC2(O)N(C1=O)C(C(=O)N3CCCC32)CC(C)C)C(C)C)C4C=C5C=6C=CC=C7NC=C(C76)CC5N(C)C4.CC(C)=O,Application_ds
C(Cl)Cl.CCO,Application_ds
CC1(C)CC2CCC(C(=O)NCc3nccnc3Cl)CN2C1=O.O,Application_ds
Fc1ccc(-c2cncc(CNCC3CCc4ccccc4O3)c2)cc1.CC(C)=O,Application_ds
COc1cc(C(=O)N2CCN(C(=O)CCCC(O)C(c3ccc(F)cc3)c3ccc(F)cc3)CC2)cc(OC)c1OC.N#CC,Application_ds
CCc1c(-c2ccccn2)nc2cc(F)cc(F)c2c1Nc1cc(N2CCOCC2)cnc1N1CCOCC1.CO,Application_ds
Cc1ccc(OC2CCN(C(=O)C(=O)Nc3ccc4c(c3)OCC(=O)N4)CC2)cc1.CCO,Application_ds
O=C1C(=O)C2=C(C=CC3=C2CCCC3(C(=O)OC)C)C=4OC=C(C14)C.CC(C)=O,Application_ds
O=C(OC)C1=CC=C(C=C1)COC2=CC=C3OC(C=4C=CC(OC)=CC4)=C(C(=O)OCC)C3=C2.CC1=CC=CC=C1,Application_ds
O=C(O)CC(F)(F)F.CC1=CC=CC=C1,Application_ds
CN(C)CCn1ccc2c3nc(Cl)nc(N4CCOCC4)c3ccc21.CC1=CC=CC=C1,Application_ds
O(C=CC1=CC=C(OC)C(OC)=C1)C.O,Application_ds
O=CC(NC(=O)C(NC(=O)C(NC(=O)CC(C)C)CC1=CC=C(O)C=C1)CC(C)C)CC2=CC=C(O)C=C2.CO,Application_ds
C#CCCCCC#C.CCO,Application_ds
CC(C)(NC(=O)OCc1ccccc1)C(N)=O.CC(C)=O,Application_ds
O=C1C2=CC=C(OS(=O)(=O)C)C=C2OC(=C1C=3C=CC(Cl)=CC3)C(F)(F)F.CCO,Application_ds
O=C1N=C(OC=2C=CC=CC2F)C=C3C=4C=C(OC)C(OC)=CC4CCN13.CO,Application_ds
O=C1C2=C3CC4CC(CO)C(CCCO)C3(C1)C4(C)CCSSCC56N=C(N)NCC6C(C=CC5CC2)C7=CC(=CC=C7CO)CNC.CO,Application_ds
C=Cc1c(F)c(F)cc2c(=O)c(C(=O)O)cn(C3CC3)c12.N#CC,Application_ds
CC1=NN=C(NS(=O)(=O)C2=CC=C(N)C=C2)S1.CC(C)=O,Application_ds
CC1(C)[C@@H](/C=C\C(=O)OCC(F)F)[C@H]1C(=O)O.CC(C)=O,Application_ds
CNC(=O)C1CN(CC(=O)Nc2c(C)cc(C)cc2C)CCN1.CO,Application_ds
ClCSc1ccccc1.O=CN(C)C,Application_ds
[H][C@]12SC(C)(C)[C@@H](N1C(=O)[C@H]2NC(=O)C1=C(C)ON=C1C1=C(F)C=CC=C1Cl)C(O)=O.CC(OCC)=O,Application_ds
O=C(O)C1OC(OC2CCC3(C)C(CCC4(C)C3CC=C5C6CC(C)(C)CCC6(CO)C(O)C(O)C54C)C2(C)C)C(OC7OC(CO)C(O)C(O)C7O)C(OC8OCC(O)C(O)C8OC9OC(CO)C(O)C(O)C9O)C1O.CC1CCCO1,Application_ds
O=C1N=C(N)C=CN1C2OC(COP(=O)(O)OP(=O)(O)OC3OC(C(=O)CC3O)C)C(O)C2O.CC1=CC=CC=C1,Application_ds
CC1(C)[C@@H]2CC[C@@]1(C)c1[nH]n(-c3ccccc3)c(=O)c12.CC1CCCO1,Application_ds
O=C1OC2C(OC(=O)C(C)C)C(O)(C)CCCC(C(=O)C(OC(=O)C(C)CC)C2C1=C)C.CCO,Application_ds
O=C1C(=O)c2ccc(-c3ccncc3)cc2C2=C1SCC1(CCNCC1)O2.CO,Application_ds
COc1c(Br)cccc1C(C)C.CO,Application_ds
O=C1OC=2C=C(C(OC(=O)C3CCCCC3)=CC2C(=C1)C=4OC=5C(OC)=CC=CC5C4)C=6C=CC=CC6.O,Application_ds
COc1ccc(C2CCOCC2)c2oc(NC(=O)c3ccnc(Br)c3)nc12.CC(OCC)=O,Application_ds
Cc1cc(CN2C(=O)c3ccccc3C2=O)ccc1[N+](=O)[O-].O=CN(C)C,Application_ds
CC(C)(C)OC(=O)N1CCC(c2n[nH]c3c(C(N)=O)cc(Br)cc23)CC1.CC1=CC=CC=C1,Application_ds
CCn1cc(C(=O)O)c(=O)c2cc(F)c(N3CCNC(c4ccc(Cl)s4)C3)cc21.CO,Application_ds
O=C(c1ccc(B(O)O)cc1)N1CCOCC1.CCO,Application_ds
NCC(=O)N1CCN(C(=O)c2cc(F)ccc2Cl)CC1.O=CN(C)C,Application_ds
N#CC1=CC=C(C=C1)C(N1C=NC=N1)C1=CC=C(C=C1)C#N.CCO,Application_ds
CN1CCN(Cc2cc(=O)c(OCCCCCOc3ccnc4cc(C(F)(F)F)ccc34)co2)CC1.CC1CCCO1,Application_ds
O=C(C=1SC=CC1)C(=O)C.CC1CCCO1,Application_ds
O=C1C=C2CCC3C4CCC(C(=O)C)C4(C)CC(O)C3(F)C2(C)CC1C.O=CN(C)C,Application_ds
O=[N+]([O-])c1ccc(F)cc1C(F)(F)F.O=CN(C)C,Application_ds
O=C1C(C(=O)C(N1C)C)=C(O)CCCCCCCCCCC.O=CN(C)C,Application_ds
COC(=O)c1cccc(OC(=O)c2ccccc2)c1O.CCO,Application_ds
O=C1C=2C=C3C(OC(C3)C(O)(C)C)=C(OC)C2OC=4C(O)=CC=C(O)C14.O,Application_ds
Fc1cnc(Cl)nc1Nc1ccc(Cl)nc1.CC1=CC=CC=C1,Application_ds
  N#CC(C#N)=C(C(=C(C#N)C#N)c1ccc(Nc2c(NS(=O)(=O)c3ccc(Cl)cc3)c2=O)cc1)c1ccccc1.O,Application_ds
COc1ccc(-c2cc3nccn3c(N3CCN(c4ccc(F)cc4)CC3)n2)cc1OC.CC(C)=O,Application_ds
Clc1cccc([C@@H]2CNCC[C@H]2c2ccccc2)c1.O=CN(C)C,Application_ds
CCCn1cnc(CSc2ccc(Cl)cc2N)c1.CC(C)=O,Application_ds
  CCCCNS(=O)(=O)N/C(N)=N/S(=O)(=O)c1ccc(C)cc1.CO,Application_ds
CCOCC(=O)NCC(=O)c1ccc2[nH]c3c(cc(-c4ccc(Cl)cc4Cl)c(=O)n3C)c2c1.CC1CCCO1,Application_ds
ClC[C@H]1CO1.O=CN(C)C,Application_ds
  O=c1c(NCc2cc3ccccc3c(-c3c(O)ccc4ccccc34)c2O)c(N[C@@H]2c3ccccc3C[C@@H]2O)c1=O.CC1CCCO1,Application_ds
O=C(OC1=CC=C2C(=O)C(=COC2=C1)C=3C=CC(Cl)=CC3)C=4C=CC=CC4F.CC(OCC)=O,Application_ds
O=C(CCC=CCCCCCC)CCCCCCCCC.CCO,Application_ds
  O=C(NCCSCc1ccccn1)N[C@H]1CC[C@@H](Oc2ccc(C(=O)O)cc2)CC1.O,Application_ds
O=C(OC1C(O)C(O)C(OC1COC(=O)C)OC2C(CCC3(C)C(O)CCC(O)(C)C23)C(C)C)C(=CC)C.CC1CCCO1,Application_ds
O=C1CC(C(NC(=O)OCc2ccccc2)C(=O)O)C(=O)N1.CO,Application_ds
Nc1ccc(C(CC2CCCC2)C(=O)Nc2nccs2)cc1.CCO,Application_ds
CO[C@H](C(=O)N1C[C@@H]2C(=O)CCC(c3ccccc3)(c3ccccc3)[C@@H]2C1)c1ccccc1.CC1CCCO1,Application_ds
O=C1NC=CC=2C=CC(OC3CCN(C(=O)C(NC(=O)C(N(C)C)C)C(C)C)C3C(=O)NC1CC=4C=CC=CC4)=CC2OC.CC1CCCO1,Application_ds
CC(=O)N1C[C@H](NC(=O)C(C)(F)C(=O)NCC(F)(F)C(F)(F)F)C(=O)N(C)c2ccccc21.CCO,Application_ds
CCOC(OCC)c1cc2cncc(N3CCNCC3)c2o1.CC(OCC)=O,Application_ds
COCC(C)(C)OC(=O)c1c(N)nc(OC)n1-c1ccc2c(c1)OCO2.CC1=CC=CC=C1,Application_ds
  CCN(CC)C(=O)CNc1c(NCc2c(O)c(=O)cc(C)n2C)c(=S)c1=S.CC(OCC)=O,Application_ds
O=C(C=CC1=CC(Br)=CC2=C1OCOC2)C3=CC=C(OC)C=C3O.CC1=CC=CC=C1,Application_ds
O=C1C=C2C(CCC3(C)C4CC(C(SSCC(N5C=NC=C5)CC(C(=C6CCCC7(C6)CCCC7)CC(O)C4C)(C)C)CCCO)C23O)C8(C)CC(O)C(O)CC18.O=CN(C)C,Application_ds
Cc1nc(N2CC3CNCC3C2)nc(C)c1C.CCO,Application_ds
NCc1ccc(SC(F)(F)F)cc1.CC(C)=O,Application_ds
O=C(O)CCC(NC(=O)CCC(C)C1CCC2C3CC(O)C4CC(O)CCC4(C)C3CCC12C)C(=O)O.N#CC,Application_ds
Fc1ccc(C(Br)c2ccc(F)cc2)cc1.CC(C)=O,Application_ds
O=C(OC)C1=CC=C(OC2=COC=3C(=CC=C(O)C3CN4CCCCC4)C2=O)C=C1.CC(C)=O,Application_ds
CN1CCN(C(=O)c2ccc3c(c2)[nH]c2c(C(N)=O)ccc(B4OC(C)(C)C(C)(C)O4)c23)CC1.O,Application_ds
OC=1C(OC)=C(OC)C=C2C1CN3CC4=CC(OC)=C(OC)C=C4C2C3.CC1=CC=CC=C1,Application_ds
Cc1ccc(CNC(C)COc2ccc3ccccc3c2Cl)o1.O=CN(C)C,Application_ds
O=C1C=CC2(C(=C1)CCC3C4CCC(C(C)C(OC(=O)C)CCC(C)C)C4(C)C(OC(=O)C)CC32)C.N#CC,Application_ds
O=C(OC)C=1C=CC=CC1N2C(=O)C3C(C(=O)C)N4C=CC=5C=CC=CC5C4C3C2=O.CCO,Application_ds
O=C1C(=O)C(C=2C=CC(O)=CC2)=C3OCOC3=C1C=4C=CC=CC4.CO,Application_ds
CS(=O)(=O)c1ccc(Oc2cc(Cl)ccc2CCC(=O)O)c(C(F)(F)F)c1.O,Application_ds
CC(C)(C)OC(=O)N1CCN(C(=O)OC(C)(C)C)C(CCOc2ccccc2)C1.CC1=CC=CC=C1,Application_ds
O=C(OC1COC2C1OCC2NC=3N=CC=C(N3)C=4SC=CC4)NC=5C=CC=CC5C(=O)OC.CCO,Application_ds
COC(=O)Cn1cc(C2CCCCC2)c2sc(C(=O)OC(C)(C)C)cc21.O=CN(C)C,Application_ds
CCOC(=O)c1cc(Cl)ccc1Br.CO,Application_ds
CC(CO)(CO)c1ccc(N)cc1F.N#CC,Application_ds
O=C(c1c[nH]c2cc(Cl)ccc12)C(F)(F)F.CC1=CC=CC=C1,Application_ds
Nc1ncc(Br)cc1OC1CCCCc2ccc(F)cc21.CC1=CC=CC=C1,Application_ds
  CC(C)c1cc(C(C)C)c(S(=O)NC(=S)Nc2ccccc2C#CC#C[Si](C)(C)C)c(C(C)C)c1.CC1=CC=CC=C1,Application_ds
N#CC(Br)(Br)Br.CC1CCCO1,Application_ds
O=C1OCC(=C1)CCC2(O)C(C)CC(OC(=O)C)C3C(C)(CCC(O)C32CCCC(C)CCCC=4C=CC=CC4)C5CCCCC5.CC1CCCO1,Application_ds
Fc1cccc2c1-n1cccc1C1(CCNCC1)O2.O=CN(C)C,Application_ds
Cc1ccnc(CO)c1.N#CC,Application_ds
Cc1nc(N)sc1S(=O)(=O)NCCO.CC1=CC=CC=C1,Application_ds
O=C1OC2=C(C=CC(OC(=O)C(C)C)=C2C(=O)CC)C(=C1)C.N#CC,Application_ds
OC=1C=C(O)C=C(C1)CCCCCCCCCCCCCCCC(O)C(O)CCCCCCCC.N#CC,Application_ds
CC1(C)OC(=O)Nc2ccc(-c3cccc(C#N)c3)cc21.CCO,Application_ds
COC(=O)/C=C/c1ccc(O)cc1.O,Application_ds
CN1C(=O)OCc2cc(N3C[C@H](CN=[N+]=[N-])OC3=O)ccc21.N#CC,Application_ds
O=C(O)CCCCCCCC1CCC(=O)C1CC=CCC.CC(C)=O,Application_ds
CCCC[Sn](CCCC)(CCCC)c1cccn1C.CO,Application_ds
CC(O)c1cc(Br)cnc1F.CC1CCCO1,Application_ds
O=C(OC1C(=CC2C3C(C(OC(=O)CCC)CC3(C)C(OC(=O)CCC)CC2(C)C(OC(=O)CCC)C1O)C(C)C)C)C.CC1=CC=CC=C1,Application_ds
COCCN1CCNCC1.CCO,Application_ds
OCC1OC(OCC2OC(OCCCCCC)C(O)C(O)C2O)C(O)C1O.O=CN(C)C,Application_ds
O=C(O)C1CCOCC1.O,Application_ds
O=C(O)CCC1(OC2=C(C(=C(OC3OC(C(=O)O)C(O)C(O)C3O)C=C2CC1)C)C)C.CCO,Application_ds
O=C(OC1CC2C(O)(CC=C3CC(OC4OC(C)C(OC5OC(C)C(O)C(OC)C5)C(O)C4)CCC32C)C6(O)CCC(O)(C(=O)C)C16C)C=7C=CC=CC7.O,Application_ds
OC(=O)CCCCC1CCSS1.CO,Application_ds
CCn1nccc1OC(=O)c1ccc2c(c1C)C(Cl)C(Cl)CS2(=O)=O.O,Application_ds
CC(C)(C)c1cc(Br)cc(C=O)c1O.CCO,Application_ds
O=C(OC=1C=C(OC(=O)C)C(Br)=C(OC=2C(OC(=O)C)=CC(OC=3C(OC(=O)C)=CC(OC(=O)C)=C(Br)C3OC(=O)C)=CC2OC(=O)C)C1)C.N#CC,Application_ds
O=C(O)C=Cc1cccc(-c2ccccc2)c1.CO,Application_ds
OB(O)c1ccc(Cl)cc1.CC(C)=O,Application_ds
COC(=O)c1cc(Oc2ccc([N+](=O)[O-])cn2)ccc1Nc1ccc(F)c(F)c1.CCO,Application_ds
Cc1ccccc1CN1CCN(c2ccc3nnc(C(F)(F)F)n3n2)CC1.O=CN(C)C,Application_ds
O=C(NC(C)CO)C(=CC=CC=CC=CC(=CC(C)C(O)C(=CC(C)C)C)C)C.O,Application_ds
O=C(OC)CC(NC(=O)CNC(=O)C(NC(=O)C(N)CC1=CC=C(O)C=C1)C)C(=O)OC.CC1=CC=CC=C1,Application_ds
OC(C)C(C)C(O)CCC.CC(C)=O,Application_ds
O=C1N(C(=O)C2N1C(C3=CC=C(C=C3)C(C)C)C=4NC=5C=CC=CC5C4C2)C=6C=CC=CC6C(O)=NCC7OCCC7.CC1=CC=CC=C1,Application_ds
COC(=O)c1ccc2cc(-c3ccc(O)cc3)ccc2n1.N#CC,Application_ds
CS(=O)(=O)c1ccc(F)cc1NC1CCCc2ccccc21.CO,Application_ds
COc1cnc(Cl)c(N(C)c2ccnc(Cl)n2)c1.CC(C)=O,Application_ds
Cc1c(SCCCCl)ccnc1CCl.O=CN(C)C,Application_ds
CC(C)(C)OC(=O)N1CCC(NCc2cc([N+](=O)[O-])ccc2O)CC1.CC(C)=O,Application_ds
O=C(OCC)C=1OC2=CC(OC)=CC=C2C(=O)C1C=3N=C(SC3)C.CCO,Application_ds
O=C(O)C1(OCC2OC(OCC3OC(OP(=O)(O)O)C(N)C(O)C3O)C(N)C(O)C2OP(=O)(O)O)OC(C(O)CO)C(O)C(OC4(OC(C(O)CO)C(O)C(O)C4)C(=O)O)C1.O=CN(C)C,Application_ds
Cc1nc2ccc(C(=O)O)cc2n1Cc1ccccc1Cl.CC(OCC)=O,Application_ds
COc1c(Br)cc(Br)cc1-c1ccc[nH]1.O=CN(C)C,Application_ds
C=Cc1nc(NC)sc1-c1ccncc1.N#CC,Application_ds
Cn1c(Cl)nc(-c2ccncc2)c(-c2ccc3ccccc3c2)c1=O.CC1=CC=CC=C1,Application_ds
CC(C)(C)c1cc(C(Br)C(=O)CC2CCCCC2)cc(C(C)(C)C)c1.CC1CCCO1,Application_ds
OCC#Cc1cnn2ccc(Br)cc12.CC1=CC=CC=C1,Application_ds
NCC1(c2ccc(OCCCN3CCCC3)cc2)CCOCC1.CO,Application_ds
CC1(C)OB(c2cnn(COCC[Si](C)(C)C)c2)OC1(C)C.N#CC,Application_ds
O=C1OC=2C(=C(O)C=C(O)C2C(=C1)C=3C=CC=CC3)C(=O)CC(C)C.O,Application_ds
O=C(OCCC(C)CCC(C(=C)C)CCC=C)C.CC1=CC=CC=C1,Application_ds
CC(C)(C)OC(=O)NCc1cccs1.O=CN(C)C,Application_ds
O=C(OC1CC(OC(=O)C2(C=3C=CC=4C=C(O)C=C(C=5C=CC=C(C5)CNC)C4C3)CCCC2CCCO)CC6C7=CC(OC)=C(O)C=C7CC8C(O)CC9C%10=CC(O)=C(OC)C=C%10CC1C9(C=CC=%11C=CC=CC%11)C68)C.CC1CCCO1,Application_ds
COc1ccc(Nc2ncc(Cl)c(Nc3ccc(OC)cc3NS(C)(=O)=O)n2)c(C)c1.N#CC,Application_ds
OC1=CC=C(C=C1)C2OC=3C=C(O)C=C(O)C3C(O)C2OC4OC(C)C(O)C(O)C4O.CCO,Application_ds
Cc1ccc(S(=O)(=O)n2c(C(=O)c3cnn(-c4ccc5[nH]c(C)nc5c4)c3N)cc3ccc(I)cc32)cc1.O=CN(C)C,Application_ds
Clc1ncnc2[nH]c(Br)cc12.CC(OCC)=O,Application_ds
O=C1C=C(O)OC(=C1)C=2C=3C=CC=C(O)C3C(O)=CC2C.CC(OCC)=O,Application_ds
O=C1OC2=CC=C3C(=O)C(OC3=C2C(C4=CC=C(OC)C=5C=CC=CC54)C1)=C(C)C.CC(OCC)=O,Application_ds
O=C(NCCC(C)C)C=1C=CC=CC1N2C(=O)N3CCC=4C=5C=CC=CC5NC4C3(C2=O)C.CO,Application_ds
Cc1ccc(NS(=O)(=O)c2ccc(C(C)(C)C)cc2)cc1.O=CN(C)C,Application_ds
N#Cc1ccccc1N1CCN(C(=O)[C@@H]2C[C@H](NC(=O)c3cc(Cl)cc(Cl)c3)CN2Cc2ccccc2)CC1.CC1=CC=CC=C1,Application_ds
OCc1ccc(Cl)cc1O.CC(OCC)=O,Application_ds
Clc1cc(-c2ccccc2)ccc1CBr.CC1CCCO1,Application_ds
Cc1ccc(C(=O)NCc2ccccc2N2CCN(C)CC2)cc1NC(=O)c1cnc2cc(Br)ccn12.CC(C)=O,Application_ds
O=C1CCC23OC(OC)C(C)C1C3(C)C(C)CC=C2.CC1=CC=CC=C1,Application_ds
O=C=Nc1cccc2cnccc12.O=CN(C)C,Application_ds
O=C1S/C(=C\c2ccc3c(cnn3Cc3ccc(Cl)cc3C(F)(F)F)c2)C(=O)N1[C@@H]1CCNC[C@H]1F.CO,Application_ds
CC(C)(C)C(=O)N1C(=O)[C@](C)(C(=O)O)C[C@H]1Cc1ccc(-c2ccccc2)cc1.CO,Application_ds
CC(C)(C)OC(=O)N1CCOC(C(Oc2ccccc2CO)c2ccccc2)C1.N#CC,Application_ds
O=C(O)CC1C(=CC2CCC=CC1C2OC3OC(CO)C45OC(=C6NC(=CC6=C5CCC3(O)C4O)C(C)C7CCCCC7)CCCO)C(=O)OC.CC1=CC=CC=C1,Application_ds
O=CCC1CCc2cc(Cl)ccc2C1=O.CC(C)=O,Application_ds
CC[C@H](C)[C@H](N)C1=N[C@@H](CS1)C(=O)N[C@@H](CC(C)C)C(=O)N[C@H](CCC(O)=O)C(=O)N[C@@H]([C@@H](C)CC)C(=O)N[C@H]1CCCCNC(=O)[C@H](CC(N)=O)NC(=O)[C@@H](CC(O)=O)NC(=O)[C@H](CC2=CNC=N2)NC(=O)[C@@H](CC2=CC=CC=C2)NC(=O)[C@@H](NC(=O)[C@@H](CCCN)NC1=O)[C@@H](C)CC.O=CN(C)C,Application_ds
OCC(O)C(O)C(O)C(O)C(SCC)SCC.O,Application_ds
Cn1c(CC2CCCCC2)ncc(-c2ccc(OCc3ccccc3)c(F)c2)c1=O.CC(C)=O,Application_ds
O=C(O)CCSc1nc2ccc(F)cc2c(=O)[nH]1.CCO,Application_ds
Fc1cccc2c1[C@H]1CCCN[C@H]1CC2.CC(C)=O,Application_ds
CCCCc1ncc(C(=O)OCC)c(NCc2ccc(-c3ccccc3C(=O)OC(C)(C)C)cc2)n1.CC(C)=O,Application_ds
CCc1nccc(-c2ccc(C(=O)O)c(F)c2)c1C#Cc1ccc(NC)nc1.O,Application_ds
O=C1C2=C(O)C=C(OC3OC(CO)C(O)C(O)C3O)C(=C2OC(C4=CC=C(O)C(O)=C4)C1O)C5C(=O)C=6C(O)=CC(O)=CC6OC5C7=CC=C(O)C=C7.O,Application_ds
O=C(CCC1=CC=C(O)C(OC)=C1)CC(O)CCC2=CC=C(OCNC)C(OC)=C2.O,Application_ds
O=C1OC(CC=C1C)C(C)C2CCC3(C)C4CCC5C(C)(C)C(OC6OC(CO)C(O)C(O)C6OC7OC(CO)C(O)C(O)C7OC8OC(CO)C(O)C(O)C8O)CCC95CC49CCC23C.O,Application_ds
O=C1OC=2C(=CC=C(O)C2CN(CC)CC)C(=C1C=3C=CC(OC)=C(OC)C3)C.CO,Application_ds
O=C(OCC=C(C)CCC=C(COC(=O)C)CCC=C(COC(=O)C)CCC=C(C)C)C.CCO,Application_ds
COc1cc(-c2cncc(CCl)c2)cc(OC)c1OC.O=CN(C)C,Application_ds
OC=1C=C(O)C=2C=C(OC3OC(COC4OC(CO)C(O)C(O)C4O)C(O)C(O)C3O)C([OH+]C2C1)C5=CC(OC)=C(O)C(OC)=C5.CC(OCC)=O,Application_ds
Clc1cncc(OCCCCOc2ccccc2)n1.O=CN(C)C,Application_ds
OC1C2C(CCC3(C)CCCC13C)C2(C)C.O=CN(C)C,Application_ds
O=C1OC2=C(C=C(C(O)=C2CN3CCOCC3)CC)C4=C5SC6=NC(=CC(=C6C5=NC=C14)C)C.CC(C)=O,Application_ds
O=C1OC2=C(C=CC(OCC3=CC=C(C=C3)C)=C2C)C(=C1CC(=O)OC)C.CC(OCC)=O,Application_ds
CN1CCN(Cc2ccc(N)cc2)CC1.N#CC,Application_ds
OC1CCC2(C)C(CCC3C4CC5OC6(OCC(C)CC6)C(C)C5C4(C)CC(O)C32)C1.CCO,Application_ds
O=C(O)c1ccc(F)cc1.CCO,Application_ds
Fc1ccc(Br)cc1N1CCOCC1.CCO,Application_ds
COCCNC1CCc2cc(OC)c([N+](=O)[O-])cc2CC1.CC1=CC=CC=C1,Application_ds
CC(C)(C)c1nc2cc(Cl)c([N+](=O)[O-])cc2s1.N#CC,Application_ds
CCCc1ccc(-c2cnc(N)cn2)c(F)c1O.CC1CCCO1,Application_ds
FC(F)(F)c1cccc(Cn2nnc3ccccc32)c1.CC1=CC=CC=C1,Application_ds
O=C(OCCCCO)c1ccccc1.CC(C)=O,Application_ds
C1COCCOCCOCCOCCOCCOCCN1.N#CC,Application_ds
O=C(O)C1=C[NH+]2CC(C=C3C#CC4SSCC=CC5C(OC=C(C(=O)OC6CCC(CO)C6CSSC4C2CO)C35)OC7OC(CO)C(O)C(O)(O)C7OC(C)C)=C1NC(=N)NCCCO.CC1CCCO1,Application_ds
O=C1C=2C=CC=CC2OC=C1C=3C=CC(OC)=CC3.CC(C)=O,Application_ds
O=Cc1cccc(-c2cccc3ccccc23)n1.CCO,Application_ds
  COc1ccc(NC(=O)Nc2ccc(Cl)c(C(F)(F)F)c2)cc1Cl.CCO,Application_ds
COc1ncccc1C=O.N#CC,Application_ds
CC(C)CN(Cc1cnc(Br)s1)S(=O)(=O)Cc1ccccc1.CC(C)=O,Application_ds
O=[N+]([O-])c1ccc(-c2ccc(CBr)cn2)c(C(F)(F)F)c1.N#CC,Application_ds
COc1ccccc1CSc1nc2ccccc2n1CC(=O)OC(C)(C)C.N#CC,Application_ds
Brc1ccc2ccccc2c1.CC(OCC)=O,Application_ds
O=CCC1CC(C=CC(O)C=CCC(OC(=O)CC(OCC)C(C)C1OC2OC(C)C(OC3OC(C)C(OCC)C(O)(C)C3)C(N(C)C)C2O)C)C.CO,Application_ds
O=C1C=C(OC=2C1=C(O)C=C(O)C2C(C=3C=CC=C(O)C3)CC(=O)OC)C=4C=CC=CC4.CCO,Application_ds
N#Cc1ccc2c(c1)c(C#Cc1ccccc1)nn2C1CCCCO1.CC(OCC)=O,Application_ds
O=C(C=CC=1C=CC=CC1)C=2C(OC)=CC(OC)=C(OC)C2O.CO,Application_ds
O=C(OC(=O)C(Br)(Br)Br)C(Br)(Br)Br.N#CC,Application_ds
O=C(OC=1C=C2C(C(=O)OC2(C)CC)=C(O)C1C)C3=C(O)C(=C(O)C=C3C(=CC)C)C.CC1=CC=CC=C1,Application_ds
O=C(NCc1ccc(F)cc1)c1ccc(S(=O)(=O)n2cc(I)c3ccccc32)cc1.CC(OCC)=O,Application_ds
Cc1cc(Br)ccc1N.CCO,Application_ds
O=C1NC(C(=O)NC(C(=O)N2CCCC2C(=O)NC(C(=O)N3CCCC3C(=O)NC(C(=O)NC(C4=NC1CS4)CC=5C=CC=CC5)COC(C=C)(C)C)C(C)C)C(C)C)C(OC(C=C)(C)C)C.O=CN(C)C,Application_ds
O=S(=O)(Nc1nncs1)c1cc(Cl)c(Oc2ccc(-c3ccc(C(F)(F)F)cc3)cc2-c2ccnn2C2CNC2)cc1F.CC(OCC)=O,Application_ds
O=S(=O)(NCC1OCC(N(C)C)C1O)C2=CC=C(C=C2)C.CCO,Application_ds
O=C(OCC1OC(OC(=O)C2=CC(O)=C(O)C(O)=C2)C3OC(=O)C4=CC(O)=C(O)C(O)=C4C=5C(O)=C(O)C(O)=CC5C(=O)OC3C1O)C6=CC(O)=C(O)C(O)=C6.CCO,Application_ds
O=C1CCOc2c(F)cc(F)cc21.CC(C)=O,Application_ds
O=C1OC2=CC(O)=C3C(=O)C=C(OC3=C2C(C=4C=CC=C(OC)C4OC)C1)C=5C=CC(OC)=C(O)C5.CC1=CC=CC=C1,Application_ds
O=C(O)C(O)C(=O)OC(O)C1OC(OC2=CC=C3C(=O)C(=COC3=C2)C=4C=CC(O)=CC4)C(ON5C=C6C=CNC6=C5C7=CC(=CC(=C7)C)C)C(O)C1O.CCO,Application_ds
NC1CCN(C2CCN(CC3CC3)CC2)CC1.CC1=CC=CC=C1,Application_ds
O=Cc1sccc1Br.CO,Application_ds
CCOC(=O)c1ccc(-n2cc(C#N)c3cc(-c4ccc(OC)cc4)ccc32)cc1.N#CC,Application_ds
O=C(NCc1cccnc1)c1ccc(-c2cnc3c(c2)N(Cc2cc(Cl)ccc2C(F)(F)F)CCN3)cc1.CC1=CC=CC=C1,Application_ds
O=C(N[C@@H]1C[C@H](CO)[C@@H](OC(=O)c2ccccc2)[C@H]1OC(=O)c1ccccc1)c1ccncc1.O=CN(C)C,Application_ds
Nc1cccc(CN2CCOCC2)n1.O=CN(C)C,Application_ds
  NC(=O)[C@H](Cc1ccccc1)NC(=O)N[C@@H]1CCCC[C@H]1NC(=O)c1cc(C(F)(F)F)cc(C(F)(F)F)c1.CC1=CC=CC=C1,Application_ds
ClCCN1CCCC1.O,Application_ds
COc1ccc(COC2CN(C(=O)OC(C)(C)C)CCC2c2ccc(F)cc2)cc1.O,Application_ds
  CC(C)(C)OC(=O)N1CCC[C@H]1CNc1c(NCc2ccco2)c(=O)c(=O)c1=O.CC1=CC=CC=C1,Application_ds
CN=S(=O)(c1ccc(-c2noc(-c3cc(C)[nH]n3)n2)cc1)C(F)(F)F.CC(C)=O,Application_ds
O=c1n(CCCCl)c2ccccc2n1C1CC1.CC1CCCO1,Application_ds
O=C1C(=C(C)C)C2CCC(C(=O)CCC(=CCC2(C)C1)C)C.CC(OCC)=O,Application_ds
CS(C)(=O)=Nc1ccc2c(c1)CNC2.CCO,Application_ds
C=CCN(CC=C)Cc1ccc(S(=O)(=O)Cl)s1.CC(OCC)=O,Application_ds
CC(=O)N1CCc2nc3ccc(C#N)cc3c(Cl)c2C1.CC(OCC)=O,Application_ds
O=C(Nc1cn2cc(Oc3ccc([N+](=O)[O-])cn3)ccc2n1)C1CC1.O,Application_ds
Clc1nc(C2CCCC2)nc2c1CCC2.O,Application_ds
O.O.O.O.O.[OH-].[O-]S(=O)(=O)[O-].[Al].CC1CCCO1,Application_ds
O=C(C(=O)N(CC=C)CC=C)C1=C(C=2C=CC=CC2)C(C=3C=CC(OC)=C(OC)C3)=C4C=5C=C(OC)C(OC)=CC5C=CN14.CCO,Application_ds
O=C(O)C1CCN(C(=O)c2ccc(F)cc2)CC1.N#CC,Application_ds
CC(=O)c1ccc2c(c1)C(=Cc1[nH]c3ccccc3c1C)C(=O)N2.N#CC,Application_ds
O=C1N=C(OC1C(C2=CNC=3C=CC=CC32)C)NC.CO,Application_ds
COC(=O)[C@@H]1C[C@H](NS(C)(=O)=O)C(=O)[C@@H]2[C@@]3(C)C[C@@H](c4ccoc4)OC(=O)[C@@H]3CC[C@]21C.O,Application_ds
O=C(NCCBr)OCc1ccccc1.CC(C)=O,Application_ds
CS(=O)(=O)c1ccc(B(O)O)cc1.N#CC,Application_ds
CCCC[SnH](CCCC)CCCC.CCO,Application_ds
CN(C)CC1CN(c2nn(C)cc2NC(=O)OC(C)(C)C)C(=O)C1(C)C.CC1CCCO1,Application_ds
O=C(OC(C)C(C)C1OC(=O)C(C)C(OC2OC(C)C(OC(=O)C)C(OC)(C)C2)C(C)C(OC3OC(C)CC(OC)C3O)C(C)CC(O)(C(=O)C(C)C(OC(=O)C)C1C)C)C.CC1=CC=CC=C1,Application_ds
CC(C)(C)c1cc(OC(=S)Cl)ccc1Br.O=CN(C)C,Application_ds
O=C(OC(C)C)C=1C=2C=C(OCC(=O)OC(C)(C)C)C(Br)=CC2OC1C.O=CN(C)C,Application_ds
O=C1NC(C(=O)N(C)C(C(=O)NC(C(=O)N(C)C1CC=2C=CC=CC2)C(C)CC)CC=3C=CC=CC3)C(C)C.CC(C)=O,Application_ds
CCOC(=O)Cc1ccc(-c2nc(COc3ccc(COc4nn(-c5ccccc5)cc4/C=C\c4csc(C(C)C)n4)cc3OC)c(C)o2)cc1.CO,Application_ds
  C=CCNC(=O)NC(C)(C)CC(C)=O.CC1CCCO1,Application_ds
O=C1C(O)C2C(CCC3(C)C2CC4OC5(OCC(C)C(OC6OC(CO)C(O)C(O)C6O)C5)C(C)C43)C7(C)C(O)C(O)C(O)C(O)C17O.N#CC,Application_ds
CC(C)N1CCC(Oc2ccc3[nH]c(C(=O)N4CCOCC4)cc3c2)CC1.CC1=CC=CC=C1,Application_ds
CNc1nc(-c2ccccc2)nc(N2CCC(C(=O)NCc3ccccc3C(F)(F)F)CC2)n1.O,Application_ds
CN(C)CCCOc1nc(CN2CCN(Cc3ccccc3)CC2)nc2ccccc12.CC1=CC=CC=C1,Application_ds
Cc1ccc(C2NCCc3c2[nH]c2ccc(F)cc32)cc1.CC(C)=O,Application_ds
O=C1OCC2C(=C)CCC3OC3(C)CCC2C1=CC=CCC.CC1CCCO1,Application_ds
O=C1C=C2C3=CCC4CC=5C=6C=CC=CC6NC5C4(C)C3(C)CCC2(O)OC1C(O)(C)C.CO,Application_ds
  C#Cc1ccc(Nc2c(Nc3nc(-c4ccccc4)cs3)c(=O)c(=O)c2=O)cc1.O,Application_ds
NC(=S)Nc1cccc(F)c1.CC(OCC)=O,Application_ds
O=C(N1CCN(CC=2C=CC=CC2)CC1)CC3CCNCC3CC4=NOC(=C4)CN5CCCCC5.O=CN(C)C,Application_ds
Cc1ccc(S(=O)(=O)n2cc(-c3nccc(C4CC4)n3)c3cc(-c4nnc(NC(C)(C)C)o4)ccc32)cc1.O,Application_ds
CC(=O)N1CCN(C(=O)CN(C2CCCCC2)C2(Cc3cccc(Cl)c3)C(=O)Nc3cc(Cl)ccc32)CC1.CCO,Application_ds
CC(=O)c1ccc(Nc2nc(F)nc3c2ncn3C2CCCCO2)cc1.CC1=CC=CC=C1,Application_ds
OCc1cc2ccccc2s1.CC1=CC=CC=C1,Application_ds
O=C1C=C2C(CCC3(CO)C(CCC23O)C4CC5C6=C(CCC5)C7C(=C(C6C4O)C(C)(C)CCN8C=NC=C8)CCCC97CCCC9)C%10(C)CC(O)C(O)CC1%10.CC(C)=O,Application_ds
  Cc1ccc(C)c(NC(=S)Nc2c(Cl)cccc2Cl)c1.CC(OCC)=O,Application_ds
C#CCOc1cc2ccccc2cc1C(=O)OC.O=CN(C)C,Application_ds
Clc1cc(Cl)c2ccc(I)cc2n1.CC1=CC=CC=C1,Application_ds
COC1=NC=C(C2=NC(=NN21)S(=O)(=O)NC3=C(C=CC=C3F)F)F.CCO,Application_ds
  CC(C)(C)OC(=O)[C@H]1CC[C@H]1Nc1c(NC[C@@H]2CCCO2)c(=S)c1=S.O=CN(C)C,Application_ds
O=C(O)[C@H](CC[C@H](Cc1ccc(F)cc1)C(=O)O)Cc1ccc(F)cc1.O=CN(C)C,Application_ds
CCN[C@H]1CCNC1.CC1=CC=CC=C1,Application_ds
  COc1ccc([C@H]2C(C#N)=C(N)S[C@@H]2C(=O)Nc2c(N[C@@H]3CCCC[C@H]3NC(=O)c3cc(C(F)(F)F)cc(C(F)(F)F)c3)c(=S)c2=S)cc1.CC1=CC=CC=C1,Application_ds
  Cc1ccc([C@@H](C)NS(=O)(=O)NCc2ccc(F)cc2)cc1.CCO,Application_ds
O=C(O)Cc1ccccc1-c1ccc(C(=O)N2Cc3ccc(C(=O)NCc4cccnc4)n3Cc3ccccc32)cc1.CC(C)=O,Application_ds
N1=C2C=CC(C=C2OC=3C=C(N)C=4C=CC=CC4C13)[NH+](CC)CC.CC1=CC=CC=C1,Application_ds
O=[N+]([O-])c1ccc(N2CCN(C3CC3)CC2)nc1.CC1=CC=CC=C1,Application_ds
CCC(=O)N[C@H]1C[C@@H](n2cnc3c(NCC(c4ccccc4)c4ccccc4)nc(NN)nc32)[C@H](O)[C@@H]1O.CC(C)=O,Application_ds
  CC1(C)[C@@H](/C=C(\Cl)C(F)(F)F)[C@H]1C(=O)Nc1c(NC=O)c1=O.CCO,Application_ds
Cn1nc(Cl)cc(Nc2ccc(C(=O)N3CCOCC3)cn2)c1=O.CC(OCC)=O,Application_ds
COc1cc2ncnc(Cl)c2cc1OCCCN1CCN(C)CC1.CO,Application_ds
C=Cc1scc(C2CCCCC2)c1C.CC(OCC)=O,Application_ds
O=C(OC)C1(C)CCCC2(C3=CC=C(C=C3C(=O)CC12)C(=O)C)C.O,Application_ds
Cc1nc(-c2ccc(Cn3c(=O)n(CCCl)c4ccccc43)cc2)no1.O,Application_ds
O=C(NC1(C(=O)O)CC1)C(F)(F)F.CCO,Application_ds
O=C1C=2C(OC)=C(OC)C=CC2C3=NC=CC=4C=5C(=CC=C(OCC(=C)C)C5CC(=C)C)N1C34.CC1CCCO1,Application_ds
O=C(OCC1C2=CC=C3C=4C(OC)=CC(O)=CC4CC56C3=C2OC1C7=C8C=CC9NC%10CCCC(CSSC(CC=%11C=CC=CC%11)C9OC8=C(O)C%12=C7C(C#CC=%13NC(N)C=CC%13CC(CC5)C6)C#CCC(COC)C(CO)CNC%12)C%10)C.CC(C)=O,Application_ds
Cc1cc(CNS(=O)(=O)c2ccc(Br)s2)cc(C)n1.CCO,Application_ds
O=C1N(C=2C=CC=CC2OC3CN(CC4=NC(OC)=CC=C4)C1C3)CC=5C=NC=CC5.CC1=CC=CC=C1,Application_ds
O=C(O)c1cn(C2CC2)c2nc3cc(F)c(F)cc3cc2c1=O.CC(OCC)=O,Application_ds
O=C1OC=2C=C3OC=C(C=4C=CC=CC4)C3=CC2C(=C1CC(=O)NCC(O)C)C.CCO,Application_ds
CN1CCN(c2cc3c(Nc4ccc5c(cnn5Cc5ccccc5)c4)ncnc3cn2)CC1.O,Application_ds
CCOC(=O)CCNC.CC1CCCO1,Application_ds
Cc1onc(-c2ccc(F)cc2)c1CNc1cc(C(=O)O)n(C)n1.O=CN(C)C,Application_ds
CC(C)S.O=CN(C)C,Application_ds
N#CC1CN(c2ccc3c(C(=O)NCC4CCCCC4)c(Cl)ccc3n2)C1.CO,Application_ds
FC(F)(F)c1cnn2c(Br)cnc2n1.O,Application_ds
C[C@@H](N)CO.CC1CCCO1,Application_ds
CCN(CC)CCOc1ccc(N)cc1Cl.N#CC,Application_ds
O=C(OCC)CCSCC=1OC=CC1.CC1CCCO1,Application_ds
FC(F)(F)c1nnc2ccc(N3CCCNCC3)nn12.O=CN(C)C,Application_ds
COc1cc(OCc2csc(C3(O)CCC(C(=O)O)CC3)n2)c2cc(-c3cn4nc(OC)sc4n3)oc2c1.O,Application_ds
O=c1n(CCc2ccc3ccccc3n2)nc2cccc(Br)n12.CO,Application_ds
O=C(O)CCC1=CN(C=2C=CC=CC21)C(C)C.O=CN(C)C,Application_ds
CCOc1ccc(N)c(-c2ncco2)c1.CC(C)=O,Application_ds
COc1cc(Cl)c(Nc2nc(Cl)nc(OC)c2[N+](=O)[O-])cc1OCc1c(OC)ccc(F)c1F.O,Application_ds
O=C1NC2=CC(Cl)=CC=C2C1CC=3C=CC=C4NC=CC43.CC1=CC=CC=C1,Application_ds
O=C(NCCC1=CC=C(OC)C(OC)=C1)C2C3OC4(C=C3)CN(C(=O)C24)C=5C=CC=CC5OC.CC1CCCO1,Application_ds
Cc1c(Sc2cccc(C(=O)NCCN(C)C)c2)c2ccc(Br)cc2n1Cc1ccccc1.CC1CCCO1,Application_ds
N#CC1=C(O)C(=CC=C1COC2OC(CO)C(O)C(O)C2O)C.CCO,Application_ds
O=C(C1=CC=C(O)C(OC)=C1)CO.O=CN(C)C,Application_ds
OC1=CC=C(O)C(=C1)C2C=C(C)CCC2C(OC)(C)C.O=CN(C)C,Application_ds
O=C1NC(O)=C(C(=O)N1C=2C=CC=CC2Cl)C3NCCC=4C=CC=CC43.N#CC,Application_ds
CC(C)(C)c1csc(N)n1.CCO,Application_ds
O=C(OC1=CC=C(O)C=C1)OC2(C)CCC(O)C3(C)C2CCC4(C5=CCC6(C(=O)O)CCC(C)(C)CC6C5(C)CCC43)C.CCO,Application_ds
  NC(=O)c1ccc(Nc2c(Nc3nncs3)c(=O)c(=O)c2=O)cc1.O,Application_ds
O=C1C=C(OC=2C=CC=C(O)C12)CCC=3C=CC=CC3O.O,Application_ds
COC(=O)c1coc(CN2CCNCC2)n1.CC1CCCO1,Application_ds
CN(C)CCOC(C)(C1=CC=CC=C1)C1=CC=CC=N1.CC1CCCO1,Application_ds
CCn1c(C2CCCC(NC(=O)c3ccc4c(c3)OCCO4)C2)nc2ccccc21.CO,Application_ds
CCOC(=O)CC1(c2cc(Br)ccc2F)OCCO1.CCO,Application_ds
CC1CCN(C(=O)c2ccc3c(c2)c2c(n3S(C)(=O)=O)CCNC2)CC1.N#CC,Application_ds
CC(C)(C)OC(=O)N[C@H]1C[C@@H](CBr)OC1=O.O=CN(C)C,Application_ds
O=Cc1cc2cncc(C#CC3CC3)c2o1.CCO,Application_ds
OCC1OC(OC2CCC34CC54CCC6(C)C(C(O)CC6(C)C5C(O)CC3C2(C)C)C(C)CCC(O)C(O)(C)CO)C(O)C(O)C1O.CC(OCC)=O,Application_ds
O=C(OC1C(O)C(O)COC1OC2C(O)COC(OC3CC4C5CC=C6CC(OC7OC(COC8OC(CO)C(OC9OC(CO)C(O)C(O)C9O)C(O)C8O)C(O)C(O)C7O)CCC6(C)C5CCC4(C)C3(O)C(C(=O)CCC(C)C)C)C2OC(=O)C)C%10=CC=C(O)C(OC)=C%10.O=CN(C)C,Application_ds
Fc1cccc(Br)n1.CC1CCCO1,Application_ds
  O=C(Nc1c(NC2CCN(Cc3ccccc3)CC2)c(=O)c1=O)c1ccc(Cl)cc1.CC(OCC)=O,Application_ds
COC(=O)c1ccc(C(C)(C)OC)cc1.CCO,Application_ds
O=C(O)C(=CCCC(=CCCC(=CCOC(=O)C)C)C)CCC=C(C)C.CC(OCC)=O,Application_ds
O=C1C=2C(OC)=CC(OC)=CC2OC1(OC)CC3=CC=C(OC)C=C3.N#CC,Application_ds
CCc1nc2ccccc2n1-c1nc(N2CCOCC2)c2nc(CN3CCC(C4COC4)CC3)n(C)c2n1.CO,Application_ds
O=C(O)CCC(NCC)CCCC1NC(CC#CC=2C=CC=CC2CCC(C=CC(O)CCCCC)=C1CC(O)CO)C(O)(C)C3(C4=CC=C(O)C=C4)CCCCC3.O=CN(C)C,Application_ds
O=C(OC1CC=CC=CC=CC(OC)CC(=O)NC2=C(O)C(=CC(O)=C2SC)CCC=C(C)C(O)C1C)C(NC(=O)C3CCCCC3)C.O,Application_ds
CC(=O)Cc1ccc(Cl)nc1.O=CN(C)C,Application_ds
O=C1OC=2C=C(O)C=C(O)C2C(C=CC3=CC=C(O)C=C3)=C1.CC(C)=O,Application_ds
Cn1nc(-c2c(F)cccc2Cl)nc1COc1ccc(C(C)(C)C)cc1.CCO,Application_ds
CCOC(=O)Cc1ccc(CCNC(=O)c2ccc(Cl)cc2)cc1.CC(C)=O,Application_ds
COC(=O)c1ccc(C)c(C(=O)c2ccc(Nc3cccc(F)c3C)cc2Cl)c1.CC1=CC=CC=C1,Application_ds
  O=c1c(NCCCCc2c[nH]cn2)c1Nc1ccc2ccccc2c1.N#CC,Application_ds
  CSCC[C@@H](Nc1c(NC=C(C=O)c2ccccc2)c(=O)c(=O)c1=O)C(=O)O.O,Application_ds
O=C(NCC1=CC=C(OC)C=C1)C2OC(CCN(C)CCC=3C=CC=CC3)CCC2O.CC(C)=O,Application_ds
N#Cc1ccc(C(N)=S)cc1.CC(OCC)=O,Application_ds
O=S(=O)(Nc1cc(Br)cnc1Cl)c1ccccc1.O,Application_ds
C#CCNc1c(C)c(C)nc(Cl)c1[N+](=O)[O-].N#CC,Application_ds
CC1(C)CC(=O)Nc2cc(N)ccc21.CC1=CC=CC=C1,Application_ds
O=C(NCc1ccc(Cl)cc1Cl)c1ccc(Oc2ccc(F)cc2)nc1.CC(C)=O,Application_ds
CC(=O)N1CC(C)(C)c2ccc(N3C(=O)N(Cc4ccnc(Cl)c4)C(C)(C)C3=O)cc21.CC(OCC)=O,Application_ds
O=C1C=C(OC=2C=C(OC3OC(CO)C(O)C(O)C3O)C(=C(O)C12)C4OC(CO)C(O)C(O)C4OC5OC(CO)C(O)C(O)C5O)C=6C=CC(O)=CC6.CC1CCCO1,Application_ds
COc1cc(N2CCNCC2)ccc1Cl.O=CN(C)C,Application_ds
O=CC(C1=C(O)C=C2C(=O)C=3C=C(O)C=C(O)C3C(=O)C2=C1O)CCOC(=O)C.N#CC,Application_ds
O=C(N1CCCCC1)CCC2=CC=C3OCOC3=C2.N#CC,Application_ds
COC(=O)c1ccc(OC2CCCC2)c2oc(C)cc12.O,Application_ds
COCC1(c2cccc(OC)c2)CCN(c2ccccc2OC)CC1.CO,Application_ds
Cc1nccc(N)c1C.CCO,Application_ds
C[C@H](Cc1ccc(S)cc1)NC(=O)C(F)(F)F.CC(C)=O,Application_ds
  C=CCN(CC=C)[C@@H]1CCCC[C@H]1Nc1c(Nc2ccccc2NC(=O)c2ccccc2)c(=S)c1=S.CO,Application_ds
COC(=O)c1sc(-n2cnc3ccncc32)cc1O.CC1=CC=CC=C1,Application_ds
  COc1cc(OC)nc(NC(=O)N[C@@H](Cc2ccccc2)[C@H]2CC(=O)N(C)N2C)n1.CCO,Application_ds
COc1ccc2c(Sc3ccc(Cl)cc3)nc(Nc3cc(C)[nH]n3)cc2c1.CO,Application_ds
CCOC(=O)C1=C(N)CCCC1.N#CC,Application_ds
O=[N+]([O-])c1ccc(Cl)c(Cl)c1.CC1=CC=CC=C1,Application_ds
COC(=O)CC1(NCc2ccc3c(c2)OCCO3)CCN(C(=O)OCc2ccccc2)CC1.O,Application_ds
Fc1cc(F)c(-c2c(Cl)nc3nccnc3c2Cl)c(F)c1.N#CC,Application_ds
O=C(C=CCC=CCC#CC#C)NCC(C)C.CC1CCCO1,Application_ds
CCN(CC)C1=CC2=C(C=C1)C(=C3C=CC(=[N+](CC)CC)C=C3O2)C4=CC=CC=C4C(=O)O.CCN(CC)C1=CC2=C(C=C1)C(=C3C=CC(=[N+](CC)CC)C=C3O2)C4=CC=CC=C4C(=O)O.CCN(CC)C1=CC2=C(C=C1)C(=C3C=CC(=[N+](CC)CC)C=C3O2)C4=CC=CC=C4C(=O)O.[Al].[Cl-].[Cl-].[Cl-].O=CN(C)C,Application_ds
C[C@@H]1CCCN1CCc1ccc(Br)cc1.CO,Application_ds
O=C(C=CC(C)CC)N1CC(C)CC1C(O)=NC(C(O)=NC(C(O)=NC(C(O)=NC(C(O)=NC(C(O)=NC(C(O)=NC(C(O)=NCCC(O)=NC(C)CN(C)C)(C)C)(C)C)CC(C)C)CC(C)C)(C)C)C(O)C(C)C)CC(C)C.CO,Application_ds
CC(C)(C)[Si](C)(C)OCc1cc(CO)no1.O,Application_ds
O=Cc1cccc(B(O)O)c1.CO,Application_ds
COc1ccc2c(c1)[C@@]1(COC(N)=N1)c1cc(N3CCCC3=O)cc(F)c1O2.CC(OCC)=O,Application_ds
N1=C(SC=C1C=2C=CC(=CC2)C=3C=CC=CC3)NC=4C=CC=CC4.O,Application_ds
OC1=CC=C2C(OCC(C3=CC=C(O)C(=C3OC)CC=C(C)C)C2)=C1.CC1=CC=CC=C1,Application_ds
Clc1cc(CN2CCCC2)ccn1.CC(OCC)=O,Application_ds
O=CC1=C(OC=2C(=C(OCCCO)C3=C(OC4C3CCCC4(O)C)C2CO)C1=C5CC(C(=O)C(CO)C5)C=6C=CC7=NCC=C7C6)C(=O)OCC.CC(C)=O,Application_ds
O=C1C(=C)C2(C)C3C(O)C(C)(C)CC3CC42OC14.O=CN(C)C,Application_ds
O=C1OC2=C(C=CC(OC(C(=O)NCC(=O)NCC(=O)O)C)=C2C)C(=C1)CCCC.CC1CCCO1,Application_ds
O=C(OC1CC2C(O)(CC=C3CC(OC4OC(C)C(OC5OC(C)C(OC6OC(C)C(OC7OC(C)C(OC8OC(C)C(OC9OC(CO)C(O)C(O)C9O)C(OC)C8)C(O)C7)C(O)C6)C(OC)C5)C(OC)C4)CCC32C)C%10(O)CCC(C(=O)C)C1%10C)C=CC=%11C=CC=CC%11.CC(OCC)=O,Application_ds
CCc1ccc(N=CN2CCN(Cc3ccc(Cl)nc3)C2=N[N+](=O)[O-])cc1.O=CN(C)C,Application_ds
CCOC(=O)CC(C(=O)OCC)SP(=O)(OC)OC.CC(C)=O,Application_ds
O=C(NC(CO)C(O)C=CCCCCCCCCC(C)CC)CCCCCCCCCCCCCCCCCCCCCCCC.O,Application_ds
  CCCCNc1c(N[C@@H](C)C(C)C)c(=O)c1=O.O=CN(C)C,Application_ds
O(C1=CC=CC2=C1COC32OC=4C=C(C=C5C=CC(OC)=C3C45)C)C.CC(OCC)=O,Application_ds
O=C1CNc2ncccc2N1.CC1CCCO1,Application_ds
C=C1C2CCC3C1C(CCC23C)C(C)C.CCO,Application_ds
O=C(O)COc1cccc(Cl)c1.CC1=CC=CC=C1,Application_ds
O=C(C1=CC=C(O)C(=C1O)C)CC2OC(CC2)C(O)C.CC(OCC)=O,Application_ds
CCOc1cc(C(=O)c2ccc3c(c2)OCCO3)ccc1OC.O,Application_ds
O=C(OC)C1=CCCC(=CC2OC(=O)C(=C)C2C(OC(=O)C(O)(C)C(OC(=O)C)C)C1OC(=O)C(C)CC)C.CC1=CC=CC=C1,Application_ds
Cc1cc(C)c(NC(=O)Nc2cc(F)ccc2C(=O)N[C@H](C(=O)OCc2ccccc2)[C@@H](C)OCc2ccccc2)c(C)c1.CCO,Application_ds
O=C(OCC1OC(OC=2C(=O)C3=C(O)C=C(OC4OC(CO)C(O)C(O)C4O)C=C3OC2C=5C=CC(O)=CC5)C(OC6OC(C)C(O)C(O)C6O)C(O)C1O)C.CC(C)=O,Application_ds
O=C(N[C@H]1CO[C@@H]2[C@@H](NC(=O)C3CCC3)CO[C@H]12)c1cccc(Oc2ccccc2)c1.O,Application_ds
O=C(N)C(NC(=O)C1=CC(NC(=O)C2=CC=C(F)C(Cl)=C2)C(O)C(O)C1)CC=3SC=CC3.CC(OCC)=O,Application_ds
CN(C)CC(=O)O.O=CN(C)C,Application_ds
CCCN(CCC)Cc1ccc(O)cc1.CC(C)=O,Application_ds
N#Cc1ccc(-c2cnc3c(c2)NCCO3)cc1.CC1CCCO1,Application_ds
CC[C@](C)(O)[C@H]1CC[C@H]2[C@@H]3[C@@H](C)C[C@H]4N(C)C(=O)C=C[C@]4(C)[C@H]3CC[C@@]21C.N#CC,Application_ds
O=C(C1=CC=C(Br)C=C1)C2=NOC(C=3C=CC(Cl)=CC3)=C2S(=O)(=O)C=4C=CC=CC4.CC(OCC)=O,Application_ds
Nc1nc2ccc(-c3ccc(F)cc3)nc2c(=O)[nH]1.O=CN(C)C,Application_ds
OC1(C)CCC(C(=C)CCC=C(C)C)CC2C(C)CCC21.CC1=CC=CC=C1,Application_ds
Cc1cc(C)c(S(=O)(=O)N(CCCCCBr)c2c3ccccc3nc3ccccc23)c(C)c1.CC(OCC)=O,Application_ds
Nc1c2c(nn1-c1cccc(Cl)c1Cl)CCC2.CC1CCCO1,Application_ds
CC1(C)OB(c2cccc(N3CC[C@@H](F)C3)c2)OC1(C)C.CCO,Application_ds
O=C(NCc1ccc(C(F)(F)F)cc1)c1ccc(S(=O)(=O)Nc2nc[nH]n2)cc1.CCO,Application_ds
O=C(OC1C(O)C(OC(COC(=O)C)C1O)OC(C(=O)OCC2=CC=C(OC3OC(CO)C(O)C(O)C3O)C=C2)(CC(=O)OCC4=CC=C(OC5OC(CO)C(O)C(O)C5O)C=C4)CC(C)C)C=CC=6C=CC=CC6.CO,Application_ds
O=C(O)CC(O)(C)CC(=O)OCC1=CC(=O)C2(OC2C1O)CC=C(C)CCC=C(C)CCCC(O)(C)C.CC1=CC=CC=C1,Application_ds
O=C1OC2=C(C=CC(OC(=O)C(NS(=O)(=O)C3=CC=C(C=C3)C)CC(C)C)=C2C)C(=C1)C.O=CN(C)C,Application_ds
FC(F)(F)OC=1C=CC(=CC1)C2=NOC(=N2)C3N(CC=4OC(=CC4)CO)CC(O)C3.CO,Application_ds
CS(=O)(=O)CCCC1CCNCC1.CO,Application_ds
CCNC1CN(c2c(F)cc3c(=O)c(C(=O)O)cn(-c4nc(N)c(F)cc4F)c3c2Cl)C1.O,Application_ds
COc1c(Cl)cc(Cl)c2c1C(Nc1ccc3cc(N)ccc3n1)CC2.O=CN(C)C,Application_ds
  C[C@H](Nc1c(NCCO)c(=O)c(=O)c1=O)c1cccc(Cl)c1.CCO,Application_ds
C1=CC2=C3C(=C1)C4=NC5=C(N4C(=O)C3=CC=C2)C=C6C(=C5)NC(=O)N6.CO,Application_ds
O=C(OC)C=CNCC.CC1CCCO1,Application_ds
O=CCCC1C(=C)CCC2C1(C)CCC3(C)C4CCC(C(C)C)C4(C)CCC23C.CCO,Application_ds
COc1cc(C#N)c(N=C(C)N(C)C)cc1OC.CC(C)=O,Application_ds
c1ccc([P+](Cc2cccs2)(c2ccccc2)c2ccccc2)cc1.CC(OCC)=O,Application_ds
O=C(C[C@@H]1CC=CCCC(=O)O[C@H](c2ccccc2)CNC1=O)NCc1ccc(Cl)cc1.CC(OCC)=O,Application_ds
CCOC(=O)c1nc(CCOC)sc1Nc1cccnc1.CO,Application_ds
Cc1cc(C)c2c(c1O)C(NCc1cc(C(C)(C)C)c(O)c(C(C)(C)C)c1)CC2.CC(OCC)=O,Application_ds
ClCc1cnc(Cl)s1.CC1=CC=CC=C1,Application_ds
CC(C)(C)NC(=O)[C@H](Cc1ccc(OCc2ccccc2)cc1)NC(=O)C1(c2ccccc2)CCCC1.CC1=CC=CC=C1,Application_ds
Oc1noc(-c2cccnc2)c1Cl.N#CC,Application_ds
CN(C)C1CCN(c2cc3c(Br)cc(Cl)cc3c(=O)[nH]2)CC1.CCO,Application_ds
NC(c1ccc(Cl)cc1)c1ccccc1N1CCCCC1.CCO,Application_ds
CCOC(=O)/C(=N\OCCBr)c1csc(N)n1.O,Application_ds
O=C1C(OC)=C(OC2=C(OC)C(O)=C(OC)C(OC)=C12)C=3C=CC(OC)=C(OC)C3.CCO,Application_ds
CC(=O)c1cncc(-c2ccccc2)c1.N#CC,Application_ds
Oc1c(F)c(F)c(CNC23CC4CC(CC(C4)C2)C3)c(F)c1F.CC(OCC)=O,Application_ds
O=C(OCC)C1=C(OC(N)=C(C(=O)OCCOC)C21C(=O)NC3=CC=C(Br)C=C32)C.CO,Application_ds
COc1ccc2c(Nc3c(Cl)cncc3Cl)cc(=O)oc2c1O.CO,Application_ds
  CNC(=O)c1cc(Oc2ccc(Nc3c(Nc4nc(-c5ccccc5)nc5ccccc45)c(=S)c3=S)cc2)ccn1.N#CC,Application_ds
O=C(OC)C1=C2N=C3C=CC=C(OC)C3=NC2=CC=C1OC.O=CN(C)C,Application_ds
C[C@@H](c1ccc(-c2csc(-n3ccccc3=O)n2)cc1)N1CC[C@](CC(C)(C)O)(c2ccccc2)OC1=O.CC1=CC=CC=C1,Application_ds
O=C(O)c1cncc(-c2noc(C(F)(F)F)n2)c1.CC1CCCO1,Application_ds
O=C1N2CCCC=3C=4C=CC=CC4NC3C2(C)CCC1C.CC1=CC=CC=C1,Application_ds
Cc1ccc(/C=C/C(=O)O)cc1.CC1CCCO1,Application_ds
COC1=CC=C(C=C1)[C@@H]1SC2=CC=CC=C2N(CCN(C)C)C(=O)[C@@H]1OC(C)=O.N#CC,Application_ds
OC1=CC=C2NC3=C(C2=C1)C(=C4C=NC=CC4=C3C)C.O=CN(C)C,Application_ds
  CCOC(=O)NS(=O)(=O)NCCC[Si](OCC)(OCC)OCC.CC1CCCO1,Application_ds
O=C1C=2C=3OC(=C1CC4=CC=C(C=C4)NO)C(O)CC(N=C(N)N)(CO)CSSC(C3C=5OC6C(C5C2OC7CCCC7)CCCC6(O)C)C(O)O.O,Application_ds
CC(C)(C)OC(=O)NCCN.O=CN(C)C,Application_ds
O=C(CC(=CCCC1=CC=2C(O)=CC(=CC2OC1C)C)C)CC(C)C.O=CN(C)C,Application_ds
O=C(O)C1(O)CC(O)C(OCC(=O)C=CC2=CC=C(O)C(O)=C2)C(OCC(=O)C=CC3=CC=C(O)C(O)=C3)C1.CO,Application_ds
O=C(Cl)c1ccc(-c2ccccc2)cc1.CCO,Application_ds
CCOc1cc(CN2CCC(Nc3nc4cccc(NS(=O)(=O)c5cn(C)cn5)c4o3)CC2)cc(OCC)c1F.CO,Application_ds
CC(C)(O)CC(=O)NCCn1ccc2ncnc(Nc3ccc(Oc4cccc(Oc5ccccc5)c4)c(Cl)c3)c21.CC1CCCO1,Application_ds
O=C1OC2(CCN(C(=O)c3c[nH]c4cc(Cl)ccc34)CC2)c2ccc(F)cc21.N#CC,Application_ds
CC(C)(C)[Si](C)(C)OCc1cc([C@@H](O)CN)ccc1O.CC(OCC)=O,Application_ds
O=C(N)C1C(=O)N(CCCC=2C=CC=CC2)C34OC=5C=CC=CC5C1C4COCC3.CC1=CC=CC=C1,Application_ds
Nc1cc2ccccc2cc1C(=O)Nc1ccc(Cl)cn1.O=CN(C)C,Application_ds
O=C1OC2CC3(C)CCCC4(OC4)C3CC2C1CN5CCN(C6=NC=CC=C6)CC5.CC1=CC=CC=C1,Application_ds
CNc1ncc2cc(-c3cc(NC(=O)NCCC(C)(C)C)c(F)cc3F)c(C)nc2n1.N#CC,Application_ds
COc1ccc(Cn2cc3c(n2)CC(C)Cc2sc(N)nc2-3)cc1.CC(C)=O,Application_ds
O=C(O)CCCCCCCCCC1CC1CCCCCC.N#CC,Application_ds
COc1cccc(C(=O)NC2CCN(Cc3ccc4c(c3)NC(=O)CC4)CC2)c1.CC1CCCO1,Application_ds
CC(C)(C)OC(=O)Nc1ccc(-c2ccc(F)cc2F)cc1N.O,Application_ds
O=S(=O)(NC1CN(C)C(C2=NC(=NO2)C=3N=CC=NC3)C1)C4=CC=C(OC)C=C4.CC1=CC=CC=C1,Application_ds
O=C(O)C1CCN(c2nn(C(=O)c3c(Cl)cccc3C(F)(F)F)c3cccc(F)c23)C1.CC(C)=O,Application_ds
  O=C(NS(=O)(=O)NCCN1CCOCC1)c1ccc(-c2ccc(Cl)cc2C(F)(F)F)o1.O=CN(C)C,Application_ds
N#Cc1cc(C=O)ccc1Oc1ccc(F)cc1.CC(OCC)=O,Application_ds
[Mg+]C1CC1.CC1=CC=CC=C1,Application_ds
O=COC1C(OC(=O)C(O)C(C)CC)C2(C)C(C3=COC=C3)CC4OC42C(=C)C1C5(C=CC(=O)OC(C)(COC(=O)C)C5CC(=O)OC)C.CC(OCC)=O,Application_ds
COC(=O)c1cc(I)cc(I)c1.CC(OCC)=O,Application_ds
CNC(=O)N1CCC(Oc2c(F)c(F)c(F)c(F)c2F)(c2ccccc2)CC1.N#CC,Application_ds
  O=S(=O)(O)CNC(=S)Nc1cc(Cl)c(F)c(Cl)c1F.CC1CCCO1,Application_ds
SCCCS.CC1=CC=CC=C1,Application_ds
CCCCCCCC(O)c1ccccc1Br.CCO,Application_ds
CN1CCN(c2ccc(-c3cnc4[nH]c5cnc(-c6cccnc6)cc5c4c3)cc2)CC1.CCO,Application_ds
O=C1CC(C)C23CCC(=C4CC(=O)C4(C)C3CC1C2(C)C)C.CC1=CC=CC=C1,Application_ds
NCC1(O)CCCC1.CC(OCC)=O,Application_ds
O=C1OC(C=C1)C(O)C=CC.CO,Application_ds
Nc1ncc[nH]1.CC1=CC=CC=C1,Application_ds
N=1C=2C=CC=CC2N(C1CNCC3N4C(=NC=5C=CC(OC)=CC54)COC3)C.O,Application_ds
O=C(O)CNC(=O)CCCC1=CNC=2C=CC=CC21.N#CC,Application_ds
O=C(NC1=CC(OC)=C(OC)C=C1CC2=NC=CC=3C=C(OC)C(OC)=CC32)C4=CC=C(Cl)C=C4.CC(OCC)=O,Application_ds
O=C(Cl)c1ccncc1.CC(OCC)=O,Application_ds
C=CC(=O)Nc1cccc(-c2cccc3cnc(Nc4ccc(O[C@H]5CCN(C(C)=O)C5)cc4)nc23)c1.O,Application_ds
O=C1OCC2OC(O)C3OC(=O)C4=CC(O)=C(O)C(O)=C4OC=5C=C6C(=O)OCC7OC(OC8OC(CO)C(O)C(O)C8O)C(OC(=O)C9=CC(O)=C(O)C(O)=C9OC=%10C=C(C(=O)OC2C3OC(=O)C%11=CC(O)=C(O)C(O)=C%11)C(=C(O)C%10O)C%12=C(O)C(O)=C(O)C=C1%12)C(OC(=O)C%13=CC(O)=C(O)C(O)=C%13)C7OC(=O)C%14=CC(O)=C(O)C(O)=C%14C6=C(O)C5O.O,Application_ds
ClCc1cccc2ccccc12.O=CN(C)C,Application_ds
O=CCC(CO)CC12OC(=O)C3(OC45OC6=CC=7OC(=CC(=O)C7C(O)=C6C(C=C5CC=8NC=CC8C#CCC3(O)C(O)C4O)C=9C=C%10C(NC9CC%11CCCC%11)NCCC%10C)C=%12C=C(O)C(O)=C(C%12)CCO)CC#CC(O1)(C(=O)O)C(O)(O)C(O)C2O.O,Application_ds
CCOC(=O)CCCc1nc(N2CCC(C(=O)NS(=O)(=O)Cc3ccccc3)CC2)c(C#N)cc1C(=O)OCC.CCO,Application_ds
OC=1C=C(O)C=2C=C(O)C(OC2C1O)C3=CC=C(OC)C=C3.CC1CCCO1,Application_ds
Cc1noc2c1-c1ccc(-c3cnn(C)c3)cc1C(=O)N(C(=O)OC(C)(C)C)[C@H]2CC(=O)OC(C)(C)C.CC(C)=O,Application_ds
COc1cc([C@@H]2CC[C@H](N3CCN(CCS(C)(=O)=O)CC3)CC2)ccc1N.N#CC,Application_ds
O=C(O)CC(OC(=O)CC(O)CCC(O)CCCC(C)C)CCC(OC(=O)CC(O)CCC(O)CCCC(C)C)CCCC(C)C.N#CC,Application_ds
Cc1nc(C)c(C(=O)C(=O)OC(C)C)c(Cl)c1Br.N#CC,Application_ds
CCCCB(O)O.CC(OCC)=O,Application_ds
O=CC1=CCCC2(OC2C3OC(=O)C(=C)C3C(OC(=O)C(=C)C)C1OC(=O)C)C.CCO,Application_ds
CCNCc1cc(-c2ccc3ncccc3c2)ccc1-c1cc(CC(=O)OCC)ccc1OC.CC1CCCO1,Application_ds
  CC(C)(C)OC(=O)CNc1c(Nc2ccc(F)cc2)c(=O)c(=O)c1=O.CC(OCC)=O,Application_ds
CC1(C=O)C2C=CC(C2)C1CCl.CC1=CC=CC=C1,Application_ds
CCOc1cc(Br)cc(C=O)c1O.O=CN(C)C,Application_ds
O=C1OC(CC1)CCCCCC.CC(C)=O,Application_ds
COc1nn(C)c(=O)n1Cc1cc(-c2ccccn2)ccc1C.O=CN(C)C,Application_ds
O=C(NC1COC2C1OCC2NC3=NC=CC(=N3)C=4C=CC(=CC4)C=5C=CC=CC5)C=6OC=CC6.CC(OCC)=O,Application_ds
O=C(O)C1=C2N=C(OC2=CC=C1N)CC3OC4(OC(C(C(=O)C5=CC=CN5)C)C(C)CC4C)CCC3C.CC1=CC=CC=C1,Application_ds
ClC1(C)CCC(C=2C=COC2C)CC1Br.CC1=CC=CC=C1,Application_ds
Cc1cnc(C=O)n1C.CCO,Application_ds
Cc1ccccc1C(=O)NC1CCN(CCCN(Cc2ccccc2)c2ccccn2)CC1.CC(C)=O,Application_ds
CNC(=O)c1ccc(I)c([N+](=O)[O-])c1.CCO,Application_ds
O=C(NC1=CC=CC2=C1C=CN2C)C3=CC(OC)=C(OC)C(OC)=C3.CO,Application_ds
O=C1Nc2ccccc2[C@]12COc1cc3c(cc12)OCCO3.CC(C)=O,Application_ds
Cn1ncc2c(N)cccc21.CC(OCC)=O,Application_ds
Nc1ccc(N2CCOCC2)cc1N.CC(OCC)=O,Application_ds
O=C1OCC(=C1)C2CCC3(O)C4CC=C5CC(OC6OC(CO)C(O)C(O)C6OC7OC(CO)C(O)C(O)C7O)CCC5(C)C4CCC23C.N#CC,Application_ds
Cc1nc(CCl)nc2ccccc12.CO,Application_ds
  NS(=O)(=O)c1ccc(NC(=S)Nc2nncs2)cc1.CC1CCCO1,Application_ds
O=C(OC1C(=C)CCC(C=CC(=CC1)C)C(C)C)C.CO,Application_ds
Cc1ccc2[nH]c3c(c2c1)CCN(C)C3.O=CN(C)C,Application_ds
CC(C)(C)OC(=O)N[C@H](CCC(=O)OCc1ccccc1)COc1cc(C#N)ccc1I.CC1=CC=CC=C1,Application_ds
CC(C)(C)Sc1nc(Br)c2c(N)nccn12.N#CC,Application_ds
O=C(OCC(C)CC)CCCCCC.O,Application_ds
OC=1C=C(O)C=C(C1)CCCC=CCCCCCCCC=2C=C(O)C=C(O)C2.CC(OCC)=O,Application_ds
N=C(NC)NC1NC(=NCSSCC2CC1CC2C3(C)CC4C(=C)CC5(CCC(CCC6(O)CCCC(O)C6)C5)C7OC7(C)CCC43)NC.O=CN(C)C,Application_ds
O=C(O)C1C2C3(OC(=O)C2(C)C(O)C(O)C3)C4CCC5(C(=O)CC14C5)C.CC1CCCO1,Application_ds
O=C(OC1CC(=CC2OC(=O)C3(OC23C(O)C4C(C)C(O)C=CC4(C)C1OC(=O)C)C)C)C.CC(C)=O,Application_ds
c1cc2c(cc1-c1nnc(SCC3CC3)o1)CCO2.CC1CCCO1,Application_ds
O=CC(OC)C(OC)C(O)C(O)COC.O,Application_ds
CC(C)(C)CNC(=O)c1ccc2cncc(-c3ccccc3F)c2n1.CC(C)=O,Application_ds
CC(C)(C)OC(=O)NC12CC3CC(C1)CC(OS(C)(=O)=O)(C3)C2.O=CN(C)C,Application_ds
O=C1OC(C)CC2=CC=3C(=O)C=4OC=5C=6C(O)=C7C(=O)OC(C)CC7=CC6C=C(OC)C5C4C(=O)C3C(O)=C12.O,Application_ds
C=CCOc1ccc(C(=O)Oc2ccc(OCCCCBr)cc2)cc1.CC1CCCO1,Application_ds
CC(C)(C)c1cccc(NC(=O)c2ccc(N3CCNCC3)nc2)c1.N#CC,Application_ds
Cc1cc(Nc2nccc(C(F)(F)F)n2)cc(-c2cncc(Br)c2)c1.O=CN(C)C,Application_ds
CN(C)c1ccc([C@@H]2C[C@@H]3CNCC34C(=O)N(CCN3CCOCC3)C(=O)N24)c2ccccc12.O=CN(C)C,Application_ds
O=[N+]([O-])c1cc2c(Cl)nc(Cl)nc2s1.CC(OCC)=O,Application_ds
C(=NC(C)C)=NC(C)C.CC1=CC=CC=C1,Application_ds
O=C1NC=2C=CC=CC2OC3CN(CC4=CC=C(OC(F)(F)F)C=C4)C1C3.CO,Application_ds
  COc1cc(Nc2c(Nc3cc(C)c(O)cc3C(C)C)c(=O)c(=O)c2=O)cc(OC)c1OC.O=CN(C)C,Application_ds
Cc1cc(OCc2c(C(C)C)nnn2-c2c(Cl)cccc2Cl)ccc1Br.CC(C)=O,Application_ds
  CC[C@H]1O[C@@H](CC)[C@H](C)[C@@H](Nc2c(NC(=O)c3cccc(F)c3)c(=S)c2=S)O1.CC(OCC)=O,Application_ds
COc1ccccc1C(C)(C)[C@@H](C(=O)O)N(C)C(=O)OC(C)(C)C.O=CN(C)C,Application_ds
O=C(O)C=1C=CC(OC)=C(C1)C2=C(O)C=C(O)C=3C(=O)C=C(OC32)C=4C=CC(OC)=CC4.CC1CCCO1,Application_ds
N=1C=CC=CC1N2N=C(C(=C2C)C3C=CC(N)C3)C.N#CC,Application_ds
CCOCc1nc2c(N)nc3cc(OCCNC(=O)NC(C)C)ccc3c2n1CC(C)(C)O.O=CN(C)C,Application_ds
COc1ccc(-c2nocc2C(=O)O)cc1.CC(OCC)=O,Application_ds
Fc1ccc(CBr)c(F)c1.O=CN(C)C,Application_ds
CCOc1ccc2[nH]c(=O)n(C3CCCC3)c2c1.CO,Application_ds
COc1ncc(C2(c3cccc(-c4cncnc4)c3)N=C(N)c3c(F)cccc32)cc1C(F)(F)F.O,Application_ds
O=C(N)C(NC(=O)C1=CC(NC(=O)CS(=O)(=O)C=2C=CC=CC2)C(O)C(O)C1)C.CC(OCC)=O,Application_ds
O=C(NCCCCO)c1ccc2ncccc2c1.CC1CCCO1,Application_ds
CCCCCCCCCCCCCCCCOC(=O)Cl.CO,Application_ds
O=C1OC[C@H](c2ccc(F)c(F)c2)N1CCCCCCl.CC(OCC)=O,Application_ds
O=C1C(=C)C2CCC3C1(C2O)C4OC(OC)C53CCC(O)C(C)(C)C5C4.CC1CCCO1,Application_ds
  S=C(NCCN(Cc1ccccn1)Cc1ccccn1)Nc1ccccc1/N=C/c1c2ccccc2cc2ccccc12.CC(C)=O,Application_ds
CC(C)(C)OC(=O)N1CCC(COCc2cc(N)cc(-c3ccc(C#N)cc3)c2)(c2ccccc2)CC1.CO,Application_ds
CCOP(C)(=O)C(C(N)=O)c1csc2ccc(Cl)cc12.CC1=CC=CC=C1,Application_ds
COC(=O)c1ncc(Cc2ccc(F)cc2)c(C)c1O.O,Application_ds
CCCCn1c(=O)n(Cc2ccccc2F)c(=O)c2[nH]c(Cc3ccc(NS(=O)(=O)c4cc(C)ccc4C)cc3)nc21.O,Application_ds
O=C1C2=C(O)C(=C(O)C(O)=C2C3(C)CCC(=C(C)C3C1)C)C(C)C.O,Application_ds
  CO[C@H](c1ccccc1)[C@H](C)NS(=O)(=O)N[C@H](c1ccccc1)[C@H](N)c1ccccc1.CO,Application_ds
COC(=O)C12OC1(Cc1ccc(Cl)cc1)CCC2(C)C.O,Application_ds
O=C1NC(C2=CC(=CC=3OCC(OC32)C(O)(C)C)C)C4=C1C(O)=CC=C4CC=C(C)C.N#CC,Application_ds
OCCOCCOCCOCCSCCC(F)(F)C(F)(F)C(F)(F)C(F)(F)C(F)(F)C(F)(F)F.CO,Application_ds
CC(C)NC(=O)c1cn(COCC[Si](C)(C)C)c2ncc(Oc3ccc4c(c3)[C@H](NS(C)(=O)=O)CC4)nc12.CO,Application_ds
COc1ncccc1-c1ccc(O)c(-c2nc3ccc(C(=O)N(C)C)cc3[nH]2)c1.CC(OCC)=O,Application_ds
O=C(NCC1=CC=C(F)C=C1)C=2N=C(C=3C=CC(OC)=CC3)C=4NC=5C=CC=CC5C4C2.CC(C)=O,Application_ds
O=C(CBr)C12CC3CC(CC(C3)C1)C2.CC1CCCO1,Application_ds
N=1C=2C=CC1C(=C3N=C(C=C3)C(=C4N=C(C=C4)C(=C5N=C(C=C5)C2C=6C=CC=CC6)C7=CC=CC=C7)C8=CC=CC=C8)C9=CC=CC=C9.CC1=CC=CC=C1,Application_ds
C#CC#CC=C=C.CO,Application_ds
Clc1ccc2c(C3=CCN(CCCCOc4cccc5[nH]ccc45)CC3)c[nH]c2c1.CC(OCC)=O,Application_ds
  Fc1ccc(Nc2c(Nc3cc[nH]n3)c(=S)c2=S)c(F)c1F.CC1CCCO1,Application_ds
CC1=CC=CC(C)=C1N(CN1C=CC=N1)C(=O)CCl.O=CN(C)C,Application_ds
CC1(C)Oc2ccc(Nc3nc(Nc4ccc5ccncc5c4)ncc3F)nc2NC1=O.CCO,Application_ds
O=C(O)C1(C)C(O)C(O)CC2(C)C1CCC3(C)C2CC=C4C5CC(C)(C)CCC5(C(=O)OC6OC(COC7OC(CO)C(OC8OC(C)C(O)C(O)C8O)C(O)C7O)C(O)C(O)C6OC9OC(CO)C(O)C(O)C9O)CCC43C.N#CC,Application_ds
O=C1OC(C)C(OC2OC(C)C(OC3OC(C)C(OC4OC(C)C(OC5OC(C)C(O)C(OC)C5)C(OC)C4)C(O)C3)C(O)C2)C(OC)C1.CCO,Application_ds
COCCN(CC(=O)Cl)C(=O)[C@H](CCCNC(=N)N)NS(=O)(=O)c1ccc2cc(OC)c(OC)cc2c1.CO,Application_ds
C[Si](C)(C)CCOCn1cc(C#N)c2c(Cl)ccnc21.CC(OCC)=O,Application_ds
O=C(Nc1ccc(OC(F)(F)C(F)F)cc1)c1cnc(Cl)c(Br)c1.N#CC,Application_ds
O=C(O)c1ccc(CBr)cc1.CC(C)=O,Application_ds
Nc1cc(N2CCNCC2)c2ccc(Cl)cc2n1.CO,Application_ds
O=C(NC=1C=CC=CC1)C.CO,Application_ds
O=C(OC1C(=C)C2C(OC(=O)C)C3CC(=O)C(=C(C(OC(=O)C=CC=4C=CC=CC4)C(OC(=O)C=CC=5C=CC=CC5)C2(C)CC1)C3(C)C)C)C=CC=6C=CC=CC6.O=CN(C)C,Application_ds
  C[C@H]1[C@H](NC(=S)Nc2cc(-c3ccccn3)cc(-c3ccccn3)c2)C[C@@H]2C[C@H]1C2(C)C.O,Application_ds
  CC(C)Cc1ccc([C@H](C)C(=O)NS(=O)(=O)NC(=O)c2cccnc2Cl)cc1.N#CC,Application_ds
Oc1ccccc1-n1cccc1.N#CC,Application_ds
COC(=O)COc1cc2c(cc1Cl)N(C(=O)OC(C)(C)C)CC(C(=O)N1CCC(C#N)(Cc3ccc(F)cc3)CC1)O2.CCO,Application_ds
C[N+](C)(C)Cc1ccccc1-c1ccccc1.CC1CCCO1,Application_ds
O=C1NCC(O)C2=CC=C(OC(C(NC(=O)C(N(C)C)CC(C)C)C(=O)NC1CC(C)C)C(C)C)C=C2.CCO,Application_ds
Cc1cnc(N2CCN(C(=O)c3cnc(Br)cn3)CC2)c(C)c1.O,Application_ds
CC1(C(N2C(S1)C(C2=O)NC(=O)C3=C(C=CC=C3OC)OC)C(=O)O)C.CC(C)=O,Application_ds
CCCCOc1cc(C(=O)N(C)OC)n(Cc2ccc(Cl)cc2Cl)n1.N#CC,Application_ds
  Cc1cc(-c2ccccc2)nc(NC(=O)N[C@@H]2CCCC[C@H]2N(C)CCO)n1.O=CN(C)C,Application_ds
C[C@@H]1CCCN1CCc1ccc(-c2ccc3c(c2)CN(C(=O)CO)C3)cc1.O=CN(C)C,Application_ds
O=C1N2C(C=3C=CC=CC3OC)C=4NC=5C=CC=CC5C4CC2C(=O)N(C1)CCCOC(C)C.CC(C)=O,Application_ds
O=C(O)C1C(=O)OC(CCC=CC)C1.N#CC,Application_ds
N[C@@H]1CSc2ccccc2NC1=O.CC1CCCO1,Application_ds
O=C(O)COc1ccccc1.CC1CCCO1,Application_ds
CN(C)CCOC(C)(C1=CC=CC=C1)C1=CC=CC=N1.CC(C)=O,Application_ds
O=C1C2=C(C)CC3OC(=O)C(C)C3(O)CC2C(C)C1.CCO,Application_ds
COc1cc2nccc(Cl)c2cc1OC.CC(OCC)=O,Application_ds
COC(=O)CN(c1ccc2c(c1)nc(Cc1ccc(C(=N)N)cc1)n2C)S(=O)(=O)c1cccc2cccnc12.CC(C)=O,Application_ds
CON(C)C(=O)Cl.O=CN(C)C,Application_ds
  CCCCc1cc2cc(C(F)(F)F)cc(Nc3c(NCN4CCOCC4)c(=O)c3=O)c2[nH]1.CC1CCCO1,Application_ds
COc1ccc(N(C)CC2CCOCC2)cc1NC(=S)NC(=O)c1ccccc1.CC1=CC=CC=C1,Application_ds
FC(F)(F)c1cn[nH]c1.CO,Application_ds
FC(F)(F)c1cc(CO[C@H]2OCCN[C@@H]2c2ccccc2)cc(C(F)(F)F)c1.N#CC,Application_ds
O=C1OC2=CC(=CC(O)=C2C(=O)C=3C(OC)=CC(O)=CC13)C.CO,Application_ds
COc1cccnc1C(=O)Nc1nnn[nH]1.CC1CCCO1,Application_ds
O=C1C(OC2=CC(OCC(=O)C)=CC=C21)=CC3=CN(C=4C=CC(OC)=CC34)C.CC1CCCO1,Application_ds
COc1ccc(S(N)(=O)=O)cc1C(=O)NC1CCN(C2CCCCC2)C1.N#CC,Application_ds
O=C(OC=1C=C(OC(=O)C)C(OC=2C=C(OC(=O)C)C(OC=3C=C(OC(=O)C)C(Cl)=C(OC(=O)C)C3)=C(OC(=O)C)C2Cl)=C(OC(=O)C)C1)C.CCO,Application_ds
O=S1CCN(c2nc(Cl)nc3c(SCc4cccc5ccccc45)ncnc23)CC1.CC1=CC=CC=C1,Application_ds
O=C1C2=C(N=CN2C)N(C(=O)N1CC#C)C.O,Application_ds
O=C(O)C1N(C(=O)C=CC2=CC=C(O)C(=C2)CC3=NCN=C3)C4=CC(OC5OC(CO)C(O)C(O)C5O)=C(O)C=C4C1CC6(C=7C=CC=CC7)CCCCC6.CO,Application_ds
OC1CCC23CC43CCC5(C)C(CCC5(C)C4CCC2C1(C)C)C(C)CCC(O)(COC)C(C)C.CO,Application_ds
Cn1nc(-c2ccc(Cl)c(S(=O)(=O)Cl)c2)c(Cl)c1OC(F)F.CC1CCCO1,Application_ds
O=C(C1=C(O)C=C(O)C2=C1OC(C)(CCC=C(C)CCC=C(C)C)C(CC=C(C)C)C2)C(C)CC.CCO,Application_ds
O=C1OC23C(=O)C(C)CCC2(O)C(C)(C1)C4(O)CC(=C(C)C34O)C(C)C.O,Application_ds
Clc1cc(Cl)nc(-c2ccco2)n1.CC1=CC=CC=C1,Application_ds
O=C1OC2=CC(OCC=3C=CC=CC3C)=CC=C2C=C1C4=NC=5C=CC=CC5S4.CO,Application_ds
CNC(=O)c1cc(OC)cc(-c2ccc3cc(OC)ccc3c2)c1.O=CN(C)C,Application_ds
C[C@]1(CN2CCNCC2)Cn2cc([N+](=O)[O-])nc2O1.CC(OCC)=O,Application_ds
O=Cc1cccnc1Br.O,Application_ds
C[C@@H](Oc1nc(Cl)cc2ncn(C)c12)[C@H]1CNC(=O)C1.CC(OCC)=O,Application_ds
  CCOC(=O)C[C@]1(Nc2c(Nc3ccc(NC(=O)c4ccc(F)cc4)cc3)c(=S)c2=S)C(=O)N(C)c2ccccc21.O=CN(C)C,Application_ds
CCOC(=O)[C@@H]1CCCC[C@@H]1N(CCC(C)(C)C)C(=O)CC1=NS(=O)(=O)c2cc(NS(C)(=O)=O)ccc2N1.O,Application_ds
CC(C)c1ccc(N(Cc2cnn(Cc3cccnc3)c2)C(=O)C2CCCc3c(OCc4ccccc4)cccc32)cn1.CC1CCCO1,Application_ds
CCN(C(=O)Cn1ncc2[nH]c3ccccc3c2c1=O)c1ccc2c(c1)OC(F)(F)O2.N#CC,Application_ds
COC[C@H]1O[C@@H](n2cnc3c(NCCc4ccccc4)nc(CN)nc32)[C@H](O)[C@@H]1O.CCO,Application_ds
O=C(NC1CCC2(C)CCC(C(O)C2C1C)C(C(=O)N3CCOCC3)C)C=4C=NC=NC4.O=CN(C)C,Application_ds
Cc1cc2c([nH]1)CC(C)(C)CC2=O.CC(C)=O,Application_ds
COc1ccc(N2CCOCC2)c2sc(C(=O)O)nc12.CO,Application_ds
NC(=O)C1(c2cccc(O)c2)CC1.CCO,Application_ds
  CCCCCNS(=O)(=O)N[C@@H](c1ccccc1)[C@@H](N)c1ccccc1.CC1=CC=CC=C1,Application_ds
COC(=O)Cc1c[nH]c2ccc(N)cc12.CC1=CC=CC=C1,Application_ds
O=C(O)CCBr.CC(C)=O,Application_ds
  CCOC(=O)c1ccc(Nc2c(NC(=O)C3(C=O)C(=S)N[C@@](C(=O)OC)(c4ccccc4)[C@H]3c3ccccc3)c(=O)c2=O)cc1.O=CN(C)C,Application_ds
CC(C)OC(=O)N1CCC([C@H](C)CCOc2cnc(Cl)nc2)CC1.O,Application_ds
CCOC(=O)C1CN(C(=O)N2CCOCC2)CCN1.CC1=CC=CC=C1,Application_ds
CS(=O)(=O)OCCn1ccc2c1nc(N)n1nc(-c3ccco3)nc21.O=CN(C)C,Application_ds
COC(=O)c1nc(Br)c2cccnc2c1OS(=O)(=O)c1ccc(C)cc1.CC1=CC=CC=C1,Application_ds
CCNc1cc(C=C2SC(=O)NC2=O)ccc1[N+](=O)[O-].CC(C)=O,Application_ds
OC[C@@H]1CNCCN1.O=CN(C)C,Application_ds
O=C(NC1=CC=C(OC)C=C1OC)NCCC2=CNC=3C=CC=CC32.O=CN(C)C,Application_ds
O=[N+]([O-])c1ccc2c(c1)c(-c1cn[nH]c1)nn2C(c1ccccc1)(c1ccccc1)c1ccccc1.CC1CCCO1,Application_ds
FC(F)(F)c1cnc(Cl)c(Cl)c1.CC(OCC)=O,Application_ds
Cc1ccc(C=Nc2c(-c3ccccc3C)nc3c4ccccc4ccn23)cc1.CC1CCCO1,Application_ds
O=C(O)c1cccn(C(c2ccccc2)c2ccccc2)c1=O.O,Application_ds
Cc1c(N2C(=O)C(C)(C)C(=O)C2C)ccc(C#N)c1F.CC1CCCO1,Application_ds
c1cc(-c2nnc3n2CCNC3)co1.O=CN(C)C,Application_ds
O=C1OC2CC(OC3(OC(CC)C(C)CC3)C2)CC=C(C)CC(C=CC=C4COC5C(OC)C(=CC1C45O)CO)C.CC1=CC=CC=C1,Application_ds
COc1ccc(/C=C/c2nc(-c3ccc(Cl)cc3Cl)cn2CC(=O)O)cc1.O,Application_ds
CCOC(=O)CNc1cnnc(Cl)c1Cl.CC1CCCO1,Application_ds
CN1CCC(OC(=O)c2ccccc2)(c2ccccc2Cc2ccccc2)CC1.CO,Application_ds
O=C(O)C1=CC(N=NC2=CC=C(SC3=CC=C(N=NC4=CC=C(O)C(=C4)C(=O)O)C=C3)C=C2)=CC=C1O.O,Application_ds
C=CCc1c(-c2ccc(OC)cc2)ccc2cc(OC)ccc12.CCO,Application_ds
COC(=O)c1ccc(N2CCN(C(C)=O)CC2)cc1.CC(C)=O,Application_ds
  Cc1cc(C)c(C(=O)NC(=S)NC(=O)CCCBr)c(C)c1.CCO,Application_ds
N#CC1(NC(=O)[C@@H]2CCCC[C@H]2c2oc(-c3cccc(Cl)c3)nc2-c2ccc(N3CCS(=O)(=O)CC3)cc2)CC1.CC(OCC)=O,Application_ds
C#Cc1cccc(CN2CCN(c3ccc4nnc(C(F)(F)F)n4n3)CC2)c1.O=CN(C)C,Application_ds
  O=S(=O)(Nc1ccccc1)Nc1ccc(Br)cn1.CCO,Application_ds
CS(=O)(=O)OCCOc1ccc(N2CCN(c3ccc4nnc(C(F)(F)F)n4n3)CC2)cc1.O=CN(C)C,Application_ds
CCC(CC)(Cc1nc2ccc(OCc3ccn(C)n3)cc2n1Cc1ccc(-c2ccc(C(F)(F)F)cc2)cc1F)C(=O)O.CC(C)=O,Application_ds
O=Cc1ccccc1OC(F)(F)F.O,Application_ds
Cc1cc(C(=O)N(C)C)ccc1C(=O)Nc1ccc(Cl)c(-c2ccccn2)c1.O,Application_ds
O[C]1[CH][CH][CH][NH2+][C]1CSC(N)=[NH2+].CC1=CC=CC=C1,Application_ds
COC(=O)c1sccc1NS(=O)(=O)c1ccc(F)cc1.CC1=CC=CC=C1,Application_ds
Cc1cc(-c2ccn(CCN3C(=O)c4ccccc4C3=O)n2)ccc1C#N.CC1CCCO1,Application_ds
Cc1ccc(S(=O)(=O)n2ccc3c(C#N)ccc(Br)c32)cc1.O=CN(C)C,Application_ds
O=C(N1CCN(C)CC1)C(C)C2CCC3(C)C[C]4S[C](NCC=C)[NH2+][C]4C(C)C3C2O.CCO,Application_ds
N#CC=1C=CC(=O)N(C1)C.CC1CCCO1,Application_ds
COc1cc(F)c(C(OC)C(=O)NCc2ccc(C#N)cc2O)c(F)c1.CC1=CC=CC=C1,Application_ds
Oc1ccc2cc(Br)ccc2c1F.CC1CCCO1,Application_ds
COC(C)c1cccc([N+](=O)[O-])c1.N#CC,Application_ds
O=C1NC(C(=O)NC(=CC)C(=O)NC(C(=O)NC(C(=O)NC(C(=O)N(C)C(C(=O)N2CCCC2C(=O)NC(C(O)C(=O)NC(C(=O)NC1=CC)C(C)C)C(C)CCCCCCCCCC(O)CC)CC(=O)N)C(O)C)C)CC(=O)N)CC(=O)N.CC1=CC=CC=C1,Application_ds
CCOC(=O)N1CC[C@H](Oc2ccccc2F)[C@H](c2ccccc2)C1.CC1=CC=CC=C1,Application_ds
CC(C)c1ccc2c(Nc3cccc(C(=O)Nc4ccc(Sc5ccc(NC(=O)OC(C)(C)C)cc5)c(Nc5ncnc6nc(C(C)C)ccc56)c4)c3)ncnc2n1.CC1CCCO1,Application_ds
CC(C)(C)C(=O)OCSC1CC(=O)N(Cc2ccc(Oc3ccccc3)cc2)C1.CC(OCC)=O,Application_ds
O=C(O)c1cccc(CBr)c1.CO,Application_ds
O=C(NCC=1C=CC=CC1)CCC2N(C)C3CCN(CC=4SC=CC4)C3C(=O)NC2.CC1CCCO1,Application_ds
CCc1ccc(NCc2ccc(C(=O)N(C)C)cc2)cc1.CC(C)=O,Application_ds
OCC1OC(CC2=CC=C(C=C2)C(O)C)C(O)C(O)C1O.O,Application_ds
CCCCCCCCCCCCCCCCCCOc1ccc(C(=O)OC)c(O)c1.CC1=CC=CC=C1,Application_ds
CCOC(=O)c1ccc(C)c(N)c1.O,Application_ds
CC(C)(C)OC(=O)N1CCCc2cc(OCCCCCCBr)ccc21.CCO,Application_ds
Cc1nc2cc(OC[C@@H](O)CN3CCNCC3)ccc2s1.CCO,Application_ds
O=C1NC(=O)C(N1)=C2C(=O)NC=3C=CC(=CC32)C.CC1CCCO1,Application_ds
O=C1OC2(C=3C=CC=CC13)C(CCC)C45C=CCCCC25C(OC4=O)=CCCC.CC(OCC)=O,Application_ds
OC1CC2(O)C(O)CCC(C)C2(C)CC1C(=C)C.CC1=CC=CC=C1,Application_ds
Cc1cc(N)n(-c2ccccn2)n1.N#CC,Application_ds
N=CC=1ONC2=NC=CC12.CC1=CC=CC=C1,Application_ds
Cc1cc([S+](c2ccccc2)c2ccccc2)cc(C)c1O.O,Application_ds
CCOC(=O)Nc1nc2cc(OC)ccc2nc1OC.CC1=CC=CC=C1,Application_ds
COC(=O)c1nn(-c2cccc(Br)c2)c2cc(C#N)ccc12.CCO,Application_ds
O=C(CN1CCc2cc(C(=O)N3CCCC3)ccc2C1)N1CCN(C2CCC2)CC1.CC(C)=O,Application_ds
  CC(C)(C)Nc1c(NCCN(Cc2ccccn2)Cc2ccccn2)c(=O)c(=O)c1=O.O,Application_ds
CC(C)(C)OC(=O)N1CCC(CCI)CC1.CC1CCCO1,Application_ds
O=C(OC1CCC(=CC2OC(=O)C3(OC23C(OC(=O)C)C4C5(OC5CC(OC(=O)C)C14C)C)C)C)C.CCO,Application_ds
O=C(OC1C(O)COC(OC2C(O)C(OC(OC(=O)C34CCC(C)(C)CC4C5=CCC6C7(C)CCC(OC8OC(COC9OCC(O)C(OC%10OCC(O)C(O)C%10O)C9O)C(OC%11OC(CO)C(O)C(O)C%11O)C(O)C8N=C(O)C)C(C)(C)C7CCC6(C)C5(C)CC3O)C2OC%12OCC(O)C(OC%13OCC(O)(CO)C%13O)C%12O)COC(=O)C)C1O)C(=CCCC(O)(C=C)C)C.CCO,Application_ds
CCNc1c(Br)cnc(Cl)c1N.O,Application_ds
O=C1OC=2C=C(OC)C=CC2C(=C1)C(C(=O)OC)CC=3C=CC=CC3.CC1=CC=CC=C1,Application_ds
Nc1ccc(Oc2ccc3c(c2)CCN3CC(=O)N2CCN(Cc3ccc4c(c3)OCO4)CC2)nc1.CC(OCC)=O,Application_ds
O=C(O)C(=O)CC1=CC(Cl)=C(O)C(Cl)=C1.CC1=CC=CC=C1,Application_ds
COc1ccc(F)c(Cl)c1[C@@H](C)c1c[nH]c2ncc(-c3cnn(C)c3OC)cc12.CC1CCCO1,Application_ds
C[Si](C)(C)CCOC(=O)C1CCCC(=O)C1.CC1CCCO1,Application_ds
CCn1c2c(c3cc(C(=O)N(C)CCCC(=O)NCC(F)(F)F)ccc31)CC(C1CCOCC1)CC2.CC1CCCO1,Application_ds
COc1cc(F)ccc1-c1cc(N)ncn1.CC1=CC=CC=C1,Application_ds
C[C@H](Nc1nccc(-n2cc(Br)nc2-c2ccc(F)cc2)n1)c1ccccc1.CC1CCCO1,Application_ds
O=C(OC1CC(=CCCC(=CC2OC(=O)C(=C)C21)CO)C)C(=C)C(O)CO.CC1CCCO1,Application_ds
O=C=Nc1cc(F)cc(C(F)(F)F)c1.N#CC,Application_ds
O=C(O)CC(C=1C=CC=CC1)C=2C(=O)C(C(O)=C3C(=O)C(C)C(OC32)C)(CCC(=CCC=C(C)C)C)CCC(C)C.O,Application_ds
O=C(OC1CC2(C)C3C=CC4C(C)(CO)C(N(C)C)CCC54CC35CCC2(C)C1C(N(C)C)C)C=6C=CC=CC6.O,Application_ds
CC(=O)c1ccc(OCC2CC2)c(-c2ncnc3c(C(=O)N[C@@H]4CC[C@@H](N)CC4)c(C)[nH]c23)c1.CC1CCCO1,Application_ds
C=Cc1ccc(COc2ccc(P(c3ccccc3)c3ccccc3)c(C=O)c2)cc1.O=CN(C)C,Application_ds
Nc1cccc(-c2cccc3cc(C(=O)N[C@H]4CN5CCC4CC5)sc23)c1.O,Application_ds
COC(=O)NCC1CN(c2ccc(-n3cnc(Cn4ccnc4)c3)c(F)c2)C(=O)O1.N#CC,Application_ds
CCOC(=O)c1oc2cccc(OS(=O)(=O)C(F)(F)F)c2c1C.CO,Application_ds
CCOC(=O)c1csc(C2CCNCC2)n1.N#CC,Application_ds
OC1=CC=C2C=C1OC3CCCC(CO)C3CCN=C(N)NCC4(CCCC54CCOC6(CCCC(CNC)C6)C5)CC(O)CC7C=CC(CC7C(C)CCCCC)C8C=9C(=C(OC)C=C%10OC2C(O)CC%109)C%11=CC(=C(O)C=C%11C8)CC(C)C.N#CC,Application_ds
  CCN(CC)C(=O)[C@H](NC(=S)NC(=O)c1ccccc1Br)C(C)(C)C.CC(C)=O,Application_ds
NC(=O)NCc1cccc(C(F)(F)F)c1.CO,Application_ds
CCCCCCCCCCCCCC[C@@H](OCc1ccccc1)[C@@H](OCc1ccccc1)[C@H](CO)NC(=O)CCCCCCC.N#CC,Application_ds
O=C(Nc1cccc([N+](=O)[O-])c1)C(=O)N1CCC(Cc2ccccc2)CC1.CC1=CC=CC=C1,Application_ds
Nc1ccc(-c2nc(N3CCOCC3)nc(N3CCOCC3)n2)cc1.CCO,Application_ds
NC1CCOC1=O.O,Application_ds
  COc1cc(Cl)nc(Nc2c(NS(=O)(=O)c3cc([N+](=O)[O-])ccc3NC3CCCCC3)c(=O)c2=O)n1.CCO,Application_ds
O=C(OC)C=1C=CC=C(C1)NC(=O)N2CCCC3=CC4CC(CN5CCCCC54)C32.O=CN(C)C,Application_ds
CN1C(c2nc3c(C(N)=O)cccc3[nH]2)CCC12CC2.CO,Application_ds
O=C(N1CC2N(CCOC2)C3(C1)CN(CC=4C=NC=CC4)C3)C(C)C.CC1CCCO1,Application_ds
O=C1C(=O)N(Cc2csc3ccc(Cl)cc23)c2ccccc21.O=CN(C)C,Application_ds
O=C1C=C2C(=CC=C3C4=C(C)CC5(C)CC(O)C(C(=O)OC)(C)CC5C4(C)CCC23C)C(=C1O)C.CC(C)=O,Application_ds
Nc1ccc(-c2cnccn2)cn1.CC1CCCO1,Application_ds
O=[N+]([O-])c1c(Br)n[nH]c1Br.O=CN(C)C,Application_ds
O=Cc1cccc(Cl)c1F.O,Application_ds
CC(C)(C)OC(=O)N1CCC(Oc2cc(Cl)nc(N3CCOCC3)n2)CC1.CC1CCCO1,Application_ds
Cc1cc(Br)c(C)c2c1SCCC2O.CC1CCCO1,Application_ds
Oc1cc(COC(Cn2ccnc2)c2ccc(Cl)cc2Cl)c2ccccc2n1.CC1=CC=CC=C1,Application_ds
Brc1ccc(C2=CCN(Cc3ccccc3)CC2)cc1.CC1=CC=CC=C1,Application_ds
CCOC(=O)C1(c2ccc(-c3ccc(-c4onc(C)c4CNC(=O)NCc4ccccc4)cc3)cc2)CC1.CC(C)=O,Application_ds
CC1(C)OB(c2ccc3cc(NS(C)(=O)=O)ccc3c2)OC1(C)C.O=CN(C)C,Application_ds
O=C1C(O)=C2OC=3C=C(O)C4=C(OC5CC6C=7C4=CC8=C9C(=CC=C(C97)C(SSCCCC5O)(CC%10=CC=C(C=C%10)C%11C=CC%12(C%11=O)C=%13C=CC=C(C%13)CC%14CC%15SSCC%16=C2C=C(C(O)=C%16CC%17=CC=CC(=C%17)C%15NC%14CSSC%12)CC(C)C)C6O)CC(CCCO)C8CCO)C13.CO,Application_ds
Cn1c(N2CCNCC2)nc2ccc(F)cc21.CC1CCCO1,Application_ds
CC(C)(C)OC(=O)Nc1nc(CCNc2ccc([N+](=O)[O-])cc2)cs1.CC1CCCO1,Application_ds
COC(=O)c1ccc(C2(NC(=O)c3cc(Cl)cnc3N3CC(Nc4cccc(C(F)(F)F)c4)C3)CC2)cc1.CC(C)=O,Application_ds
Cc1cc(N)c(NC(=O)OC(C)(C)C)cc1Cl.O,Application_ds
Cn1nc(N)c2c(-c3ccc(N)cc3)cncc21.O,Application_ds
O=C(O)C=1C=CC=C(C1)NS(=O)(=O)C=2C(=O)NC(=O)NC2C.O=CN(C)C,Application_ds
O=C(O)C#CC(O)C(O)C(O)CCCCCCCCCCCCC(O)C=CCCCCCC(=O)CCCC(O)C#CC(O)C#CCC(O)CCCC(O)C=CC(O)C#C.CO,Application_ds
COc1cc([N+](=O)[O-])ccc1N.CC1CCCO1,Application_ds
O=C(NC=1C=CC=C(F)C1)NCC2N3CCC(C2)C(CN4CCN(C=5C=CC=CC5)CC4)C3.O=CN(C)C,Application_ds
O=[N+]([O-])c1ccc(O[C@@H]2CCNC2)nc1.CCO,Application_ds
CC(C)(C)OC(=O)N[C@@H](CCC(=O)O)C(=O)OCc1ccccc1.N#CC,Application_ds
CS(=O)(=O)c1ccc(C(CC2CCOCC2)C(=O)O)cc1Cl.O=CN(C)C,Application_ds
C=CC(=O)OOC(C)(N)CC.N#CC,Application_ds
C[C@H]1CCc2c(ccc(Br)c2Oc2ccccc2)N1C(=O)C1CC1.CCO,Application_ds
O=C(OCC(O)C(O)C(O)C(O)COC(=O)C=1C=CC=CC1)C=2C=CC=CC2.CCO,Application_ds
ClCCCI.N#CC,Application_ds
CC1(c2ccc(F)c(S(N)(=O)=O)c2)OCCO1.CC(C)=O,Application_ds
O=C1OCC2(C)C(O)(C(=O)CC34C1OC(CC23O)C4C)C.CC(C)=O,Application_ds
Nc1ncc(Br)c(N2CCN(Cc3ccncc3)CC2)c1[N+](=O)[O-].CC1CCCO1,Application_ds
O=CCN1CCC2(C=3C=CC=CC3N(CC)C2)CC1.O=CN(C)C,Application_ds
O=c1[nH]nc(Cl)c2ccccc12.CO,Application_ds
O=C1NCC(N2CC(NS(=O)(=O)C3=CC=C(OC)C=C3)CC12)CCC(=O)N4C=5C=CC=CC5CC4.CC(OCC)=O,Application_ds
COCN(C(=O)Nc1ccc(Cl)cc1)C(=O)c1c(Cl)cccc1Cl.CC(OCC)=O,Application_ds
COc1cc(-n2cnc3cc(-c4ccc(Cl)cc4)sc3c2=O)ccc1NCCN1CCCC1.CO,Application_ds
O=C(NCCC1CC1)c1ccc(N2CCC(C(=O)c3ccc(F)cc3)CC2)nn1.CO,Application_ds
[O-][NH+](O)C1=CC=C(OCC#CC2C3=C(OC)C=4OCOC4C=C3CCN2C)C=C1.CCO,Application_ds
Cc1nc2cc(F)c([N+](=O)[O-])cc2s1.O,Application_ds
CCOC(=O)CCN(C)C(=O)c1ccc(NC(c2oc3ccc(F)cc3c2C)C2CCCCC2)cn1.CO,Application_ds
O=C(O)C1(O)CC(O)C(OC(=O)C=CC=2C=C(OC)C=3OC(C4=CC=C(O)C(OC)=C4)C(C3C2)CO)C(O)C1.N#CC,Application_ds
  CCCCNc1c(NC(=O)c2ccccc2F)c(=O)c1=O.O,Application_ds
C[C@H]1CN(c2ncc(Br)cc2C=O)C[C@@H](C)O1.O,Application_ds
CC(C)(C)OC(=O)Nc1cc(NC=O)ccc1F.O=CN(C)C,Application_ds
ClCCNCCCl.CC(C)=O,Application_ds
CN(C)c1ccc(C(=O)O)cn1.CCO,Application_ds
N1=C(C)C(C)CN1C(C)C.CC1CCCO1,Application_ds
O=C(N)COC1=CC=C2C(=O)C(OC=3C=CC=CC3Br)=C(OC2=C1)C.CC1CCCO1,Application_ds
CC1(C)CCC(=O)Nc2ccc(N)cc21.N#CC,Application_ds
CCOc1ccc(C(=O)O)c(F)c1F.CC1=CC=CC=C1,Application_ds
  CC[C@H](C)[C@H](Nc1c(NCC(F)(F)F)c(=S)c1=S)C(=O)OC.CC1=CC=CC=C1,Application_ds
CS(=O)(=O)Oc1ccc(C(=O)O)c(Cl)c1.CC(C)=O,Application_ds
OCCC1=CNC=2C=CC(OC)=CC21.CC1CCCO1,Application_ds
O=C(O)CCn1cnc(-c2ccccc2)n1.O=CN(C)C,Application_ds
  CC(C)CCOc1ccc(NS(=O)(=O)Nc2ccc(C/C=N\OC(C)(C)C)cc2)cc1.N#CC,Application_ds
O=[N+]([O-])c1cnc2cc(OCc3ccccc3)ccc2c1NCC1CCOCC1.CCO,Application_ds
O=C(OC1C(OC(=O)C)C2C(O)(CC=C3CC(OC4(OC(C)C(OC5OC(C)C(OC6OC(C)C(O)C(OC)C6O)C(OC)C5)C(OC)C4)C)CCC32C)C7(O)CCC(C(=O)C)C17C)C(=CC)C.CC(C)=O,Application_ds
C1=CC=C(C(=C1)C2=C3C=C(C(=O)C(=C3OC4=C(C(=C(C=C24)Br)[O-])Br)Br)Br)C(=O)[O-].[Pb+2].CC1=CC=CC=C1,Application_ds
Clc1ccccc1-c1nc2ccccc2[nH]1.CC(C)=O,Application_ds
O=C(NC(CO)C(O)C=CCCCCCCCCC(C)CC)CCCCCCCCCCCCCCCCCCCCCCCCC.CC(C)=O,Application_ds
CCOC(=O)c1[nH]c2ccccc2c1NC(=O)c1ccccc1.O,Application_ds
Cc1nc(Cl)nc(N2CCOCC2)c1[N+](=O)[O-].CCO,Application_ds
COC(=O)C(N)Cc1cccc(O)c1.CO,Application_ds
COc1cccc(Nc2cc(N(C)C)nc(N3CCNCC3)n2)c1.O,Application_ds
O=C1C=C(C)CC2CC(=O)C3C4CCN(C)CC4CC132.CC1CCCO1,Application_ds
O=C1OCC2C1(O)C(C)(C)C3CCC4(OC(C=C)(C)CCC4C23C)C.O,Application_ds
COC(=O)c1ccc(CCCBr)cc1.CC1=CC=CC=C1,Application_ds
C/C(=C(/C(=O)NC1=CC2=C(C=C1)NC(=O)N2)\N=NC3=CC=CC=C3C(F)(F)F)/O.CCO,Application_ds
OC=1C=CC2=C(C1)C3=C(N2C)C4N5CC(=CC)C(C4)C(CO)C5C3.CCO,Application_ds
O=S(=O)(NCC1N2CCC(C1)C(C3=NC(=NC(=C3)C=4SC=CC4)C)C2)CC=5C=CC=CC5.CC1CCCO1,Application_ds
C[C@@]1(C(=O)Nc2ccc(F)nc2)CCCN1.CO,Application_ds
FC(F)(F)COc1ccc(Br)cc1.CO,Application_ds
  O=c1c(Nc2ccc(I)cc2)c(NC(CO)CO)c(=O)c1=O.CC(C)=O,Application_ds
CCC(C)C(C(=O)Cl)c1ccccc1.O,Application_ds
Nc1nccnc1C(=O)c1ccccc1.CC1CCCO1,Application_ds
O=C1CCOC1(O)C.O,Application_ds
CCCc1nc(C)n(-c2ccc(OCC)c(F)c2)c(=O)c1Cc1ccc(-c2ccccc2C#N)cc1.O,Application_ds
O=CC(C1C2=C(OC)C(OC)=CC=C2C=3C=CC4=CC=5OCOC5C=C4C3N1C)C6C7=C(OC)C(OC)=CC=C7C=8C=CC9=CC=%10OCOC%10C=C9C8N6C.O,Application_ds
OC1=CC=C(C=C1OC)CN.CC(C)=O,Application_ds
  COC(=O)CCNc1c(NCc2ccc(Br)cc2)c(=O)c1=O.CC(C)=O,Application_ds
COC(=O)c1ccc([N+](=O)[O-])c(OC2CCCC2)c1.CO,Application_ds
COC(=O)c1cccc([N+](=O)[O-])c1-c1ccc(-c2sccc2NS(=O)(=O)C(C)C)cc1.CO,Application_ds
COC(=O)c1c(Cl)nc2ccc(C#N)cc2c1NCc1ccc(OC)c(Cl)c1.N#CC,Application_ds
CCOc1nc(C)c2cc(OC)c(OC)cc2c1C(=O)OC.O,Application_ds
C[C@@H]1NC(=O)C[C@]1(C)O.O=CN(C)C,Application_ds
O=C(O)C1OC(OC=2C(=O)C3=C(O)C=C(OC)C=C3OC2C=4C=CC(O)=CC4)C(O)C(O)C1O.CC(C)=O,Application_ds
OCC(O)C1(C)CC2=CCC3C(C)(CO)C(O)CCC3(C)C2CC1.CC1CCCO1,Application_ds
N#Cc1ccc(C(=O)Cl)cc1.CC(OCC)=O,Application_ds
C#CCOCCCCCCCCCCOC(=O)C1CC1.CC(OCC)=O,Application_ds
COC(=O)C(=Cc1cc(OC)cc(OC)c1)c1ccc(Oc2ccc(CCC(N)=O)cc2)cc1.N#CC,Application_ds
CN1CCC(O)C1.CC1CCCO1,Application_ds
Cn1c(=O)n(CCCI)c2ccccc21.O=CN(C)C,Application_ds
CSc1nccc(C(=O)Cl)n1.O,Application_ds
  COc1cccc([C@@H]2C(C#N)=C(N)S[C@H]2C(=O)Nc2c(N[C@@H](C)c3ccc(Br)cc3)c(=O)c(=O)c2=O)c1.CC(C)=O,Application_ds
COc1ccc(NC(=O)c2ccc(-c3ccc(-c4noc(C)n4)cc3C)cc2)cc1OCCCN(C)C.CC1CCCO1,Application_ds
OC1CC(=C(C=CC(=CC=CC(=CC=CC=C(C=CC=C(C=CC2=C(C)CC(O)CC2(C)C)C)C)C)C)C(C)(C)C1)C.CCO,Application_ds
O=Cc1ccc(-n2ccnc2)cc1.CC(C)=O,Application_ds
O=C(OC1CC2(C3=C(O)C(=O)C(=CC3=CC=C2C(C)(C)C1)C(C)C)C)C4=CC=C(O)C(OC)=C4.O=CN(C)C,Application_ds
  CC(C)(C)/[N+]([O-])=C/c1ccc(NC(=O)NCc2cc(C(F)(F)F)cc(C(F)(F)F)c2)cc1.CO,Application_ds
O=C(OC)C1OC(OC2=CC(O)=C3C(=O)C(OC)=C(OC3=C2)C=4C=CC(O)=CC4)C(O)C(O)C1O.CC1=CC=CC=C1,Application_ds
O=C1C2=CC=3C=C(O)C=C(OC4OC(CO)C(O)C(O)C4O)C3C(O)=C2C(OC1C)C.CC(OCC)=O,Application_ds
Cc1cnccc1Nc1nc(-c2cc(Cl)ccc2F)nc2c1CC(C)(C)C2.CO,Application_ds
O=C(O)CCCC=CCC=CCC=CCC=CCCCCC(F)(F)F.O,Application_ds
CNC(=O)c1ccccc1Nc1nc(Nc2cc(N)ccc2OC)nc2c1c(Cl)cn2COCC[Si](C)(C)C.O=CN(C)C,Application_ds
O=C1CC2C=C(C)CC34N(CCCC13)CCC(O)C24.CC1=CC=CC=C1,Application_ds
  CC(=O)NS(=O)(=O)N[C@@H]1CCCC[C@H]1NC(=O)c1cc(C(F)(F)F)cc(C(F)(F)F)c1.O=CN(C)C,Application_ds
CCOc1ccc(N)c(-c2ncco2)c1.O,Application_ds
O=C1OC2(C(=O)C=C3C=C(C=CC(=CC(C)CC)C)N(C=C3C2=C1C(=O)C)CCCC(=O)O)C.CO,Application_ds
O=C(C=CC=C(C=CC1(O)C(=CC(=O)CC1(C)C)C)C)C.CC(OCC)=O,Application_ds
O=S(=O)(NCCBr)c1ccc(S(=O)(=O)Nc2cccc3c(Cl)c[nH]c23)cc1.CC1CCCO1,Application_ds
OC1CCC2(C(=CCC3C2CCC4(C)C(CCC34)C(C)C5CC5(C)C(C)C(C)C)C1C)C.CCO,Application_ds
CCCCCCCCCCCCCCCCCCC(C)(C)C.CCO,Application_ds
  Cc1cc(Nc2cc(N(C)C)ccn2)c(C)c2c1C[C@@H](C)/C2=C1\c2c(C)c(NS(=O)(=O)NC(=O)c3cccc([N+](=O)[O-])c3)cc(C)c2C[C@H]1C.O,Application_ds
O=C1C2(CN3CC1(CN(C2)C3C=4C=CC=C(Br)C4)C(C)C)C(C)C.O,Application_ds
O=C1OC=2C=C(OCCSC3=CC=C(C=C3)C)C=CC2C(=C1)C.CC1CCCO1,Application_ds
CCS(=O)(=O)N1CCC(c2c[nH]c3c(C(N)=O)cc(Br)cc23)CC1.CO,Application_ds
O=C1C2=CC(=CC=C2C3(C)CC(O)CC(C)(C)C3C1)C(C)C.N#CC,Application_ds
C=CCOc1cccc(C=O)c1.O=CN(C)C,Application_ds
CCCCC(=O)N(Cc1ccc(-c2ccccc2S(=O)(=O)N=CN(C)C)cc1)C(C#N)C(=O)OCC.N#CC,Application_ds
CC1(C)C(C(=O)c2cn(CC3CCOCC3)c3ccc(C(=O)NCCO)cc23)C1(C)C.CC1CCCO1,Application_ds
Fc1ncccc1I.N#CC,Application_ds
ClC1(C)CCC2(CC1Br)C3(OC3CC(Br)C2(C)C)C.O=CN(C)C,Application_ds
O=CC=1C(O)=C(C(=O)C=C(O)C=2C=CC=CC2)C(O)=C(C1O)C.N#CC,Application_ds
CCCC(=O)c1cnc2c(C(C)=O)cccc2c1Cl.CC1CCCO1,Application_ds
CC(C)(C)OC(=O)NCCCCCC(=O)O.CC(OCC)=O,Application_ds
N#Cc1cnc2ncc(N)cc2c1Nc1cccc(Br)c1.CC1CCCO1,Application_ds
CCOc1cc(C=O)ccc1C#CC1(O)CN2CCC1CC2.CC1=CC=CC=C1,Application_ds
CN1CCN(c2cnc(N)s2)CC1.O=CN(C)C,Application_ds
CNC(=O)c1c(-c2ccc(F)cc2)oc2ncc(-c3cccc(C(=O)NC(C)(C)C)c3)cc12.CO,Application_ds
COc1ccc(C(C)(C)N)cc1.CCO,Application_ds
O=C(OCC)NC(C=1C=CC=CC1)C(O)C(=O)OC(C)C.CO,Application_ds
O=C1OCC=2C=C3C=C(OC4OC(COC(=O)C)C(O)C(O)C4O)C(OC)=CC3=C(C=5C=CC=6OCOC6C5)C12.CCO,Application_ds
CN1C2C=CC(O)=CC2C2CCC(NC(=O)OCc3ccccc3)C21.CC(OCC)=O,Application_ds
Cc1c(OCc2ccccc2)c(=O)c(C(O)C(F)(F)F)cn1C.N#CC,Application_ds
CC(C)(C)OC(=O)NCCOCCN=[N+]=[N-].CC(OCC)=O,Application_ds
N#Cc1cccc2c1CC(=O)c1ccccc1S2.N#CC,Application_ds
O=C(O)C(C)C1(O)OC(C(C)C(O)C(C(=O)C(CC)C2OC(C)(CC2C)C3(O)OC(CC)(CC3C)C(O)CCC)C)C(CC)C(O)C1C.O=CN(C)C,Application_ds
CNCCS(C)(=O)=O.CC(OCC)=O,Application_ds
OC(C(=C1CCC2C3CC=C4CC(O)CCC4(C)C3CCC12C)C)C(C)C(C)C(O)(C)C.CC1CCCO1,Application_ds
Cc1cc(C)c2c(C#N)c(/C=C/C(=O)O)n([C@H]3CCCc4ccccc43)c2n1.CC1=CC=CC=C1,Application_ds
N#Cc1ccc(F)c(Br)c1.O,Application_ds
CCOC(=O)Nc1ccc(C(=O)N(CCN2CCC(C(=O)c3ccc(F)cc3)CC2)c2ccccc2OC)cc1.O=CN(C)C,Application_ds
O=C1NC2=C(C(=CC=C2C13N4CCCC4C5C(=O)N(C(=O)C53)CCCC)C)C.N#CC,Application_ds
Clc1nccnc1OC1CCN(c2ccc3ccccc3n2)CC1.O=CN(C)C,Application_ds
CCOC(=O)c1cnc(N2CCN(c3nnc(Cc4ccc(F)cc4F)c(C)c3C)C[C@H]2C)nc1C(F)(F)F.CO,Application_ds
Cc1ccc(S(=O)(=O)n2ccc3ccccc32)cc1.CC(OCC)=O,Application_ds
OC(C)CCC1C(C)CC(OC2OC(COC3OCC(O)C(O)C3O)C(O)C(O)C2O)CC1(C)C.O=CN(C)C,Application_ds
O=C1CCN(C(=O)OCc2ccccc2)CC1.CC1=CC=CC=C1,Application_ds
Cn1cc(S(=O)(=O)N2CCC(F)(C(=O)Nc3ccc(OC(F)(F)F)cc3)CC2)c(C(F)(F)F)n1.CC(OCC)=O,Application_ds
O=C(O)CC(OC1OC(C)C(O)C(O)C1OC2OC(C)C(O)C(O)C2O)CCCCCCC.CC1CCCO1,Application_ds
COc1cc2c(cc1Cl)N(C)CC(C(=O)N1CCN(Cc3ccc(F)cc3)C[C@H]1C)O2.CC(OCC)=O,Application_ds
CNC(=O)c1ccc2c(c1)CC(=O)N2C1CCNCC1.CO,Application_ds
COC(=O)c1ccc(NC2CCN(Cc3ccccc3)CC2)nc1.O=CN(C)C,Application_ds
O=C(NC(C(=O)N(C)C(C(=O)NC1C(=O)NCCC(=O)NC(C(=O)N(C)C(C(=O)NCCC(=O)NC(C(=O)N(C)C(C(=O)N(C)C(C(=O)NCCC(=O)NC(C(=O)N(C)C(C(=O)OC1C)C(C)CC)CC(C)C)C)C(C)C)C(C)CC)C(C)CC)CC(C)C)CC(C)C)C(C)C)COC.O=CN(C)C,Application_ds
CC(=O)C1(O)C=CC=CC1C(=O)Cl.CO,Application_ds
COc1cc(CN2CCC(CCCOS(C)(=O)=O)(Cc3ccc(F)cc3)C2=O)cc(OC)c1OC.O=CN(C)C,Application_ds
COc1cc(NC(=O)N2C=CC(=O)CC2c2cccnc2)c(Br)cc1C.CC1CCCO1,Application_ds
CC(C)(C)[Si](C)(C)OC1CCNCC1.CCO,Application_ds
OC1C(O)C(OCC2OC(OC(C)(C)C3CC=C(C)CC3)C(O)C(O)C2O)OC(C)C1O.O,Application_ds
CC(C)(C)OC(=O)[C@@H]1CCCN1c1ncccc1-c1ccc(Cl)c(C(=O)NCC23CC4CC(CC(C4)C2)C3)c1.N#CC,Application_ds
O=C1C2(O)COC(C2)C3(O)OC(C=C(C)C)C4C(=C5CCC(O)(C)C5CC143)C.O=CN(C)C,Application_ds
NC1CCCCC1.N#CC,Application_ds
  CS(=O)(=O)Nc1ccc(Nc2c(NS(C)(=O)=O)c(=O)c2=O)cc1Oc1ccccc1.O=CN(C)C,Application_ds
O=C1OC(C=C)C23OC3C4OC(=O)C5(C)C6OC6CC(C2=C1)(C)C45.N#CC,Application_ds
COc1cc(OCCCl)c2c(Nc3cc(CC(=O)Nc4ccccc4)[nH]n3)ncnc2c1.CC(OCC)=O,Application_ds
CCCCCC(=O)NC1(OCC)CC1.CC1=CC=CC=C1,Application_ds
O=C1C=CCC(OC(=O)C(OC(=O)C(C)CNC(=O)C(N1)CC2=CC=C(OC)C(Cl)=C2)CC(C)C)C(C)C3OC3C=4C=CC=CC4.O=CN(C)C,Application_ds
CC(C)NCC(O)C1=CC=C(NS(C)(=O)=O)C=C1.CCO,Application_ds
  CCOCCOC(=O)C(C#N)=CNS(=O)(=O)N[C@H](C[C@@](O)(C[C@@H](O)c1ccccc1)c1ccccc1)c1ccccc1.O=CN(C)C,Application_ds
O=C1C=CN(C(=O)N1)CC(NC2CCCCC2)C(=O)O.O,Application_ds
NS(=O)(=O)c1ccccc1SCc1ccccc1.CCO,Application_ds
COc1ccc(S(=O)(=O)Cl)cc1OC.O,Application_ds
O=Cc1cccnc1.CO,Application_ds
CS(=O)(=O)NC1CN(C(=O)c2nc3c(C(F)(F)F)cc(-c4ccoc4)cn3c2Cl)CC1c1ccccc1.CC(OCC)=O,Application_ds
CC(C)(C)c1ccc(CNCCc2ccc(Cl)c(C(F)(F)F)c2)cc1.N#CC,Application_ds
O=C(NC=1C=CC=C(OC)C1)NC2COC3C2OCC3NC=4N=CC=C(N4)C=5OC=CC5.CC1CCCO1,Application_ds
O=C(CCl)c1ccc(O)c(O)c1.O,Application_ds
O=C1C(C2=NC(=CS2)C=3C=CC=CC3)=C(N)N(C1)CCC4=CNC=5C=CC=CC54.CO,Application_ds
CC1CN(C(=O)OCc2ccccc2)CC(C)N1.CCO,Application_ds
CCCCCCN1CCCC(c2ccc(Oc3ccc(C(N)=O)cn3)cc2)C1.CC(OCC)=O,Application_ds
O=C(C=1C=NC=CC1)N2CCC(C3=NC=4C=CC=CC4S3)C2.CC1CCCO1,Application_ds
O=C(OC)C(NC(=O)C1=CC(=NC=2C=CC=CC21)C=3C=CC=C(OC)C3)CCSC.CC1CCCO1,Application_ds
CCCOC(=O)Nc1c(C)cc(Br)cc1C.CC1CCCO1,Application_ds
CN(C)CCCCOC[C@@H]1CC[C@@H](CN(C)C(=O)Oc2ccc(Cl)cc2)CC1.CC1=CC=CC=C1,Application_ds
CCNC(=O)c1cc[nH]c1.CC1=CC=CC=C1,Application_ds
CCCNc1nncc(Cl)c1N.CO,Application_ds
COc1ccc(OCc2cccc(OCc3ccc4ccccc4n3)c2)cc1.CC(C)=O,Application_ds
O=C1C=2OC=C(C2C(C(=O)C(C)C)C3(C1=CCCC3C)C)C.O=CN(C)C,Application_ds
Ic1c[nH]cn1.CC1CCCO1,Application_ds
O=C(O)CC1CCC(=O)C1CC=CCCO.O,Application_ds
CC1(C)C(=O)N(c2ccc(OC(F)(F)F)cc2)C(=O)N1Cc1ccnc(Cl)c1.N#CC,Application_ds
FC(F)(F)C1=NN(C=C1)C2=CC=C(N)C=C2.CC1=CC=CC=C1,Application_ds
O=C(C=CC1=CC=C(OC)C(Br)=C1)NC(C(=O)O)CCCNC(=N)N.N#CC,Application_ds
COc1ccc(OC)c(OC)c1.N#CC,Application_ds
C[C@H]1CNCCN1C1CC1.CCO,Application_ds
COc1cc(-c2ccc3ncc(C(=O)C4CC4)c(N[C@@H]4CC[C@@H](N(C)C)CC4)c3c2)ccc1O.CCO,Application_ds
O=C(OC1CC(C(C)C)C2C3OC(C=C(C(=O)CCC3(OC(=O)C)C)C)C2C1(OC(=O)C)C)C.N#CC,Application_ds
O=C(NC1=NN=C(S1)COC)CCC(C)C2CCC3C4C(O)CC5CC(O)CCC5(C)C4CC(O)C23C.CCO,Application_ds
CC1(c2cccc(NS(C)(=O)=O)c2)C2CNCC21.CC(C)=O,Application_ds
COc1c(O)c(CN2CCCCC2)c(O)c2c(=O)cc(-c3ccccc3)oc12.O=CN(C)C,Application_ds
O=C(CC(O)C(CC=1C=CNC1)CC2=CC=C(O)C(OC)=C2)C(CC3=CC=C(O)C(OC)=C3)CC=4C=C(O)C=5C=CC=CC5C4.CCO,Application_ds
COC(=O)C(C)(C)c1ccc(Nc2cc(Br)cn(C)c2=O)nc1.CO,Application_ds
O=C(C=CC(=CC(C)CC)C)C1C(=O)C(C2=CC=C(O)C=C2)CN(O)C1O.CC(C)=O,Application_ds
CCOC(=O)c1cnc2ccc(Cl)cc2c1Cl.O=CN(C)C,Application_ds
O=C(O)C1=C(O)C=C(OC(=O)C2=C(O)C=C(OC(=O)C=3C(OC)=CC(O)=C(O)C3C)C=C2C)C=C1C.CC(OCC)=O,Application_ds
CCOC(=O)CNc1cccc(OCc2ccccc2)c1NC(C)=O.CC(C)=O,Application_ds
OC=1C=CC=2C3=C4OC(CO)CCC4=C5OC(C6=CC(OC)=C(O)C(=C6)CCCO)C(OCNC)(CNCNCC(O)(C)CC(C)C)CC5=C3CC7C2C1C=C(CNC)C7C=8C=CC=9NC=CC9C8.CCO,Application_ds
Clc1nc(Cl)nc(NCc2ccccn2)n1.CCO,Application_ds
O=C1C=C2C(CCC3C(C(=O)CCC23C)(C)C)C4(C)CCC5(C)C(CCC5C14C)C(C)C.O=CN(C)C,Application_ds
Nc1cc(O)ccc1O.CCO,Application_ds
O=C(O)c1cnc(C#Cc2ccccc2)s1.CC1=CC=CC=C1,Application_ds
CCN(CC)Cc1ccc(-c2nc(C)c(COc3ccc([C@H](CC(=O)N4C(=O)OC[C@@H]4Cc4ccccc4)c4ccon4)cc3)s2)cc1.CC(C)=O,Application_ds
O=C1OC(=NC1=CC2=CN(C=3C=CC=CC23)C)C=4C=CC=CC4.CO,Application_ds
O=C(OCCNC1=NC=NC2=C1N=CN2C3OC(CO)C(O)C3O)NC(=O)C.CC(C)=O,Application_ds
CN1CCN(C2Cc3ccc(C(F)(F)F)cc3Sc3ccc(F)cc32)CC1.CC1=CC=CC=C1,Application_ds
CCC1CC(NC2CCCCC2)CCN1C(=O)OC(C)(C)C.O=CN(C)C,Application_ds
COc1ccc(CNc2cc([N+](=O)[O-])cc[n+]2[O-])cc1.CC1=CC=CC=C1,Application_ds
O=CNC(=C(C)C)C1CCC2(C)CCCC(=C)C12.CC(C)=O,Application_ds
O=C(NCC1C=C(C)C(CC(=O)N2CCOCC2)CC1C(C)C)C3=CC=C(C=C3)C.CO,Application_ds
O=C(OC1C(=O)C2C(OC(=O)C)CCC(C)C2(C)CC1C(=C)C)C(=CC)C.O=CN(C)C,Application_ds
O1C(CCCCCCCCCCCCCCC=CCCCCCCCC)C1CCCCCCCCCCCCCCCCC=CCCCCCCC.CCO,Application_ds
O=C1CC(=O)C2CC(CCCC)CC(C[C]3[CH][CH][C](N)[NH2+][CH]3)CC2C#CC([C]4[CH][CH][CH][CH][CH]4)[C]5[CH][C](O)[C](OC)[CH][C]5CC1.CC(C)=O,Application_ds
O=C(OC)CC(C1=CC=2C=CC=C3C2N(C1=O)CCC3)C=4C(O)=CC=C5C(=O)C(=COC54)C=6C=CC(O)=CC6.O=CN(C)C,Application_ds
O=C(Nc1cccc(C(F)(F)F)n1)c1ccc2ncc(-c3cccc(Cl)c3)n2n1.N#CC,Application_ds
C(=O)(O)O.[Ba+2].CC(OCC)=O,Application_ds
COC(=O)c1cccc(-c2ccc(C)cc2)c1.CCO,Application_ds
O=C1OC(C2=COC=C2)CC13C(C)CC(O)C4(C)C3(O)CCC5OC54C.CO,Application_ds
O=c1cc(COC2CCCCO2)occ1OCCCCn1ccc2ccccc21.CO,Application_ds
COCCS(=O)(=O)Cl.O=CN(C)C,Application_ds
COc1ccc(CCN)cc1.O=CN(C)C,Application_ds
CC(C)[C@H]1CNCCN1c1cccc(Cc2ccccc2)c1.O,Application_ds
O=C1OC2CC(=CCCC(=O)C1C2C(C)CCC=C(C)C)C.O,Application_ds
N1=CON2C1=NC=C2C=C.CC(C)=O,Application_ds
COC(=O)c1cc(C(=O)c2ccc(NC(=O)OCC3c4ccccc4-c4ccccc43)cc2)ccc1NC(=O)c1ccc(Cl)cc1Cl.CO,Application_ds
O=C(OC1=CC=C(N=NC2=CC=C(OCC)C=C2)C=C1)CCCCCCC.CC1CCCO1,Application_ds
  CN(Cc1ccccc1B(O)O)[C@@H]1CCCC[C@H]1Nc1c(NC(=O)C(Cl)(Cl)Cl)c(=O)c(=O)c1=O.CC(OCC)=O,Application_ds
OC1CNC2C(OCC3OC(OC12)C(O)C3O)C4=CC=C(OC)C=C4.N#CC,Application_ds
NCC1(c2ccc(F)nc2)CCC(F)(F)CC1.CC(C)=O,Application_ds
O=C1C(OC=2C1=CC=C(O)C2C)=CC3=CC=C(OC)C=C3OC.CCO,Application_ds
COC(=O)c1cc(C)nc(NC(C)=O)c1.CC(OCC)=O,Application_ds
COc1ccc(-c2nc(S(=O)c3ccccc3NC(C)=O)[nH]c2-c2ccc(OC)cc2)cc1.CO,Application_ds
O=C(OC1C(OC2=CC(O)=C3C(=O)C4=C(O)C=C(C=C4C(C3=C2)C5C=6C=C(O)C=C(O)C6C(=O)C7=C(O)C=C(C=C75)C)C)OC(C)C(O)C1OC(=O)C)C.CC1CCCO1,Application_ds
F[C]1[CH][CH][CH][CH][C]1C[NH+]2[CH][CH][C]([CH][C]2C)C.CC(OCC)=O,Application_ds
O=C1C2=CC=C(N2)C34C(=O)NC(CC5=CC=6C=CC=CC6N5)C4C(C)C7(OC7C3C=CCC(C=C1C)C)C.N#CC,Application_ds
CCOC(OCC)c1cc2cncc(-c3cccc(O)c3)c2o1.CC1CCCO1,Application_ds
C[Si](C)(C)C#Cc1ccc(I)cc1.CC1CCCO1,Application_ds
O=C1OC2CC13CCC4(CO)C(CCC5C6(C)CCC(O)C(C)(C)C6CCC54C)C3C(C)C2C.CCO,Application_ds
CC(=O)Oc1ccc(C#CC(O)c2cc3c(cc2C)C(C)(C)CCC3(C)C)cc1.CO,Application_ds
COC(=O)c1ccc(CN(Cc2cc(Br)ccc2OCc2ccccc2)c2ccc(C(=O)OC(C)(C)C)cc2)cc1.O=CN(C)C,Application_ds
FC(F)(F)c1ccc(-c2cc(Cn3cc4nc(Br)nc-4cn3)on2)c(C(F)(F)F)c1.O=CN(C)C,Application_ds
CCOC(=O)C(C)C(=O)Nc1cc(Cl)cc(Cl)c1.O,Application_ds
O=C(NC(Cc1cccc(C(F)(F)F)c1)C(=O)N1CCSC1)c1cc2cc(Cl)ccc2[nH]1.O=CN(C)C,Application_ds
CCOC(=O)c1ccc(CN)o1.CC1=CC=CC=C1,Application_ds
CC1CON=C(C2=C(S(NC(NC3=NC(OC)=CC(OC)=N3)=O)(=O)=O)N(C)N=C2Cl)O1.CC1CCCO1,Application_ds
COc1cccc(I)n1.CO,Application_ds
O=C1OC=2C=C(OCC(=O)N3CCC(C(=O)O)CC3)C=CC2C4=C1CCCC4.O=CN(C)C,Application_ds
CC(C)(O)c1ccc(-c2cc(C(N)=O)c(Nc3cccc(CO)n3)s2)c(F)c1.O=CN(C)C,Application_ds
COc1ccc2c(c1)nc(S(=O)Cc1ncc(C)c(OC)c1C)n2S(=O)(=O)c1sc(NC(C)=O)nc1C.O,Application_ds
CC(C)(C)OC(=O)N1Cc2cc(O)ccc2C[C@H]1C(=O)O.CC(C)=O,Application_ds
O=C(Nc1ccc(Oc2ccc(F)cc2)cc1)[C@@H]1C[C@@H](Cc2ccccc2F)CN1.O=CN(C)C,Application_ds
O=C1Nc2ccc(I)cc2C1=O.O=CN(C)C,Application_ds
N#CCSCC(=O)c1ccccc1.N#CC,Application_ds
O=CC=Cc1ccc(OCc2ccccc2)cc1.CC1=CC=CC=C1,Application_ds
O=C1C2=CC=CC3=C2CN1CC(=O)C4=C(O)C5=C(C=C(OC)C=6C=CC(OCC7OC(OC65)C(O)C(OC#CC3)C7O)C=8C=N[C+]9C=CC=CC89)C=C4C%10CCCC%10.CC1=CC=CC=C1,Application_ds
O=C(OC1=CC=C2C(OC(=C(OC=3C=CC=CC3OCC)C2=O)C)=C1)C4=CC=C5OCOC5=C4.CO,Application_ds
Cc1cnc(N2CCC(N(C(=O)c3ccc(-c4cnco4)cc3)C3CC3)CC2)cn1.N#CC,Application_ds
[H][C@]12SCC(COC(N)=O)=C(N1C(=O)[C@]2(NC(=O)CC1=CC=CS1)OC)C(O)=O.O=CN(C)C,Application_ds
O=C1CCC(c2ccc(NC(=O)C3CC3(Cl)Cl)cc2)=NN1.CCO,Application_ds
CCCCCCC(=O)Nc1ccc2oc3c(c2c1)CCCCCC3.CC1CCCO1,Application_ds
COC(=O)C(NC(=O)[C@H](C)NC(=O)Cc1cc(F)cc(F)c1)c1cc2cc(Cl)ccc2s1.O=CN(C)C,Application_ds
O=P(F)(OC)CCCCCCCCC=CCC=CCC=CCC.CCO,Application_ds
CC1(C)OB(c2cncc(NS(=O)(=O)c3ccccc3)c2)OC1(C)C.CO,Application_ds
CN1Cc2cc(-c3ccc(-c4cccc(NS(=O)(=O)c5ccc(F)cc5F)c4)s3)ccc2C1=O.CC1CCCO1,Application_ds
CCCC[Sn](CCCC)(CCCC)c1nc(C(C)C)cs1.CC1=CC=CC=C1,Application_ds
O=C(c1ccccc1)c1cc(Cl)ccc1O.CC1=CC=CC=C1,Application_ds
O=C(OC1CC(=CC2(OC)OC(C(=C2)C)C3OC(=O)C(COC)C13)C)C(=C)C.CC(C)=O,Application_ds
CCNC(=O)NCC(CO)c1cccc2ccc(OC)cc12.O=CN(C)C,Application_ds
COc1cc(Cl)ccc1N=c1scc(-c2ccc(F)cc2)n1CCCN(CC(=O)O)C(=O)OC(C)(C)C.CC(C)=O,Application_ds
COC1=C(C=C(C=C1Cl)Cl)Cl.CO,Application_ds
CC(C)OC(OC(C)C)C(C)(C)C(=O)C(C)C(OC(=O)OCC(Cl)(Cl)Cl)C(C)COCc1ccccc1.N#CC,Application_ds
N#CC(=CC1CC1)C(=O)N1CCC[C@@H]1Cn1nc(-c2ccc(Oc3cccc(F)c3F)cc2)c2c(N)ncnc21.N#CC,Application_ds
O=C(O)COc1ccc(Cl)cc1Cl.O,Application_ds
C#CCN1C(=O)COc2cc(F)c(NC(=O)NCCC)cc21.O,Application_ds
CSc1ccc(N)cn1.CC(C)=O,Application_ds
O=C(OC)NCCC=1C=CC=CC1NC(=O)C.CC(C)=O,Application_ds
C(=CC=C(C=CC=C(C)CCC=C(C)CCCC(C)C)C)C=C(C=CC=C(C=CC=C(C)CCC=C(C)C)C)C.CO,Application_ds
CC(=O)Oc1ccccc1C(=O)OCOC(=O)c1ccc(OCC(CO[N+](=O)[O-])O[N+](=O)[O-])cc1.CCO,Application_ds
COC(=O)N1CC[C@@H](Nc2cc(C#N)cc(Br)c2Cl)[C@H](O)C1.CC1CCCO1,Application_ds
O=C(NN1C=2C=CC=CC2CCC1)CC=3C=CC=CC3.CC1CCCO1,Application_ds
COC(=O)CCc1ccc(O)cc1C.O,Application_ds
Cn1c(=O)c(NC(=O)C2CCCC(NC(=O)OCc3ccccc3)C2)c(N)c2ccccc21.CC1=CC=CC=C1,Application_ds
CC(C)(C)OC(=O)NC(CC1CCOCC1)C(=O)O.CC1CCCO1,Application_ds
CCOC(=O)c1nc(-c2ccc(OC)cc2)c2snc(-c3ccc(Cl)cc3)c2c1O.CO,Application_ds
CC(Br)C(=O)N(C)c1ccccc1F.CC1CCCO1,Application_ds
N=1OC=C(N)C2=CN=CC12.O,Application_ds
COC(=O)c1ccnc(-c2ccc(C(C)(C)C)s2)c1.CC(C)=O,Application_ds
O=C1OC2C(OC(C)C(OC3OC(C)C(OC4OC(C)C(OC(=O)C(C)CC)C(O)C4O)C(O)C3OC(=O)C(C)CC)C2O)OC5C(OC(CCCCC)CCCCCCCCC1)OC(C)C(O)C5O.CC(OCC)=O,Application_ds
COCCNC(=O)c1sc2ncnc(Nc3ccc(F)cc3OC3CCOCC3)c2c1C.CC1CCCO1,Application_ds
O=C(OCC12CN(CC)C3C4(O)C(OC)C1C3(C(OC)CC2)C5CC6C(OC)CC4(OC)C5C6OC)C=7C=CC=CC7N8C(=O)CCC8=O.CO,Application_ds
  Cc1cccnc1Nc1c(Nc2cccc3cnccc23)c(=O)c1=O.CC1CCCO1,Application_ds
Cc1cccc(Br)n1.CO,Application_ds
O=C1C=C(OC=2C=C(O)C=C(O)C12)C3=CC=C(O)C(OC4OC(CO)C(O)C(O)C4O)C3.CC(C)=O,Application_ds
O=C(c1cc2ncc(Br)cn2n1)N1CC=C(c2ccccc2[N+](=O)[O-])CC1.N#CC,Application_ds
O=C(O)C(NC(=O)C(NC(=O)C=1C=CC=CC1)=C(C)C)C.CC1=CC=CC=C1,Application_ds
O=C(Cl)C=Cc1ccco1.CCO,Application_ds
CC(C)(OCc1cc(Cl)ccc1Cl)C(=O)N1CCN(C2CC2)c2ccccc21.N#CC,Application_ds
O=C1OCC(=C1)CCC=C(C)CCC=C2C(=O)OC(C=C(C)C)C2.CC(C)=O,Application_ds
O=C(Cc1ccccc1)NC(C(=O)O)C(c1ccc(F)cc1)c1ccc(F)cc1.O=CN(C)C,Application_ds
O=C(Nc1ccc(OC(F)(F)F)cc1)c1cnc(N2CCCC2)c(Br)c1.O=CN(C)C,Application_ds
Nc1ccc(C(F)(F)F)cc1O.CC1=CC=CC=C1,Application_ds
O=C(N(C(=O)C)C=1C=C(C(C=CC=2C=CC=CC2)=C(C1C=CC=3C=CC=CC3)[NH+]([O-])O)N(C(=O)C)C(=O)C)C.O=CN(C)C,Application_ds
  CN(CNC(=S)NC(=O)c1cccc(F)c1)[N+](=O)[O-].CO,Application_ds
ClCc1cncc(Br)c1.CC1CCCO1,Application_ds
O=C1NC(C(=O)NC(C(=O)N2CCCC2C(=O)NC(C(=O)N3CCCC3C(=O)NC(C(=O)NC1CO)C(C)CC)CC4=CC=5C=CC=CC5N4)C(C)C)CC=6C=CC=CC6.O,Application_ds
OCC(O)CS.CC(C)=O,Application_ds
CCOC(=O)CCc1ccc(Oc2ccc([N+](=O)[O-])cc2)cc1.CCO,Application_ds
Oc1ccc(F)cc1.O,Application_ds
O=C(Cl)[C@@H]1CCCN1.CO,Application_ds
Cc1c(-c2cccnc2)nc2cc(F)ccc2c1N1CC2(CCOCC2)c2ccc(N3CCOCC3)cc21.CC(C)=O,Application_ds
CC1(c2cc(Cn3ncc([N+](=O)[O-])n3)on2)OCCO1.N#CC,Application_ds
CNCc1c(C)c2ccccc2n1C.O=CN(C)C,Application_ds
OC(C(=C)C)CCC1(C(=C(C)C(O)CC1)CCC2C(O)(C)CCC3OC(C)(C)C(O)CCC32C)C.CCO,Application_ds
CC(C)COc1ccc(N2CCN(CCC(=O)N3CCC(Nc4ccc([N+](=O)[O-])c(C(F)(F)F)c4)CC3)CC2)cc1.CC1CCCO1,Application_ds
CC(C)S(=O)(=O)NCC(C)(O)c1ccc(N)cc1.CC1=CC=CC=C1,Application_ds
OC1C(=CCC(C1)C(C)C)C.CO,Application_ds
O=S(=O)(Cl)c1cc(C(F)(F)F)ccc1Cl.CC(C)=O,Application_ds
FC(F)(F)c1cc(-c2ccccc2C(F)(F)F)n(-c2ccc(Br)cc2)n1.CCO,Application_ds
OC1=C(OC)C=C(C=C1OC)C2COC=3C=C4NC(C=5C(OCNCC)=CC(OC)=C6C5C4=C(C3C2O)CC6)CNC.O=CN(C)C,Application_ds
Fc1ccc2c(c1F)CCN2.CC1CCCO1,Application_ds
O=C(NCCO)c1ccc2cncc(-c3cccc(O)c3)c2n1.CC1CCCO1,Application_ds
OC(=NC(C(O)C)C1OC(SCC)C(O)C(O)C1O)C2NCC(CCC)C2.CCO,Application_ds
  CCOCCOC(=O)C(C#N)=CNC(=O)Nc1ccc([N+](=O)[O-])c[n+]1[O-].CC1=CC=CC=C1,Application_ds
COc1nn(C)c(=O)n1Cc1cc(-c2ccccn2)ccc1C.CC1CCCO1,Application_ds
CCOC(=O)/C=C/c1cccc(COCOC)c1.CC(OCC)=O,Application_ds
COC(=O)c1ccc2ccc(-c3ccc(O)cc3)cc2c1.N#CC,Application_ds
  O=[N+]([O-])c1cnc(NS(=O)(=O)Nc2ccc3ccccc3c2-c2c(P(c3ccccc3)c3ccccc3)ccc3ccccc23)s1.CCO,Application_ds
O=C(OC1C(O)CC(O)(C(=O)O)C(CC=2C=CC=CC2)C1OC(=O)C=CC3=CC=C(O)C(O)=C3)C=CC4=CC=C(O)C(O)=C4.O,Application_ds
CCOC(=O)c1cc2cc(O)ccc2[nH]1.CC1=CC=CC=C1,Application_ds
O=S1(=O)N=C(NCCCCOn2cc(CN3CCCCC3)cn2)c2ccccc21.CC(C)=O,Application_ds
Cc1ccc(C)n1-c1ccc(Br)cc1.O,Application_ds
CN(c1ccc(C(=O)C(F)(F)F)cc1)S(=O)(=O)c1ccccc1.CC1CCCO1,Application_ds
O=C(Cl)c1ccc(Br)s1.O=CN(C)C,Application_ds
O=C(O)C12CCCC(C)(C)C2CCC3(C=4OC=CC4CCC31)C.O=CN(C)C,Application_ds
  COc1ccccc1C(=O)NS(=O)(=O)c1ccc(Nc2c(N[C@H](c3ccccc3)S(=O)(=O)c3ccc(C)cc3)c(=O)c(=O)c2=O)cc1.CC(OCC)=O,Application_ds
  CCOC(=O)[C@H](CCc1ccccc1)NC(=S)NC(=O)C(C)C.CCO,Application_ds
  C[C@H](Nc1c(N[C@H](Cc2ccccc2)C(=O)O)c(=O)c(=O)c1=O)C1CCCCC1.CCO,Application_ds
O=C(Nc1ccc(C2CCNCC2)cc1)c1nc(-c2ccccc2)oc1C(F)(F)F.N#CC,Application_ds
BrC=1C(=C(Br)C(=C(C1C)C)C)C.CCO,Application_ds
CC1(C)COC(CSCC(=O)N2C(=O)OC[C@@H]2c2ccccc2)(c2ccccc2)OC1.CC1CCCO1,Application_ds
N#Cc1ccc(C2NC(=O)N(c3cccc(C(F)(F)F)c3)C3=C2C(=O)CCC3)cc1.CCO,Application_ds
O=C1C(C(=O)CCC)=C(O)C(C(O)=C1CC2=C(O)C=C(OC)C(C(=O)CCCCC)=C2O)(C)CC=C(C)C.O=CN(C)C,Application_ds
  CC(C)(C)[C@H](NC(=S)NC(=O)c1cccc(F)c1)C(=O)N1CCC[C@@H]1c1cc2cccc3ccc4cccc1c4c32.O,Application_ds
Cn1[nH]c(=O)c2c1[C@]1(C)CC[C@H]2C1(C)C.N#CC,Application_ds
O=C(O)C(NC(=O)C=1N=C(C=2NC=3C=CC=CC3C2C1)CCC(=O)N4CCCC4C(=O)O)CO.CC1CCCO1,Application_ds
CCCNCCN.CC1=CC=CC=C1,Application_ds
O=C(OCC)C1=C(OC=2C=C(Br)C(OCC=3C=CC=C(Cl)C3)=CC21)C=4C=CC=CC4.CC(OCC)=O,Application_ds
CN1CCC[C@@H](OC(=O)C(=O)c2cccs2)C1.O=CN(C)C,Application_ds
CCC(CC)c1cccc2c1[nH]c(=O)n2Cc1ccc(OC)cc1.N#CC,Application_ds
N#Cc1cc([N+](=O)[O-])ccc1F.CC(C)=O,Application_ds
O=C1OC=2C=C(C(OCC(=O)N)=CC2C(=C1)C=3OC=4C=CC=CC4C3)C=5C=CC=CC5.N#CC,Application_ds
Nc1nc2ccc(Oc3cccc(C(=O)Nc4cccc(C(F)(F)F)c4)c3)c([N+](=O)[O-])c2s1.O=CN(C)C,Application_ds
O=C1C=C2OC3=CC(=CC=4C(=O)C=C5OC=6C=C(C=C1C6C2=C5C34)CC(=O)C)C(C)C.O=CN(C)C,Application_ds
O=C(CO)N1C2CCC1CC(Nc1ccc3[nH]ncc3c1)C2.CCO,Application_ds
Nc1ccc(C(=O)NC2CCOCC2)cc1.O=CN(C)C,Application_ds
OCCO.CO,Application_ds
  CCN(CC)c1ccc2ccccc2c1-c1c(NS(=O)(=O)NS(=O)(=O)c2cc(C(C)C)ccc2Cl)ccc2ccccc12.N#CC,Application_ds
O=Cc1ccc2c(c1)c(Cl)nn2Cc1ccc(C(F)(F)F)cc1C(F)(F)F.CO,Application_ds
O=C1OC(CC=CC2OC2C=CC=CC3=NC(=CO3)C(=O)OC(CC=CC4OC4C=CC=CC5=NC1=CO5)C(C)(C)C(O)C=CC)C(C)(C)C(O)C=CC.O,Application_ds
O=C1OC(C)C(NC(=O)C(NC(=O)C(NC(=O)C(NC(=O)C(O)CO)CCCC2=CC=C(O)C=C2)C)C(C)C)C(=O)NC(C(=O)NC3C(=O)N(C(O)CC3)C(C(=O)N(C)C(C(=O)NC1C(C)C)CC4=CC=C(O)C(Br)=C4)C(O)C)C(C)CC.CC1CCCO1,Application_ds
O=C1OC=2C=C(OC)C=CC2C(=C1)CC(=O)N3CCC4(O)CCCCC4C3.CO,Application_ds
Clc1ccc(I)cc1.CC(OCC)=O,Application_ds
CCOC(=O)C1CCN(c2ccc(C(=O)O)cc2)CC1.N#CC,Application_ds
Nc1nccn2c(C3CCC3)nc(C#Cc3ccccc3)c12.CC1=CC=CC=C1,Application_ds
  COC(=O)c1ccc(CNc2c(N[C@@H]3c4ccccc4C[C@H]3OC(=O)CCl)c2=O)cc1.CCO,Application_ds
Cn1c2c(c3cc(O)ccc31)CCC2NC1CC1.CC1=CC=CC=C1,Application_ds
CCCCCCCCCCCCCCCCC(C)CCCC(C)CCCCCCCCCCC.CC(OCC)=O,Application_ds
CS(=O)(=O)c1cc(Cl)cc(Oc2ccc(Cl)c(-c3ncnc4c(C(F)(F)F)cccc34)c2)c1.CC(C)=O,Application_ds
  CC(C)(C)NS(=O)(=O)Nc1ccccc1/N=C/c1c2ccccc2cc2ccccc12.CC(C)=O,Application_ds
O=C(NC1=CC=C(C=C1)C2OCC(=O)NC2CO)NCC.CC(OCC)=O,Application_ds
O=C1C=C(OC2=C1OC(C=3C=CC=CC3)=C2CC(=O)NCC4=NC=CC(OC)=C4OC)C.CCO,Application_ds
O1C2=CC=C3C(=C2OC1)C=4C=5OCOC5C=C6C4C(N(C)CC6)C3.CO,Application_ds
CC(C)(C)OC(=O)N1CCC(Nc2nc3c(-c4cc(C(F)(F)F)cc(C(F)(F)F)c4)cccn3n2)C(F)C1.N#CC,Application_ds
CCOCCn1c(C(=O)C2CCN(CCC3(c4ccccc4)CCN(C(=O)c4cc(OC)c(OC)c(OC)c4)C3)CC2)nc2ccccc21.O=CN(C)C,Application_ds
CC(C)(C)OC(=O)c1nc(N2CCc3cccc(C(=O)Nc4nc5ccccc5s4)c3C2)ccc1CCCI.CC(C)=O,Application_ds
Cn1cc(-c2cnc3ccc(B4OC(C)(C)C(C)(C)O4)cc3n2)cn1.CC(C)=O,Application_ds
OCC1OC(OCCC(C)CCC2C(=C)CC(OC3OC(CO)C(O)C(O)C3O)C4C(C)(C)CCCC24C)C(O)C(O)C1O.CO,Application_ds
COC(=O)c1cc(Cl)ccc1/C=C/C#N.CCO,Application_ds
O=C(O)C12CCC(C)C(C)C2C3=CCC4C5(C)CC(OC6OC(CO)C(O)C(O)C6O)C(OC7OC(CO)C(O)C(O)C7O)C(C)(COC8OC(CO)C(O)C(O)C8O)C5C(O)CC4(C)C3(C)CC1.CC1=CC=CC=C1,Application_ds
COc1ccccc1-c1c[nH]c2ncc(-c3ccc(CN4CCOCC4)c(O)c3)cc12.CO,Application_ds
CCc1cc(OCc2nc3ccccc3o2)c(OC)nc1C.CC1CCCO1,Application_ds
COC(=O)C1CCCN(CCCN2c3ccccc3CCc3ccccc32)C1C.CCO,Application_ds
O=C1C=C(OC2=CC(O)=CC(=C12)CC(=O)OC)CCCCC.CC1=CC=CC=C1,Application_ds
O=C1C=2C(=CC(=CC2N(N1C=3C=CC=CC3)C)N4CCCC4)C=5C=CC(OC)=CC5.O,Application_ds
  CC(C)(C)CC(C)(C)NS(=O)(=O)Nc1cc(C(F)(F)F)cc(C(F)(F)F)c1.CO,Application_ds
c1ccc(-c2ncc(-c3c4ccccc4c(-c4ccc5ccc6ccccc6c5c4)c4ccccc34)cn2)nc1.N#CC,Application_ds
COC(=O)c1cc(B2OC(C)(C)C(C)(C)O2)cc(-c2ccc(C)cn2)c1.O=CN(C)C,Application_ds
O=C(NC(CO)C(OC1OC(COS(=O)(=O)O)C(OC2OC(CO)C(O)C(OS(=O)(=O)O)C2O)C(O)C1NC(=O)C)C(O)C(O)CO)C.CO,Application_ds
COc1ccc(CNc2ncns2)c(OC)c1.CO,Application_ds
CN(C)c1c(-c2ccc(Cl)cc2)c(-c2ccc(Cl)cc2)nc2c1cnn2-c1ccccc1.CC1=CC=CC=C1,Application_ds
O=C(N1CC=2C=CC=CC2CC1)CC3CCNCC3CC4=NOC(=C4)CN(C)CC=5C=CC=CC5.O=CN(C)C,Application_ds
O=C1N2C(C3=CC(OC)=C(OC)C(OC)=C3)C=4NC=5C=CC=CC5C4CC2C(=O)N(C1)CCC.CC1=CC=CC=C1,Application_ds
CC(C)(C)OC(=O)N1CCCc2cc(-c3cncc(O)c3)cnc21.CC(C)=O,Application_ds
Cc1ccnc(N2CCN([C@@H]3CC[C@@H](O)CC3)CC2)n1.CO,Application_ds
N#Cc1cc(N2CCCC2=O)ccc1C(=O)N1CCN(c2ncc(C3CC3)cc2C2CC2)CC1.N#CC,Application_ds
COC1=C(C=C(C=C1)Cl)N=NC2=C(C=CC3=CC=CC=C32)O.CC(OCC)=O,Application_ds
Cc1cc([S+](c2ccccc2)c2ccccc2)cc(C)c1O.CC(OCC)=O,Application_ds
CCOC(=O)c1ccc2c(c1)CC(C)(C)C(c1cccc(N3CCN(C)CC3)c1)N2.CC(C)=O,Application_ds
O=C(c1ccc(Br)cc1)C1CC1.CC(OCC)=O,Application_ds
CC(C)(C)C(=O)Oc1ccc(C(=O)O)c(OC(=O)C(C)(C)C)c1.O,Application_ds
Cc1ccc(Cl)cc1N1CC2CN(c3ncc(-c4nnn(CC(=O)OC(C)(C)C)n4)s3)CC2C1.CC(OCC)=O,Application_ds
O=C(O)CC(=O)OC(C(N)N)C1OC2OC=3C=C4OC5C(C#CCCOC=6C(OC)=CC=C7C6OC(C4=C(C3CCC2(O)C(O)C1O)C[NH+]8C=C9N=CC=C9C8)C75)C=%10C=CC=CC%10.CC(C)=O,Application_ds
O=C1C(O)=C(OC2=CC(OC)=C(O)C(O)=C12)C=3C=CC(OC)=C(OC)C3.CC1CCCO1,Application_ds
Cc1ccc(OCC(F)(F)F)cn1.CCO,Application_ds
O=C1CCCc2nc3ccccc3c(NCc3ccc(F)cc3)c21.O=CN(C)C,Application_ds
  O=c1c(Nc2cccc3cnccc23)c(N[C@@H]2CCc3ccccc32)c1=O.CC1=CC=CC=C1,Application_ds
CCOC(=O)CCn1c(=O)nc(SCC)n(Cc2ccc(C)cc2)c1=O.O,Application_ds
Cc1ccc(-c2cc(Cl)ccc2OCc2cccc(F)c2F)n1-c1cc(C(=O)O)ccc1F.CC(C)=O,Application_ds
O=C(O)c1ccc(-c2cnco2)c(F)c1.CC(OCC)=O,Application_ds
O=C1OC(C(C=CC(O)CC(O)CC(O)CC(O)CC(O)CC(O)CC2OC(C=CC=CC=CC=C1)C(O)CC(O)C2C)C)C(C)C.CO,Application_ds
N#Cc1ccc(N2CCC(O)(Cc3ccccc3)CC2)c2ccccc12.CC1=CC=CC=C1,Application_ds
CCOC(=O)C(=O)c1csc(NS(=O)(=O)c2cccc(Cl)c2C)n1.CCO,Application_ds
Cn1nc(C2CC2)c(C=O)c1Cl.CC(C)=O,Application_ds
Cc1cc(C(=O)N(O)C2CCCCC2)c(C)o1.CC1CCCO1,Application_ds
O=C1C(O)=C(C(=O)C(C=2C(O)=C(C(O)=CC2C)CC=C(C)CCC=C(C)CCC=C(C)C)=C1C)CC=C(C)CCC=C(C)CCC=C(C)C.CC1CCCO1,Application_ds
O=C(C[C@@H]1CCNC1)Nc1ccc2cc1CCc1cncc(c1)Nc1ncc(Cl)c(n1)N2.O=CN(C)C,Application_ds
O=S(=O)(Oc1ccc2nccc(Cl)c2n1)C(F)(F)F.CO,Application_ds
O=C(Nc1cnc(-c2ccncc2)c(Cl)n1)C1CC1.O=CN(C)C,Application_ds
Brc1ccc2ccccc2n1.CC1CCCO1,Application_ds
CC(C)(C)OC(=O)NC1(C(=O)O)CCNCC1.CC1=CC=CC=C1,Application_ds
Cc1sccc1C#N.CC(OCC)=O,Application_ds
O=C(O)C(C(O)C)C1CCC=2C=CC=CC2CSSCC(CC=3C=CC=C(C3)CO)C(CC=CC(O)C(O)C4CCCCC4)CCC1CCN.CC1CCCO1,Application_ds
O=C1C(=COC2=CC(O)=C(Cl)C(O)=C12)C=3C=CC(O)=C(Cl)C3.N#CC,Application_ds
O=C1C=2C=C(O)C=C(O)C2C(=O)C=3C(O)=C(C(O)=CC13)C4=C(O)C=C5C(=O)C6=CC(OC)=CC(O)=C6C(=O)C5=C4O.O=CN(C)C,Application_ds
COCC(NC(=O)[C@H](C)NC(=O)Cc1cc(F)cc(F)c1)C(=O)OC.O,Application_ds
OCC1OC(OC2OC=C(C)C3(O)C(O)C4OC4C23)C(O)C(O)C1O.O=CN(C)C,Application_ds
Cc1ccc(-c2cnc(NC(=O)c3cc(N4CCCCC4)ccc3N)nc2)cc1C.O=CN(C)C,Application_ds
CCCCc1nc2c(N)nc3ccccc3c2n1CCCN(Cc1ccc(CC(=O)OC)cc1)C(=O)CN(C)C.CC(C)=O,Application_ds
O=C1C(=CC=C2N1CC3CN(CC4=CN(C=5C=CC=CC54)C)CC2C3)C=6C=CC=CC6CN(C)C.CC1CCCO1,Application_ds
  CP(C)(=O)CCCNc1c(NC[C@@H]2CCCO2)c1=O.CC1CCCO1,Application_ds
CC(CN[C@@H]1CCCC[C@H]1N)Cc1ccc(C(C)(C)C)cc1.CC1=CC=CC=C1,Application_ds
  O=C(Nc1ccccc1/N=C/c1c2ccccc2cc2ccccc12)Nc1ccc(F)c(F)c1F.CC1=CC=CC=C1,Application_ds
OC1c2cc(Br)ccc2OCc2ncccc21.CC(OCC)=O,Application_ds
O=C1OCC(=C1)CCC2(C)C(C)CC(O)C3(CO)C2CCCC43OC4.CCO,Application_ds
CC(C)C(N=Cc1ccc(Br)cc1)C(C)C.CO,Application_ds
COCCOCCO.N#CC,Application_ds
O=Cc1c(O)ccc(F)c1F.CC(C)=O,Application_ds
CCS(=O)(=O)CCC(=O)NNC(=O)N1Cc2ccccc2Oc2ccc(NS(C)(=O)=O)cc21.CO,Application_ds
O=C(NC(COC1OC(CO)C(O)C(O)C1O)C(O)C(O)CCCCCCCCCCCC(C)CC)C(O)CCCCCCCCCCCCCCCCCCCCC.N#CC,Application_ds
Cc1c(/C=C2\C(=O)Nc3cccc(-c4cccc(F)c4)c32)[nH]c2c1C(=O)N(CCN(C)C)CCC2.CO,Application_ds
CCOC(=O)c1cc(CBr)ccc1OC.CC1=CC=CC=C1,Application_ds
O=C(OC1C=CC(=C)C(Cl)C2OC(=O)C(C)C2(O)C(OC(=O)C)C3C(C)CCC(OC(=O)C)C13C)C.CC(C)=O,Application_ds
OCC=C(C)C(OC1OC(CO)C(O)C(O)C1O)C(C=C(C=CCC(=CCC2=NC(OC)=C(OC)C(OC3OC(CO)C(O)C(O)C3O)=C2C)C)C)C.CC(C)=O,Application_ds
O=C1C=CC2(C(=C1)CCC3C4CC5OC(OC5(C(=O)O)C4(C)CC(O)C32F)(C)C)C.CO,Application_ds
O=C1C=CCCC2=CC(OC3(CNC)CCC(CCOC4CCCCC4)C3)=C(O)C(=C2)NC(=NCSSCC5CCCC15CC6=CC=C(O)C(OC)=C6)NC.CC(C)=O,Application_ds
CC(C)(C)OCCOc1ccc2[nH]ccc2c1.O=CN(C)C,Application_ds
O=C1N(C(=O)C2(N3CC(O)CC13)CN(CC=4C=CC=CC4)C2)CC=5C=CC=CC5.O,Application_ds
O=CO.CC(OCC)=O,Application_ds
CCOC(=O)c1ccc(NCCCc2c(N(C(C)=O)C(C)=O)nc(NC(C)=O)[nH]c2=O)cc1.CC1=CC=CC=C1,Application_ds
COc1cc2ncnc(C3CCN(C(=O)Nc4ccc(OC(F)(F)F)cc4)CC3)c2cc1OC.CO,Application_ds
O=C(N)C1C(=O)N(CCN2C(=O)CCC2)C3(OC=4C=CC=CC4C1C3)C.N#CC,Application_ds
FC(F)(F)c1ccc(N2CCOc3ccccc32)c(Br)c1.O,Application_ds
CC1(C)O[C@@H]2O[C@@H](C(=O)O)[C@@H](O)[C@@H]2O1.CC(OCC)=O,Application_ds
O=C(C1=CC=C(Cl)C=C1)N2CC3N(CCOC3)C4(C2)CN(CC5=CC=C(O)C(O)=C5)C4.N#CC,Application_ds
O=C1[C]2[CH][CH][CH][C]3OC4OC5(CO)CCC(C(O)(C4O)C5O)C6([C]7[CH][CH][NH2+][C]([CH]7)NCSSCC8(C(O)=CC(=CC18)C[C]9[CH][CH][CH][C]([CH]9)CO)C(=O)[C]32)CCCC6.CC1=CC=CC=C1,Application_ds
O=C(NCc1cc(C(F)(F)F)cc(C(F)(F)F)c1)C1(CC2CC2)CCN(Cc2ccc3ccn(C4CC4)c(=O)c3c2)CC1.O=CN(C)C,Application_ds
O=C(O)CC(OC1OC(CO)C(O)C(O)C1O)(C(=O)O)CC(C)C.CO,Application_ds
COCCCOc1cc(C(=O)N(C(C)C)[C@@H]2CC[C@@H](CCNC3CC3)N(C(=O)OC(C)(C)C)C2)ccc1OC.CC1=CC=CC=C1,Application_ds
O=C(OCC1OC(OC(C)(C)CCCC(=CC=CC(=CC=CC(=CC=CC=C(C=CC=C(C=CC2=C(C(=O)CCC2(C)C)C)C)C)C)C)C)C(O)C(O)C1O)CCCCCCCCCCCCCCC.O=CN(C)C,Application_ds
  CN(C=O)P(=O)(Nc1c(Nc2ccc(-c3cn(Cc4ccccn4)nn3)cc2)c(=O)c1=O)N(CCCl)CCCl.CCO,Application_ds
O=C(OC(COCCCCCCCCCC(C)CCCCCC)COC1C(O)C(O)C(O)C1O)CCCCCCCCCCCC(C)C.O,Application_ds
NC(=O)c1ccc(-c2ccccc2F)c2c1[nH]c1cc(CO)ccc12.CCO,Application_ds
O=C(O)c1ccccc1O.CC1CCCO1,Application_ds
COc1c(F)cccc1CCl.CCO,Application_ds
Cc1nc(NN)c(F)c(N2CCN(C)[C@@H](C)C2)n1.N#CC,Application_ds
O=C(NC1=CC(Cl)=CC=C1OC)C2CC3N(CCC3)C42C(=O)NC=5C(=CC=CC54)C.O,Application_ds
OC=1C=C(O)C=C(C1)C=2OC3=C4C=CC(OC4=CC(=C3C2)CCC(O)(C)C)(C)C.O,Application_ds
O=C1OC=2C=C(OCC3C(=CCC4C(C)(C)C(OC(=O)C)C(O)CC34C)C)C=CC2C=C1.O=CN(C)C,Application_ds
NNc1nncc(N2CCC(c3cc(F)cc(F)c3OC(F)F)CC2)c1Cl.CC1=CC=CC=C1,Application_ds
CCOC(=O)C(C(=O)OCC)=C(C)Cc1ccc(Br)cc1.O,Application_ds
COC(=O)c1ccc(NC(=O)COc2ccc(Cl)cc2Cl)cc1.O,Application_ds
O=C(OC)CC(C1=CC=C(O)C=C1)C2=C(O)C=C(N(C2=O)CCC3=CC=C(O)C=C3)C.N#CC,Application_ds
O=C(O)CC1(CCCC1)C(NCC)CCCC2NC(CC#CC=3C=CC=CC3CCC(C=CC(O)CCCCC)=C2CC(O)CO)C(O)(C)CC4=CC=C(O)C=C4.O=CN(C)C,Application_ds
COc1cccc(CC(=O)O)c1.CC(OCC)=O,Application_ds
O=C(OC1C(C)C(OC)C=COC2(OC3=C(C2=O)C=4C(=O)C(=C(NC(=O)C(=CC=CC(C)C(O)C(C)C(O)C1C)C)C(=O)C4C(O)=C3C)N5CCC(C(=O)N)(N6CCCCC6)CC5)C)C.CC(C)=O,Application_ds
O=C(OC1OC(CO)C(O)C(O)C1O)C=2C=C(C(OC3C(O)C(OC)C(O)C(OC)C3O)=C(C2)CC=C(C)C)CC=C(C)C.N#CC,Application_ds
Cc1nc(C(F)(F)F)cn1C(C)C(=O)O.CC1CCCO1,Application_ds
O=C1C=2OC=C3C2C(C4=C1C5CCC(=O)C5(C)C(O)C4)(C)CCC3O.CC1CCCO1,Application_ds
CC1(c2cccc(Cl)c2)CN(Cc2ccccc2)CCC1=O.CC(C)=O,Application_ds
NCCCNc1ccc2ccccc2n1.O,Application_ds
Cn1cc(-c2ccc3c(c2)C(=O)CC2(CCNCC2)O3)cn1.CCO,Application_ds
OCC1OC(OC(CO)C2(C=C3CCC4C(C)(C)C(OC5OC(CO)C(O)C(O)C5O)CCC4(C)C3CC2)C)C(O)C(O)C1O.N#CC,Application_ds
Cc1n[nH]c2cc(Nc3ncc4ccc(F)c(C)c4n3)ccc12.CC(OCC)=O,Application_ds
  Cc1cc(C)nc(NC(=S)NC(N)=NC(=O)OC(C)(C)C)n1.CC1CCCO1,Application_ds
Cc1cc(-n2cnc(CNC(=O)c3ccc(Cl)s3)c2)ccc1N.O=CN(C)C,Application_ds
OC(=O)C1=CC(=CC=C1O)\N=N\C1=CC=C(C=C1)S(=O)(=O)NC1=NC=CC=C1.CC(OCC)=O,Application_ds
CCOC(=O)/C=C/c1ccc(OCCOC)cc1Oc1ncc([N+](=O)[O-])cc1C.CO,Application_ds
COc1cc2c(cc1N)CCOC(=O)N2C.CC1=CC=CC=C1,Application_ds
S=C(NC=1C=C(C=C(C1)C)C)NCC2N3CCC(C2)C(C3)CC.O,Application_ds
O(C1=CC=C2C(=C1OC)C=3C=C(OC)C(OC)=CC3C4=C2CC5=CCCN5C4)C.O,Application_ds
CN(C)C(=O)c1ccc(-c2ccc(OCC3CCN(CC(C)(C)F)CC3)cc2)cc1F.CC(OCC)=O,Application_ds
  O=C(NCc1ccc(Br)cc1)Nc1ccc2cccnc2c1O.CC1=CC=CC=C1,Application_ds
Clc1nccc2occ(Br)c12.CCO,Application_ds
O=C(O)CCCCCCCC1C=CC(=O)C1=CC=CCC.CC(OCC)=O,Application_ds
O=C(O)CCCC=CCC=CCC=CCC=CCCCC.N#CC,Application_ds
COC(=O)c1ccc(N2CC[C@H](Oc3ccccc3C(F)(F)F)C2)nn1.CC1CCCO1,Application_ds
O=C1N(C(c2ccccc2)c2ccccc2)c2ccc(Br)cc2C12COc1cc3c(cc12)OCCO3.CC(OCC)=O,Application_ds
O=C(NCc1ccccc1)n1ccc2cc(NS(=O)(=O)c3cc(Cl)cc(Cl)c3)ccc21.CC1CCCO1,Application_ds
NC(=O)c1c(Nc2ccc(C(=O)O)cc2)n[nH]c1N=Cc1ccc(O)cc1.CC1CCCO1,Application_ds
O=C([O-])C(CCCCCC1C=CC(CCCCC)CC1O)C(O)CC(C[NH2+]C)C2(O)CC(C[C]3[CH][CH][NH2+][C](N)[CH]3)CC2O.N#CC,Application_ds
CCOC(=O)c1cnc(Nc2ccc(OCCN3CCCC3)cc2)nc1C(F)(F)F.CC(C)=O,Application_ds
O=C(NCCN1C=NC=C1)CC2=C(OC3=C2C(=O)C4(OC=5C(Cl)=C(OC)C=C(OC)C5C4=O)C(C)C3)C=6C=CC(OC)=CC6.CC(C)=O,Application_ds
O=Cc1cc2c(c(OCc3ccccc3)c1)CCO2.CC(C)=O,Application_ds
O=C1OC=2C=C(OCC(=O)N3CCC4(O)CCCCC4C3)C=CC2C(=C1CCCCCC)C.O=CN(C)C,Application_ds
N#CC1=CC=CC(=NC=2NSNC2NC(C=3OC=C(C3)C(C)C)CC)C1=O.CC(C)=O,Application_ds
COCCN1CCN(c2cc(N)ncn2)CC1.CC1CCCO1,Application_ds
COc1ccc2c(c1)C=C(c1ccc(OC)cc1[N+](=O)[O-])CC2.CC1=CC=CC=C1,Application_ds
O=C1CCC2(C)C(CCC3(C)C2CCC4C(CCC43C)C(O)(C)CCC=C(C)C)C1(C)C.CCO,Application_ds
Cc1[nH]c(C(=O)O)cc1Br.O=CN(C)C,Application_ds
c1ccc(C2CCCCC2)cc1.CC1=CC=CC=C1,Application_ds
CCOC(=O)CNCCC=C(c1ccccc1)c1ccccc1.CCO,Application_ds
COc1ccccc1CCOc1cc(C(F)(F)F)nn1-c1cccc(C#N)c1.CC(C)=O,Application_ds
CNC(=O)c1cccc2cc(Oc3ccnc4cc(OCC5(NCC6CC6)CC5)c(OC)cc34)ccc12.N#CC,Application_ds
CCN(Cc1cc(C(F)(F)F)ccc1-c1cc(CC(=O)OC)cc(C(F)(F)F)c1)C(=O)C1CC1.O=CN(C)C,Application_ds
C#CCOc1ncc(F)cc1OC.O=CN(C)C,Application_ds
OC1CC(C=C)=CC(C)(C)C1O.O=CN(C)C,Application_ds
COc1ccc(Br)c2c1CCN(C(=O)Cc1ccc(C(C)C)cc1)C2.CO,Application_ds
  CCCCCOC(=O)NS(=O)(=O)Nc1cc(C(C)(C)C)cc2c1O[C@](C(=O)Nc1ccccn1)(c1ccccc1)CC2.CC(OCC)=O,Application_ds
O=S(=O)(O)CC1=CC(N2C(C(=C)CCC2)=C1C)(C)C.N#CC,Application_ds
CC(Br)c1oc(=O)c2ccccc2c1-c1cccc(S(=O)(=O)N2CCOCC2)c1.CCO,Application_ds
O=S(=O)(Cl)c1ccc(F)cc1.O,Application_ds
CN(Cc1cc(-c2ccccc2)n(S(=O)(=O)c2cccc(-c3nnn[nH]3)c2)c1)C(=O)OC(C)(C)C.O,Application_ds
CCOC(=O)c1cc(Cl)cnc1NC(=O)Cc1cccc(Oc2ccccc2)c1.CC1=CC=CC=C1,Application_ds
O=C1OC(C2=CSC(=NC=3C=CC=CC3Cl)N2)(C)CC14C(=O)OC(C)(C)C4.CC1=CC=CC=C1,Application_ds
CCN1CCC[C@@H]1Cc1c[nH]c2ccc(CCS(=O)(=O)CC)cc12.CC1=CC=CC=C1,Application_ds
COc1ccccc1C1CCNCC1.CC1CCCO1,Application_ds
CC(C)(C)OC(=O)N1CCOC(c2ccc(NC(=O)c3ccc(C(F)(F)F)cn3)cc2)C1.N#CC,Application_ds
NCCCC[C@H](NC(=O)OCC1c2ccccc2-c2ccccc21)C(=O)O.CCO,Application_ds
COC1=CC=CC=C1OCC(O)CO.N#CC,Application_ds
CC(C)c1nc2ccccc2n1Cc1ccc(NC(=O)CC2NC(=O)NC2=O)cc1.O,Application_ds
O=C(Nc1c(F)cccc1F)c1cccc(-c2nc3c(F)cccn3c2-c2ccnc(Cl)n2)c1.CC1CCCO1,Application_ds
C=Cc1nn(C(c2ccccc2)(c2ccccc2)c2ccccc2)c2ccc(C#N)c(OC)c12.CCO,Application_ds
CNC(=O)CCc1cn(Cc2ccc(C(=O)O)cc2OC)c2cc(C(=O)NCC3CCCC3)ccc12.CC1=CC=CC=C1,Application_ds
O=C(C1=CC=C2OCOC2=C1)N3CCN4C(=O)N(C(=O)C4C3)CCO.N#CC,Application_ds
CC(C)(C)OC(=O)NCCC[C@H](N)C(=O)O.CC1=CC=CC=C1,Application_ds
O=C(NCC#C)CC1C(=CC(CNS(=O)(=O)C)C(C1)C(C)C)C.O,Application_ds
CN1CCNCC1C(c1ccccc1)c1ccccc1.CC1=CC=CC=C1,Application_ds
O=C(NC=1C=CC(=CC1)C2=CC=C3N(C2=O)CC4CNCC3C4)C.O,Application_ds
Cc1nc2cc(Cl)nc(Cl)c2n1C.CCO,Application_ds
COc1ccc(C(=O)Nc2ccccc2)cc1Nc1cccc([N+](=O)[O-])c1.CC1CCCO1,Application_ds
O=C1C=C(OC2=CC(O)=CC(OC)=C12)C=3C=CC(OC4OC(CO)C(O)C(O)C4O)=C(OC)C3.CO,Application_ds
O=CC1=Cc2cc(Cc3cccnc3)ccc2OC1.CC(C)=O,Application_ds
CCOC(=O)c1ccc(=O)[nH]c1.N#CC,Application_ds
O=C1C2CCN(CC2)C1Cc1cccnc1.O,Application_ds
CSc1ncc2cc(-c3ccc(-c4cccc(C)n4)cc3C)c(=O)n(CC(=O)N3CCN(C(=O)OC(C)(C)C)CC3)c2n1.CCO,Application_ds
Cc1cc(C)c(C(=O)O)c(C)c1.CO,Application_ds
CCOC(=O)c1ccnc(C(=O)OCC)c1.N#CC,Application_ds
OCC1(C)CCCC2(C3=CCC(C=C)(C)CC3CCC21)C.CC1=CC=CC=C1,Application_ds
O=C(OC1CCC2(C)C(CCC3C2CCC4(C)C3CC5OC6(OCC(C)CC6OC(=O)C)C(C)C54)C1)C.O,Application_ds
C#Cc1cc(C)cc(Nc2cc(C(F)F)ccn2)n1.N#CC,Application_ds
O=C(N1CC2OC=3C=CC=CC3N(C(=O)C1C2)CC4CC4)COC.N#CC,Application_ds
Cc1cc([N+](=O)[O-])c(Nc2ccccc2C(C)C)cc1-c1ccccc1.O,Application_ds
CSc1nc(Cl)c(C(N)=O)c(Nc2ccc(C)nc2)n1.CO,Application_ds
CC[C@@H]1CC[C@H](O)CC1.CC1=CC=CC=C1,Application_ds
COC(=O)CCc1ccc(C#Cc2cccc(O)c2)cc1.O,Application_ds
O=C1C=CN2C=CNN=C12.CC(OCC)=O,Application_ds
CCC(CC)(Cc1nc2ccc(OCc3ccn(C)n3)cc2n1Cc1ccc(Br)cc1F)C(=O)O.CC1=CC=CC=C1,Application_ds
  CN(C)[C@@H]1CCCC[C@H]1NS(=O)(=O)NC(=O)C1CC1.CO,Application_ds
Cn1cncc1-c1cc2c(cn1)[nH]c1ncc(-c3ccc(CN4CCCCC4)cc3)cc12.O=CN(C)C,Application_ds
O=C1C=C(OC2=CC(OS(=O)(=O)O)=CC(O)=C12)C=3C=C(O)C(O)=C(OS(=O)(=O)O)C3.CC(C)=O,Application_ds
ON=C1CCc2cc(-c3nc(C4CCNCC4)[nH]c3-c3ccncc3)ccc21.O,Application_ds
O=C1OC=2C=C(OCC(=O)NC(C(=O)O)CC(C)C)C=CC2C(=C1CC=3C=CC=CC3)C.N#CC,Application_ds
O=C(OC1C(=C)C2CCC3(O)C4(C)C(OC(=O)C5(OC5C)C)CCC(C(=O)OC)(C)C4CC(OC(=O)C(C)C)C13C2)C.O,Application_ds
O(C1=CC=C2C(=C1OC)C=3C(OC)=C(OC)C(OC)=CC3CC(C)C(C)C2)C.CC1=CC=CC=C1,Application_ds
Cc1ccc(C=O)cc1NS(C)(=O)=O.CC1=CC=CC=C1,Application_ds
CCOc1nc2c(C(O)(c3ccccn3)C(C)CC)cc(-c3c(C)noc3C)cc2[nH]1.O,Application_ds
O=C1C2=C(NC3=CC=CC4=C3C(=CN4C(C)C)C2C=5OC=CC5)CN1C(=O)C.CO,Application_ds
N#Cc1ccc(NCCNc2nc(-c3ccc(Cl)cc3Cl)nc3ccccc23)nc1.CC1CCCO1,Application_ds
Cc1cccc(Nc2nc(-c3ccncc3)cs2)c1.CC(OCC)=O,Application_ds
C#Cc1cc(Cl)ccc1OCC(=O)O.N#CC,Application_ds
Cn1c(=O)c2c(nc(Br)n2CCc2ccc(Cl)cc2)n(C)c1=O.N#CC,Application_ds
Fc1cc2cc[nH]c2cc1Cl.CC(OCC)=O,Application_ds
C#CCCCCCc1cn(C(=O)OC(C)(C)C)c(N)n1.O=CN(C)C,Application_ds
O=C1OC2=C(C=CC=3OCN(C4=CC=C(C=C4)CCCC)CC32)C5=C1CCC5.N#CC,Application_ds
O=C1C=C2C(CCC3(C)C(CCC23O)C(O)(C)C(OCCCCC)C4OC5CCC(CCC)CCC5C4C)C6(CCC=7C=CC(N)NC7)CC(O)C(O)CC16.CC(C)=O,Application_ds
O[C@@H](CNCCCCC1=CC=C(O)C=C1)C1=CC(O)=C(O)C=C1.CC(OCC)=O,Application_ds
O=C=NCCCl.O=CN(C)C,Application_ds
CCc1cc2c(NCc3ccc(F)cc3)nc(-n3ccnc3C)nc2s1.O,Application_ds
O=C1C=CC(C2=CC=C(Cl)C=C2)=C3N1CC4CN(C(=O)CSC)CC3C4.O,Application_ds
O=C(OC)C(=COC)C(=C(OC)C=CC1=CC=C2OCC(OCC=C(C)C)C(OC2=C1)(C)C)C.CCO,Application_ds
CCCCCC/C=C/C(=O)NCC1(CC)COCOC1.CCO,Application_ds
O=C1C=2C(O)=CC(O)=CC2OC(C3=CC4C5COC4(O)C(=O)C3C5C6=CC=C(O)C(OC)=C6)C1.O,Application_ds
O=C(CCCCCCc1ccccc1)Oc1cc(=O)n(-c2ccccc2)c2ncccc12.CC(OCC)=O,Application_ds
CC(C)(C)OC(=O)NCCC1CCN(C(=O)c2ccc(Oc3ccc(C#N)cc3)nc2Oc2ccc(F)cc2)CC1.CC(C)=O,Application_ds
CNC(=O)c1ccc(Cl)nc1.CCO,Application_ds
CC(=O)NCC1CC1c1c(C2CC2)ccc2nn(C)cc12.O=CN(C)C,Application_ds
O=C(OCC1CCCN2CCCCC21)CCCC(=O)NC(C)CCCC(C)C.CC(C)=O,Application_ds
CCCCC1(CC)CN(c2ccccc2)c2cc(OCC(=O)OCC)ccc2S(=O)(=O)C1.CCO,Application_ds
O=S(=O)(Cl)c1cc(Cl)c(F)cc1F.CC(C)=O,Application_ds
Cc1c(Cn2c(C(C)C)nc3c(Br)cc(N)cc32)cccc1C(F)(F)F.CCO,Application_ds
  CCOC(=O)[C@H](CCc1ccccc1)Nc1c(Nc2cc3ccc(N(CC)CC)cc3oc2=O)c(=S)c1=S.CO,Application_ds
O1CC1C=2C=CC=CC2.CC1=CC=CC=C1,Application_ds
N#C[C@@H](c1ccccc1-c1ccc(Cl)cc1)C1CCN(c2ccc(C(=O)NS(=O)(=O)c3ccc(N[C@H](CCN4CCOCC4)CSc4ccccc4)c(S(=O)(=O)C(F)(F)F)c3)cc2)CC1.O,Application_ds
OC1CC2C(C3=CC4OC5(OCC(O)(C)CC5)C(C)C4C31C)CCC6CC7=NC8=C(N=C7CC62C)CC9CCC%10C%11=CC%12OC%13(OCC(O)(C)CC%13)C(C)C%12(O)C%11(C)C(O)CC%10C9(C)C8.O,Application_ds
CC(C)(C)OC(=O)N1CCC(Oc2ccc(Cl)nc2)CC1.CCO,Application_ds
O=S1(=O)CCCCN1.CC1=CC=CC=C1,Application_ds
C[C@H](NC(=O)c1cn(COCC[Si](C)(C)C)c2ncc(-c3cn(-c4cccc(Cl)c4)cn3)nc12)C(C)(C)C.CC(C)=O,Application_ds
O=C(OCC(OC(=O)CCCCCCCCCCCCCCC)COP(=O)(O)OCCN)CCCCCCCCCCCCCCCCCCCCCCC.CCO,Application_ds
  CC(C)C[C@@H](NC(=O)NS(=O)(=O)c1ccc(Cl)cc1)NC(=O)OC(C)(C)C.CC(OCC)=O,Application_ds
  C[C@H]1CC[C@H](Nc2c(NCCCN3CCCC3=O)c(=O)c2=O)CC1.CO,Application_ds
CN(Cc1cn(C)c2ccccc12)C(=O)/C=C/c1cnc2c(c1)OCCN2.O,Application_ds
CCOC(=O)COc1ccc(Br)cc1[N+](=O)[O-].CO,Application_ds
O=C1OC=2C=CC=CC2C(OC(=O)C3=CC(OCC)=C(OCC)C(OCC)=C3)=C1.O=CN(C)C,Application_ds
CC(C)(Br)C(=O)N(Nc1ccccc1[N+](=O)[O-])C1C2CC3CC(C2)CC1C3.CC1CCCO1,Application_ds
O=C(OCC1C2C(=CCO)CN3CCC4(C=5C=CC=CC5NC14)C3C2)C.N#CC,Application_ds
O=C1C(=O)C=2C=CC=CC2C=3C=CC=CC13.CCO,Application_ds
CCC(Oc1ccc(C)cc1C)C(=O)O.CC1CCCO1,Application_ds
CN(C)CCCS(=O)(=O)N1CCC(c2n[nH]c3c(C(N)=O)cc(-c4cccs4)cc23)CC1.CCO,Application_ds
CS(=O)(=O)OCCCCCCCCCCCN(Cc1ccccc1)Cc1ccccc1.CC1CCCO1,Application_ds
NNC(=O)CC1Sc2ccccc2NC1=O.CC(OCC)=O,Application_ds
CC(C)(C)OC(=O)N1C2CCNCC1CC2.N#CC,Application_ds
CN(C)CCCN1C2=CC=CC=C2CCC2=CC=CC=C12.CC(C)=O,Application_ds
CCC(C)Oc1ccc(OCCN)cc1.O=CN(C)C,Application_ds
Cc1ccc(Sc2ccccc2)cc1[N+](=O)[O-].CCO,Application_ds
Nc1c(-c2ccc(NS(=O)(=O)c3cccc(Cl)c3Cl)cc2)cnc2c(C(=O)O)cnn12.CC(OCC)=O,Application_ds
O=C(NCC(CC)CCCC)CN1CCC2(O)CCCCC2C1C3=CC=C(OC)C=C3OC.CC1=CC=CC=C1,Application_ds
O=CC12CCC(OC3OC(C)C(OC4OC(CO)C(O)C(O)C4O)C(O)C3)CC2(O)CCC5C1CCC6(C)C(C7=CC(=O)OC7)CCC56O.CC(OCC)=O,Application_ds
OC=1C=C(O)C=2C=C(O)C(OC2C1)C3=CC=C(O)C(OC)=C3.CC1CCCO1,Application_ds
CC(=O)c1cn(CC(=O)OC(C)(C)C)c2ccc(Oc3ncc(Br)cn3)cc12.CO,Application_ds
Cc1nc2c(c(=O)[nH]c(=O)n2C)n1Cc1ccccc1.CC1=CC=CC=C1,Application_ds
CO[C@H]1\C=C\O[C@@]2(C)OC3=C(C)C(O)=C4C(O)=C(NC(=O)\C(C)=C/C=C/[C@H](C)[C@H](O)[C@@H](C)[C@@H](O)[C@@H](C)[C@H](OC(C)=O)[C@@H]1C)C1=C(N=C5C=C(C)C=CN15)C4=C3C2=O.CC1=CC=CC=C1,Application_ds
O=c1cnn(CO)c(=O)[nH]1.CCO,Application_ds
  N[C@@H]1CCCC[C@H]1NC(=O)NCc1ccccc1[N+](=O)[O-].CC1CCCO1,Application_ds
CC(C)(C)OC(=O)NC1=N[C@](C)(c2cc(N)ccc2F)Cn2c1nc(Cl)c2C#N.O,Application_ds
O=C1OCC(CC2=CC=C(O)C(OC)=C2)C1CC3=CC(OC)=C(O)C(=C3)C(C(=O)C4=CC=C(O)C(OC)=C4)CO.CC(C)=O,Application_ds
c1ccc(-c2[nH]c3ccccc3c2C2CCNCC2)cc1.CCO,Application_ds
O=C(NC1CC(CC2=NOC(=C2)C=3C=CC=CC3)C1(C)C)COC=4C=CC=CC4.CCO,Application_ds
OCC=CC1=CC(OC)=C(OC2OC(COC3OC(CO)C(O)C(O)C3O)C(O)C(O)C2O)C(OC)=C1.O,Application_ds
Cn1ncc2cc(Nc3ncnc4[nH]c(C5=CCN(C(=O)NC(C)(C)C)CC5)cc34)ccc21.CC1=CC=CC=C1,Application_ds
O=CC=1NC(=C(C1C)CCO)CC=2NC3=C(C(=O)C(C(=O)OC)C3C=4NC(=C(C4CCC(=O)OC5C(O)C=C(OC5C(=O)O)C(=O)O)C)CC6NC(=O)C(C=C)=C6C)C2C.CO,Application_ds
  O=[N+]([O-])c1ccc(Nc2c(Nc3ccc(Cl)cc3)c(=S)c2=S)cc1.CC1=CC=CC=C1,Application_ds
O=C(OCCC=CC=CC#CC#CC=CC)C=CC1=CC=C(O)C(OC)=C1.CO,Application_ds
CC(=O)N[C@H]1CC[C@H](NC(=O)c2c(C)[nH]c3c(-c4cc(C(F)F)ccc4OCC4CC4)ncnc23)[C@@H](C)C1.CC1CCCO1,Application_ds
CC1C(=O)NC(C)(C)N1C(=O)CNC(=O)OCc1ccccc1.O,Application_ds
CCCS(=O)(=O)N1CCC(CNC(=O)c2ccc(Cl)cc2Cl)(c2ncccc2Br)CC1.CCO,Application_ds
O=C1C=CC2(C(=C1)CCC3C2CCC4(C)C3CC5OC6(OCC(C)CC6)C(C)C54)C.CCO,Application_ds
O=C(NC=1C(=CC=CC1CC)CC)COC2=CC(Cl)=C(Cl)C=C2Cl.N#CC,Application_ds
O=S(=O)(Oc1cccc2cc(F)c(F)cc12)C(F)(F)F.N#CC,Application_ds
O=C1C(OC2=CC(OS(=O)(=O)C=3C=CC=CC3)=CC=C21)=CC4=CC=CC(=C4)C.N#CC,Application_ds
O=C1CN(S(=O)(=O)c2cccc([N+](=O)[O-])c2)c2ccccc2N1.CC1=CC=CC=C1,Application_ds
COCc1nc2c(Cl)cccc2n1Cc1ccc2c(c1)COc1cc(F)ccc1/C2=C(\C)C#N.CCO,Application_ds
ClC1=CC=CC(N2CCN(CCCCOC3=CC4=C(CCC(=O)N4)C=C3)CC2)=C1Cl.CC(OCC)=O,Application_ds
CC(C)(C)OC(=O)NC(CN)(c1cc(Br)ccc1F)C(F)F.CC1CCCO1,Application_ds
OC1=CC=C(C=C1CCCCC)C2CCC3C(O)C4C=CC=5C(OC)=C(O)C(O)=CC5C4OC3C2.CCO,Application_ds
O=C1C(OC=2C1=C(C(=C(O)C2CN3CCCC3)CN4CCCC4)C)=CC5=CC=C(OC)C=C5.CC(C)=O,Application_ds
O=C1OC(CCCCC)C(O)C=CC=2C(OC3=CC=C(C1=C3)C)=CC=C(O)C2CO.N#CC,Application_ds
O=P(O)(O)OC1C(O)C(OC1N2C=CC(=N)N=C2O)CO.CC(OCC)=O,Application_ds
O=[N+]([O-])c1cccc(-c2csc3cnc(Cl)nc23)c1.CC(OCC)=O,Application_ds
CCc1cccc(N2CCN(Cc3ccc([N+](=O)[O-])cc3)CC2)c1.CC1=CC=CC=C1,Application_ds
O=C1C(=CNC=2OC3(C=C(C)C(C)C3C12)C)C=4C=CC=CC4.CC1CCCO1,Application_ds
COc1ccc(CN(c2ncns2)S(=O)(=O)c2ccc(Oc3ccc(OC(F)(F)F)cc3I)c(C#N)c2)c(OC)c1.CC(OCC)=O,Application_ds
CC(=O)NCCc1ccccc1F.CO,Application_ds
CCc1nc2c(N)nc3cc(Br)ccc3c2n1CC1CCOCC1.CC(OCC)=O,Application_ds
COC(=O)c1cccc(F)c1-c1ccc(C(F)(F)F)cc1.N#CC,Application_ds
OCCCC(COc1ccc(F)cc1)OCc1ccccc1.CO,Application_ds
CC(=O)C=NNc1ccccn1.CCO,Application_ds
CCOc1cc(C)nc(Br)c1.CC1=CC=CC=C1,Application_ds
O=C(C#Cc1ccccc1)Nc1ccccc1.CC1CCCO1,Application_ds
CC(C)(C)OC(=O)NCC(=O)N1CCN(Cc2ccccc2)CC1.CC1=CC=CC=C1,Application_ds
O=C1C=2C=C(OC)C(OC)=CC2N=C(N1CC(=O)NCC=3C=CC=CC3)C.CO,Application_ds
FC(F)(F)c1cccc2c(-c3cccc(NCc4cccc(Oc5ccccc5)c4)c3)c(Cc3ccccc3)cnc12.N#CC,Application_ds
Cc1oc(-c2ccccc2)cc1C(O)C1CCOCC1.O=CN(C)C,Application_ds
COc1cccc(-c2ccc3c(c2)NC(=O)C3=Cc2[nH]cc3c2CCOC3=O)c1.CCO,Application_ds
O=C1OC2=CC(=C3C(OC=C3C)=C2C(=C1CC(=O)N4CCCC5=CC6CC(CN7CCCCC76)C54)C)C.CC1=CC=CC=C1,Application_ds
O=S(=O)(NCCO)c1ccc(Br)cc1.CC1=CC=CC=C1,Application_ds
CC1(C)COB(c2ccc(F)c(-c3ccc(F)cc3C#N)c2)OC1.CC(C)=O,Application_ds
C[C@H](N)CNC(=O)OC(C)(C)C.N#CC,Application_ds
CC(=O)N1CCC(=O)CC1.O=CN(C)C,Application_ds
O=C1NC=2C=CC=CC2C1=NN=C(C=3C(=O)N(C=4C=CC=CC4)C=5C=CC=CC5C3O)C.CO,Application_ds
Cc1ccoc1C(=O)O.CO,Application_ds
Brc1cnc(Nc2cccc(OCc3ccccc3)c2)nc1.CCO,Application_ds
N#CC(=NNC1=CC=CC(=C1)C(=O)O)C2=NC=3C=CC=CC3S2.O,Application_ds
O=C(OC1OCC(O)C(O)C1O)C2OC(OC3CCC4(C)C5CC=C6C7CC(C)(C)CCC7(C(=O)OC8OC(CO)C(O)C(O)C8O)CCC6(C)C5(C)CCC4C3(C)C)C(OC9OC(CO)C(O)C(O)C9O)C(O)C2O.CCO,Application_ds
O=CC12CCC(OC3OC(C)C(OC)C(OC)C3)CC2(O)CCC4C1CCC5(C)C(C6=CC(=O)OC6)CCC45O.CO,Application_ds
O=C(OC)C(C)(C(F)(F)F)C(F)(F)F.O=CN(C)C,Application_ds
O=CC1=C(OC)C=C2C(=C1O)COCC2.N#CC,Application_ds
CCn1ncnc1COc1nc2c(-c3ccccc3)nnc(C)n2c1Br.N#CC,Application_ds
O=C1OC2=C(C=CC(O)=C2CN(CC)CC)C(=C1)C3=CC=4C=CC=CC4OC3=O.CCO,Application_ds
CCCCCCCCCCCc1noc(-c2ccc(CN[C@H](C)c3ccc(C(F)(F)F)cc3)cc2)n1.CCO,Application_ds
O=C(OC)C(=CC=CC(=CC=CC(=CC=CC=C(C=CC=C(C=CCC(C)(C)CC1OC(CO)C(O)C(O)C1O)C)C)C)C)C.CC1CCCO1,Application_ds
O=C(OS(=O)(=O)O)CC(O)C=1C=CC=C(O)C1.O=CN(C)C,Application_ds
CC(C)(C)OC(=O)N[C@@H](CCSC(F)(F)F)C(=O)O.CC(OCC)=O,Application_ds
Cc1sc(C(=O)O)c2c1[C@H]1[C@@H](C2)C1(C)C.CCO,Application_ds
O=C1C(OC)CC2(C(=O)C1C(C3=CC=C(O)C(OC)=C3)C2C)CC=C.O=CN(C)C,Application_ds
OC=1C(OC)=CC=CC1C2N3CC4(CN2CC(C3)(CCC)C4O)CCC.N#CC,Application_ds
N#Cc1ccc(Cn2cc(C=C3C(=O)NC(=O)NC3=O)c3ccccc32)cc1.CC(OCC)=O,Application_ds
O=Cc1ccc2c(/C=C/c3ccncc3)n[nH]c2c1.CC1=CC=CC=C1,Application_ds
O=C(NCc1ccc(-c2ncn(-c3ccc(OC(F)(F)F)cc3)n2)cc1)OCc1ccccc1.O=CN(C)C,Application_ds
Cn1cncc1-c1cc2c(cn1)[nH]c1ncc(-c3ccc(CN4CCCCC4)cc3)cc12.CC1CCCO1,Application_ds
O=C(N)NC1C=C2CCC3C4CCC(=O)C4(C)CCC3C2(C)CC1.O,Application_ds
O(C=1C=CC2=C(OCC3OC=4C=CC=5C=CC=CC5C4C=C23)C1)C.CC1=CC=CC=C1,Application_ds
Cc1c(-c2ccc(Cl)cc2)c2cc(OC(C)(C)C(N)=O)ccc2n1C.CC1=CC=CC=C1,Application_ds
O=C(NCCO)CCCCCC=CCC=CCC=CCC=CCCCCC.CC1=CC=CC=C1,Application_ds
COC(=O)c1ccc(OCC(=O)N(C)C)c(OC)c1.CC(OCC)=O,Application_ds
O=C1Nc2ccccc2C1=O.CC(OCC)=O,Application_ds
O=S(=O)(c1ccccc1)c1cnc2c(F)cccc2c1.CC(OCC)=O,Application_ds
O=C1C=2C=CC=CC2CN1C(C(=O)N3CCCC4=CC5CC(CN6CCCCC65)C43)CC(C)C.CC1CCCO1,Application_ds
COc1ccc(-c2ncccc2[N+](=O)[O-])cc1.CC(OCC)=O,Application_ds
O=C(O)c1cccc2c1CCC2=O.CC1=CC=CC=C1,Application_ds
CC(=O)O[C@H]1[C@H](Sc2ccccc2[N+](=O)[O-])SC[C@@H](OC(C)=O)[C@@H]1OC(C)=O.O=CN(C)C,Application_ds
O=C(NC1=CC(=CC=C1N2CCOCC2)C(F)(F)F)C(NC=3C=CC=CC3OCC)C.O,Application_ds
CC(C)(C)OC(=O)N[C@@H](C[C@H](Cc1ccc(/C=C/CO[Si](C)(C)C(C)(C)C)cn1)C(=O)OC(C)(C)C)C(=O)OC(C)(C)C.O=CN(C)C,Application_ds
CS(=O)(=O)OCCn1nccc1NC=O.N#CC,Application_ds
CC(C)(C)n1ncc(-c2nc(CC(=O)NCC3CCOCC3)cs2)c1-c1ccc(Cl)cc1.CC(OCC)=O,Application_ds
CC(C)c1ccc2c(c1)nc(Cl)n[n+]2[O-].CC1CCCO1,Application_ds
  O=C(NCCCN1CCCC1=O)NC(CO)(CO)CO.CO,Application_ds
COc1cc(C(C)(C)C)c(O)cc1C(C)(C)C.CC(C)=O,Application_ds
[O-][NH+](O)C1=CC=C(C=C1)NC=2C=CC=CC2.N#CC,Application_ds
O=C(OCC=1C=CC=CC1)NC(C(=O)OC=2C=C(C=C3OC(=O)C(=C(C32)C)CC=4C=CC=CC4)C)CCSC.O,Application_ds
CO[C@@H]1CCN(C(=O)c2cc3nccc(Cl)c3s2)C1.O,Application_ds
Cc1cc(N2C[C@H](C)O[C@H](C)C2)ccc1C(=O)O.CC1=CC=CC=C1,Application_ds
COc1cc2cc(C(=O)Nc3cc(C(=O)NCCNC(=O)OC(C)(C)C)ccc3C)c(=O)[nH]c2cc1OC.CC1=CC=CC=C1,Application_ds
O=C1C=2C(OCCCO)=C(OC)C(O)=C(C2[OH+]C(C3=CC=C(O)C=C3)C1)C(C4=CN=C[CH-]4)CC=5C=CC=CC5.CC(C)=O,Application_ds
N#CCC1(c2ccc(Br)cc2)CC1.O=CN(C)C,Application_ds
COCCCCCCN1CCC(=O)CC1.CC(C)=O,Application_ds
O=C(NCC=C)C(CC)(C(F)(F)F)C(F)(F)F.O,Application_ds
O=CC12OCSSCC(C=3C=NCC3)C(CNCC2(O)C(OC4=CC=C5C(=O)[C-](C6=CC=C(O)C=C6)C([OH+]C5=C4)C(=O)N)OC(C(=O)O)C1O)C(C)CC=CC=7C=CC=CC7CCCNC8CCCC8.CC(C)=O,Application_ds
O=CC(=CC=CC(=CC=CC(=CC=CC=C(C=CC=C(C)CCC=C(C)CO)C)C)C)C.CC1CCCO1,Application_ds
CCOC(=O)c1cc2cc(C3CCCN(C(C)C)C3)ccc2[nH]1.O=CN(C)C,Application_ds
CS(=O)(=O)Oc1ccc(C(=O)O)c(Cl)c1.CC1=CC=CC=C1,Application_ds
NC(CC(=O)O)c1cccc(Cl)c1.CC(OCC)=O,Application_ds
O=C(OCC)C1=C(OC2=CC=C(OC(=O)N(C)C)C=C21)C=3C=CC(OC)=CC3.O,Application_ds
CCOC(=O)COc1ccc(CN(CCOC)c2cccc(-c3ccc(C(F)(F)F)cc3)c2)cc1C.CC(OCC)=O,Application_ds
COc1ccc(N(C)c2nc(CN)nc3ccccc23)cc1Cl.N#CC,Application_ds
CCOC(=O)C1CCCN(C(=O)OCc2ccccc2)C1.CCO,Application_ds
Clc1ccccn1.CC(OCC)=O,Application_ds
CC1=CC=C(C=C1)S(=O)(=O)NC(=O)NN1CC2CCCC2C1.CC1CCCO1,Application_ds
O=C(OC1C2(O)C(OC(=O)C(C)C)C34OC5(OC62CC1(C)C7CC(=O)OCC76C4(O5)CCC(C)(C(OC(=O)C)C8=COC=C8)C3CC(=O)OC)C)C(=CC)C.CC1=CC=CC=C1,Application_ds
COC(=O)C(Cc1ccc(OCCN(C)C(=O)OC(C)(C)C)cc1)(OC)C(=O)OC.CC1=CC=CC=C1,Application_ds
CC(Oc1ccc(O)cc1)C(=O)OCCSCc1ccccc1.O,Application_ds
Nc1ncnc(N[C@@H]2C[C@H](CO)[C@@H](O)[C@H]2O)c1[N+](=O)[O-].O,Application_ds
O=C(OCC)COC1=CC=C2C(=O)C(OC2=C1)=CC=3SC=CC3C.CC1CCCO1,Application_ds
O=C(NCC1C(OC)C23NC(=N)NC3OC4NC(=N)NC4(O)C2C1CNC(=O)C5=CC(Br)=C(Br)N5)C6=CC(Br)=C(Br)N6.O=CN(C)C,Application_ds
  CNC(=O)c1cc(Oc2ccc(Nc3c(Nc4cccc5c4ncn5C)c3=O)cc2)ccn1.CC(C)=O,Application_ds
C=1C=CC2=C(C1)C=CC23CC3.CCO,Application_ds
N#Cc1cncc(-c2cccc(C(=O)Nc3ccc(OC(F)(F)F)cc3)c2)c1.N#CC,Application_ds
O=C(C(O)C)C1C(C=CC(O)C1O)C=CC(C)CC(C)C(O)C.O=CN(C)C,Application_ds
C(#CC#CC)C#CC=CC1OC1C=C.CCO,Application_ds
Cc1cccc(NS(=O)(=O)c2ccc(Br)c(C(F)(F)F)c2)n1.O,Application_ds
COc1cc(C)c(C(=O)Cl)c(OC)c1OC.O,Application_ds
Cc1cc(Br)cc(-n2c(=O)n([C@@H]3CC[C@H](NC(=O)c4cn5cc(F)ccc5n4)CC3)c(=O)c3cc(F)cnc32)c1.CC1=CC=CC=C1,Application_ds
NNc1nc2ccccc2s1.CCO,Application_ds
O=Cc1cc(-c2ccccc2CCNS(=O)(=O)c2ccccc2)ccc1[N+](=O)[O-].CC(OCC)=O,Application_ds
  Cc1ccc([C@@H](C)Nc2c(Nc3ccc(F)c(F)c3F)c(=O)c(=O)c2=O)cc1.O=CN(C)C,Application_ds
CSc1ccc(N=Cc2ccccc2)cn1.CC1=CC=CC=C1,Application_ds
OCC(N)(CO)CO.CCCCC[C@H](O)\C=C\[C@H]1[C@H](O)C[C@H](O)[C@@H]1C\C=C/CCCC(O)=O.CO,Application_ds
O=C1C=C(OC2=CC(=CC=C12)NC(=O)C=3C=CN=CC3)C=4C=CC=CC4OCC.CCO,Application_ds
Fc1ccc(Oc2cc3[nH]c(C(F)(F)C(F)(F)F)nc3cc2Cl)c(F)c1.N#CC,Application_ds
CC=Cc1cc(C(OCc2ccccc2)(C(F)(F)F)C(F)(F)F)ccc1N1CCN(C(=O)CN2C(=O)NC(C)(c3ccc4c(c3)OCC4)C2=O)CC1.CC(OCC)=O,Application_ds
CC1=C(C(=CC=C1)C)N(CN2C=CC=N2)C(=O)CCl.N#CC,Application_ds
ClC=1C=CC=CC1C2NN=C(C=3C=C(Br)C=CC3O)C2.CC(C)=O,Application_ds
O=CCC(O)COC1=C2OC3OC4COCC(CCC(O)C5C#CC4(O)C(O)C3OCC(C=6C=C(NNCC(O)C)NCC6)C(O)CC7=CC(=CC(=C7)C5)CNC)C(C2=CC=8C(=O)C9=CC=C(C=C9C(=O)C18)CO)C=%10C=CC=CC%10N%11CNC%12C(=O)NC(N)NC%11%12.CC1=CC=CC=C1,Application_ds
OC=1C=CC2=C(C=CC3=CC=4C=CC=CC4C=C32)C1.CCO,Application_ds
CCOC(=O)c1nc(Br)c2sc(-c3ccccc3)nc2c1O.N#CC,Application_ds
CC(=O)c1cc(Cl)c2cccnc2c1OS(=O)(=O)C(F)(F)F.CC(C)=O,Application_ds
O=C(OC)C1N(C(=O)C(N(C(=O)CNC(=O)C(NC(=O)C(N(C(=O)CNC(=O)C(N(C(=O)C2NC(C(=O)C(C)CCCC)CC2)C)CC=3C=CC=CC3)C)C(C)C)C(C)CC)C)CC=4C=CC=CC4)CCC1.CCO,Application_ds
CCOC(=O)c1cnc(C)s1.CC(OCC)=O,Application_ds
CC(O)Cn1cnc2c(N)ncnc21.CO,Application_ds
NC(=O)C1=NN(c2ccccc2)C(=O)C1.CC(OCC)=O,Application_ds
C#CCO.CCO,Application_ds
CN1CCN(c2ccc(Nc3nc4c(NCc5ccccc5S(C)(=O)=O)cccn4n3)cc2)CC1.CC(OCC)=O,Application_ds
N#CCN1C2CCC1CC(Oc1ccc(Cl)c(Cl)c1)C2.O=CN(C)C,Application_ds
CCCCCCCCCCCCCCCCOc1cc(NS(=O)(=O)c2cc([N+](=O)[O-])ccc2N2CCOCC2)c(OC(C)=O)cc1C(C)(C)CC(C)(C)C.O=CN(C)C,Application_ds
CCCCC[C@H](O[Si](C)(C)C(C)(C)C)[C@@H](C)n1cnc2c(Cl)ncnc21.O,Application_ds
Cc1ncc(-c2cc(Cl)nc3c2CCCC3)cn1.O,Application_ds
O=C(O)CCC(=O)N(O)CCCCCNC(=O)CCC(=O)N(O)CCC(F)CN.CC(OCC)=O,Application_ds
CCCCC/C=C\C/C=C\CCCCCCCCOCCO.CC(C)=O,Application_ds
O=C1OCC2OC(O[C]3[CH][C]4[C](OC5OC(COC(=O)C(O)C1)C(O)C(O)C5O)[CH][C](O)[CH][C]4[OH+][C]3[C]6[CH][CH][C](O)[C](O)[CH]6)C(O)C(O)C2O.O=CN(C)C,Application_ds
CC(Br)C(=O)Cl.CO,Application_ds
CCC(=O)C=C(C)C=CCC(C)CCC=C(C)C.CO,Application_ds
CCC(=O)N(C1=CC=CC=C1)C1(COC)CCN(CCC2=CC=CS2)CC1.O=CN(C)C,Application_ds
CS(=O)(=O)OCc1ccc(-c2ccc3c(nnn3CC3CC3)c2C(F)(F)F)cc1.O,Application_ds
O=C1C=C(OC2=CC(O)=C(O)C(OC3OC(C)C(O)C(O)C3O)=C12)C=4C=CC(O)=C(O)C4.CC1CCCO1,Application_ds
O=C(OCCCC#CC#CC=CC)C(=CC)C.CC1CCCO1,Application_ds
Cc1ccc(Cl)c(O)c1F.CO,Application_ds
Nc1cccc(-n2cccn2)c1.N#CC,Application_ds
COc1ccc(-c2ccccc2)c2sc(NC(=O)N(C)Cc3ccc(C)nc3)nc12.CCO,Application_ds
O=C1OC2C(C=C3CCC4C(C(=O)OC(O)C4(C)C3C2)(C)C)=C1C.N#CC,Application_ds
COC(=O)c1cccc(I)c1C(=O)OC.CC(OCC)=O,Application_ds
CCOC(=O)C(C)(Cc1ccc(Oc2cc(Cl)nc(NCc3ccccc3)n2)cc1)Oc1ccccc1.CCO,Application_ds
Cn1ccc2ccc([N+](=O)[O-])cc21.CC1=CC=CC=C1,Application_ds
CCOC(=O)N1CC=C(c2cc(C)cn3nc(Nc4ccc(-n5cnc(C)c5)c(OC)c4)nc23)CC1.CC1=CC=CC=C1,Application_ds
  S=C(NCCSCc1[nH]cnc1Br)NCc1ccco1.CC1=CC=CC=C1,Application_ds
Cc1cc(N(C)C(=O)N(C)[C@@H]2CN(C(=O)C3CCC(F)(F)CC3)C[C@H]2c2ccc(F)cc2)cc(C(F)(F)F)c1.O=CN(C)C,Application_ds
Cc1nc(N(C)C(=O)Cc2ccc(-c3ccccc3F)cc2)sc1S(N)(=O)=O.CC(C)=O,Application_ds
  CC(C)(C)c1cc2c(c(NC(=S)NC3c4ccccc4C=Cc4ccccc43)c1)O[C@](C(=O)Nc1ccccn1)(c1ccccc1)CC2.CC1CCCO1,Application_ds
CCOc1cc(CC(CC)NC=O)ccc1Cl.CC1=CC=CC=C1,Application_ds
CC1CCN(c2ccc(CO)cc2N)CC1.CC(OCC)=O,Application_ds
O=C(OC1CC(OC2C1CCC3C#CC4C5OC6=CC(=CC=C6O)CC32CC#CC7CCCCC7NC(O)C89CCC%10=C%11C=CNC%11=CN%10C9N=C%12NCC%13(CC=%14C=C(N)NCC%14)CCC%15C=%16C=CC=C(C%16C(NCC)C%15%13)CC(C5)CC48N%12)C%17=CC(O)=C(O)C(OCCC=%18C=NC=CC%18)=C%17)C.CO,Application_ds
C#C[C@H]1CC[C@H]2CN(c3nccnc3C#N)CCN12.N#CC,Application_ds
[CH2-][NH2+]C1(C)CCC(C(C)C)C2C=C(C)CCC21.O,Application_ds
OC1CCC2(C)C3CC=C4C5CC6(C)CCC5(COC6OCCCC)C(O)CC4(C)C3(C)CCC2C1(C)C.CO,Application_ds
O=C(NCC1N2CCC(C1)C(C=C)C2)C.O,Application_ds
OC1CCC23CC43CCC5(C)C(CCC5(C)C4CCC2C1C)C(C)CCC(C(=C)C)CC.O,Application_ds
CC(C)(C)OC(=O)NCCCc1cccc(Br)c1.CO,Application_ds
O=C1C=C(C)C(CCC(OC2OC(CO)C(OC3OC(CO)C(OC4OC(CO)C(O)C(O)C4O)C(O)C3O)C(O)C2O)C)C(C)(C)C1.CCO,Application_ds
CC(C)CNN.N#CC,Application_ds
C=C(c1cc(F)ccc1OCc1ccc(Cl)cc1Cl)n1ccnc1.CC1CCCO1,Application_ds
O=C1C=2C=C(C=CC2NC(=O)C3N1CCC(N)C3)C4=CC=CC(=C4C)C.CO,Application_ds
S=C(NCC=1OC=CC1)NCC2N3CCC(C2)C(CN(C)CCC4=NC=CC=C4)C3.CC1CCCO1,Application_ds
NC1=CC(=NC(N)=[N+]1[O-])N1CCCCC1.N#CC,Application_ds
CCCCC(=O)Cl.CO,Application_ds
Cc1cc(C(=O)CC(c2ccc(Br)cc2)c2ccc(F)cc2C)ccn1.O,Application_ds
CC(C)N1CCC(Oc2ccc3cc(C(=O)O)sc3c2)CC1.CCO,Application_ds
c1ccc(-c2nn3c(c2-c2ccc4[nH]ccc4c2)CCC3)nc1.O=CN(C)C,Application_ds
O=[N+]([O-])c1ccc2c(c1)C(c1ccccn1)=CC(C(F)(F)F)(C(F)(F)F)O2.CC(C)=O,Application_ds
CC(=O)c1cncc(Br)c1.O=CN(C)C,Application_ds
CC1(c2ccc(Cn3ncc([N+](=O)[O-])n3)o2)OCCO1.CC1CCCO1,Application_ds
N(NC=1C=CC=CC1)=C(C=CC=2C=CC=CC2)C.CCO,Application_ds
Cc1c(C(=O)Nc2ccc(N3CCC(N4CCOCC4)CC3)cc2C#N)cnn1-c1ccc(Cl)cc1.CC(C)=O,Application_ds
O=C1OC=C(C(O)=C1CN2CC3=CC(OC)=C(OC)C=C3CC2)CN4CCOCC4.CC(C)=O,Application_ds
O=C(OC1C(O)C(OC(OC=2C(=O)C3=C(O)C=C(OC4OC(C)C(O)C(O)C4O)C=C3OC2C=5C=CC(O)=C(OC)C5)C1OC6OC(C)C(O)C(O)C6O)COC7OC(C)C(O)C(O)C7O)C=CC8=CC=C(O)C=C8.CC1CCCO1,Application_ds
OCC1OC(OC2CCC3(C)C(CCC4C3CCC5(C)C4CC6OC(C=C(C)C)C(O)C(C)C65)C2)C(OC7OC(CO)C(O)C(O)C7OC8OC(C)C(O)C(O)C8O)C(O)C1O.O=CN(C)C,Application_ds
CCOCc1nc2cnc3ccccc3c2n1CC1(O)CCNCC1.O,Application_ds
O=C1OC2=CC=C3C(=O)C(OC3=C2C(C4=CC=C(OC)C(OCCC5=CC=C6OCCC6=C5)=C4)C1)=CC7=CC=C(OC)C(OC)=C7OC.O,Application_ds
COc1cc(C(=O)NC2CCN(CCCS(C)(=O)=O)CC2)ccc1Nc1ncc2c(n1)N(C1CCCC1)CC(F)(F)C(=O)N2C.CO,Application_ds
CCN[C@@H]1CCN(c2ccc(Br)cn2)C1.CC(C)=O,Application_ds
C[C@H]1CCC[C@@H](C)N1C(=O)CCl.O=CN(C)C,Application_ds
C#CCS(=O)c1c(O)cc(C)oc1=O.CC1CCCO1,Application_ds
Fc1ccccc1COc1ccc2cc(CCl)ccc2c1.O,Application_ds
CCOC(=O)CC(c1cc(OCc2cnc(-c3cc(OC)ccc3F)c(OC3CCCCO3)c2)ncn1)C1CC1.CO,Application_ds
CCOC(=O)Cc1csc(-c2c(O)cccc2O)n1.CO,Application_ds
COc1ccc2c(Sc3cccc(NC(=O)Nc4cc(C(C)(C)C)on4)c3)ncnc2c1.CC1CCCO1,Application_ds
OC1=CC=CC(=C1)C(O)C(N(C)C)C.O,Application_ds
O=C1C[C@@H](C(F)(F)F)c2c(ncnc2N2CCC(c3nc(CC(F)(F)F)cn3CCN3CCC3)CC2)N1.CC(C)=O,Application_ds
O=CC1=C2C3C(C=CC2(CCC1)CC(O)(CCNC)C43CCC(C(=CC=CC(=C)CCC=C(C)CNCC)CO)C4O)CCO.CC1CCCO1,Application_ds
O=C1Cc2cc(-c3ccc(I)s3)ccc2N1.CO,Application_ds
O=C1C=CC(NC(=O)C(C)(C)C)=C2N1CC3CN(CC2C3)C4CCN(C(=O)C)CC4.O=CN(C)C,Application_ds
CC(=O)N[C@H](CNc1ncc(-c2ccc3c(c2)CC(=O)N3)s1)Cc1ccc(C(F)(F)F)cc1.O=CN(C)C,Application_ds
O=C1OC2=C(C=CC(OCC(=O)C3=CC=C(OC)C=C3)=C2C)C(=C1)C4=CC=5C=CC=C(OC)C5OC4=O.CC(OCC)=O,Application_ds
COCc1c(C(=O)OC)ncc2c1ccn2Cc1ccc(F)cc1F.CCO,Application_ds
OCC(C=CC(O)C)=CC(O)C.CO,Application_ds
O=C1OC23C(=O)NC(CC=4C=CC=CC4)C3C(C)C5(OC5C2C=CCC(C=C(C(=O)C(O)CC1)C)C)C.CC1CCCO1,Application_ds
CCOC(=O)CCCN1CCc2ccc(-c3noc(-c4cnc(OC(C)C)c(Cl)c4)n3)cc2CC1.N#CC,Application_ds
COc1cc(OC)c(F)c(B2OC(C)(C)C(C)(C)O2)c1F.CO,Application_ds
O=C(O)c1ccc(CBr)cc1.CO,Application_ds
O=C1C=2OC(C)(C)CCC2C(=O)C=3C(O)=CC=CC13.CC1=CC=CC=C1,Application_ds
O=C(CC(O)C(CC1=CN=C[CH-]1)CC2=CC=C(O)C(OC)=C2CC(C)C)C(C=3C=CC=C(O)C3)CC4=CC=C(O)C(OC)=C4.CC(C)=O,Application_ds
O=C1C(CCC(O)c2ccc(F)cc2)C(c2ccc(O)cc2)N1c1ccc(F)cc1.O=CN(C)C,Application_ds
  OCC(CO)NC(=S)NCc1ccc(Cl)cc1.CO,Application_ds
COc1nc(Br)cnc1N.CC(C)=O,Application_ds
CC(C)c1nn(Cc2cc(=O)[nH]c3c(F)c(F)ccc23)c2ccccc12.CC(OCC)=O,Application_ds
COCC(=O)N[C@@H](Cc1ccccc1)C(=O)OC.O=CN(C)C,Application_ds
O=C(OC1C(=O)C(=CC(OC(=O)CC)C1C(C)C)CO)C(=CCO)C.N#CC,Application_ds
OC1=C(OC)C=C(C=C1OC)C2OCC3C(OCC23)C4=CC(OC)=C(C(OC)=C4)C.O,Application_ds
O=C(OCc1ccc([N+](=O)[O-])cc1)N1CCN(C[C@@H]2C[C@H](SC(c3ccccc3)(c3ccccc3)c3ccccc3)CN2C(=O)OCc2ccc([N+](=O)[O-])cc2)CC1.CC(OCC)=O,Application_ds
Cc1cc(-c2nc3ccc(Br)cc3c(=O)[nH]2)cc(C)c1OCCO[Si](C)(C)C(C)(C)C.O=CN(C)C,Application_ds
O=C(NCCOC)C1CC(=O)N(C)CC(NCC2=NC=CS2)CCC1.O=CN(C)C,Application_ds
CCOC(=O)C(C(C)=O)C(C)C.O=CN(C)C,Application_ds
  CCOC(=O)[C@H](C)C[C@@H](Cc1ccc(-c2ccccc2)cc1)NS(=O)(=O)NC(CO)(CO)CO.N#CC,Application_ds
CON(C)C(=O)CCl.N#CC,Application_ds
CCCCCc1cc(OC(=O)CCCN2CCOCC2)c2c(c1)OC(C)(C)C1CCC(C)=CC21.CC1CCCO1,Application_ds
  Cc1ccc(S(=O)(=O)[C@H](NC(=O)N[C@H](C)c2cccc3ccccc23)c2ccccc2)cc1.O,Application_ds
O=[N+]([O-])c1c[nH]cn1.CCO,Application_ds
CCCCC(=C(c1ccc(O)cc1)c1ccc(O)cc1)c1ccc(/C=C/C(=O)OCC)cc1.O,Application_ds
O=C(O)C(O)NC(=O)C(NC(=O)CCC(N)C(=O)O)CSC1(C=2OC(=O)C3C=C(CC=4C=CN=CC4)CC(C23)CC1)C5(CC)CCCC5.CC(OCC)=O,Application_ds
C1CC2CCC(C1)N2.O=CN(C)C,Application_ds
O1C=CC2=C1C3(C)CCCC(C)C3(C)CC2.N#CC,Application_ds
O=C(OC)C=1C=CC=CC1NC(=O)N2CCCC(O)C(NC(=O)C3=CC=C(OCC(=O)OC)C=C3)C2.N#CC,Application_ds
CN1CC[C@@](O)(C#Cc2cccc(-c3cc(-c4ccnn4C)nc(C(N)=O)n3)c2)C1=O.CO,Application_ds
  Cc1ccc(C)n1[C@@H]1CCCC[C@H]1Nc1c(Nc2ccc(NS(C)(=O)=O)c(Oc3ccccc3)c2)c(=O)c1=O.CC1CCCO1,Application_ds
C#CCN1CCOCC1.CC1CCCO1,Application_ds
O=C1OC=2C=C(OCC(=O)NC3=NNC(=N3)CC(C)C)C=CC2C(=C1C)C.CC(C)=O,Application_ds
Cc1ccc(F)cc1C1CC(=NNC(=N)N)c2c(C)cnnc2C1.CC(C)=O,Application_ds
  CS(=O)(=O)ON[C@@H](c1ccccc1)[C@@H](NS(=O)(=O)Nc1ccc(Cl)cn1)c1ccccc1.O,Application_ds
CS(=O)(=O)OCCCOC(=O)c1[nH]c(-c2ccccc2)c2cc(Cl)ccc12.CC(OCC)=O,Application_ds
NCc1cnccn1.CC(C)=O,Application_ds
O=C(OC1CC2C(O)(CC=C3CC(OC4OC(C)C(OC5OC(C)C(OC6OC(C)C(OC7OC(C)C(OC8OC(C)C(OC9OC(C)C(OC%10OC(CO)C(O)C(O)C%10O)C(OC)C9)C(OC)C8)C(OC)C7)C(OC)C6)C(OC)C5)C(O)C4)CCC32C)C%11(O)CCC(O)(C(=O)C)C1%11C)C=CC=%12C=CC=CC%12.O,Application_ds
N#Cc1ccsc1N.CO,Application_ds
O=C(O)CCC(NC(=O)CC(O)CCCCCCCCCC(C)C)C(=O)NC(C(=O)NC(C(=O)NC(C(=O)NC(C(=O)NC(C(=O)NC(C(=O)O)CC(C)C)CC(C)C)CC(=O)O)C(C)C)CC(C)C)CC(C)C.CC(OCC)=O,Application_ds
O=C(OC1CCC(C)(C)C2CC(O)C34C(=O)C(=C)C(CCC3C12C)C4OC(=O)C)C.CC1CCCO1,Application_ds
N#CCOC1=CC=C(C(O)=C1)C(=NO)COC=2C=CC=C(OC)C2.O=CN(C)C,Application_ds
CC(N)CC(=O)O.CC(OCC)=O,Application_ds
  CN1C(=O)[C@@H](Nc2c(Nc3ccc4cccnc4n3)c(=O)c(=O)c2=O)C[C@H](N2CCCCCC2)c2ccccc21.CC(OCC)=O,Application_ds
O=C(O)CNC(=O)C1CCN(C(=O)C(NS(=O)(=O)C2=CC=C(C=C2)C)CC=3C=CC=CC3)CC1.CCO,Application_ds
Cc1ccc(N2C(=O)c3cccc4c(Nc5ccc6c7c(cc(=O)n6C)-c6ccccc6C(=O)c57)ccc(c34)C2=O)c(C)c1.CO,Application_ds
CCOC(=O)C1CN(C(=O)OC(C)(C)C)c2cc(Cl)ccc2O1.CC(C)=O,Application_ds
OC12OC3CCC(C)C(C)(CCC4(C)C(C)CCC56OC(CCC54)C(O6)(C)C)C3(OC1(C)C)CC2.CC(C)=O,Application_ds
  Cc1ccc(Nc2c(Nc3nonc3CO)c2=O)c(C(=O)O)c1.CO,Application_ds
COc1cc2c(Cl)ncnc2cc1OCCCN(C)S(C)(=O)=O.CC1=CC=CC=C1,Application_ds
O=C(OCC)C1=C(C)C2C3C(=O)N(C(=O)C3C1(C)C4C(=O)N(C(=O)C24)C5=CC=CC(=C5)[NH+]([O-])O)C6=CC=CC(=C6)[NH+]([O-])O.CCO,Application_ds
  C/C=C/[C@H](NC(=S)NC(=O)[C@@H]1SC(N)=C(C#N)[C@H]1c1cccc(OC)c1)[Si](C)(C)C.CC(OCC)=O,Application_ds
C[C@H]1[C@@H](c2cc(C(F)(F)F)cc(C(F)(F)F)c2)OC(=O)N1Cc1cc(C(F)(F)F)ccc1-c1cccc(-n2cccn2)c1.CCO,Application_ds
O=C1C=C(OC2=CC(OC3OC(CO)C(OC4OC(CO)C(O)C(O)C4O)C(O)C3O)=CC(O)=C12)C=5C=CC(OC6OC(CO)C(O)C(O)C6O)=CC5.O,Application_ds
CCNS(=O)(=O)c1ccc(I)cc1.CO,Application_ds
O=C(O)C=CCC=CCC=CCC=CCC=CCC=CCC.N#CC,Application_ds
NC[C@H]1O[C@@H](n2cc(CCCl)c(=O)[nH]c2=O)C[C@@H]1O.CC(OCC)=O,Application_ds
OC1CN(CC2=NC(=CS2)C3(O)CCN(CC=4C=CC=CC4)CC3)CC1.CC1CCCO1,Application_ds
O=C1CN(c2ccccc2)C(=O)N1C(=O)c1cccc(Oc2ccccc2)c1.CC1CCCO1,Application_ds
COC(=O)c1ccc(S(=O)(=O)Nc2ncc(C(F)(F)F)cc2Br)cc1.CCO,Application_ds
  CC(=O)N[C@@H](Cc1ccccc1)Nc1c(N[C@@H](C)c2ccc(Br)cc2)c(=O)c(=O)c1=O.CC1=CC=CC=C1,Application_ds
O=C(OC1=CC=2C(OC3OC(CO)C(O)C(O)C3O)=CC(O)=CC2[OH+]C1C4=CC=C(O)C=C4)C=CC5=CC=C(O)C(OC)=C5.N#CC,Application_ds
CCOc1ccc(Cl)cc1-c1cc(Nc2ccc(CO)cc2)nc(N)n1.CC1CCCO1,Application_ds
Cc1cc(-c2nnc3c4ccccc4c(OCc4nnn(C)c4CCN4CCC4)nn23)no1.O,Application_ds
  C[C@H](NC(=O)[C@@H]1CCCN1C(=O)OC(C)(C)C)Nc1c(Nc2cccnc2Cl)c(=O)c1=O.CC1CCCO1,Application_ds
OCC=1C=C(C=C(C1)C)C.CO,Application_ds
Cc1cc(C(=O)N2CCC[C@@H](CC(=O)Nc3ccc4cc3CCc3cncc(c3)Nc3ncc(Cl)c(n3)N4)C2)no1.CC1CCCO1,Application_ds
O=C(Nc1ccn(Cc2ccc(Cl)cc2C(F)(F)F)n1)c1ccncc1F.CC1CCCO1,Application_ds
O=C(NC1=CSC=C1)NCC2OC(CO)C(O)C2N3CCC(C)CC3.O,Application_ds
O=C1C2=C(O)C=C3OC(C=CC3=C2OC=4C=5C(O)=CC(OC)=C(O)C5C(C(=C)C)CC14)(C)C.CCO,Application_ds
Cc1cc(Oc2ncc(Cl)cc2F)cc(C)c1C1C(=O)C2C3CCC(CC3)C2C1=O.CC1CCCO1,Application_ds
NCCc1ccc(Br)cc1.O=CN(C)C,Application_ds
OC1=CC=C(C(O)=C1)C(C2=CC(=C(O)C=C2O)C3OC=4C(=CC=C(OC)C4CC=C(C)C)CC3)CCC5=CC=C(OC)C(=C5O)CC=C(C)C.O=CN(C)C,Application_ds
Clc1c2ccccc2nc2ccccc12.O,Application_ds
CCOC(=O)NC(C)(C)c1ccc(C(=O)OC)cc1.CC1CCCO1,Application_ds
OC1OCC(CC2=CC=3OCOC3C(OCC)=C2)C1CC4=CC(OC)=C(OC)C(OC)=C4.O=CN(C)C,Application_ds
CC(C)(C)OC(=O)N1CCC(n2cc(-c3cnc(N)c(-c4nc5ccccc5o4)c3)c(C=O)n2)CC1.N#CC,Application_ds
O=C1C=2NC(=O)C(OC2C=3C=CC=CC3N1CC)C.CC(C)=O,Application_ds
N[C@H]1C[C@@H](CO)[C@H](O)[C@@H]1O.N#CC,Application_ds
O=C1OC2(C=3C=CC=C(C13)CCCN)C4CCCCC5=CC=CC(=C5)CC6CC7=C8CCC92C(OC(=O)C749)=C(O)C%10CCC%11N(CC%12CC%11CN%13C%14=C(C=CC%13%12)CC(C)C6C%148)C%10C.CC(OCC)=O,Application_ds
CN(C)CCOc1ccc(Nc2c(C(=O)C3CC3)cnc3ccc(Br)cc23)cn1.O,Application_ds
O=C(OC1C=CC2=CC(=O)C(C=C)CC2(C)C1C)C=CC=CC(C)CC.O=CN(C)C,Application_ds
O=C(O)C(O)C(NC(=O)C(NC(=O)C(NC(=O)C1N2C=3C=C(O)C(O)=CC3C=C(NC(=O)CCC(=O)N)[C+]2NCC1)CO)C(C)C)C(=O)NCC(=O)NC(C(=O)NC(C(=O)NC4C(=O)N(O)CCC4)CO)C(O)C.CC1CCCO1,Application_ds
O=C1C2=C(O)C=C(OC3OC(CO)C(O)C(O)C3OC4OC(CO)C(O)C(O)C4O)C=C2OC(C5=CC=C(O)C(O)=C5)C1.O=CN(C)C,Application_ds
Fc1cnc(Nc2ccc3c(c2)OCCO3)nc1NCc1csc2ccc(Cl)cc12.CC1=CC=CC=C1,Application_ds
NC(=O)CNC(=O)c1cc(-c2ccc(F)c3cc(Cc4cc(F)cc(Cl)c4)sc23)ccc1F.CC1=CC=CC=C1,Application_ds
Fc1ccc(CC2CO2)cc1.O,Application_ds
BrC=1C=C(C=2OC3N(C)CCC3(C2C1N)CC=C(C)C)CC=C(C)C.CC(OCC)=O,Application_ds
N#Cc1ccc(Sc2c[nH]nn2)cc1.O=CN(C)C,Application_ds
  CCOC(=O)CNc1c(NS(=O)(=O)c2cc([N+](=O)[O-])ccc2NC2CCCCC2)c(=S)c1=S.CC(OCC)=O,Application_ds
O=C(OCCC=CCC)C=CC1=CC=C(O)C(OC)=C1.CO,Application_ds
FC(F)(F)c1cccc2c(Cl)ccnc12.CC1CCCO1,Application_ds
CC(NC1CC1)c1cc(F)ccc1C1=CCCC1.CC(C)=O,Application_ds
CCc1cc(-c2ccc(Cl)cc2)nc2c(I)cnn12.CCO,Application_ds
N#Cc1ccc(-c2cnc3c(c2)NCCO3)cc1.CC(OCC)=O,Application_ds
COC(=O)N1c2ccc(-c3cnn(C4CCS(=O)(=O)CC4)c3)c(OC3CCC3)c2CC[C@@H]1C.CC(C)=O,Application_ds
Cc1c(CN(C)C(=O)/C=C/c2cnc3c(c2)CN(CCCN2CCOCC2)CC(=O)N3)sc2ccccc12.CC1=CC=CC=C1,Application_ds
ClC1=C(CCN2CCN(CC2)C2=NSC3=CC=CC=C23)C=C2CC(=O)NC2=C1.CC1CCCO1,Application_ds
CC(C)OC(=O)C1=C(Cl)C=C(F)C(=C1)C1=NN(C)C(=C1Br)C(F)(F)F.O=CN(C)C,Application_ds
C[C@H](Oc1ccc(C(F)(F)F)cc1-c1ccc(S(=O)(=O)N(C)C)cc1Cl)C(=O)O.O,Application_ds
Clc1ccc(O[C@H]2CN3CCC2CC3)nn1.CC(C)=O,Application_ds
COc1cccc(-c2cc3c(s2)c(I)nn3C(=O)OC(C)(C)C)c1.CC1=CC=CC=C1,Application_ds
CC1(C)COC(c2ccc(Br)cc2)OC1.CC1CCCO1,Application_ds
O=c1c2ccccc2nc2[nH]c3ccccc3n12.O=CN(C)C,Application_ds
CC(C)c1cc(C(=O)O)oc1C(C)C.N#CC,Application_ds
OC1=CC=C(C=C1C2C(=CCC(C)C2)CO)C3CCC4C(O)CC(OC4C3)C=5C(=C(O)C(O)=C(OC)C5CC=6C=CNC6)CO.CC1CCCO1,Application_ds
O=C(OC(C)CC)C(F)(OC(F)(F)C(F)(F)C(F)(F)F)C(F)(F)F.O=CN(C)C,Application_ds
COc1ccc(CCCC2(Br)C(=O)NC(=O)NC2=O)cc1.CC(OCC)=O,Application_ds
CC(C)n1c(C=O)c(-c2ccc(F)cc2)c(-c2ccccc2)c1C(=O)NCc1ccc(F)cc1.CC1=CC=CC=C1,Application_ds
OCC1(C)CC(O)CC2(C3=C(CCC21)C4OCC(O)C4(C)CC3)C.CC(C)=O,Application_ds
Cc1nc(C(F)(F)F)ccc1Cn1nc2c(Br)c(Cl)ccn2c1=O.CO,Application_ds
O=C(O)C12CCC(C)C(O)(C)C2C3=CCC4C5(C)CCC(O)C(CO)(CO)C5CCC4(C)C3(C)CC1.CC1=CC=CC=C1,Application_ds
O=C1C(OC=2C1=CC=C(O)C2CN3CCN(CC)CC3)=CC=4SC=CC4C.CC1=CC=CC=C1,Application_ds
O=C(OCCCCCCCCCCCCCCCCCC)C1(C)CCC2(C)CCC3(C(=CC(=O)C4C5(C)CCC(O)C(C)(C)C5CCC43C)C2C1)C.CC1CCCO1,Application_ds
O=C1C=C2C(CCC3(C)C(CCC23O)C(O)(C)C(O)CC(C(=C)C)C(O)C)C4(C)CC(O)C(O)CC14.CC1=CC=CC=C1,Application_ds
Clc1cncc(Cl)c1.CO,Application_ds
CC(C)S(=O)(=O)c1ccc(F)c(Br)c1.O=CN(C)C,Application_ds
O=C(O)C(Cc1ccccc1)C[C@H](NS(=O)(=O)c1ccccc1)C(=O)N1CCC[C@H]1C(=O)OCc1ccccc1.CC(C)=O,Application_ds
OC1=CC=C2C(=C1)CC#CC3C(N)C4CCC3(OC4(C)C)C5CC(CO)CC(C2)C5.CC(OCC)=O,Application_ds
  O=C(Nc1ccc(NC(=O)c2ccc(F)cc2)cc1)Nc1cc(CN2CCCC2)c(O)c(CN2CCCC2)c1.CCO,Application_ds
CCN1CCC(OC(=O)[C@](O)(c2ccc(Cl)cc2)[C@@H]2CCC(F)(F)C2)CC1.CC(C)=O,Application_ds
Cc1ccc(C(=O)O)c(Cl)n1.CC1=CC=CC=C1,Application_ds
Fc1cccc(F)c1CBr.O=CN(C)C,Application_ds
CC(=O)Nc1ccc(COc2cc(Cl)cc(Nc3ccnc4nc(C)ccc34)c2)cc1.O=CN(C)C,Application_ds
CCC(C)c1ccccc1OC(=O)Cl.CC1=CC=CC=C1,Application_ds
COC(=O)CCC1=CCN(Cc2ccc(NC(=O)c3ccccc3)cc2)C1=O.CC(C)=O,Application_ds
CC(C)(C)OC(=O)NC(C)(C)C(=O)NC(COCc1ccccc1)C(=O)O.CO,Application_ds
COc1ccccc1C(=O)Nc1ccc(C(=O)O)c(NC(=O)c2ccccc2OC)c1.O,Application_ds
O=C(C=1C=CC=CC1)C2=C(O)C=C3OC4(C)CCC5C(C3=C2OC5(C)C)C4.O=CN(C)C,Application_ds
O=C(NC1CC(CC2=NOC(=C2)CN(C)C)C1(C)C)C3=CC=C(OC)C=C3.N#CC,Application_ds
O=C(NC1CCCCC1)CCCCCCCC=CCC=CCCCCC.CC1CCCO1,Application_ds
CCNC(=O)c1ccc(-c2ccc(N3CCC[C@]4(CCN([C@@H]5CC[C@H](O)CC5)C4=O)C3)c(F)c2)cn1.CC1CCCO1,Application_ds
Nc1ncc(-c2cnc3ccc(-c4ccc(OCCCNC(=O)C5CC5)cc4)nn23)cc1C(F)(F)F.CCO,Application_ds
O=C1C=C2C(=CC=C1NCCCCCC(=O)NC3=CC=C(OC)C=C3)C4=C(OC)C(OC)=C(OC)C=C4CCC2NC(=O)C.CC1=CC=CC=C1,Application_ds
CNC(=O)c1ccccc1Nc1nc(Nc2ccc3c(c2)NCCNC3=O)ncc1Cl.CC(C)=O,Application_ds
O=C(O)C=1C(O)=C(C(O)=C(C1C)C)C.CC(OCC)=O,Application_ds
Cn1ccc2ncnc(Nc3ccc(Oc4cnn5ccccc45)c(Cl)c3)c21.O,Application_ds
O=C(OC=1C=C2C(=O)C=3C=CC=C(O)C3C(=O)C2=CC1C)C.O,Application_ds
OCC1OC(OC2CCC3(C)C(C2)C(O)CC4C3CCC5(C)C4CC6OC7(OCC(C)CC7)C(C)C65)C(O)C(O)C1O.N#CC,Application_ds
CCN1CCN(c2nc(C)nc3c2nc(-c2ccccc2Cl)n3COC)CC1.CC1CCCO1,Application_ds
N=C(O)C1OC(N2C=CC(=N)N=C2O)C(O)C(O)C1N=C(O)C(N=C(O)CNC)CNC(=N)N.O=CN(C)C,Application_ds
COC(=O)c1ccc(S(=O)(=O)Nc2ncc(C(F)(F)F)cc2Cl)cc1.CCO,Application_ds
CCC[C@@H](C)O.CC(OCC)=O,Application_ds
[N-]=[N+]=NCC(=O)c1ccc(O)c(O)c1.CC1=CC=CC=C1,Application_ds
Cc1cc(Cl)ncn1.CCO,Application_ds
C#Cc1ccc(C2(OC(C)C)CC2)cc1.CCO,Application_ds
Cc1cc2c(NCc3ccccc3)nc(-c3cnccn3)nc2s1.CCO,Application_ds
  CSc1cccc(NC(=S)Nc2ccc(-c3cc(C)c4c(c3C)/C(=C3/c5c(C)c(-c6ccc(Nc7cc(N(C)C)ccn7)cc6)cc(C)c5C[C@H]3C)[C@H](C)C4)cc2)c1.N#CC,Application_ds
O=C(N)C1CC(O)C(O)C2N(C(=S)N(C3=CC=C(Cl)C=C3)C12)CC=4C=CC=CC4.CC(OCC)=O,Application_ds
CC(C)N1CCN(C(=O)[C@@H]2CC[C@@H](N)CC2)CC1.CC(C)=O,Application_ds
C#CCOc1cccc(CC(OC(C)C)C(=O)OCC)c1.CC1=CC=CC=C1,Application_ds
O=CC(OC)C(OC)C(O)COC.O=CN(C)C,Application_ds
O=C1OC=2C=C3OC(C)(C)CCC3=CC2C(=C1CC(=O)N4CCN(CC(=O)NCCN(C)C)CC4)C.CC1=CC=CC=C1,Application_ds
Cc1c(I)c[nH]c(=O)c1[N+](=O)[O-].CC1CCCO1,Application_ds
  O=[N+]([O-])c1ccc(/C=N/c2ccccc2NC(=S)Nc2nc(-c3ccccc3)n[nH]2)c([N+](=O)[O-])c1.CO,Application_ds
Cn1ccc(NC(=O)c2cc(O)c3c(c2)OC(C(F)F)C3)n1.N#CC,Application_ds
O=C(OC1CC23C(=CCC4C(C)(C)C(OC5OCC(O)C(O)C5O)CCC43C2)C6(C)CC7OC8(OC(OC)C9(OC89)C)CC(C)C7C16C)C.CO,Application_ds
COC(=O)CC[C@H](NC(=O)c1cn(C(c2ccccc2)(c2ccccc2)c2ccccc2)c(I)n1)C(=O)OC.CC(C)=O,Application_ds
CC1(C)CC(=O)N(COCC[Si](C)(C)C)c2c(CCl)cccc21.O=CN(C)C,Application_ds
  CC(C)COc1cc(C(=O)Nc2ccccc2-c2c(F)c(F)c(F)c(F)c2F)nc2c(NC(=S)Nc3ccccc3NC(=O)c3ccccc3)cccc12.O,Application_ds
O=C(OCC(OC(=O)CCCCCCCCCC=CCCCCCC)COP(=O)(O)OC1C(O)C(O)C(O)C(O)C1OC2OC(CO)C(O)C(O)C2O)CCCCCCCCCC=CCCCCCC.CO,Application_ds
Cc1cc(O)c(C(C)(C)C)cc1F.O=CN(C)C,Application_ds
O=C(N[C@H]1CCCC[C@@H]1O)c1c[nH]c2c(Cl)ccnc12.N#CC,Application_ds
O=C(NC=1C=CC=CC1)C=2N=NN3C=CC=CC23.CC(OCC)=O,Application_ds
O=C(C=C1NCCC2=CC(OC)=C(OC)C=C12)CC3CC4CCC3C4.CC1CCCO1,Application_ds
ClC(Cl)(Cl)C1=NC2(SC32C=4C=CC=CC4C=5C=CC=CC53)C6(O1)C=7C=CC=CC7C=8C=CC=CC86.CC1CCCO1,Application_ds
CO[C@H]1O[C@H](COCc2ccccc2)[C@@H](OCc2ccccc2)[C@@]1(C)OCc1ccccc1.O,Application_ds
Cc1cc(C(=O)O)ccc1Nc1ncc2c(n1)N(C1CCCC1)CC(F)(F)C(=O)N2C.CC1=CC=CC=C1,Application_ds
O=C(OCC1OC(OCC2OC(O[C]3[CH][C]4[C](O)[CH][C](O)[CH][C]4[OH+][C]3[C]5[CH][CH][C](O)[C](O)[CH]5)C(OC6OCC(O)C(O)C6O)C(O)C2O)C(O)C(O)C1O)C=C[C]7[CH][CH][C](O)[C](OC)[CH]7.CC(OCC)=O,Application_ds
OCC1=CC2C(CCC(C)C2(O)CC1OC3OC(CO)C(O)C(O)C3O)C(C)C.CCO,Application_ds
O=C(OC)C(=C)C1=CC2=C(CC(C(=O)OC)(C3=CC4=C(C)C5CC5C4(C)C(O)C3=O)C)C6CC6C2(C)C(O)C1=O.O=CN(C)C,Application_ds
CCCCCCCCCCCCCCN(C)C(=O)C(O)C(O)C(O)C(O)CO.CC1CCCO1,Application_ds
CC1=C(C(=O)Nc2ccc3[nH]nc(C)c3c2)C(c2ccc(C(F)(F)F)cc2F)CC(=O)N1C.CCO,Application_ds
C[C@H]1CN(C(=O)OC(C)(C)C)CCN1S(=O)(=O)c1cccc(B2OC(C)(C)C(C)(C)O2)c1.O,Application_ds
CC(C)(C)OC(=O)Nc1ccc2c(c1)N(CCCNS(=O)(=O)c1ccc(C(F)(F)F)cc1)c1ccccc1CC2.O,Application_ds
Nc1ncnc2c1ncn2[C@@H]1O[C@H](CSCCO)[C@@H](O)[C@H]1O.CC(C)=O,Application_ds
CC(C)(C)[Si](OCC1OCCCC1N)(c1ccccc1)c1ccccc1.O,Application_ds
Fc1nc(F)c(OC(F)F)c(Cl)n1.CC1CCCO1,Application_ds
CC1(C)OCC(COCCOCc2ccccc2)O1.O=CN(C)C,Application_ds
Brc1cccc(-c2ncc3c(n2)CCOC3)n1.CO,Application_ds
O=C(C=CC=CC=1C=C2OCOC2=CC1OC)N3CCCC3.CO,Application_ds
O=C(NC1=CC=C(OC2=CC=C(Cl)C=C2)C=C1)N(C)C.CO,Application_ds
S=C(N)NN=C(C=CC1=C(C)CCCC1(C)C)C.O=CN(C)C,Application_ds
Cn1c(NCC[C@H](N)c2ccccc2)nc(-c2ccncc2)c(-c2cccc(C(F)(F)F)c2)c1=O.CCO,Application_ds
CN\C(NCCSCC1=CSC(CN(C)C)=N1)=C/[N+]([O-])=O.CC1CCCO1,Application_ds
N=C(N)NCCCOc1ccc2c(c1)NC(=O)C(CC(=O)O)C2.CC(OCC)=O,Application_ds
CC(C)NC(=O)N1CCc2ccc(OCCCN3CCCCC3)cc2C1.CC1=CC=CC=C1,Application_ds
OC12COC(C3=CC=C4OCOC4=C3)C2(O)COC1C5=CC=C6OCOC6=C5.CO,Application_ds
O=S(=O)(N1CC2N(CCOC2)C3(CN(C3)C4COC4)C1)C.CCO,Application_ds
O=C1C=C2C(=CC=C1NC(C(=O)NC3=NC(=NN3)COC=4C=CC=CC4)C(C)CC)C5=C(OC)C(OC)=C(OC)C=C5CCC2NC(=O)C.O,Application_ds
CCCNC(=O)c1nnc2c(-c3cnc(OC)c(F)c3)cccc2c1N.CO,Application_ds
CC(C)N(Cc1ccc(C(=O)N2CCN(S(=O)(=O)c3ccc4cc(Br)ccc4c3)CC2)cc1)C(C)C.O=CN(C)C,Application_ds
CCc1ccc(CNC2CCN(CCn3c(=O)cnc4ccc(F)cc43)CC2)cc1.O,Application_ds
S1CCCNCCCN(CC=2C=CC=CC2)CCC1.CC(C)=O,Application_ds
CC(C)(C)c1nc(-c2cccc(NS(=O)(=O)c3ccccc3)c2F)c(-c2ccnc(N)n2)s1.O=CN(C)C,Application_ds
O=C(OC1OC(COC2OCC(O)C(O)C2O)C(O)C(O)C1O)CCCCC.CCO,Application_ds
O=C1C(=O)C2(C)C(C(=O)CC2(C=3C(=O)CC4C(C(=O)CCC4(C13)C)(C)C)C)C(C)CCC(=O)O.O,Application_ds
O=C1OCC(=C1)C2CCC3(O)C4CCC5(O)CC(O)CCC5(C=NC(CO)CC)C4CCC23C.CC1=CC=CC=C1,Application_ds
O=C(O)C1OC(OC2CC3CCC4C=C5C67C=CCC(C)(CC(COC)C6(C(=O)O)CCC58CCCC9CC(C2(C)C)C3(C)C4C98C)C7)C(O)C(O)C1O.CO,Application_ds
CC(C)(C)OCC(F)(F)F.CC1=CC=CC=C1,Application_ds
O=C(OC1C(=C)C(O)CC2C(C(=C)C)CC(=O)C2(C)CC=C(C)CC1)C.CC1=CC=CC=C1,Application_ds
O=C(OC1C2C(OC(=O)C)C3(COC(=O)C)CC4C(=O)C(C)(C)CC4C3(C)C(OC(=O)C)C2(O)CC1(OC(=O)C)C)C=5C=CC=CC5.CCO,Application_ds
O=C(CCCO)OCc1ccccc1.CC1=CC=CC=C1,Application_ds
O=C(OC(CC(=O)CCC1=CC(OC)=C(O)C=C1CNC)C(CC=2C=NCC2)CCCC)C.CC1=CC=CC=C1,Application_ds
  N#Cc1cc(Nc2c(NC(=O)c3ccc(-c4ccc(Cl)cc4C(F)(F)F)o3)c(=O)c2=O)n(-c2c(Cl)cc(C(F)(F)F)cc2Cl)n1.CC(OCC)=O,Application_ds
O=Cc1ccc(Oc2nc3ccccc3s2)cc1.CC(C)=O,Application_ds
O=C1OCC2=C1C(OC)=C(C(OC)=C2C)CC=C(C)CCC(=O)NC(C(=O)OC)C.CC1CCCO1,Application_ds
O=C(OCc1ccccc1)N1CCSc2ccc(OC(F)(F)F)cc2C1.CC(OCC)=O,Application_ds
NC1=NC2(CO1)c1cc(Br)ccc1O[C@H]1CCN(C(=O)OCc3ccccc3)C[C@@H]12.CC1=CC=CC=C1,Application_ds
O=C(OC)C1CC23CCC(=O)N4CCC5(C=6C=CC=CC6NC15CC2)C43.CC(C)=O,Application_ds
O=C(O)C(NC(=O)CN1C=CC=2C=CC=CC21)CCSC.N#CC,Application_ds
O=C(NC1=CC(Cl)=CC=C1OC)C2CC(NC32C(=O)NC=4C(=CC=CC43)C)CC=5C=CC=CC5.O=CN(C)C,Application_ds
  CCCCN(CCCC)c1cc(O)nc(NC(=O)Nc2ccc(Br)cn2)n1.CO,Application_ds
  COC[C@@H]1O[C@@H](C(=O)OC)C[C@H]1NC(=O)N[C@H](C(=O)N(C)C)C(C)(C)C.CC(C)=O,Application_ds
CC(c1ccc(-c2ccccc2C(=O)O)cc1Cl)C(O)(c1ccc2c(c1)N(C)C(=O)CO2)C(F)(F)F.CC(C)=O,Application_ds
CNC(=O)c1ccccc1I.O,Application_ds
O=C1O[C]2[CH][C]([C](O)[CH][C]2[C]([CH]1)CN3CCN([C]4[CH][CH][CH][CH][NH2+]4)CC3)[C]5[CH][CH][CH][CH][CH]5.CC(C)=O,Application_ds
O=C(OC)CC(C)CC.CO,Application_ds
FC(F)(F)Oc1cccc(CBr)c1.O,Application_ds
CC(C)(C)OC(=O)N(Cc1ccc2c(c1)OCCO2)C1CCN(CCn2c(=O)ccc3cccnc32)CC1.O,Application_ds
Cc1cccc2cc(CO)n(C(C)C)c(=O)c12.O,Application_ds
Cc1ccc(NC(=O)C2(c3ccc4c(c3)OCO4)CC2)cc1-c1ccc(CN)cc1.O,Application_ds
COC(=O)C(Br)CC(C)C.CC1=CC=CC=C1,Application_ds
Cc1cc(NC(=O)NC2CCN(Cc3cccc(B(O)O)c3)C2)c2ccccc2n1.O,Application_ds
O=C1N=C(NC(C)(C)C)N=C(O)N1C.N#CC,Application_ds
COc1ccc(CNc2nc(CCl)nc3sc4c(c23)CCCC4)cc1Cl.O,Application_ds
O=C1OC2(CC1)CCC3C4CCC5=CC(=O)CCC5(C)C4CCC32C.CC(OCC)=O,Application_ds
Nc1cccc(C2OCCCO2)c1.CC1=CC=CC=C1,Application_ds
O=C(O)CCC12CC32CCC4(C)C(CCC4(C)C3CCC1C(=C)C)C(C)CCC(=C)C(C)C.CC1=CC=CC=C1,Application_ds
O=C(NC1COC(CN2CCN(C)CC2)C1O)C3=CC=C(C=C3)C(F)(F)F.CCO,Application_ds
OC1=CC=C(C=C1OCCC2=CC(=CN2)C(CNCC(O)C)C3CCCC3)CCC=4OC(=CC4)CCCC.N#CC,Application_ds
O=C1OC(CC1C)C(O)C(Cl)C(O)C(O)CCC.N#CC,Application_ds
O=C(O)Cc1cccc2cnccc12.O,Application_ds
COC(=O)c1cccc(CS(=O)(=O)N[C@@H](C(=O)N[C@@H](CC(C)C)C(=O)NCc2ccc(C#N)cc2)C(C)C)c1.O=CN(C)C,Application_ds
O=C(OCCC(=CCC(O)CCCCCCCCCCCCCCC)C)C.CO,Application_ds
NCc1cccc(Oc2ccccc2)c1.CC(OCC)=O,Application_ds
CC(C)(C)OC(=O)N[C@H]1Cc2ccccc2[C@H]1Oc1ccc(OCc2ccccc2)cc1.CCO,Application_ds
O=C(C)C1C(OC2CC3C4CC=C5CC(O)CC(OC6OCC(O)C(O)C6OC7OC(C)C(O)C(O)C7O)C5(C)C4CCC3(C)C21)C(=O)CCC(=C)COC8OC(CO)C(O)C(O)C8O.CC(OCC)=O,Application_ds
Cc1n[nH]c(=O)[nH]c1=O.O=CN(C)C,Application_ds
O=C1OC=2C=C(C(=CC2C(=C1)CN(C)CCO)C)C.O,Application_ds
Nc1ccc(-c2cn(S(=O)(=O)c3ccccc3)c3cc(F)ccc23)cc1N.N#CC,Application_ds
CCOC(=O)C1=C(O)CCn2c1nc1ccccc12.O,Application_ds
O=C1OC2=CC=CC(=C2C=3OCC(C=C)(C13)CCC=C(C)C)C.N#CC,Application_ds
CCCCc1noc(C)c1COc1cc(C(=O)OC)[nH]n1.CO,Application_ds
CCCCc1nc2c(C)ccc(OC(C)=O)c2n1Cc1ccc(-c2ccccc2C(=O)O)cc1.CC1CCCO1,Application_ds
Cc1c(C=O)[nH]c2c1C(=O)N(C[C@H](O)CN1CCOCC1)CC2.CC(C)=O,Application_ds
Cc1cc(N)ccc1O.CC(C)=O,Application_ds
CC(=O)n1ncc2c(Nc3c(-c4ncccn4)oc4cnccc34)cccc21.CC1=CC=CC=C1,Application_ds
O=C(OC1OC(COC2OC(CO)C(OC3OC(C)C(O)C(O)C3O)C(O)C2O)C(O)C(O)C1O)C45CCC(C)(C)CC5C6=CCC7C8(C)CCC(OC9OCC(O)C(O)C9OC%10OC(C)C(O)C(OC%11OCC(O)C(O)C%11O)C%10O)C(C)(C)C8CCC7(C)C6(C)CC4.CC(C)=O,Application_ds
C=CC(=O)NCc1ccccc1.CO,Application_ds
COc1nc(OS(=O)(=O)C(F)(F)F)cc(N(CCc2ccc(OC(F)(F)F)cc2)C(=O)OC(C)(C)C)n1.O,Application_ds
O=C(OC(C)CCCCCC)C=1C=CC=CC1.O,Application_ds
CN(CCO)S(=O)(=O)c1ccc(F)cc1F.CC1=CC=CC=C1,Application_ds
COC(=O)C(C)C(=O)O.N#CC,Application_ds
CCN(CC)CCN(C)Cc1ccc(C(=O)O)cc1.CO,Application_ds
O=C1CC2CC32C(O)CC4C(CCC5(C)C4CCC5(O)C(C)C6OC(OC7OC(CO)C(O)C(O)C7O)C(O)(C)C(OC)(C)C6)C13C.CCO,Application_ds
Cn1nnc(-c2cc(F)cc(C(C3CNC3)C(C)(C)F)c2)n1.CO,Application_ds
O=C(Cl)CF.O,Application_ds
OCC1(C)C(O)CCC2(C)C1CCC3(C)CC4(O)CCC5C(C)(C)C(O)CCC5(C)C4C(O)CC32.CC(C)=O,Application_ds
O=C(OC1OC2OC(=O)CC2C1C3(C)CCC4C(C)(C)CCCC54CC35)C.O=CN(C)C,Application_ds
O=C(OC)C(=C)C1C(O)CC2(C(=O)CCC(=O)C2C1O)C.N#CC,Application_ds
O=C(O)C(N)CCCN1O[Fe]2345ON(CCCC(N)C(=O)OCCC(=CC(O2)N(O3)CCCC(N)C(=O)OCCC(=CC1O4)C)C)C(O5)C=C(C)CCO.O,Application_ds
Oc1cccc2[nH]c3ccccc3c12.CO,Application_ds
CC(C)(C)OC(=O)NC(C(=O)O)C(F)(F)F.CC(C)=O,Application_ds
O=C(O)C1NC(=O)C2NC(=O)C(NC(=O)C3NC(=O)C4NC(=O)C(NC(=O)C(N)C=5C=CC=C(O)C5OC6=CC(O)=CC4=C6)CC7=CC=C(OC=8C=C3C=C(OC9=CC=C(C=C9Cl)C2OC%10OC(CO)C(O)C(O)C%10NC(=O)C)C8OC%11CC(CO)C(O)C(O)C%11NC(=O)CCCCCCC(C)C)C(Cl)=C7)C=%12C=CC(O)=C(C%12)C%13=C(OC%14CC(CO)C(O)C(O)C%14O)C=C(O)C=C%131.CC1=CC=CC=C1,Application_ds
O=C1OC(C(=C1)CO)CC2C(=C)CCC3C2(C)CCC4C(C)(C)CCCC43C.CCO,Application_ds
O=C1C=2C=CC=CC2C3=C1C=4C=CC(OC)=C(OC)C4C(=O)N3NC(=O)CCN5C=NC=6C=C(OC)C(OC)=CC6C5=O.CC1=CC=CC=C1,Application_ds
O=C(Cl)c1ccc(I)cc1.N#CC,Application_ds
O=C(NCCSSCCNC(=O)CCNC(=O)C(O)C(C)(C)COP(=O)(O)O)CCNC(=O)C(O)C(C)(C)COP(=O)(O)O.CCO,Application_ds
O=C1C(OC2OC(CO)C(O)C(O)C2OC3OCC(O)C(O)C3O)=C(OC4=CC(OC5OC(CO)C(O)C(O)C5O)=CC(O)=C14)C=6C=CC(O)=C(O)C6.O,Application_ds
O=C(NCCC1=CC=C(OC)C(OC)=C1)CCN2C=CC=3C=C(OC)C(OC)=CC3CC2=O.O,Application_ds
CN1CCN(Cc2cc(Br)cs2)CC1.CC(C)=O,Application_ds
COC(=O)c1cc(F)cnc1N1CC(Nc2ccc(F)cc2C)C1.CC(C)=O,Application_ds
N[C@H]1C[C@H]2C[C@H](N(Cc3ccccc3)C(=O)OCc3ccccc3)[C@@H]1C2.O,Application_ds
CC(C)NCC(=O)c1ccc(OC(=O)C2CC(C)(C)C2)c(O)c1.CC1CCCO1,Application_ds
NC(=O)Nc1cn(-c2ccc(-c3ccccc3O)c(F)c2)nc1C(N)=O.O=CN(C)C,Application_ds
  COC(=O)[C@]1(Cc2ccc(C(C)(C)C)cc2)CCC[C@@H]1Nc1c(NC(=O)c2ccccc2C)c(=S)c1=S.N#CC,Application_ds
CC(C)N1CCCN(C(=O)OC(C)(C)C)CC1.CC(OCC)=O,Application_ds
O=C1C=C2C(CCC3(C)C(CCC23O)C(C)C(O)CC(=C4CCCC5(C4)CCCC5)C(C)C)C6(C)CC(O)C(O)CC16.N#CC,Application_ds
  CN(CCO)[C@@H]1CCCC[C@H]1NC(=S)NC(=O)[C@]12C[C@H]3C[C@H](C[C@H](C3)C1)C2.N#CC,Application_ds
O=C1OC=2C=C3C(=CC2C(=C1)C=4OC=5C=CC=CC5C4NC(=O)C6=CC=C(Cl)C=C6)CCC3.O,Application_ds
O=C1C=CC(C2=CC=C(OC)C=C2)=C3N1CC4CN(CC=5SC=CC5)CC3C4.CCO,Application_ds
O1C2=CC=C(C=C2)CC3C4=C5OC=6C(OC5=C(OC)C=C4CCN3C)=CC=C7C6C(N(C)CC7)CC8=CC=C(OC)C1=C8.CC(OCC)=O,Application_ds
N#Cc1ccc(Oc2ccc(Cl)c(Cl)c2)c(C=O)c1.O=CN(C)C,Application_ds
OC1(C=2N=C(SC2)CN(CC)CC)CCN(CC1)CC3CCCCC3.O=CN(C)C,Application_ds
  CC(C)=CCC[C@](C)(Nc1c(Nc2ncccn2)c(=O)c1=O)[C@H]1CC=C(C)CC1.O,Application_ds
O=CC12CC34C5OC6CC7=CC=CC(=C7)CC8CCC(C8)C9CC=CC%10CC5C2(O)C(CC%109)C(O)C%11(O)C1C(C#CCC%12C(C=%13C=CC=CC%13)CCC4C%12CC3C6)CC%14%15CC%16(C#CC%17=CC=CC(=C%17CC(NC)C%18CC(CC%11%14O)C%15C%19=CC(=O)OC%19%18)CO)CCC(CC=%20C=CC=CC%20)C%16.CC(C)=O,Application_ds
OC(CCCCCCCCCCCCC)CCCCCCCCCCCCCCC.CC(C)=O,Application_ds
Cc1ccc(-c2cccc(C(=O)NCCc3c[nH]c4ccc(Cl)cc34)c2)cc1C.CCO,Application_ds
CN1CCN(Cc2ccc(-c3cc(CCl)on3)cc2)CC1.O=CN(C)C,Application_ds
Cc1cc(N)ncc1CN.CC1CCCO1,Application_ds
O=C1OC=2C=C(O)C=CC2C(=C1CCC(=O)NCC=3C=CC=CC3)C.CC1=CC=CC=C1,Application_ds
Cc1ccc2c(c1)c(N1CCN(C(=O)c3cccs3)CC1)c(C#N)c(=O)n2C.O=CN(C)C,Application_ds
FC(F)(F)C=1C=CC=C(C1)CNC2CC(CO)C(O)C2O.O,Application_ds
Clc1ccc(-c2nc(Cl)c3ccccc3n2)cc1Cl.CC(C)=O,Application_ds
CC(C)n1cc(-c2ccc(N)cc2)c2c(N)ncnc21.CC1CCCO1,Application_ds
O=C(Cl)c1ccc([N+](=O)[O-])cc1O.N#CC,Application_ds
CCC(CC)NC(=O)c1ccc(-c2cc(C(=O)NC3CC3)cc(F)c2C)nc1.N#CC,Application_ds
Cc1cnc([C@H](N)Cc2c[nH]c3ccccc23)o1.CC1CCCO1,Application_ds
Nc1ncnc2c1c(I)cn2Cc1ccc([N+](=O)[O-])cc1.CC1=CC=CC=C1,Application_ds
O=[N+]([O-])c1cc(Br)c2scnc2c1.CCO,Application_ds
FC(F)(F)c1cccc(N2CCNCC2)c1.CC(OCC)=O,Application_ds
O=C1C=2C=C(O)C=C(O)C2CN1C3=CC=C(O)C=C3.CO,Application_ds
NCCNCCO.CCO,Application_ds
CCN1CCCC(NC(=O)C=C(C)CCC=C(C)CCC=C(C)CCC=C(C)C)C1.O,Application_ds
CC(=O)Cc1ccc(OCc2cc(=O)c(O)co2)cc1.O,Application_ds
  O=[N+]([O-])c1cc(NC(=S)Nc2cc(Cl)ccc2Cl)ccc1Cl.N#CC,Application_ds
Nc1cc(OCC(F)F)c(C(=O)N[C@@H]2CC[C@@H](C(F)(F)F)CC2)cc1N.CC1=CC=CC=C1,Application_ds
CC(C)(C)OC(=O)Nc1nc(-c2ccc(C(=O)O)cc2)c[nH]1.CC(OCC)=O,Application_ds
O=C1CCC2(C)C1CCC3(C)C2CCC4C5C6OCC5(CCC6(C)C)CCC43C.CC1CCCO1,Application_ds
CC(C)N1CCN(C(=O)c2cccnc2Cl)CC1.CC(OCC)=O,Application_ds
  O=C(NS(=O)(=O)Nc1cc(Cl)ccc1O)c1ccc([N+](=O)[O-])cc1.O=CN(C)C,Application_ds
O=C(C(=CNC=1C=CC=CC1)C(=O)C)C.CCO,Application_ds
Nc1nnn[nH]1.CO,Application_ds
N#CC(OC1OC2COC(OC2C(O)C1O)CC3C(=COC(OC4OC(CO)C(O)C(O)C4O)C3C=C)C(=O)OC)C5=CC=C(OC)C(O)=C5.N#CC,Application_ds
ClC1=CC=C(C=C1)CN2CCOCC2C3=NC(=CN3)C=4C=CC=C(OC)C4.O=CN(C)C,Application_ds
O=C1NC(C(=O)NC1CC2=CN(C=3C=CC=CC32)CC=C(C)C)C(C)C.CC(OCC)=O,Application_ds
O=C(OCC(CC)CCCCC)C=1C=CC=CC1C(=O)OCC(CC)CCCCC.CC1=CC=CC=C1,Application_ds
CC1c2c(N3CCOC[C@@H]3C)nc(Cl)nc2C(C)(C)S1(=O)=O.CC(C)=O,Application_ds
CC#CC(O)(c1ccc(Cl)cc1Cl)C(C)Br.CCO,Application_ds
CCOC(=O)c1ccc(Oc2ccc(Br)c(C3OCCO3)c2)cc1OC.CC(OCC)=O,Application_ds
O=C1OC(C(=O)NC(C(=O)N(C)C(C(=O)NC(C(=O)N(C)C(C(=O)NC(C(=O)N(C)C(C(=O)OC(C)C(NC(=O)C(NC)C(C)CC)C(=O)OC1C(C)C)CC(C)C)C)C(C)C)C(O)C)CC(C)C)C(C)CC)CC(C)C.CC1=CC=CC=C1,Application_ds
O=C(C=1OC=CC1)CCC=2OC=CC2.CC1=CC=CC=C1,Application_ds
N=C1N(C2=CC=C(C3=NC(=NC3=C2N1C)N)C)C.CC(OCC)=O,Application_ds
CCCn1c(C)c(-c2ccncc2)c2cc(OC(C)(C)C(=O)O)ccc21.CCO,Application_ds
CC(C)C[C@@H](C(=O)NN1C(=O)NC2(CCNCC2)C1=O)[C@H](CCCc1ccccc1)C(=O)OC(C)(C)C.CO,Application_ds
O=C(CC(F)(F)F)NNc1cc(N2CCC(c3ccccc3F)CC2)ncn1.CC(OCC)=O,Application_ds
O=CC=1NNC2=CC=NC12.N#CC,Application_ds
O=C(OCC(=CCC=1C(O)=CC(O)=C2C(=O)CC(OC21)C3=CC=C(O)C(O)=C3)C)C.CC1=CC=CC=C1,Application_ds
O=C(OC)N1C=2C=CC=CC2C34C5C(=O)C6C(O)C14CCC76CCCN(C5)C37.CC(C)=O,Application_ds
Cc1cc(-c2ccc(Cl)cc2)nc(Cl)n1.CCO,Application_ds
O=C(C=CC=C(C)CCCCCCCCC)NCCCN(C)CCCCN(C)C.CC1=CC=CC=C1,Application_ds
CNC(=O)C(=O)CCCCCCC(=O)O.O=CN(C)C,Application_ds
O=P(O)(SC)SCC(=O)NC.CC(C)=O,Application_ds
O=C(OC)C1C(O)C(=COC2OC=3C=CC=C(O)C3C(=O)C21)C.CC1=CC=CC=C1,Application_ds
O=C(OC1OC(CO)C(O)C(O)C1O)C2(C)CCCC3(C)C2CCC45CC(=C)C(OC6OC(CO)C(O)C(OC7OCC(O)C(O)C7O)C6OC8OC(CO)C(O)C(O)C8O)(CCC43)C5.CC1CCCO1,Application_ds
O=C1OC2C(OC(=O)C)C3(C)C(C4=CC(=O)OC4O)CC5OC53C(=C)C2C(C=C1)(C)C6CC(=O)OC6(C)C.CC(OCC)=O,Application_ds
COCC(C)(C)c1ccc([N+](=O)[O-])cc1.O=CN(C)C,Application_ds
O=C(C)CC1OC(CCC)CC(O)C1O.CC1=CC=CC=C1,Application_ds
CCNCCCOc1cccnc1.CO,Application_ds
O=C1C=C(OC2=CC(O)=C(C(O)=C12)C3OC(CO)C(O)C(O)C3OC4OCC(O)C(O)C4O)C=5C=CC(OC6OC(CO)C(O)C(O)C6O)=CC5.CC(C)=O,Application_ds
O=CC1=CCC2C3C(=CC(=O)C3(C)CCC2(C(=O)C1)C)C(C)C.CC(C)=O,Application_ds
CCCCC(=O)Nc1cccc2c1C(=O)N(C1(C)CCC(=O)NC1=O)C2=O.CO,Application_ds
Cc1ccc(-c2cncs2)c(C(=O)N2CCC[C@@H](C)[C@H]2CNc2nc3cc(Cl)ccc3o2)c1.CC1CCCO1,Application_ds
COc1ccc(NC(=O)c2cc(-c3ccc(Cl)cc3)c[nH]2)cc1OCCN1CCCC1.N#CC,Application_ds
CC1(C)CCC(C)(C)c2cc(CO)ccc21.N#CC,Application_ds
c1ccc(CC2CCN(CC3CN(Cc4ccccc4)CC3c3ccccc3)CC2)cc1.CCO,Application_ds
O=C(CCCBr)Oc1ccc(O)c(C(=O)O)c1.CCO,Application_ds
COc1ccc(-c2nnc(C(=O)N3CC(Oc4ccc(CN(C)C)c(Cl)c4)C3)o2)cc1.CO,Application_ds
O=C(CCCCCCNC(=O)c1ccc(C(C(=O)Nc2cccc3cccnc23)C(=O)Nc2cccc3cccnc23)cc1)NO.CC1=CC=CC=C1,Application_ds
CCOC(=O)c1ccc(N2C(=O)OC[C@H]2c2ccccc2)cc1.CC1=CC=CC=C1,Application_ds
  CC1(C)OB(c2ccccc2NC(=O)N[C@@H](CO)Cc2ccccc2)OC1(C)C.CO,Application_ds
N#Cc1cc(F)ccc1N1CCN(C(=O)CCOc2ccccc2)CC1.N#CC,Application_ds
CCCN(CCC)Cc1nc(-c2ncn3c2[C@@H]2CCCN2C(=O)c2c(Br)cccc2-3)no1.CO,Application_ds
CNc1nc(N(C)c2ccc(OC)nc2)c2ccccc2n1.N#CC,Application_ds
O=C=Nc1cccc2ccccc12.CC1CCCO1,Application_ds
COc1ccc2cccc(C(CN)CO)c2c1.O=CN(C)C,Application_ds
CC1NCCc2cc(-c3ccc(F)nc3)ccc21.N#CC,Application_ds
COc1cccc(Cl)c1C=Cc1cccn1C.CC1CCCO1,Application_ds
OCC1(O)COC(OCC2OC(OC3C(O)C(O)C(OC4CC5=CCC6C7CCC8OC9(OCC(C)CC9)CC8C7CCC6C5(C)CC4)OC3C)C(O)C(O)C2O)C1O.CC1=CC=CC=C1,Application_ds
COc1ccc(C(N)=O)cc1C(=O)Nc1ccc2[nH]ccc2c1.O,Application_ds
Cc1ccc(C(=O)OC(C)(C)C)cc1.CCO,Application_ds
O=C(OCC1OC(OC2=CC=C(C=CC(=O)C3=CC=C(OC)C(O)=C3O)C=C2O)C(O)C(O)C1O)C=CC4=CC=C(O)C=C4.N#CC,Application_ds
COc1ccc(NC(=O)Nc2ccccc2F)cc1-c1c(Cl)cnn1C.CC(C)=O,Application_ds
O=C(OC1C2C(O)C(O)(C(=O)C)C(C)CC2C=C3C=C(C(=C)C4C(NC(=O)C314)CC=5C=CC=CC5)C)C.CC1CCCO1,Application_ds
COC(=O)c1cc(F)c2cncn2c1Nc1ccc(Br)cc1F.CC(C)=O,Application_ds
Fc1cc(C2=NOC(Cn3ccnn3)C2)ccc1N1CCOCC1.CO,Application_ds
O=C1N=C(O)C(=CC2=CC=C(OC)C=C2)C(=O)N1.CC(C)=O,Application_ds
COc1ccc(N=C=O)cc1.CC(C)=O,Application_ds
Cc1c([C@@H](O)CN2CCCC2CN)ccc2c1COC2=O.CO,Application_ds
O=C(OC1CC(O)C(C(=O)OC)(C)C2CC(OC(=O)C)C3(C)C(C(O)C(OC(=O)C)C4(C)C(C5=COC=C5)CC6OC634)C12C)C.O=CN(C)C,Application_ds
ClC=1C=C(Cl)C(Cl)=C(C1)C2=CC=CC(Cl)=C2Cl.N#CC,Application_ds
  CCCCCC[C@H](C)Nc1c(N[C@H]2CN(Cc3ccccc3)C[C@@H]2c2ccccc2)c(=S)c1=S.CC1=CC=CC=C1,Application_ds
O=C(O)C1=C(O)C=C2C(=O)C3=C(O)C(O)=C(OC4OC(CO)C(O)C(O)C4O)C(O)=C3C(=O)C2=C1C.CO,Application_ds
CC(=O)OCCCBr.CC(C)=O,Application_ds
C#CCOc1nc(Nc2cc(N)cc(C(=O)OC)c2)ncc1Br.CC(C)=O,Application_ds
O=[Mn]=O.CC(OCC)=O,Application_ds
Nc1ncc(O)cn1.CC(C)=O,Application_ds
CCOc1ccc(N(C)C(C)=O)cc1.O,Application_ds
CNC(=O)C(c1ccccc1)N1CCc2cc(OC)c(OC)cc2C1CCc1ccc(C(F)(F)F)nc1.CC1=CC=CC=C1,Application_ds
N#Cc1ccc2c(cc(C3CC3)n2Cc2ccc(Br)o2)c1C(F)(F)F.O=CN(C)C,Application_ds
CC1(C2CCN(CC(N)=O)c3ccccc32)COC1.CC1CCCO1,Application_ds
O=C(O)CCCC(O)C(SCC(N)C(=O)O)C=CC=CC=CCCCCCCCC.O=CN(C)C,Application_ds
  CCCCCCCCNC(=O)Nc1cccc(CO)c1.CC(C)=O,Application_ds
O=c1[nH]c2cc(Cl)ccc2n1C1CCN(CCCNc2ccccc2[N+](=O)[O-])CC1.O=CN(C)C,Application_ds
O=C(Nc1ccc2c(c1)-c1ccccc1S2=O)OCc1ccc([N+](=O)[O-])cc1.O,Application_ds
  CC(C)(NC(=S)NC(=O)c1cccc(C(F)(F)F)c1)C(=O)O.CCO,Application_ds
  COc1ccc(NS(=O)(=O)Nc2ccc([N+](=O)[O-])cc2)cc1.CC(OCC)=O,Application_ds
O=C(OC1C=CC2(OC2)C(Cl)C3OC(=O)C(C)C3(O)C(OC(=O)C)C4C(O)(C(=O)C=CC14C)C)C.CC(OCC)=O,Application_ds
Cc1cc(Cl)cc(Cl)c1S(=O)(=O)N1CCC(N2CCC(C)CC2)CC1.CCO,Application_ds
CC(C)(C)OC(=O)Nc1ccc2c(c1)Cc1ccccc1-2.CC(OCC)=O,Application_ds
CCOC(=O)C(CC)CN(C(=O)OCc1ccccc1)[C@@H](C)C(=O)O.O,Application_ds
COc1cc2[nH]c(N(C)Cc3cccc(OCS(C)=O)c3)nc(=O)c2c(C)c1OC.CC1=CC=CC=C1,Application_ds
O=C(O)C(NC(=O)C1N(C(=O)CN)CCC1)CCCNC(=N)N.CO,Application_ds
COc1nc(NCCN(C)C(=O)OC(C)(C)C)nc(OC)c1NC(=O)c1coc(Oc2cc(C(C)(C)C)ccc2C)n1.CO,Application_ds
  O=C(CCNc1c(NC2CCCCC2)c(=O)c1=O)NCc1ccccc1.CCO,Application_ds
COC1=CC=CC=C1NC(=O)C2=CC3=CC=CC=C3C(=C2O)N=NC4=C(C=CC(=C4)C(=O)NC5=C(C=CC(=C5)Cl)Cl)C(=O)OC.CC(C)=O,Application_ds
NCCCCCCCCCN1CCC(OC(=O)Nc2ccccc2-c2ccccc2)CC1.N#CC,Application_ds
OC(CCNCc1cccc(OC(F)(F)C(F)F)c1)C(F)(F)F.CC(OCC)=O,Application_ds
O=C(OC1C(=O)C2(C)C(CCC3(C)C(OC(=O)C(C)C23C)C4=COC=C4)C56COC(=O)CC6OC(C)(C)C15)C.CO,Application_ds
Oc1cccc(C2(OCC(F)(F)F)OOC23C2CC4CC(C2)CC3C4)c1.CC(C)=O,Application_ds
O=C(O)C=1C(=NOC1C(NC(=O)CC=2C=CC=CC2)C)C=3C=NC=CC3.O=CN(C)C,Application_ds
O=C(OC)C=1C=CC=CC1N2C(=O)C3C(NC4(C(=O)NC=5C=CC=CC54)C3C2=O)CC=6C=CC=CC6.CCO,Application_ds
COc1c(Cl)ncnc1OC1CCN(C(=O)OC(C)C)CC1.CO,Application_ds
NC(=O)c1cc(CNc2nccc(Nc3cc(COc4ccccc4)n[nH]3)n2)on1.CC1=CC=CC=C1,Application_ds
Cc1cc(Cl)ccc1OCC(=O)O.CCO,Application_ds
CC(C)(C)OC(=O)C[C@H]1C[C@@H](C=O)OC(C)(C)O1.O=CN(C)C,Application_ds
CCC(=O)c1c(-c2ccccc2)c2cc(Br)ccc2c(=O)n1Cc1ccc(S(N)(=O)=O)cc1.CO,Application_ds
  Cc1ccc(C(=O)c2ccc(CNC(=O)Nc3c(F)cc(F)cc3Br)cc2)cc1.CC(OCC)=O,Application_ds
CCOC(=O)c1c(C)[nH]c(C=O)c1CCCN1CCN(C)CC1.CC(C)=O,Application_ds
O=C(Nc1cccc(F)c1)C(=O)Nc1ccc(Oc2ccnc3ccsc23)c(F)c1.O,Application_ds
O=C(Oc1ccc(-c2ccccc2)cc1)N1CCN2CCC1CC2.CCO,Application_ds
O=C(O)c1ccccc1SCCCCl.CO,Application_ds
Cc1ccccc1C(=O)NC1CCN(CCCN(Cc2ccccc2)c2ccccn2)CC1.O=CN(C)C,Application_ds
CC[C@H](CO)NC(=O)c1ccc(-c2cc(Oc3ccc(S(C)(=O)=O)nc3)cc(O[C@@H](C)COC)c2)[nH]1.CC(OCC)=O,Application_ds
COC1=CC=CC2=C1C(=O)C1=C(O)C3=C(C[C@](O)(C[C@@H]3O[C@H]3C[C@H](N)[C@H](O)[C@H](C)O3)C(=O)CO)C(O)=C1C2=O.N#CC,Application_ds
OCc1[nH]ccc1Cc1ccccc1.CO,Application_ds
O=CCCCCCCC=CC=CC=CCC.CO,Application_ds
CC(C)CN(c1ccc(C(O)(C#CC(=O)O)C(F)(F)F)cc1)S(=O)(=O)c1ccccc1.O=CN(C)C,Application_ds
[H][C@]12[C@H](OC(=O)C3=CC=CC=C3)[C@]3(O)C[C@H](OC(=O)[C@H](O)[C@@H](NC(=O)C4=CC=CC=C4)C4=CC=CC=C4)C(C)=C([C@@H](OC(C)=O)C(=O)[C@]1(C)[C@@H](O)C[C@H]1OC[C@@]21OC(C)=O)C3(C)C.CC(OCC)=O,Application_ds
O=C(NCc1ccccc1Cl)N(CCO)CCO.CC1=CC=CC=C1,Application_ds
OC1(C=CC(CCC(=C)C2OC(C=CC1)(C)CC2)C(C)C)C.CC1=CC=CC=C1,Application_ds
Cc1cc(Cl)cnc1CN(Cc1ncccc1C(C)(C)c1ccccc1)C1CCN(C(=O)OC(C)(C)C)CC1.CC(C)=O,Application_ds
OCCNCc1ccn(-c2ccccc2/C=C/c2n[nH]c3ccccc23)c1.CC1CCCO1,Application_ds
[O-][NH+](O)C1=CC=C(C=C1)NC2=NC=3C=CC=CC3S2.O=CN(C)C,Application_ds
CC(C)C1(c2ccccc2OCCCCBr)C(=O)N(C)c2ccccc21.N#CC,Application_ds
CSCC[C@H](N)C(O)=O.CC(C)=O,Application_ds
N=1C=CC=C(C1)C2N(CC)CCC2.CO,Application_ds
NC[C@H]1CN(c2ccc(C(N)=O)c(F)c2)C(=O)O1.CC1CCCO1,Application_ds
O=C1C2=CC=3C(O)=CC=C(OS(=O)(=O)O)C3C=C2C4(C)CCC(=O)C5C(O)N(C(=O)C154)CCOS(=O)(=O)O.CC(C)=O,Application_ds
CC(C)(C)OC(=O)ONCCC1CCN(c2ncccn2)CC1.O,Application_ds
Clc1ccnc(Oc2ccccc2)n1.O=CN(C)C,Application_ds
OCC(O)C(=C)CCCC(C)CCC1C(C)CCCC1(C)C.CC1CCCO1,Application_ds
Nc1ncnn2c(CCCBr)cc(Br)c12.CO,Application_ds
OCC=C(C)C(O)CC=C(C)CO.N#CC,Application_ds
CCCCCOc1ccc(C(=O)NCC(=O)NC2CCCc3ccccc32)cc1.CC(C)=O,Application_ds
C12=C(C(=C(C(=C1Cl)Br)Cl)Br)C3=NC4=NC(=NC5=C6C(=C([N-]5)N=C7C8=C(C(=C(C(=C8Br)Cl)Cl)Cl)C(=N7)N=C2[N-]3)C(=C(C(=C6Br)Cl)Br)Cl)C9=C4C(=C(C(=C9Cl)Br)Cl)Cl.[Cu+2].O=CN(C)C,Application_ds
N#Cc1nn(-c2c(Cl)cc(C(F)(F)F)cc2Cl)cc1C(=O)C1CC1.CC1=CC=CC=C1,Application_ds
O=C(O)c1ccncc1Nc1ccc(I)cc1F.O=CN(C)C,Application_ds
N#CC1(c2ccc(CBr)cc2)CC1.O=CN(C)C,Application_ds
CCOc1cc(C(=O)c2cc(OC)cc(OC)c2)ccc1OC.CC1=CC=CC=C1,Application_ds
COc1c(C(C)n2nc(C)c3c(N)ncnc32)cc(C)c(C#N)c1C1CN(C(=O)OC(C)(C)C)C1.CC1=CC=CC=C1,Application_ds
COc1cc2c(Oc3ccc4[nH]c(C)c(C)c4c3)ncnc2cc1O.CC1=CC=CC=C1,Application_ds
O=C1C=CC=C2N1CC3CN(C(=O)NCCCCCC(=O)OC)CC2C3.CC(OCC)=O,Application_ds
CCOC(=O)CCc1cn(Cc2ccc(OCc3ccc4ccccc4n3)nc2)nc1-c1ccccc1.O=CN(C)C,Application_ds
O=C1OC2=C(C=CC(OCC(=O)C3=CC=C(OC)C=C3)=C2C)C(=C1CCCCCC)C.CC(C)=O,Application_ds
CCCC(N)c1ccccc1.N#CC,Application_ds
N#Cc1ccc([C@@H]2CC[C@@H](CI)CC2)cc1.CC(OCC)=O,Application_ds
Cc1cc2c(c([N+](=O)[O-])c1)OC(CO)C2.O=CN(C)C,Application_ds
CCOC(=O)N1CCC(OC(c2ccc(F)cc2)c2ccc(F)cc2)CC1.O=CN(C)C,Application_ds
CC1=CN=C(C=N1)C(=O)NCCC1=CC=C(C=C1)S(=O)(=O)NC(=O)NC1CCCCC1.CO,Application_ds
COc1ccc(-n2c(C(=O)N3CCC(F)(F)CC3)cc3cc(C(=O)N4CCN(C(C)C)CC4)ccc32)cc1.CO,Application_ds
O=C1OC2C(CCC(C)C3(O)CCC(=O)C23C)C1C.CC(C)=O,Application_ds
CSc1ncnc2cn[nH]c12.CC(OCC)=O,Application_ds
O=C(NCC12CC3CC(CC(C3)C1)C2)c1cc(-c2ccc(O)cc2)ccc1Cl.CC(C)=O,Application_ds
CCCCCCCCCCS(=O)(=O)O.CC1=CC=CC=C1,Application_ds
Nc1ccc2c(c1)OCC(=O)N2.CC1=CC=CC=C1,Application_ds
CCOC(=O)c1c(O)c2cccnc2n(Cc2ccccc2)c1=O.CC1=CC=CC=C1,Application_ds
O=C1OC(C)(CCCC(=C)C)C2C(=O)CC3(C4=CCC5C(C)(C)C(OC6OCC(OC7OC(CO)C(O)C(OC8OC(CO)C(O)C(O)C8O)C7O)C(O)C6OC9OC(C)C(OC%10OCC(O)C(OC%11OC(CO)C(O)C(OC)C%11O)C%10O)C(O)C9O)CCC5(C)C4CCC123)C.CC(OCC)=O,Application_ds
CCCCN.O,Application_ds
O=C(C=1C=CC=C(O)C1CO)C=2C(O)=C(O)C=C3C2C(=O)CC(C)C3.CC(OCC)=O,Application_ds
OC=1C=CC(=CC1)C=2OC=3C(=C(O)C=C4OC(C)(C)C(O)C(O)C43)C(O)C2.CC(C)=O,Application_ds
N1=CC=NC(=C1)C2=NOC(=N2)C3N(CC=4N=CNC4C3)CC5=CC=C(C=C5)N(C)C.CC1=CC=CC=C1,Application_ds
CC(C)(C)OC(=O)N1CC(F)(F)C[C@H]1C(=O)O.CO,Application_ds
NNc1ncc(F)cc1F.CC1CCCO1,Application_ds
O=C1C=C2C(=CC=C1NC(C(=O)NCCC3=CC=C(OC)C=C3)C)C4=C(OC)C(OC)=C(OC)C=C4CCC2NC(=O)C.CO,Application_ds
CC1(C)[C@@H](N)[C@@H]1c1ccccc1.CO,Application_ds
Cc1cc(Cc2ccc(N)cn2)n(C)c1C(=O)c1ccc(Cl)cc1.O=CN(C)C,Application_ds
O=C1C[C@H](O)CN1.CO,Application_ds
CC#CCO.CCO,Application_ds
CC(C)(C)OC(=O)N1CC=C(c2c[nH]c3ncccc23)C1.CC1=CC=CC=C1,Application_ds
OC1=CC=C(OC)C(=C1)CC=C(C)CCC=C(C)C.CO,Application_ds
Cn1cc(C=O)c2cc(F)ccc21.CC(OCC)=O,Application_ds
S=C(NC=1C=CC=CC1)N2N(C=3C=CC=CC3)CCC2.CO,Application_ds
O=Cc1c(-c2ccccc2)nn2ccccc12.O=CN(C)C,Application_ds
O=S(=O)(c1ccccc1)n1c(-c2cccc(CO)c2)cc2c(Br)ccnc21.CC(OCC)=O,Application_ds
O=C(OC1CC2(OC(O)(C(=CC3OC(=O)C(=C)C31)C)CC2OC)C)C(=CC)C.O,Application_ds
CC(C)(C)OC(=O)N1CC[C@H](N)C1.CCO,Application_ds
O=C1C(OC2=CC(OCC3=CC=C(F)C=C3Cl)=CC=C12)=CC=4SC=CC4C.CC1=CC=CC=C1,Application_ds
[N]1O[C]([N][C]1[C]2[CH][CH][C](N(C)C)[NH2+][CH]2)C3N(C[C]4O[C]5[CH][CH][CH][CH][C]5[CH]4)CCC3.O,Application_ds
O=C(Cl)CC(F)(F)F.CCO,Application_ds
OCc1ccccc1SCCCCCl.CC1CCCO1,Application_ds
COc1cc(CCc2cc(NC(=O)c3cnc(Cl)cn3)[nH]n2)cc(OC)c1.CC1CCCO1,Application_ds
O=C(C=CC1=CC=C(OC)C=C1)C2=CC(OC)=CC=C2OC.CC1CCCO1,Application_ds
CCCCOc1cc(CCC(=O)OC)ccc1-c1cccc(CN(C)C(=O)c2ccc(OCC)cc2)c1.CC1=CC=CC=C1,Application_ds
Cc1cc(Nc2cc(N[C@@H]3CCCC[C@@H]3NC(=O)OC(C)(C)C)cnc2C#N)on1.CC(C)=O,Application_ds
Fc1ccccc1-n1cc(C2=CCNCC2)nn1.CC(OCC)=O,Application_ds
O=CC(=C1CCC(O)(CCNC)C23CCC(C(=CC=CC(=C)CCC=C(C)C)CO)(CCC12CCCO)C3O)C.CC1CCCO1,Application_ds
C[C@@H](O)C(=O)O.CO,Application_ds
Nc1cc(Cl)c(Cl)cc1[N+](=O)[O-].CO,Application_ds
O=C(O)c1ccc(O)c(O)c1.N#CC,Application_ds
OC1C2(CN3CC1(CN(C2)C3C4=CC=C(OC(C)C)C=C4)CC)CC.CO,Application_ds
CC(=O)c1c(-c2ccc(F)cc2)nn2c(N3CCCC3)cccc12.CC1=CC=CC=C1,Application_ds
CCCCCCCNCc1cccc(OC)c1OCc1ccccc1.CC1=CC=CC=C1,Application_ds
CCOC(=O)c1c(OCc2ccccc2)c(OCc2ccccc2)c(C(=O)N(C)C)n1-c1ccc(OC)cc1.CO,Application_ds
CC(C)/C=C(\c1ccc2c(cnn2-c2ccc(F)cc2)c1)C(C)(C)C(=O)O.O=CN(C)C,Application_ds
Brc1cccc(-c2nnn[nH]2)c1.CC1CCCO1,Application_ds
O=C1CC(c2cccc(Cl)c2)C2(C(=O)Nc3cc(Cl)ccc32)C(c2cc(Br)ccc2Oc2ccc(C(=O)F)cc2)N1.O,Application_ds
COc1ccc(Cn2ncc3cc(/C=C4\SC(=O)NC4=O)ccc32)c(C(F)(F)F)c1.CC(C)=O,Application_ds
CC(=O)c1c(Cl)n(C)c2ccccc12.CCO,Application_ds
CN(C(=O)CBr)c1ccc(OCC(=O)N[C@@H](CC(N)=O)C(=O)N[C@@H](Cc2ccccc2)[C@H](O)C(=O)N2CCC[C@H]2C(=O)NC(C)(C)C)cc1.CC(OCC)=O,Application_ds
NCC1CCCCO1.CCO,Application_ds
O=[N+]([O-])c1ccc(-c2c(F)c(F)c(F)c(F)c2F)cc1.CC(C)=O,Application_ds
OCC1OC(OCC2OC(OC3CC4CCC3(OC4(C)C)C)C(O)C(O)C2O)C(O)C(O)C1O.O,Application_ds
O=C(O)CCCCCCCCOC(=O)C=C(C)CC1OCC(O)(CC2OC2C(C)C(O)C)C(O)C1O.CC(OCC)=O,Application_ds
O=C(OC=1C=CC=2OC(=C(C(=O)OC)C2C1)C)C=3C=CC=CC3OC.O,Application_ds
[O-][NH+](O)C=1C=CC(=CC1)C2=NN=C3SCN(CN32)C(C)C.CC1CCCO1,Application_ds
Cc1cccc(C(=O)NCc2ccc(C#N)cc2NCC(=O)Nc2ccccc2)c1.CC(C)=O,Application_ds
CC(=O)OCc1c(Br)cc(F)cc1N1CCn2c(cc3c2C2CCC3C2)C1=O.O,Application_ds
CC(C)(C)OC(=O)N1CCC(n2c(=O)[nH]c3ccccc32)CC1.O=CN(C)C,Application_ds
O=C1OC=2C=CC(=CC2C=C1)NC(=O)CCCCC3SCC4NC(=O)NC34.CC(C)=O,Application_ds
O=C(OC1(C(=O)OCC1CC2=CC=C3OCOC3=C2)CC4=CC=C(OC)C(OC)=C4)C.CCO,Application_ds
CC(C)(C)OC(=O)NC1CCN(c2cc3c(cc2F)c(=O)n(OCc2ccccc2)c(=O)n3-c2cccc(F)c2)C1.CO,Application_ds
O=C(O)C1Cc2ccccc2CN1.O=CN(C)C,Application_ds
CC(=O)Nc1ccc(F)c(Cl)c1.O=CN(C)C,Application_ds
CC1=C(C=C(C=C1)C(=O)N)N=NC2=C(C(=CC3=CC=CC=C32)C(=O)NC4=CC=CC=C4)O.O=CN(C)C,Application_ds
O[C]1[CH][C](O)[C]2[CH][C](OC3OC(COC4OC(CO)C(O)C(O)C4O)C(O)C(O)C3OC5OCC(O)C(O)C5O)[C]([OH+][C]2[CH]1)[C]6[CH][CH][C](O)[C](O)[CH]6.O=CN(C)C,Application_ds
CC(=O)Nc1ccc(C(=O)O)cc1[N+](=O)[O-].CCO,Application_ds
O=S(=O)(NC1CC(CC2=NOC(=C2)CN3CCOCC3)C1(C)C)C.CC1CCCO1,Application_ds
  CCOC(=O)Nc1c(Nc2cc(C)ccn2)c(=O)c(=O)c1=O.N#CC,Application_ds
O=C(OC)C(CCC=C(C)C)C1C(O)CC2(C3=CCC4C(C(=O)CCC4(C)C3CCC12C)(C)CO)C.CC(OCC)=O,Application_ds
CCS(=O)(=O)N(Cc1ccccc1)c1ncc(Br)cn1.CC(C)=O,Application_ds
O=C1OC2C(O)C3=CC(=C(O)C(O)=C3C14CCCC(C)(C)C24)CC.CC1CCCO1,Application_ds
O=C(O)C1OC(OC2CCC3(C)C(CCC4(C)C3CC=C5C6CC(C)(C)CCC6(C(=O)OC7OC(COC8OC(COC(=O)C)C(OC9OC(C)C(O)C(O)C9O)C(O)C8O)C(O)C(O)C7O)CCC54C)C2(C)C)C(OC%10OC(CO)C(O)C(O)C%10O)C(O)C1O.CC1=CC=CC=C1,Application_ds
O=C(NC1COC(CN2CCN(C3=CC=CC(=C3)C(F)(F)F)CC2)C1O)CC=4SC=CC4.O,Application_ds
N1=C(C=C(N1C)C2CN3CCC2CC3CN(CC4=CC=C(OC)C=C4)CC5=CC=C(OC)C=C5)C6CCCCC6.CC(OCC)=O,Application_ds
O=C1C(=CC=C2N1CC3CN(C(=O)CC=4SC=CC4)CC2C3)NC(=O)CN(C)C.CC1CCCO1,Application_ds
O=C1OC2CC(=CCCC(=O)C1C2C(C)CCC=C(C)C)C.CC(C)=O,Application_ds
Cc1cc(C(=O)O[C@@H]2CC[C@@H](c3ccc(CN(C)C)cc3)CC2)ccc1Cl.CC(OCC)=O,Application_ds
N#CCl.N#CC,Application_ds
CC(C)C(=O)c1ccc(OCc2ccc(CN)cc2)c(C(F)(F)F)c1O.CCO,Application_ds
CCOC(=O)c1cc(F)cc([N+](=O)[O-])c1.CC(OCC)=O,Application_ds
O=C(O)c1cccc(Cl)c1.CC1CCCO1,Application_ds
O=C(O)CCCC1OC1C#CC#CCCCCCCCC.CC(OCC)=O,Application_ds
Cc1cnc(N2CCC(c3ccc(NS(C)(=O)=O)cc3)CC2)n1C.O=CN(C)C,Application_ds
COc1cccc(-c2ccc(C)cc2N)c1.CC(C)=O,Application_ds
COc1ccc(C(=O)Nc2cnccc2N)cc1.CCO,Application_ds
C1=CC=C2C(=C1)C=CC(=C2N=NC3=CC=CC=C3C(=O)O)O.C1=CC=C2C(=C1)C=CC(=C2N=NC3=CC=CC=C3C(=O)[O-])[O-].[Ba+2].CC1CCCO1,Application_ds
  CC1(C)C[C@@](CO)(CN2CCCC2)Oc2c(Nc3c(Nc4c(Cl)cc(Cl)cc4Cl)c(=O)c(=O)c3=O)cc(Cl)cc21.CC1=CC=CC=C1,Application_ds
Cn1c(=O)[nH]c(=O)c2[nH]cnc21.N#CC,Application_ds
O=C1C=2C(O)=CC=CC2C3(O)C4=CC=C(O)C5=C4C(CCC5OC)C3C1.CO,Application_ds
O=C(O)C1OC(OCCCCCC=CCCCCC(=O)CCCCCC(=O)CCCCC=CCCC(OC)C(=O)NCCC2=CC=C(O)C=C2)C(O)C(O)C1O.CO,Application_ds
O=C(O)Cn1c(-c2ccc([N+](=O)[O-])cc2)nc2cccnc21.N#CC,Application_ds
O=C1C=C(OC=2C=C(O)C=C(O)C12)C=3C=CC=CC3OC.CC1CCCO1,Application_ds
COC(=O)c1ccc(I)cc1.CC1=CC=CC=C1,Application_ds
O=[N+]([O-])c1cc[nH]n1.CC(C)=O,Application_ds
Clc1nc(Cl)c2ncn(C3CCOC3)c2n1.CC(C)=O,Application_ds
COC(=O)[C@H](C)c1cccc(C)c1.CC(C)=O,Application_ds
  NC(=O)CCNC(=S)Nc1cc[nH]n1.CO,Application_ds
COC(=O)[C@@H](O)COCCO[Si](c1ccccc1)(c1ccccc1)C(C)(C)C.CO,Application_ds
OC=1C=CC2=C(C1)NC=C2C=3C(OC)=C(OC)C(=C(OC)C3OC)C4=CNC=5C=C(OC)C=CC54.CC(C)=O,Application_ds
COc1cc(Nc2cncc(Oc3ccc4c(c3)C(=O)CC4)n2)cc(OC)c1OC.N#CC,Application_ds
O=C1NC(C(=O)N1CCC2=CC=C(OC)C(OC)=C2)CC(=O)N(CCOC)CC3CCCN4CCCCC43.CCO,Application_ds
CC(C)Oc1ccc(-c2nc(-c3cccc4c3CCNC4)no2)cc1C#N.O=CN(C)C,Application_ds
Fc1ncccc1-c1cc(Cl)nc2c1CCCC2.CC(C)=O,Application_ds
CCOC(CCl)OCC.CC(C)=O,Application_ds
O=C1CC(C)C23CCC(=C4CC(=O)C4(C)C3CC1C2(C)C)C.O=CN(C)C,Application_ds
O=C(O)c1cc(F)ccc1O.CCO,Application_ds
Cc1noc(C)c1-c1cc(I)c2nc(NS(C)(=O)=O)[nH]c2c1.O,Application_ds
Oc1ccc2cc(F)cnc2c1.CC1=CC=CC=C1,Application_ds
CC(=O)N(c1ccc(C(C)C)cc1)c1ccc(C(C)C)cc1.O=CN(C)C,Application_ds
Brc1cc2c(c(C34CC5CC(CC(C5)C3)C4)c1)OCO2.O=CN(C)C,Application_ds
CC(C)(C)OC(=O)N1CCC(N2c3ccccc3Oc3cc(C#N)ccc32)CC1.N#CC,Application_ds
CCN(CC)c1c([N+](=O)[O-])cc(C)c(Cl)c1[N+](=O)[O-].CCO,Application_ds
CCOc1cc(C2=NN(C(=O)c3sc(-c4cccnc4)nc3C)CCC2)ccc1OC.CC(C)=O,Application_ds
COc1ccc(F)cc1C1CCNCC1.O,Application_ds
CCOC(=O)c1cnc2cc(C(F)(F)F)ccc2c1-c1ccc(C)c(C)c1.CCO,Application_ds
O=C1OC2CC(C(=CCC2C1=C)C(=O)CC(O)C)C.N#CC,Application_ds
COC(=O)/C=C/c1c(N)cc(C(F)(F)F)cc1C(F)(F)F.CC(C)=O,Application_ds
O=C(O)CN1C(=O)COC1=O.CC(OCC)=O,Application_ds
CCOC(=O)c1sc(-c2ccc(Cl)cc2)cc1Br.CC1=CC=CC=C1,Application_ds
COC(=O)[C@H](CCc1ccc(Cl)cc1)NC(=O)OC(C)(C)C.CO,Application_ds
O=C1C=CC=C2N1CC3CCCN4CCCC2C43.O,Application_ds
O=C1C(OC=2C1=CC=C3OCN(CC4=NC=CC=C4)CC32)=CC=5C=CC=C(F)C5.O,Application_ds
N#Cc1ccc(CCN)cc1.O=CN(C)C,Application_ds
  Cc1ccc(-c2ccccc2)n1[C@@H]1CCCC[C@H]1Nc1c(Nc2nc(-c3ccccc3)cs2)c1=O.CCO,Application_ds
O=C(OCC)C=C1NC(C)(C)CC2=CC(OC)=C(OC)C=C12.CC(OCC)=O,Application_ds
CC1(C)CCNc2c(CCN3CCN(c4nsc5ccccc45)CC3)cccc21.N#CC,Application_ds
O=CC1=CC(O)=C2C(OC3(C2)C(C)CCC4C(C)(C)C(O)CCC43C)=C1C=O.CO,Application_ds
O=C(C=CCCCC(C)CCC1=CC(=CC=C1CCO)CCC=2C=CC=CC2)CCC3=CC=C(O)C(OCCC4=CC=C(O)C(=C4)C5C6=CC=C(C=C6C#CCC7=NC=C[C-]7C(=O)C5)C(N)N)=C3.CC(OCC)=O,Application_ds
OCC1=CCCC(=CC=C(C2OC(CC1)C(O)(C)C2)C(C)C)C.CC(OCC)=O,Application_ds
Cc1cc(N2CCCC2)c2ccc(OCc3ccccc3C#N)cc2n1.O,Application_ds
O=C1CCC2(C)C(CC(=O)C32C(=O)C4(C)CCC5(C)C(CCC5C4(C)CC3)C(C)C)C1(C)C.O,Application_ds
O=S(=O)(Cl)c1cccc(Br)c1.O=CN(C)C,Application_ds
Cc1ccc(NC(=O)c2ccnc(N3CCOCC3)c2)cc1NC(=O)c1cccc(N2CCN(C)CC2)c1[N+](=O)[O-].O=CN(C)C,Application_ds
O=C1C2=CC=C(O)C=C2OC=3C(OC)=CC=C(O)C13.O=CN(C)C,Application_ds
Cc1cnc(Cl)nc1Cl.CC1CCCO1,Application_ds
O=C1NCCN(C(=O)CCl)C1c1cccs1.CC(OCC)=O,Application_ds
O=C(CCl)N(c1ccccc1)c1cccc(F)c1.CCO,Application_ds
CC(C)C1=NCCc2ccc(Br)cc21.CC(C)=O,Application_ds
O=C(c1ccc(Cl)cc1)c1cccc([N+](=O)[O-])c1.CC1CCCO1,Application_ds
Cc1ccc(-c2nccc3ccccc23)cc1.O=CN(C)C,Application_ds
O=C(OC=1C=C2OC(=CC=3C=NC=CC3)C(=O)C2=C(C1)C)C4CC4.N#CC,Application_ds
CCS(=O)(=O)N1CCC(c2c[nH]c3c(C(N)=O)cc(B4OC(C)(C)C(C)(C)O4)cc23)CC1.CC(OCC)=O,Application_ds
C#CC(O)CCCCCCC#CCCC=CCCC=CCCCCCCCCCCCCCCCC.CO,Application_ds
CC=C[C@@H]1CC[C@@H](c2ccc(-c3ccc(F)c(F)c3)cc2)CC1.O,Application_ds
O=CNC1=CC=CC(C(=O)NC2C(=O)OC(C)C(OC(=O)CCC(C)CC)C(C(=O)OC2C)CCCC)=C1O.N#CC,Application_ds
O=C([C]1[CH][CH][CH][CH][CH]1)C[NH+]2[CH][CH]N3[C]([CH][CH][C]3C)[C]2C.O=CN(C)C,Application_ds
Cc1oc(-c2ccccc2)nc1CN.CC(C)=O,Application_ds
C1=CC=C(C(=C1)C(=O)O)N=NC2=C3C=CC(=CC3=CC(=C2[O-])S(=O)(=O)[O-])S(=O)(=O)[O-].[Na+].[Na+].[Na+].CC(OCC)=O,Application_ds
COc1ccc(CN(c2ccccc2)c2cc(Cl)nn3c(C#N)cnc23)cc1.CC1=CC=CC=C1,Application_ds
O=C(OC1C(OC(C)C(O)C1O)OC2(C)CCC3C(C4C(C)CCC42)C3(C)C)C(=CC)C.O=CN(C)C,Application_ds
COC(=O)c1ccnc(C(=O)O)c1.CC1=CC=CC=C1,Application_ds
O=C(OC=1C=2C(=O)C=3NC(=O)C(=CC=CC(C)C(O)C(C)C(O)C(C)C(O)C(C)C(OC)C=COC4(OC(=C(C4=O)C2C(=O)C3N5CCCCC5)C1C)C)C)C6=CC=C(C(Cl)=C6)C.CC1CCCO1,Application_ds
O=C(OC1=CC=2OC=C(C(=O)C2C=C1CCCCCC)C=3C=CC(Cl)=CC3)C4=CC=C(OC)C(OC)=C4.CO,Application_ds
C[C@H](Cc1ccccc1)NC(=O)c1c(N)ccnc1C(F)(F)F.O,Application_ds
CS(=O)(=O)OCCN1CCCC1.N#CC,Application_ds
CN1C(=O)C(CCCl)Sc2ccccc21.CC1CCCO1,Application_ds
O=C(O)c1ccc(S(=O)(=O)Nc2cccc3c(Cl)c[nH]c23)cc1.CO,Application_ds
CC(=O)NCc1ccc(CN(Cc2ncc(Cl)cc2C)C2CCCc3cccnc32)c(CO)c1.CO,Application_ds
COc1cccc(N(CCN2CCC(C(=O)c3ccc(F)cc3)CC2)C(=O)c2ccc(NC(C)=O)c(OC)c2)c1.CO,Application_ds
O=C(NC1=CC=C(Cl)C(Cl)=C1)C(=C)C.O,Application_ds
  Cc1ccc(-n2nc(C#N)cc2NC(=O)Nc2ccc(Br)c(C(F)(F)F)c2)cc1.O,Application_ds
Cc1ccc(B(O)O)o1.O,Application_ds
OC=1C=C2C(=CC1OC3=CC=C(C=C3)CC4NCCC5=CC(OC)=C(OC)C=C54)CC6C=7C(=CC(OC)=C(O)C27)CCN6C.CC(OCC)=O,Application_ds
CC(C)CC(C)CCCC(C)OC(=O)OCC(NC(=O)OCc1ccccc1)C(=O)OCc1ccccc1.N#CC,Application_ds
O=C(OC)CC(C1=CC=C(OCC(=C)C)C=C1)C=2C(O)=CC=C3C(=O)C(=COC32)C=4C=CC(O)=CC4.N#CC,Application_ds
OC1=CC=C(C=C1OC2C(O)C(O)C=CC2C(C=3C=C(N)NCC3)CC4=CC=CN4)C5C=CC6C#CC(CC)CC(NCC(O)C)CCC(O)C6C(O)C5.N#CC,Application_ds
O=C(N1CCCCC1)CCC2=CC=C3OCOC3=C2.CO,Application_ds
Nc1nccc2nn(-c3c(Cl)cccc3Cl)cc12.CO,Application_ds
Nc1cc(N2CCN(C(=O)c3ccccc3)CC2)ccc1OCc1ccccc1.O=CN(C)C,Application_ds
N#CCc1ccc(OCc2ccc(OC(F)(F)F)cc2)cc1.O=CN(C)C,Application_ds
Nc1ncc(Br)cc1C(=O)c1cccc(N2CCCN(C(=O)CC(F)(F)F)CC2)n1.CCO,Application_ds
Fc1ccc(-c2cnc3nc(C(F)(F)F)ccn23)c(F)c1-c1cccnc1.CC(OCC)=O,Application_ds
FC(F)(F)c1cccc(-c2cc(C(F)(F)F)nc(-c3cccc(Br)c3)n2)c1.CC1CCCO1,Application_ds
O=C1C(OC)=C(C)C2CC(O)OC3CC4CC=C(OC)C(=O)C4(C)C1C32C.O=CN(C)C,Application_ds
COCCBr.CC1CCCO1,Application_ds
O=C(O)Cc1cn(Cc2ccccc2)c2ccc(-c3cc4ccccc4o3)cc12.O,Application_ds
N#Cc1ccc(F)cc1.CC(C)=O,Application_ds
O=C1C(O)=C(C(=O)C(OC)=C1C)C(C)CCC=C(C)C.CCO,Application_ds
CCCCc1nc(N)c2c(n1)c(C#CCCC=O)cn2COCc1ccccc1.CCO,Application_ds
OCC1(OC)CCC2C1CC(C)(C)CC3CC32C.N#CC,Application_ds
O=C1C=C2C(=CC=C1NCCCC(=O)NCCN3C=CC=4C=C(OC)C=CC43)C5=C(OC)C(OC)=C(OC)C=C5CCC2NC(=O)C.CC(C)=O,Application_ds
CO[C@@H]1C[C@H](C(=O)Nc2ccc(-n3ccc(C)n3)cc2F)N(C(=O)OC(C)(C)C)C1.CC(OCC)=O,Application_ds
COC(=O)CCCCCOc1cc2nc(-c3ccccc3)n(-c3ccc(C)cc3)c2cc1O.N#CC,Application_ds
O=C1OC=2C=C(OC(=O)C(N=C(O)OCC=3C=CC=CC3)CC)C=CC2C(=C1CC=4C=CC=CC4)C.CC(C)=O,Application_ds
Cc1nc2c3c(c(C(=O)O)cc2n1C)CCC(c1ccccc1)O3.CC(OCC)=O,Application_ds
O=[N+]([O-])c1ccc(Cl)nc1.O,Application_ds
O=C(O)CC(=O)OCC1OC(O[C]2[CH][C](O)[CH][C]3[OH+][C]([C](OC4OC(COC(=O)C=C[C]5[CH][CH][C](OC6OC(COC(=O)C=C[C]7[CH][CH][C](O)[C](OC)[CH]7)C(O)C(O)C6O)[CH][CH]5)C(O)C(O)C4OC8OC(CO)C(O)C(O)C8OC(=O)C=C[C]9[CH][CH][C](O)[C](OC)[CH]9)[CH][C]23)[C]%10[CH][CH][C](O)[C](O)[CH]%10)C(O)C(O)C1O.CC1=CC=CC=C1,Application_ds
C=CC1=CC=C(C=C1)C.CO,Application_ds
Cc1ccc2cccc(OCc3c(Cl)ccc(N(C)C(=O)CNC(=O)C=Cc4ccc(C(=O)O)cc4)c3Cl)c2n1.CO,Application_ds
O=C(OC)C=CC1=CC=C(O)C(=C1)CC=C(C)C.CCO,Application_ds
Oc1ccc(Br)c(OC(F)(F)F)c1.N#CC,Application_ds
CCOC(=O)CN1C(=O)CO[C@H]2Cc3ccccc3[C@H]21.O=CN(C)C,Application_ds
O=C(OC1C(=C)C2CC(=O)C(C(OC(=O)C)C)C2C(C1)C(C)C)C=C(C)C.CO,Application_ds
CCC(CO)NC(=O)C(C)(C)Br.CC1=CC=CC=C1,Application_ds
O=C(NC(C(=O)NC1C(=O)NC(C(=O)NCC(=O)NC(C(=O)N(C)C(C(=O)NC(C(=O)N2CCCCC2C(=O)OC1C(C)C)C(OC)C3=CC=C(O)C=C3)C(O)C)C)COC)C(C)C(C(=O)N)C)C(=CC)NC(=O)C(NC(=O)CNC(=O)C(C)C(O)C=CC(=CC(C)CC)C)C(O)C.O=CN(C)C,Application_ds
CS(=O)(=O)Oc1ccc(C(=O)O)c(Cl)c1.CC(OCC)=O,Application_ds
N#C[C@@H]1CC(F)(F)CN1C(=O)CBr.CC(OCC)=O,Application_ds
CC(=O)OCC(F)=CC(C)(C)c1ccc(OC(F)(F)F)cc1.CC(C)=O,Application_ds
Cc1nc(N(C)N=Cc2ccc(C#N)cc2)nnc1-c1ccccc1.CC1CCCO1,Application_ds
COc1cc(N)c(Cl)cc1C(=O)NC[C@H]1CCN(CCCCCC(=O)c2ccccc2)C[C@H]1OC.CC1=CC=CC=C1,Application_ds
ClCCCN1CCCCC1.O,Application_ds
CS(=O)(=O)Nc1cccc(CSc2ccc(Cl)cc2NS(=O)(=O)c2cc3ccccc3o2)c1.CC1=CC=CC=C1,Application_ds
Cc1[nH]c2cccc([N+](=O)[O-])c2c1Sc1ccc(Cl)cc1.N#CC,Application_ds
Cc1nn(C)cc1C(=O)Nc1cc(Oc2ccc3nc(NC(=O)C4CC4)nn3c2)ccc1F.CC(OCC)=O,Application_ds
CC(C)(O)COCc1cccc(Br)c1.CC(OCC)=O,Application_ds
O=C(NCc1ccc(CN(Cc2nc3ccccc3[nH]2)C2CCCc3cccnc32)cc1)c1ccccn1.O=CN(C)C,Application_ds
Cn1c(Cl)nc(-c2ccncc2)c(-c2cccc(C(F)(F)F)c2)c1=O.CO,Application_ds
CNS(=O)(=O)c1cc(F)c(F)c(C(=O)N2CCN(c3ccc(C(F)(F)F)cc3)CC2)c1.CC(C)=O,Application_ds
CN(C)CCNC(=O)Nc1ccc(-c2nc(N3CCOCC3)c3nnn(C4CCN(Cc5ccc(F)cc5)CC4)c3n2)cc1.N#CC,Application_ds
O=C1CCC2(C)C(C1)CCC3C4CCC(O)(C)C4(C)CC(=O)C32F.CC(OCC)=O,Application_ds
O=C(NCCOCc1ccc(C(=O)O)cc1)OCc1ccccc1.CC1=CC=CC=C1,Application_ds
CCC#C[Si](C)(C)C.CC(OCC)=O,Application_ds
CC(C)(C)[SiH2]OC(C)(C)c1ccc(N)nc1.CC(C)=O,Application_ds
COc1cccc(-c2ocnc2C(=O)O)c1.CCO,Application_ds
O=C1C=C(OC(=C1O)C(C2=CC=C(O)C(OC)=C2)CC(=O)NCCC3=NC(=NO3)C)C.O,Application_ds
O=C(O)CCC(NC(=O)C=1C=CC=CC1NC2=CC=CC(=C2C)C)C(=O)O.CC(OCC)=O,Application_ds
BrC1=CC=C(O)C(=C1)[NH+]2C=CC=3C=4C=CC=CC4NC3C2.O=CN(C)C,Application_ds
NCc1ccc(C2C(CCC(O)c3ccc(F)cc3)C(=O)N2c2ccc(F)cc2)cc1.CO,Application_ds
CCSc1cccc(B(O)O)c1.N#CC,Application_ds
CC1(CN2CCN(C(=O)/C=C/c3ccc(Cl)c(Cl)c3)CCC2=O)CO1.CO,Application_ds
O=C(O)c1ccc(C2=CCC3(CC2)OCCO3)cc1.O=CN(C)C,Application_ds
COC(=O)N[C@H](C(=O)N1CC(F)(F)C[C@H]1c1ncc(-c2ccc(Br)cc2)[nH]1)C(C)C.O,Application_ds
CN(CCN1CCCC1C(=O)NC1C2CC3CC(C2)CC1C3)Cc1ccccc1.CCO,Application_ds
Nc1cccc(-n2ncc3c(N)ncnc32)c1.N#CC,Application_ds
OB(O)Cc1ccccc1.O,Application_ds
O=C(OC=1C=CC=2OC(=C(C(=O)OC(C)C)C2C1)C)C3=CC(OC)=C(OC)C(OC)=C3.CC(OCC)=O,Application_ds
C[Si](C)(C)CCOC(=O)C[C@]1(c2ccc(-c3ccc(O)cc3)s2)CCCCS1(=O)=O.CC1=CC=CC=C1,Application_ds
O=C(OC1=CC=CC=2C(=O)C3=CC(=CC(OC(=O)CC)=C3C(=O)C12)C)CC.O=CN(C)C,Application_ds
Cc1cc(C#N)cc2c1C(=O)N(Cc1ccc(Cl)cc1)C2.CC1CCCO1,Application_ds
NC[C@H](Cc1ccccc1)C(=O)O.N#CC,Application_ds
CCCC(CC(O)(C=Nc1cc(F)cc2nc(C)ncc12)C(F)(F)F)c1cccc(F)c1OC.CC1=CC=CC=C1,Application_ds
C[C@H](CS)C(=O)N1CCC[C@H]1C(=O)O.O=CN(C)C,Application_ds
O=C1OC=2C(Cl)=C(OC3OC(C)(C)C(OC)C(O)C3O)C=CC2C(O)=C1NC(=O)C4=CC=C(O)C(=C4)CC=C(C)C.O=CN(C)C,Application_ds
COCOc1cc(C(=O)N(C)OC)n(Cc2ccc(C(F)(F)F)cc2Cl)n1.O=CN(C)C,Application_ds
Cc1cc(-c2ccccc2)nc2cc(B3OC(C)(C)C(C)(C)O3)ccc12.CC(OCC)=O,Application_ds
CNCC(O)c1ccc(O)cc1.CCO,Application_ds
Cc1nc(N(C)N=Cc2ccc(C#N)cc2)nnc1-c1ccccc1.CC1=CC=CC=C1,Application_ds
CC1(C)Cc2cc(C(=O)O)ccc2NC1c1cccc(NC(=O)c2ccccn2)c1.CC1CCCO1,Application_ds
  C=C(C)[C@H](Cc1ccccc1)Nc1c(Nc2cccs2)c(=O)c1=O.CC(OCC)=O,Application_ds
CC(C)Oc1ccc(-c2nnc(Br)s2)cc1C#N.O=CN(C)C,Application_ds
N=1OC=2C=C(N=CC2C1)N.N#CC,Application_ds
CC(C)[Si](C#Cc1cc(Br)cc(N)n1)(C(C)C)C(C)C.O,Application_ds
CCCc1nc2ccccc2n1Cc1ccc2c(c1)CCc1ccccc1/C2=C\c1nnn[nH]1.CCO,Application_ds
CC(C)(C)c1ccc(S(=O)(=O)Nc2cc(F)c(Cl)cc2C(=O)Cl)cc1.CC(OCC)=O,Application_ds
O=C1OCC(C=CC2(C)C3CCC=C(C)C3(C)C(OC(=O)C=4C=NC=CC4)C(OC(=O)C(OC(=O)C)C(C)C)C2(O)C)=C1.CC1CCCO1,Application_ds
COc1cc(O)c2c(=O)cc(C(=O)Nc3ccc(CC4SC(=O)NC4=O)cc3)oc2c1.CC(C)=O,Application_ds
Cc1c(C)c2c(c(C)c1O)C(=O)C(C)(C)O2.CC1=CC=CC=C1,Application_ds
O=C(OC)C=1N=NN(C1)C2COC3C2OCC3NS(=O)(=O)C.N#CC,Application_ds
Cn1ccnc1Sc1ccc(Nc2c(C#N)cnc3cc(-c4ccc(CN5CCOCC5)nc4)ccc23)cc1Cl.O,Application_ds
CS(=O)(=O)OC1CCC(Oc2c(F)cc(-c3ccc(S(C)(=O)=O)cc3)cc2F)CC1.CCO,Application_ds
ClC1=C(O)C=C2OC(C3=CC=C(O)C(O)=C3)C(O)CC2=C1O.CC(OCC)=O,Application_ds
CN(C)c1ccccc1Nc1cc(-c2ccccc2)ccc1C(=O)OC(C)(C)C.O=CN(C)C,Application_ds
  CCN(CC)P(=O)(Nc1c(NC(=O)c2cc(F)c(F)c(F)c2F)c1=O)N(C)C=O.CO,Application_ds
O=C(NC1=NC(Cl)=C(C(=N1)C)CC)NS(=O)(=O)C=2C=CC=CC2.CC1=CC=CC=C1,Application_ds
O=C1OC2=C(C=CC=3OC4(CCCC5CCCCC54)C6OC(=O)C(=C(C)CO)CCC7=CC=C(C=C7)C8CCC(C9=CC=CC(=C9)C%10%11C=%12C=CC=CC%12CCC%11CCCC%10)CC8CC(=O)OC6C32)C(=C1C(COC)CCO)CO.CCO,Application_ds
  COc1cc(N[C@@H](C)CCCNC(=O)N[C@H](C(=O)N2CCC[C@@H]2C(c2ccccc2)c2ccccc2)C(C)(C)C)c2ncccc2c1.CC(C)=O,Application_ds
COC[C@]12Cc3cnn(-c4ccc(F)cc4)c3C=C1CCN(S(=O)(=O)c1ccc(N3CCC3)nc1)C2.CCO,Application_ds
CCc1cccc(CC)c1NC(=O)c1cc(C(C)=O)nn1C.O,Application_ds
CCOC(=O)c1[nH]c2c(Cl)cncc2c1Nc1ccc([Si](C)(C)C)cc1F.CO,Application_ds
CC(=O)c1ccc(-c2ccc(N3C[C@H]4CN(C)[C@H]4C3)cn2)cc1.CC1CCCO1,Application_ds
CC(C)[C@H](C(=O)NC1CC1)n1ccc2c(NC(=O)[C@@H](C)c3ccc(Cl)cc3)cccc2c1=O.CC1CCCO1,Application_ds
O=C1C2=C3C(CCC4(C)C(CC(CC2)C34O)C(O)(CCC)C5OC5C(O)(C)C(C)(CO)CC[C]6[CH][CH][NH2+][C](N)[CH]6)C7(C)CCC(O)CC17.CO,Application_ds
O=C(NS(=O)(=O)N1CC(F)C1)c1cc(C2CC2)c(OCC2CCCCC2)cc1F.CC1CCCO1,Application_ds
FC(F)(F)Oc1cccc(-c2ccnc(I)c2)c1.CC1CCCO1,Application_ds
CNC(=O)[C@H]1CCCN(CC(=O)NCC(=O)N(C)c2ccc(Cl)c(COc3cccc4c3nc(OC)n4Cc3ccccn3)c2Cl)C1.O=CN(C)C,Application_ds
O=Cc1ccc(Cl)nc1.CC(C)=O,Application_ds
O=C(OC1C=CC(C=2C(=NN(C3=CC=C(C(Cl)=C3)C)C2C)C)C1)NC(C=4C=CC=CC4)C.CC1=CC=CC=C1,Application_ds
CCOC(=O)Cc1cccc(N)c1.CC(C)=O,Application_ds
Cc1cc([N+](=O)[O-])c(O)c(Cl)c1C.CC(C)=O,Application_ds
O=C(O)C1(OC(CO)C(O)C2OC(OC3C(O)C(OC(CO)C3OC4OC(CO)C(O)C(OC5OC(CO)C(O)C(O)C5O)C4CC(=O)C)OC6C(O)C(O)C(OCC(NC(=O)CCCCCCCCCCCCCCCCCCCCCCCC)C(O)CCCCCCCCCCCCCCC)OC6CO)(C(=O)O)CC(O)C2NC(=O)C)OC(C(O)C(O)CO)C(NC(=O)C)C(O)C1.CO,Application_ds
CC(C)(C)OC(=O)N1CCO[C@H](CBr)C1.O=CN(C)C,Application_ds
COC(=O)c1cc(B2OC(C)(C)C(C)(C)O2)cnc1SC.N#CC,Application_ds
COC(=O)c1cc(B2OC(C)(C)C(C)(C)O2)ccc1NC(=O)OC(C)(C)C.CO,Application_ds
O=C(O)C(N)CC1=CN=CN1C.CCO,Application_ds
O=C(O)C=CCCCCC(OC1OC(C)C(O)CC1O)C.CC1=CC=CC=C1,Application_ds
Cc1ccc(SCCCCCl)cc1.CCO,Application_ds
O=C1NC2CCN(C(=O)C=3C=NC=CC3)C2C(=O)N1C=4C=CC=CC4.CCO,Application_ds
O=C1OC=2C=C(OC(C(=O)NCC3CCC(C(=O)O)CC3)C)C=CC2C(=C1)CC.CO,Application_ds
N#Cc1cccc(Br)c1.CC(C)=O,Application_ds
O=C(OC1C(OC(OCCC2=CC=C(O)C(O)=C2)C(OC3OCC(O)C(O)C3O)C1OC4OC(C)C(O)C(O)C4O)CO)C=CC=5C=C(O)C=C(O)C5.CC(OCC)=O,Application_ds
C[C@@H](CO)N1C(=O)c2ccccc2C1=O.O,Application_ds
CCCCOC(=O)c1nc(C)c2cc(Oc3ccc(F)cc3)ccc2c1O.CO,Application_ds
OC1=CC2=CC=C1C3=CC=C(OC)C=C3CCC4=CC=C(OC=5C=C(C=C(C5O)C=6C=C7C=C(OC8=CC=C(C=C8)CCC9=CC(OC)=CC=C9C%10=CC=C(C=C%10O)CC7)C6O)CC2)C=C4.CC(OCC)=O,Application_ds
O=CC=1C(=CC=C2C1C3(O)CC(CNC)CC4CCC2CC43)CC5=C(O)C=6C(=O)C7=C8C(=O)C6C(=C5OC9OC(C)C(O)C(O)(O)C9OCCN=C(N)N)CC#CC(N)CCC(O)CC%10=CC=CC(C=CC8=C(OC(=O)C)C=C7CO)=C%10.O,Application_ds
OCCCC1=CC(OC)=C(OC2OC(CO)C(O)C(O)C2O)C(OC)=C1.CC(OCC)=O,Application_ds
COC(=O)c1nc(-c2c(Cl)cnn2C)cs1.CO,Application_ds
C=C(c1ccc(OCc2ccccc2)cc1)[Sn](CCCC)(CCCC)CCCC.CC(OCC)=O,Application_ds
Cc1cccc(Nc2cc(Cl)ncn2)c1.CC(OCC)=O,Application_ds
Cn1nnc(-c2ccc(F)cc2)c1COc1ccc(C(=O)O)nn1.CC1CCCO1,Application_ds
O=C1C(=CNC2=CC=C(Cl)C=C2)C3CCC1(C)C3(C)C.CC(C)=O,Application_ds
Cc1c(C(=O)NC2CCN(C)CC2)sc2ncnc(Nc3ccc(F)cc3O[C@@H]3CCCOC3)c12.O=CN(C)C,Application_ds
O=C1C=C(OC=2C1=C(O)C=C(OC)C2C3OC(C)C(O)C(O)C3)C=4C=CC(OC5OC(CO)C(O)C(O)C5O)=CC4.N#CC,Application_ds
Brc1cccc(CCOC2CCCCO2)n1.CC1=CC=CC=C1,Application_ds
COc1cc2ccccc2nc1[Sn](C)(C)C.O,Application_ds
CC(C)(CC(=O)N[C@@H]1CCc2ccccc2N(Cc2ccc(-c3ccccc3C#N)cc2)C1=O)NC(=O)OC(C)(C)C.CC1=CC=CC=C1,Application_ds
CC(C)CNN.CCO,Application_ds
O=C(C=CNC(=O)C(O)C(C)CC(O)C=C(C)C(O)C(O)CC1OC(C(O)C(O)C(O)C(O)C(O)CCCCCC(C)CC2OC3(OC2(C)CC(C)C3)CCCCCCCC(O)CC4OC(O)(CC(O)C(C=CC(O)CCC(O)C(O)C5OC(CC(O)C(O)CC6OC(CCC=CC=CCC(O)C(O)C(O)CC=CC(=C)CCC(O)C(O)C(O)C(C)CC7OC(C=CC(O)C(O)CC8OC9CC(OC9CCC%10OC(CN)CC%10O)C8)C(O)C(O)C7O)C(O)C(O)C6O)C(O)C(O)C5)C)C(O)C(O)C4O)C(O)C(O)C1O)NCCO.CC1=CC=CC=C1,Application_ds
COc1ncnc(Cn2cc(C(=O)NCCF)c3ncccc32)c1C.CC(C)=O,Application_ds
COc1ccc(S(=O)(=O)N2CC[C@H](O)C2)cc1.CC1CCCO1,Application_ds
O=C(NC=1C=CC=CC1)N2CC=3N=CNC3CC2C4=NC(=NO4)C=5C=CC=6C=CC=CC6C5.N#CC,Application_ds
CC(C)(C)Sc1ncnc2c(Br)csc12.O,Application_ds
O=C1C(=C2C=C3C(O)C(O)C(C(C)CO)C3(C)CCC2(C)CC1)CO.O,Application_ds
CC(C)(C)OC(=O)C12CCC(NCC(=O)N3CCC[C@H]3C#N)(CC1)CC2.N#CC,Application_ds
CCS(=O)O.CO,Application_ds
N#Cc1ccc(C(=O)Cl)o1.CC(C)=O,Application_ds
CCOC(=O)C=O.N#CC,Application_ds
[H][C@]12C[C@@H](O)[C@H](CC[C@@H](O)CCCCC)[C@@]1([H])CC1=C(C2)C(OCC(O)=O)=CC=C1.O=CN(C)C,Application_ds
CCOC(=O)C1(N)CCOCC1.CCO,Application_ds
CN(C)Cc1ccc(N)cc1C(F)(F)F.N#CC,Application_ds
NC1=CC(=NC(N)=[N+]1[O-])N1CCCCC1.CC1CCCO1,Application_ds
O=S(=O)(NCC1(Cc2ccc(CCO)cc2)CCCC1)c1cccnc1.O,Application_ds
COc1ccc(Cn2c(NN=Cc3ccc(-c4ccccc4)cc3)cc(=O)n(C)c2=O)cc1.CO,Application_ds
O=C(OC1=CC=C2C(=O)C(OC3=CC=C(C=C3)C(=O)OCC)=C(OC2=C1)C(F)(F)F)C4=CC=C(F)C=C4.O=CN(C)C,Application_ds
CCOC(=O)CCCc1csc(NC(=O)NCc2ccccc2)n1.CC1=CC=CC=C1,Application_ds
O=C1OC2(OC3CCCN4C(=CC=C4C3C2CC)CCC(C(=O)O)C)C=C1C.N#CC,Application_ds
COC(=O)C1(NC(=O)c2ccc3ccccc3c2O)CCCC1.CC1=CC=CC=C1,Application_ds
COc1cccc2c1nc(C(F)F)n2-c1nc(Nc2cccnc2)c([N+](=O)[O-])c(N2CCOCC2)n1.CCO,Application_ds
  Cc1ccc([C@H]2CC(c3ccc(C)cc3C)=NN2c2ccc(S(=O)(=O)Nc3c(N[C@@H]4C(=O)N(C[C@]56C[C@H]7C[C@H](C[C@H](C7)C5)C6)c5ccccc5N(c5ccccc5)C4=O)c(=O)c(=O)c3=O)cc2)cc1.CC1CCCO1,Application_ds
O=C(OCC1(O)C(OCC)C=CC(OC(=O)C=2C=CC=CC2)C1OC(=O)C)C=3C=CC=CC3.CC1=CC=CC=C1,Application_ds
O=C1C=2C=CC(=CC2OC3CN(CCC)CC3N1C)C4=CC=C(F)C=C4F.CC1CCCO1,Application_ds
CN(c1cccc2cc(-c3nccs3)[nH]c12)S(=O)(=O)c1ccsc1C(=O)N1CCOCC1.CC1CCCO1,Application_ds
COc1ccc2c3c(c(=O)oc2c1)CN(CCN1CC2CCCC(C2)C1)CC3.CO,Application_ds
O=C(OCC=1C(OC)=CC=CC1C=CC(OC(=O)C)C(OC(=O)C)C2OC2C)C.CCO,Application_ds
O=C(NC(COC1OC(CO)C(O)C(O)C1O)C(O)C=CCCCCCCCCCCCC(C)C)C(O)CCCCCCCCCCCCCCCCCCCCC.CC1=CC=CC=C1,Application_ds
CCOCC(=O)N(CC)Cc1cc(C(F)(F)F)ccc1-c1cncc(CC(=O)OCC)c1.CC(C)=O,Application_ds
CC1Cc2c(N3CC[C@H](NC(=O)OC(C)(C)C)C3)ccc(F)c2O1.CO,Application_ds
O=CC1=CC=C(OC)C=2OCCOC21.O=CN(C)C,Application_ds
O=C(NCCC)NC1COC(CN2CCCC2COC)C1O.N#CC,Application_ds
COc1cc(Br)c2[nH]c(=O)c3sccc3c2c1-c1ccc(CNC(=O)OC(C)(C)C)cc1.CC(OCC)=O,Application_ds
OCC1OC(OC2C(O)COC2C(OC)C(OC)OC)C(O)C(O)C1O.CC(OCC)=O,Application_ds
O=C(OCC1OC(OC2CC(O)CC3=CCC4C(CCC5(C)C4CC6OC(OC)(CCC(C)COC7OC(CO)C(O)C(O)C7O)C(C)C65)C32C)C(OC8OC(C)C(O)C(O)C8O)C(O)C1O)C.CC(C)=O,Application_ds
Cc1ccc(-c2ccc3c(c2)C=C(C(=O)Nc2ccc(CN4CCCCC4)cc2)CCS3)cc1.CC(C)=O,Application_ds
COC(=O)CS(=O)(=O)Cl.CC(OCC)=O,Application_ds
O=C(O)C1Cc2cscc2C1.O=CN(C)C,Application_ds
Cn1cnc2c1C(c1ccc(C#N)c(F)c1)NCC2.CC1=CC=CC=C1,Application_ds
Nn1cccc1.CC(OCC)=O,Application_ds
CCCCOCCOc1ccc(-c2ccc3c(c2)C=C(C(=O)OC)CCN3)cc1.CCO,Application_ds
Clc1nnc(Cl)c2ccccc12.CCO,Application_ds
Cc1cnc(N2CCNCC2)c(C)c1.O,Application_ds
O=Cc1c[nH]c(-c2cccnc2Cl)c1.CC(C)=O,Application_ds
Cc1ccccc1C(=O)NC1CCN(CCCCl)CC1.CCO,Application_ds
CCOC(=O)CCC(C)C.N#CC,Application_ds
O=C(OC)C1N(CC2=C(N=CN2C)C1)S(=O)(=O)C=3C=CC=C(C3)C(F)(F)F.CCO,Application_ds
CCN1CCCC1CNC(=O)c1ccc(OC/C=C(\C)CCC=C(C)C)cc1.CO,Application_ds
O=C(O)C=1C(=C(OC1CCC(=O)O)C(O)CC)C.CC1CCCO1,Application_ds
O=C(NC(CO)C(OC1OC(CO)C(O)C(OC2OC(CO)C(O)C(O)C2OC3OC(C)C(O)C(O)C3O)C1OC4OC(C)C(O)C(O)C4O)C(O)C(O)CO)C.CO,Application_ds
CCNc1c([N+](=O)[O-])cnc(Cl)c1Br.CO,Application_ds
O=C(OCC)COC1=CC=C2C(OC(=CC3=CN(C=4C=CC(OC)=CC34)C)C2=O)=C1.CC1CCCO1,Application_ds
O=C(O)c1c(F)ccc2cc[nH]c12.CCO,Application_ds
  O=C1c2cccc3cccc(c23)C(=O)N1[C@@H]1CCCC[C@H]1NC(=S)Nc1nncs1.N#CC,Application_ds
Cc1ccc2nn(CC(C)(C#N)NC(=S)c3ccc(C(F)(F)F)cc3)nc2c1.CO,Application_ds
CC1(C)Oc2ccccc2S1.N#CC,Application_ds
NC(=O)c1nc2n(c1C1CC1)C1CC(C1)c1cc(F)c(Br)cc1-2.CO,Application_ds
O=C(O)c1cccc2c1Cc1c-2[nH]c2ccc(Cl)cc12.CO,Application_ds
CCOC(=O)c1csc(COc2ccc(-c3cc(F)c(F)cc3F)cc2)n1.O,Application_ds
O=C(O)CC(C)(C)CC(=O)NC1CN2C(=O)C3=CC(C=CC=4C=CC=CC4)=CC=C3NC(=O)C2C1.N#CC,Application_ds
OC=1C=CC=2C3=CC=C4C=C5OCOC5=CC4=C3N(C)CC2C1O.CC1=CC=CC=C1,Application_ds
  CC(C)(C)OC(=O)CNc1c(NC(=O)c2ccc(Br)cc2)c1=O.N#CC,Application_ds
O([C]1[CH][CH][C]([CH][CH]1)C2[C]3[CH][C](OC)[C](OC)[CH][C]3C[C]4[C]5[CH][C](OC)[C](OC)[CH][C]5[CH][CH][NH+]42)C.N#CC,Application_ds
O=S(=O)(N=S(C1=CC=C(OCC=2C=CC=CC2)C=C1)C)C3=CC=C(C=C3)C.O=CN(C)C,Application_ds
O=C(O)C1N(C(=O)CN2C=NC=3C=CC=CC3C2=O)CC=4C=CC=CC4C1.CC(C)=O,Application_ds
O=C(OCC)C=1OC=2C(=CC=C(O)C2CN3CCN(C)CC3)C(=O)C1C=4C=CC(OC)=CC4.N#CC,Application_ds
CC(C)(C)OC(=O)N[C@@H]1CC[C@H](N2CCOCC2)CC1.CC(OCC)=O,Application_ds
CC(C)c1ccc2c(c1)C(C(=O)O)CCC2.O=CN(C)C,Application_ds
COC(=O)N[C@H](C(=O)Nc1ccccc1CC[C@@H]1CN(C(=O)OC(C)(C)C)[C@H](C(=O)NCc2ccccc2)CO1)C(c1ccccc1)c1ccccc1.CC(OCC)=O,Application_ds
CC(Br)c1c(F)ccc(F)c1Cl.CCO,Application_ds
COC(=O)[C@H](CC(F)(F)Cc1ccccc1)NC(=O)N1CCOCC1.CC1CCCO1,Application_ds
O=C(CN1CCCC(c2ccccc2)(c2ccccc2)C1=O)NC1CCOc2ccc(F)cc21.O,Application_ds
COC(=O)c1c(C)cccc1COCCCCNc1ccc2ccccc2n1.N#CC,Application_ds
CC(=O)c1ccc(Nc2ccc(CCO)cc2)c([N+](=O)[O-])c1.CC(C)=O,Application_ds
CC(C)(C)OC(=O)N1CCCCC1CN.CCO,Application_ds
COC(=O)c1ccc(F)c(COc2ccc(-c3ccc(F)cc3F)cc2)c1.CO,Application_ds
NCc1cnc(OCC(F)(F)F)c(Br)c1.CC(C)=O,Application_ds
O=C(Nc1ccc(OC(F)(F)F)cc1)c1cccc(-c2cnc(Cl)nc2)c1.CC(OCC)=O,Application_ds
N=C(N)NCCCC1NCCC=2C=3C=C(O)C=CC3NC21.CC(C)=O,Application_ds
N#Cc1cccc(-c2ccncc2C=O)c1.O=CN(C)C,Application_ds
CNC(=O)c1cc(COC(=O)Oc2ccc([N+](=O)[O-])cc2)on1.O=CN(C)C,Application_ds
O=CNc1cccc2ccccc12.O,Application_ds
N#CCOC1=CC=C2C(=O)C(C=3C=CC=CC3OC)=C(OC2=C1)C(F)(F)F.CO,Application_ds
C[C@H]1COCCN1c1cc(CS(=O)(=O)c2ccc(F)c(F)c2)nc(Cl)n1.CC1=CC=CC=C1,Application_ds
COc1cc([N+](=O)[O-])ccc1Br.O,Application_ds
Cc1cnc(Cl)nc1Nc1ccccc1.O=CN(C)C,Application_ds
COC(=O)c1cn2cc(Br)cc(C(F)(F)F)c2n1.CCO,Application_ds
CCOC(=O)C(CCc1ccccc1)NC1CS[C@H](c2ccccc2)N(CC(=O)OCC[Si](C)(C)C)C1=O.N#CC,Application_ds
O=C(O)C[C@H](NC(=O)Nc1ccc([N+](=O)[O-])cc1)C(=O)O.CC(OCC)=O,Application_ds
  CCCCCCC(=O)Nc1c(Nc2nc(-c3ccc(C)cc3)n[nH]2)c(=O)c(=O)c1=O.CC(C)=O,Application_ds
O=C1NC(C(=O)N2CCN(C(=O)C3CCCC3)CC12)CC=4SC=CC4.CC1=CC=CC=C1,Application_ds
  CC1(C)[C@@H]2CC[C@@]1(NC(=S)Nc1ccccc1B(F)F)C(=O)C2.CC(C)=O,Application_ds
O=[N+]([O-])c1cnc2cc(OCc3ccccc3)ccc2c1Cl.N#CC,Application_ds
COC(=O)c1cccc2c1cc1n2CCCC1.CCO,Application_ds
COc1cccc([C@H]2CC(=O)C(=O)N2c2ccc(C(F)(F)F)cc2)c1.CC1CCCO1,Application_ds
OC1=CNC=2C=CC=CC12.O=CN(C)C,Application_ds
O=C1C=C(OC(=C1O)C2(CC(=O)NCCNC(=O)NC=3C=CC=CC3)CCOCC2)C.CCO,Application_ds
CCCC(C)COc1ccc([C@H](CN)NC(=O)[C@@H](C)c2ccccc2)cc1.O=CN(C)C,Application_ds
CCOc1nc(NC(C)=O)cs1.CO,Application_ds
CC(=O)OCBr.CC(OCC)=O,Application_ds
CCc1cc(OCc2ccc(-c3ccccc3C#N)cc2)c2ccccc2n1.CC(C)=O,Application_ds
O=C(O)C(=CCCC(=CCCC(=CCC=1C=C(O)C=C(C1O)C)C)C)CCC(O)C(=C)C.O,Application_ds
Cc1ccc(-c2cccnc2C#N)cc1.CC1CCCO1,Application_ds
CC(C)n1ccc(Nc2cc(N[C@@H]3CC[C@@H](N)CC3)nn3c(C(=O)Nc4ccncc4F)cnc23)n1.CC(C)=O,Application_ds
O=C1C=2NC3=CC(OC)=CC=C3C2N=CN1CC=4C=CC=CC4OC.CO,Application_ds
CC(C)(C)OC(=O)N1CCC(=C(Br)c2ccc(C(=O)O)cc2)CC1.CC1=CC=CC=C1,Application_ds
COc1cc2nccc(Oc3ccccc3C(=O)OCC(C)C)c2cc1OC.CC1=CC=CC=C1,Application_ds
CS(=O)(=O)c1cc(CN)nc(-c2ccccn2)c1.CC1CCCO1,Application_ds
Nc1c(C(=O)NC2CC2)nnc2c(Br)cccc12.CC(OCC)=O,Application_ds
N(C=1C=CC=CC1N)=C2C=C(C=C(OCC)C3=C(OC(=C23)C)C)C=4C=CC(OC)=C(OC)C4.CCO,Application_ds
O=C1CCC2=CC(OC3CCCC3)=C(O)C(=C2)C(O)C4=CC=C5C(=C4)CC=6C=CNC6NC(C#CC(CNCCC)C(O)C57CCCC7)C8=CC=9NC=CC9C(CC%10(O)C=CC=%11C(O)=CC=CC%11CC%10)C8C(=O)C1CCO.CC(OCC)=O,Application_ds
O=C(NCCCCN1C(=O)CCCCCCCCC(=O)CCCCCCNCCC1)C.CC(C)=O,Application_ds
CC1COCCN1c1nc(C(C)(C)C)nc2c1nnn2Cc1ccccc1Cl.CO,Application_ds
C[C@@H](c1ccccc1)N1Cc2sc(N)c(C(=O)OC(C)(C)C)c2C[C@H]1CNCc1ccc(Oc2ccccc2)cc1.CC1=CC=CC=C1,Application_ds
Cc1cccc(Oc2ccc(CN)cc2)c1.CC1CCCO1,Application_ds
O=C1OC(=CC=2C=C3C=C(OC)C=C(O)C3=C(O)C12)C.CC1CCCO1,Application_ds
O=C(NCC(NC(=O)C=1C=NC=C(O)C1)C)C=2C=NC=C(O)C2.CO,Application_ds
  Cc1ccc([C@H]2CC(c3ccc(C)cc3C)=NN2c2ccc(S(=O)(=O)NS(=O)(=O)Nc3ccc(OC(F)(F)F)cc3)cc2)cc1.CC1=CC=CC=C1,Application_ds
O=C(OC)C(NC(=O)COC1=CC=C2C(=O)C(OC=3C=CC=CC3)=C(OC2=C1)C)CC(C)C.CCO,Application_ds
Cc1ccc(S(=O)(=O)n2c(C(=O)c3cnn(-c4ccc5[nH]c(C)nc5c4)c3N)cc3ccc(I)cc32)cc1.CO,Application_ds
O=CC=1C=C(O)C=2C(=O)C=3C(O)=CC(OC)=CC3C(=O)C2C1.CC1CCCO1,Application_ds
COC(=O)c1ccc(-c2ccn(CC(=O)Nc3cnc4ccccc4c3)n2)s1.CO,Application_ds
O=C(OC(CC(=O)CC[C]1[CH][C](O)[C](O)[C](OC)[CH]1)CCC(CC=2C=N[CH+]C2CC[C]3[CH][CH][NH2+][C](N)[CH]3)CC)C.CC(C)=O,Application_ds
O=C(O)COCC(=O)N1CCN2C(=O)C=3C=CC=CC3NC(=O)C2C1.CC(OCC)=O,Application_ds
Cc1ccc(-c2ccccn2)c(C(=O)N2CCC[C@@H](C)[C@H]2CN)n1.CC(OCC)=O,Application_ds
CCOC(=O)Cc1ccc(OC(F)F)c(OC)c1.N#CC,Application_ds
Cc1cc(C2CC2)cnc1N1CCN(C(=O)c2ccc(CNS(C)(=O)=O)cc2)CC1.O,Application_ds
COCc1cc(-c2nc(-c3cccc(C(=O)N(C)CC(=O)OC)c3)no2)ccc1-c1ccccc1C.O,Application_ds
CCS(=O)(=O)N1CCC(c2c[nH]c3c(C(N)=O)cc(-c4csc([C@H](C)N5CCCC5)c4)cc23)CC1.CC1=CC=CC=C1,Application_ds
O=C(N)CC1NC2(C(=O)NC=3C(=CC(Cl)=CC32)C)C4C(=O)N(C(=O)C14)CC5=CC=C(OC)C=C5.CC(C)=O,Application_ds
COc1ccc(S(=O)(=O)C(c2cnc(C(=O)O)cc2C)c2cc(F)ccc2F)cc1.O,Application_ds
COC(=O)c1ccc(F)c(-n2c(C)cc(OCc3ccc(F)cc3F)cc2=O)c1.CC(OCC)=O,Application_ds
COc1ccc(CNCc2cccc(Br)n2)c(OC)c1.N#CC,Application_ds
C=1C=C(C=C(C1)CN2CCN(CCN(CC2)C(C)C)C(C)C)CN3CCN(CCN(CC3)C(C)C)C(C)C.O,Application_ds
CCOC(=O)c1cn(-c2c(F)cccc2C=O)nc1C.CO,Application_ds
CCOC(=O)CI.CC1CCCO1,Application_ds
CC(=O)Nc1nc2ccc(-c3cnc(Cl)c(NS(=O)(=O)c4cccc(OC(F)F)c4)c3)nn2c1I.CC(OCC)=O,Application_ds
O=C(CC(=O)CCCCCCC1CCCCC1)CCC2=CC(OC)=C(O)C(=C2)C(C=3C=C(N)NCC3)C(CO)CC4=CC=CN4.CC(C)=O,Application_ds
O=C(O)CNC1=C(OC)C(=NC(C(=O)O)C(O)C)C(O)C(O)(CO)C1.O=CN(C)C,Application_ds
O=C(c1cc(-c2cc(F)cc(OC(F)(F)F)c2)n(-c2cccnc2)n1)N1CCSC1.CC(OCC)=O,Application_ds
COC(CCn1cc(-c2oc(C)nc2C)c(=O)[nH]c1=O)OC.CCO,Application_ds
CCOc1nc(CC)c(CN)n1Cc1ccc(-c2ccccc2C(=O)OC(C)(C)C)cc1F.CC1=CC=CC=C1,Application_ds
CCOC(=O)CC[C@H](NC(=O)c1ccc(CCC2CNc3nc(N)[nH]c(=O)c3C2)s1)C(=O)OCC.O,Application_ds
Nc1ncc2ccoc2c1OCc1nnc2ccc(Cl)nn12.CO,Application_ds
Cc1ccc(NCCN(C)C)c([N+](=O)[O-])c1.CC(OCC)=O,Application_ds
O=C(OC)CC(C=1OC(=CC(=O)C1O)COC)C2=COC=3C=CC=CC3C2=O.CC(OCC)=O,Application_ds
O=C(O)c1csc(CN2CCCC2)n1.CO,Application_ds
COc1nc(NCCc2ccc(Cl)cc2Cl)cc(-c2cccc(C(=O)O)c2)n1.CC(OCC)=O,Application_ds
CSc1ccc(CNc2nn(-c3ccc(F)cc3)c3c2cc(-c2cccnc2)c2cnccc23)cc1.O=CN(C)C,Application_ds
CCOC(=O)c1nn(-c2ccc(OC)cc2)c2c1ccc1[nH]ncc12.CC1CCCO1,Application_ds
CC(C)(O)c1ccn2c(-c3ccc(F)c(-c4cccc(OC(F)(F)F)c4)c3)cnc2c1F.CC1CCCO1,Application_ds
OCC1OC(OC2=CC(=CC=C2OC)CCC3=CC(OC)=C(OC)C(OC)=C3)C(O)C(O)C1O.CC1CCCO1,Application_ds
O=C1OC(=CC=C1CCCCC)C(C)C(O)C(=CCC=C(C)CC(=CC(=CCC(O)C(C)C(O)C(=CC)C)C)C)C.CC(OCC)=O,Application_ds
  C[C@H](Nc1c(Nc2nc(-c3ccccc3)nc3ccccc23)c(=O)c1=O)c1cccc(Cl)c1.CC1=CC=CC=C1,Application_ds
COC(=O)Cc1cc2ccccc2o1.O=CN(C)C,Application_ds
COC(=O)C(O)c1ccc(OCc2ccc(F)cc2)cc1.O,Application_ds
COc1cccc2sc(N)nc12.O=CN(C)C,Application_ds
O=C(OC)C(NC(=O)COC1=CC=C2C(OC=C(OC=3C=CC=CC3)C2=O)=C1)CC=4C=CC=CC4.O,Application_ds
O=C1NC=2C=CC=CC2C13C=4NC=5C=CC=CC5C4CCN3C(=O)CC.CC(C)=O,Application_ds
CS(=O)(=O)C1CCN(c2cc(Cl)nc3ccsc23)CC1.N#CC,Application_ds
COc1c(NC(=O)OCC(Cl)(Cl)Cl)cc(C(C)(C)C)cc1C(O)C(F)(F)F.CC(C)=O,Application_ds
O=C(NCC=1C=CC=CC1)N2CCC(O)(C=3N=C(SC3)CN4CCOCC4)CC2.CC1CCCO1,Application_ds
O=C1OC2C(O)C(OC(C)C2OC3OC(C)C(OC4OC(C)C(OC(=O)C(C)CC)C(O)C4O)C(O)C3OC(=O)C(C)CC)OC5C(OC(CCCCC)CCCCCCCCC1)OC(C)C(O)C5O.CC1CCCO1,Application_ds
CCOc1ncc(-c2nc(C(=O)OC)c(O)c3cc(-c4ccccc4)c(=O)n(Cc4ccccc4)c23)cn1.O=CN(C)C,Application_ds
CCCCNc1nc(NCCO)nc(NCCCC)n1.CCO,Application_ds
c1ccc(COc2ccc(N3CCNCC3)cc2)cc1.CO,Application_ds
O=C(OCC)C(=O)C=CC1=CN(C(=O)C)C(C(=O)OCC)C1.CO,Application_ds
  C=C(C)C(=O)OCCNS(=O)(=O)N[C@H](Cc1c[nH]c2ccccc12)C(=O)O.CO,Application_ds
COc1ccc(F)c(C(=O)c2cc(Cl)ccc2-n2cccc2)c1OC.O=CN(C)C,Application_ds
CC(C)=Cc1ccc2c(c1)OCO2.CC1CCCO1,Application_ds
C(=Cc1ccccc1OCCN1CCOCC1)c1ccccn1.CC(OCC)=O,Application_ds
Cc1ccc(N(CCc2ccc(F)cc2)N=C(c2ccccc2)c2ccccc2)cc1.CC(C)=O,Application_ds
O=C(Nc1ccc(C(O)(C(F)(F)F)C(F)(F)F)cc1)c1cccnc1NCc1ccnc2[nH]ccc12.CC(C)=O,Application_ds
COc1cc(CCc2cc(NC(=O)c3cnc(N4CCCN(C5CC5)CC4)cn3)[nH]n2)cc(OC)c1.CO,Application_ds
O=C(O)CC1CCN(c2ncc(-c3ccccc3)cc2NC(=O)c2cccc(Cl)c2)CC1.O=CN(C)C,Application_ds
COc1ccccc1C(=O)Nc1cc(-c2ccc(F)cc2)sc1C#N.N#CC,Application_ds
  O=C(O)[C@@H](Cc1c[nH]c2ccccc12)Nc1c(Nc2ccccc2/N=C/c2ccc([N+](=O)[O-])cc2[N+](=O)[O-])c1=O.CCO,Application_ds
CNC(=O)Nc1cccc(-c2cnc3cc(-c4cccc(C(=O)OC)c4)cnn23)c1.O=CN(C)C,Application_ds
O=C(O)c1cc2cc(Cl)ncc2[nH]1.CC(C)=O,Application_ds
Cn1nnnc1C(=NOCc1cccc(Br)n1)c1ccccc1.CC1=CC=CC=C1,Application_ds
O=C(Cl)c1cccc(Cl)c1Cl.CC(OCC)=O,Application_ds
O=C(Nc1cccc([N+](=O)[O-])c1)c1ccc(F)cc1Cl.CC(C)=O,Application_ds
COc1ccc(C2=NN(C3CCN(C(=O)C[C@@H](Cc4ccccc4)NC(=O)OC(C)(C)C)CC3)C(=O)C(C)(C)C2)cc1OC.CC1CCCO1,Application_ds
  Cc1ccccc1-n1nc(C(C)(C)C)cc1Nc1c(N[C@@H](C(=O)N(C)Cc2ccccc2)C(C)(C)C)c(=S)c1=S.CC(OCC)=O,Application_ds
OC1C(O)C(COC=2N=C(C=CC2)C)CC1NCC=3OC(=CC3)C.CC1=CC=CC=C1,Application_ds
Fc1c(CBr)cc2scnc2c1-c1cccc(Cl)c1.O,Application_ds
CN(C)CCNC(=O)c1cc([N+](=O)[O-])ccc1Cl.CCO,Application_ds
BrC=1C=C(Br)C=2C(Br)=C(Br)N(C2C1)C.CO,Application_ds
O=C(OCC)COC1=CC=C2C(=O)C(OC2=C1)=CC3=CC(Cl)=CC4=C3OCOC4.CC1=CC=CC=C1,Application_ds
O=C1Nc2ccccc2C12COc1cc3c(cc12)CCO3.CCO,Application_ds
O=C(c1ccc(F)cc1)N1CCC[C@H](O)C1.N#CC,Application_ds
CC(C#N)(Cn1nc2c(Br)cc(Cl)c(Br)c2n1)NC(=O)c1ccc(C#N)cc1.CC1CCCO1,Application_ds
O=C(C=CC1=CC=C2OCOC2=C1)N3CC=4C=CC=CC4CC3.CC1=CC=CC=C1,Application_ds
CCOC(OCC)[C@H](CC(=O)OC(C)(C)C)NS(=O)(=O)c1ccc(N)cc1O[C@H](C)Cn1c(SC)nc2ccccc21.CC(C)=O,Application_ds
  C=CCN(C)c1ccc(Cl)c(S(=O)(=O)NC(=S)N[C@H](C(=O)O)C(C)C)c1.O,Application_ds
N#C[C@H]1CC[C@H](N)CC1.CO,Application_ds
CCOC(=O)c1nnc(-c2cc(Cl)ccc2O[C@@H](C)c2nnc(-c3ccccc3C(F)(F)F)n2C)o1.CC1CCCO1,Application_ds
COc1ccc(C(=O)c2ccc(N)c(C(=O)c3cccc(Cl)c3)c2)cc1.CC1CCCO1,Application_ds
  COc1ccc(CCNc2c(Nc3nccc(C)n3)c2=O)cc1OC.CC1=CC=CC=C1,Application_ds
O=C(O)C1(C)CCC2(C)CCC3(C)C4(CCCC53CCC67C(OC(O)(CC8CCC(C4)C5(C)C86)C7CCC)CC9=CC=C(C=C9)CCOC)C2C1.CC(OCC)=O,Application_ds
CC(C)(C)OC(=O)N[C@@H]1CC[C@H](Nc2cccc3nc(Nc4ccc(C#N)cc4)nn23)CC1.CC(OCC)=O,Application_ds
OC1=C(OC)C=C2C(=C1C=3C(O)=C(OC)C=C4C3C(N(C)CC4)CC=5C=CC=CC5)C(N(C)CC2)CC=6C=CC=CC6.CO,Application_ds
C#CC(O)c1c(-c2cccc(OC)c2)nc2c(Cl)cccn12.CC(C)=O,Application_ds
CC(C)C(=O)C(Cc1ccccc1)NC(=O)NC1C2CC3CC(C2)CC1C3.CC(OCC)=O,Application_ds
Brc1cccc2ccsc12.O=CN(C)C,Application_ds
CC(C)c1cc(O)nc(-c2cc(Cl)cc(Cl)c2)n1.CC1CCCO1,Application_ds
CCCN(CCC)CCC1=C2CC(=O)NC2=CC=C1.CCO,Application_ds
Cc1ccc(S(=O)(=O)n2cc(I)c(OCc3ccccc3)n2)cc1.CC1=CC=CC=C1,Application_ds
CCCc1nc(CC)n(-c2ccc(OC3CCC(F)(F)CC3)cc2)c(=O)c1Cc1ccc(-c2ccccc2C#N)cc1.CC(C)=O,Application_ds
N1=CC(C2=CC=C(OC)C=C2)C3N1CCC3.CO,Application_ds
O=S(=O)(NCC1OCC2=NC=CN2C1)C.O,Application_ds
O=C(OC)C1=COC(=C1)C=2C=C(O)C=CC2OC.O,Application_ds
CCOC(=O)c1cc2c(C(F)(F)F)cc(O)cc2n1C.CC(C)=O,Application_ds
CCn1ncc(C(=O)N2CCC2)c1C(=O)Nc1ccn2cc(-c3ccccc3)nc2c1.CC(OCC)=O,Application_ds
O=C1C=CC=C2N1CC3CN(CC2C3)P(=O)(OC(C)C)OC(C)C.CC1CCCO1,Application_ds
CC(C)(C)OC(=O)N[C@@H](CCCCNC(=O)OCc1ccccc1)C(=O)O.N#CC,Application_ds
O=C(OC1CC(OC(=O)CC(C)C)C23COC(C(=O)OC)C3C(C)(C(O)C4OCC1(C(=O)OC)C42)C56OC6(C)C7CC5OC8OC=CC87O)C.CO,Application_ds
C=CCOc1c(NC(=O)c2nn(-c3ccc(Cl)cc3Cl)c(-c3ccc(OS(=O)(=O)CCC(F)(F)F)cc3)c2C)ccc(F)c1F.CO,Application_ds
COC(=O)c1ccc(N)cc1F.CC1CCCO1,Application_ds
O=C(OC)CCCC=C1SCC(NC(=O)C=2C=CC=CC2)C1=NO.CC(C)=O,Application_ds
CC(C)(C)CC1NC(C(=O)Nc2ccc(C(=O)CBr)cc2)C(c2cccc(Cl)c2F)C1(C#N)c1ccc(Cl)cc1F.CCO,Application_ds
C=CCN(C)C/C=C/COc1ccc(C(=O)CC(O)C=C(C)C)cc1F.CC1=CC=CC=C1,Application_ds
Clc1cccnc1N1CCOc2ccccc21.CC1=CC=CC=C1,Application_ds
CC(C)(C)OC(=O)N1CCC(Oc2ccc(N)cc2)CC1.N#CC,Application_ds
COc1ccc2c(c1)OCCO2.N#CC,Application_ds
CC(C)CC=O.N#CC,Application_ds
CC(O)(CN1CCCCC1)C1(c2ccc(Cl)c(Cl)c2)CCC1.O,Application_ds
CC(C)(C)[Si](C)(C)OCc1cc(CO)no1.N#CC,Application_ds
CN[C@H]1CC[C@@H](N2CCC(C)CC2)C1.CCO,Application_ds
O=C(c1ccccc1)c1ccc(C(=O)N2CCCc3ccoc3C2)cc1.N#CC,Application_ds
Cc1noc(C)c1-c1nc2cnn(Cc3cc(-c4ccc(C(F)(F)F)cc4C(F)(F)F)no3)cc-2n1.N#CC,Application_ds
Cc1ccccc1S(=O)(=O)Nc1cccc2c3c([nH]c12)C(=O)CCC3.CC(OCC)=O,Application_ds
O=C(c1c[nH]c2cc(Cl)ccc12)N1CCN(c2ccccc2F)CC1.CCO,Application_ds
CCCN(CCC)C1=C(C=C(C=C1[N+]([O-])=O)C(C)C)[N+]([O-])=O.O=CN(C)C,Application_ds
O=C(OC(CCC(=C)C=C)C(O)(C)C)C=CC=1C=CC=CC1.O=CN(C)C,Application_ds
OCC1C(=CCN(C)C1)C=2C=CC=CC2.CC(C)=O,Application_ds
CC(=O)Nc1cccc(C=C2C(=O)c3ccccc3OC2c2ccccc2)c1.CC(OCC)=O,Application_ds
N#Cc1ccc(CCCO)cc1.CO,Application_ds
O=C(OC1=CC=C2C(=O)C(=COC2=C1)C=3C=CC(Br)=CC3)N(C)C.N#CC,Application_ds
Cc1nn(C)c(C(N)=O)c1C(F)(F)F.CC(C)=O,Application_ds
CC(C)(O)CON1C(C)(C)CC(CCCCNc2nc(NCCO)nc(NCCCCC3CC(C)(C)N(OCC(C)(C)O)C(C)(C)C3)n2)CC1(C)C.O,Application_ds
COCCn1ncc(-n2cc(C#Cc3cccc(C)c3)nc2C)cc1=O.CC1=CC=CC=C1,Application_ds
Nc1ccc(Oc2cccc3[nH]ncc23)c(Cl)c1.O=CN(C)C,Application_ds
CCCCOC(=O)COCCCNC(=O)c1sc(NC(=N)N)nc1C.CCO,Application_ds
O=C(OC1OC(COC2OC(CO)C(O)C(O)C2O)C(O)C(O)C1O)C3CC(C)(C)CC4C5=CCC6C7(C)CCC(OC8OCC(O)C(O)C8OC9OC(O)C(O)C(OC%10OCC(OC%11OC(CO)C(OC%12OCC(O)C(O)C%12O)C(O)C%11O)C(O)C%10O)C9O)C(C)(C)C7CCC6(C)C5(C)CCC34.N#CC,Application_ds
  CO[C@H](c1ccccc1)[C@H](C)NS(=O)(=O)Nc1ccc2c(c1)CC[C@]21OC(=O)N(CC(=O)N2Cc3ccccc3CC[C@H]2C)C1=O.CO,Application_ds
OC1=CC=CC(=C1O)CCCCCCCCC=CCCCCC.CCO,Application_ds
CC(C)(C)CC(=O)c1ccc(C(=O)Nc2ccncc2)cc1.O=CN(C)C,Application_ds
CS(=O)(=O)c1ccc(N2CCNCC2)cc1.CO,Application_ds
CCOC(C(=O)NCc1ccc(C#N)cc1Oc1ccccc1)c1c(F)cc(OC)cc1F.CO,Application_ds
[O-][NH+]1C=CC=CC1SSC2=NC=CC=C2.CC(C)=O,Application_ds
CC(C)c1n[nH]c2cccc(B(O)O)c12.CCO,Application_ds
  CCCCCCC(=O)Nc1c(Nc2ccc(OC)cc2[N+](=O)[O-])c(=O)c1=O.CC(OCC)=O,Application_ds
O=C(O)C1CCC(=CO)C(CCCNC2=CC=C(C=3C=CC=C(C3)C4C5=C6C=CC=CC6=CC7C5=CC89C=CCC%10(CC#CC4)C(O)CCC7(C%11=C(C8)C%12%13C%14CCCC%13(CC%11)C1(C=CC%15C%12CCC%16%15CCC(CCC=%17C=CC=CC%17)C%16)C%14O)C9%10)CN2)C%18CCCCC%18.CC(OCC)=O,Application_ds
O=C(OC)C=C(CO)CCC1C(=C)C=CC2C(C)(C)CCCC21C.CC1=CC=CC=C1,Application_ds
O=C(OCC=C(CCC=C(C)CC)CCC)C.CC1=CC=CC=C1,Application_ds
COc1cncc2nc(-c3ccnc(Cl)c3)nc(N3CC[C@@H](O)[C@H](O)C3)c12.CC1CCCO1,Application_ds
  S=c1c(NC[C@@H]2C[C@@H]3C[C@H]2[C@H]2[C@H]4C=C[C@H](C4)[C@@H]32)c(Nc2ccc3cccnc3n2)c1=S.CO,Application_ds
Cc1cn(-c2ccc(Br)c(C)n2)nn1.CCO,Application_ds
N=1C=C(C=2C=3C=CC=CC3NC2C1C)C4N(C)CCCC4.O,Application_ds
CCOc1ccc(C=O)cn1.CC(OCC)=O,Application_ds
  CCCCCC[C@H](C)Nc1c(NCN2CCCCC2)c(=O)c1=O.CC(C)=O,Application_ds
O=C(C=CC(=CC=CC(C)C)C)C1=CC=CC(=C1C)C.CC(C)=O,Application_ds
CCc1cc(C=C(C#N)C#N)ccc1N=C1SCC2(CCCC2)N1C1CCCC1.O,Application_ds
O=C(O)C1=CC=C(O)C(=C1)CC=C(C)CCC2=C(C)CCC3C2(C)CCCC3(C)C.CCO,Application_ds
OC(=O)C1=C(Cl)C=CC2=CC(Cl)=CN=C12.CC(OCC)=O,Application_ds
O=C(OC)CCC(NC(=O)N1CCC=2N=CNC2C1C=3C=CC=C(OC)C3)C(=O)OC.O=CN(C)C,Application_ds
O=C(OC1C(=C)C2C(OC(=O)C)C3CC(=O)C4(OCC3(C)C4(O)C(OC(=O)C)C(OC(=O)C)C2(COC(=O)C=5C=CC=CC5)C(OC(=O)C)C1)C)C=CC=6C=CC=CC6.O=CN(C)C,Application_ds
O=C(N1CCOCC1)CC2C(O)CCC3C4(C)COC(OC4CCC23C)COC.O=CN(C)C,Application_ds
Cc1cnc(-c2ccc([C@H](C)N3CC[C@](CC(C)(C)O)(c4ccccc4)OC3=O)cc2)cn1.CC1=CC=CC=C1,Application_ds
CCOC(=O)CCCc1ccc2c(c1)CN(C(=O)C(F)(F)F)CC2.N#CC,Application_ds
FCC1CNC1.O,Application_ds
Nc1ncnc2c1nc(Sc1cc3c(cc1Br)OCO3)n2CCC(N)C1CC1.CC1CCCO1,Application_ds
ClCCN1CCN(Cc2ccccc2)CC1.CO,Application_ds
CC(C)N1CCN(c2ccc([N+](=O)[O-])cc2OC(F)F)CC1.CO,Application_ds
O=C(OCC=C)C.O,Application_ds
O=C1OC2=CC=C3C(=O)C(OC3=C2C(C=4OC=CC4)C1)=CC5=CC=C6OCCOC6=C5.CC(OCC)=O,Application_ds
O=C1OC2=C(C=CC(OCC(=O)NCC(=O)O)=C2C)C(=C1)CC.O=CN(C)C,Application_ds
N=1N=C(OC1CC2C(=CC(CNCCN(C)C)C(C2)C(C)C)C)C(C)(C)C.O,Application_ds
CCS(=O)(=O)c1ccc(Cl)c(C#N)c1.CC(C)=O,Application_ds
COC(=O)c1ccc2nc(-c3ccc(C4(NC(=O)OC(C)(C)C)CCC4)cc3)c(-c3ccccc3)n2c1.CC(OCC)=O,Application_ds
O=C1C=2C=CC=C(O)C2C(=O)C3C(O)=C4C=CC(=CC4=CC13)C.CC1CCCO1,Application_ds
O=C(OC1CCN2CC3CC(C(O)N4C(=O)CCCC43)C2C1)C5=CC=CN5.O,Application_ds
FC(F)(F)C(F)(F)C(O)=NCC=1C=CC=CC1.CC1=CC=CC=C1,Application_ds
CC(=O)OCc1c(I)c(N)c(I)c(C(=O)NC(COC(C)=O)C(COC(C)=O)OC(C)=O)c1I.CC1CCCO1,Application_ds
O=[N+]([O-])c1ccc(S(=O)(=O)N2CCN(c3cc(C(F)(F)F)cc(C(F)(F)F)c3)CC2)cc1.CCO,Application_ds
FC(F)(F)c1cnc(Cl)nc1Cl.CC(OCC)=O,Application_ds
O=C1COC(=O)N1.CC(OCC)=O,Application_ds
O=C1OC2CC(C)C3C(=C(C(=O)C3)C)CC2C1C.CC(OCC)=O,Application_ds
CC(C)c1ccc(S(=O)(=O)Cl)cc1.CO,Application_ds
COC(=O)c1cc(N)c(C#N)cc1C.CC1CCCO1,Application_ds
O=C1OC=2C(OS(=O)(=O)O)=C3OC=CC3=C(OC)C2C=C1.CC1CCCO1,Application_ds
COC(=O)C(c1ccc(Cl)cc1)n1ccc2c(NC(=O)OC(C)(C)C)cccc21.N#CC,Application_ds
N[C@@H](Cc1ccc(C(=O)c2ccccc2)cc1)C(=O)O.CC(C)=O,Application_ds
O=C(C=CC1=CC=CC(=C1)C)C2=CC=C(C=C2O)NC(=O)C.N#CC,Application_ds
ClC1CC(OC1CC=CCC=CC#C)C(Br)CC.CC1=CC=CC=C1,Application_ds
OC1(OOC(C=C1)(C)C)C(C)C2OC(C=C)(C)CC2.CC1=CC=CC=C1,Application_ds
COc1ccc2c(OC3CC4C(=O)NC5(C(=O)O)CC5C=CCCCCN(C)C(=O)C4C3)nc(-c3nc(C4CC4)cs3)cc2c1.CC(C)=O,Application_ds
Cc1cc(NCCBr)no1.CO,Application_ds
COC(=O)c1cc2c(OCCN3CCN(CCO)CC3)cccc2n1Cc1ccc(Cl)c(Cl)c1.CC(C)=O,Application_ds
OOC1(C)CCC(=CC2C(=CCC21)C)C(=CCCC(C)C)C.CC1CCCO1,Application_ds
O=C(O)CNC(=O)C(NC(=O)C(NC(=O)CCCC(N)C(=O)O)CS)C(C)C.CC1=CC=CC=C1,Application_ds
COc1cc2ncnc(Nc3cccc(Cl)c3F)c2cc1OC1CCN(S(=O)(=O)CCCCl)CC1.O=CN(C)C,Application_ds
CC1=CC(=C(C=C1Cl)S(=O)(=O)[O-])N=NC2=C(C=CC3=CC=CC=C32)O.O,Application_ds
CCOC(=O)c1ccc(NC(=O)c2cc(Cl)ccc2OC)cc1OCC.O=CN(C)C,Application_ds
CCCc1nc2cnc3ccccc3c2n1CCC(N)=O.N#CC,Application_ds
[O-][NH+](O)C1=COC(=C1)CC.O,Application_ds
O=C(CSc1ccc(Cl)c(Cl)c1)C12CC3CC(CC(C3)C1)C2.N#CC,Application_ds
O=S(=O)(c1ccc(Cl)cc1)C(c1cc(F)ccc1F)c1cc(NCCCNc2ncccn2)ncc1Cl.CCO,Application_ds
ClC(C=C)CCCC.CCO,Application_ds
O=C(C=1C=CC=CC1)N2CC3C4=CC=C(NS(=O)(=O)C=5C=CC=C(F)C5)C(=O)N4CC(C2)C3.CC1CCCO1,Application_ds
CCOC(=O)CCCBr.CC1CCCO1,Application_ds
CC(Br)c1cc(C(=O)N(C)C)cc2c(=O)cc(N3CCO[C@H](C)C3)oc12.N#CC,Application_ds
O=C1C2=C(OC(C)C1)OC3(C)CCC4C(C=CC(=O)C4(C)C3C2)(C)CO.CC(C)=O,Application_ds
OCC1OC(OC=C(C)CCC=C(C)CCCC(C)COC2OC(CO)C(O)C(OC3OC(C)C(O)C(O)C3O)C2OC4OC(C)C(O)C(O)C4O)C(OC5OC(C)C(O)C(O)C5O)C(OC6OC(C)C(O)C(O)C6O)C1O.CC(OCC)=O,Application_ds
COc1cc(N)nc(C(N)=O)c1.O,Application_ds
N[C@@H]1CC[C@@H](Oc2ccnc3c(Br)cccc23)CC1.CC1=CC=CC=C1,Application_ds
N#Cc1ccc(CN([C@H]2CCC[C@H]2C(N)=O)S(=O)(=O)c2ccc(Cl)cc2)cc1.O=CN(C)C,Application_ds
O=C1OCC2OC(=O)C3=CC(O)=C(O)C(O)=C3C4=C(O)C(O)=C(O)C5=C4C(=O)OC(C6OC(=O)C7=C5C(O)=C(O)C(O)=C7C6O)C2OC(=O)C8=CC(OC9=C(O)C(O)=C(O)C=C9C(=O)OC%10OC%11COC(=O)C%12=CC(O)=C(O)C(O)=C%12C%13=C(O)C(O)=C(O)C=C%13C(=O)OC%11C%14OC(=O)C%15=CC(O)=C(O)C(O)=C%15C%16=C(O)C(O)=C(OC%17=C(O)C(O)=C(O)C=C%17C(=O)OC%18C(O)OC%19COC(=O)C%20=CC(O)=C(O)C(O)=C%20C%21=C(O)C(O)=C(O)C=C%21C(=O)OC%19C%18OC(=O)C%22=CC(O)=C(O)C(O)=C%22)C=C%16C(=O)OC%10%14)=C(O)C(O)=C8C%23=C(O)C(O)=C(O)C=C1%23.CCO,Application_ds
O=C(O)C1(CO)CCCC2(C)C1CCC34CC5C(CC32)C5(C)C4.CO,Application_ds
CNC(=O)c1c(C(N)=O)nn2c1CCOc1ccc(C#C[C@]3(O)CCN(C)C3=O)cc1-2.CCO,Application_ds
O=C(O)c1sccc1Cl.CC(C)=O,Application_ds
  CC(C)(C)c1cc(Nc2c(N[C@]34CCC[C@@H](CCC3)C43Oc4ccccc4O3)c(=O)c(=O)c2=O)n(-c2ccccc2)n1.O=CN(C)C,Application_ds
CC1CN(CC(C)C(OC(=O)Nc2ccc(Cl)c(Cl)c2)c2ccc(C(C)(C)C)cc2)CC(C)O1.CO,Application_ds
O=S(=O)(Cl)c1c(F)c(F)c(F)c(F)c1Br.CC1CCCO1,Application_ds
O=C(Nc1ccc(F)cc1)N1CCN(c2nc(-c3ccccc3)ns2)CC1.CC(C)=O,Application_ds
  Cn1cnc2c(NC(=O)NC=Cc3ccccc3)cccc21.CC(C)=O,Application_ds
O=C1NC(=S)N(C(=O)C1=CNCC2C3=C(OC)C=4OCOC4C=C3CCN2C)C5=CC=C(C=C5)C.CC1=CC=CC=C1,Application_ds
O=C(OC(C(=O)OC)CCCCCCCCCCCCC)C.CO,Application_ds
CC(C)(C)OC(=O)N1Cc2ccc(I)cc2C1.O,Application_ds
  CC1(C)[C@@H]2CC[C@@]1(C)[C@H](Nc1c(NC(=O)c3ccc4ccccc4c3)c(=O)c(=O)c1=O)[C@H]2CC1CCCCC1.CC(C)=O,Application_ds
N#Cc1c(NC(=O)C2CCCCC2)sc(-c2ccccc2)c1C#N.O=CN(C)C,Application_ds
Cn1c(=O)cc(CCc2cccc(Cl)c2)c2cc(C(N)(c3ccc(Cl)cc3)c3cccnc3)ccc21.CO,Application_ds
O=C(OC1OC(COC2OCC(O)C(O)C2O)C(O)C(O)C1O)C34CCC(C)(C)CC4C5=CCC6C7(C)CCC(OC8OC(CO)C(O)C8OC9OC(C)C(O)C(O)C9O)C(C)(CO)C7CCC6(C)C5(C)CC3.CCO,Application_ds
CN(C)C(=O)c1cc(Br)ccc1I.O,Application_ds
O=C(NC1=NC=CS1)C2=CC(OC)=C(OC)C(OC)=C2.CC1CCCO1,Application_ds
O=C(Cl)C=CC(C)C.O,Application_ds
N#CC(C)(C)C1OC(C)(CC1)C2CCC(C#N)(C)C3CCC(=CC32)C.CC1CCCO1,Application_ds
O=C(OC1=CC=C2C(OC(=CC3=CC(OC)=CC=C3OC)C2=O)=C1)C.O=CN(C)C,Application_ds
ClC=1C=CC(=CC1Cl)C=2C(Cl)=CC=C(Cl)C2Cl.CC1=CC=CC=C1,Application_ds
Cc1cccc2c1nc(C(C)C)n2Cc1cc(=O)[nH]c2c(F)c(F)ccc12.O=CN(C)C,Application_ds
Cc1cccc(Oc2ccc(NC(=O)C3(c4ccc5c(c4)OCO5)CC3)cn2)c1C.CO,Application_ds
O=C(NCCC1=CNC=2C=CC=CC21)C(NC(=O)C3CCN(CC3)S(=O)(=O)C4=CC=C(C=C4)C)C.CO,Application_ds
COC[C@@H]1CNCCO1.CO,Application_ds
CN1CCN(Cc2ccc(NC(=O)c3ccc(Cl)c(I)c3)cc2C(F)(F)F)CC1.CO,Application_ds
Cc1ccc(NC(=O)c2cc(Oc3ccc(C(=O)N(C)C)c(F)c3)c3c(c2)OC(C)(CO)C3)nc1.CC1CCCO1,Application_ds
O=C(NC1=CC=C(C=C1)CN2CC(F)C(OCC3=NC=4C=CC(=CC4N3)C)C2)C.CC(OCC)=O,Application_ds
OB(O)c1ccccc1OC(F)(F)F.N#CC,Application_ds
O=C(OC1C2OC2C3(C)C(OC(=O)CCC)C=CC(=C)C(Cl)C4OC(=O)C(C)C4(O)C(OC(=O)C)C3C1(O)C)C.O=CN(C)C,Application_ds
O=C(OCC=1C=CC=CC1)NCCC(=O)OC=2C=CC3=C(OC(=O)C(=C3C)CC=4C=CC=CC4)C2C.O=CN(C)C,Application_ds
Oc1ccc(Br)cc1Cl.N#CC,Application_ds
Cc1nnc(N2CCC(Nc3nc(Cc4ccc(Cl)cc4)cc(C(C)(C)O)n3)CC2)o1.CC(C)=O,Application_ds
CCN(CC)CCNc1ccc(CN)c2sc3ccccc3c(=O)c12.O,Application_ds
CCOC(=O)CSc1cnc(NC(=O)C(CC2CCCC2)c2ccc(S(C)(=O)=O)cc2)s1.CO,Application_ds
Fc1cc(Br)ccc1C1OCCO1.CC1CCCO1,Application_ds
OC(C#Cc1ccccc1)c1cccc(Oc2ccccc2)c1.CC(C)=O,Application_ds
CCNc1nc(Cl)c(C#N)c(Cl)n1.CC(C)=O,Application_ds
O=C1N2C(C3=CC(OC)=C(OC)C(OC)=C3)C=4NC=5C=CC=CC5C4CC2C(=O)N(C1)C6CC(NC(C)(C)C6)(C)C.O=CN(C)C,Application_ds
CC1(C)C=C(c2ccc(F)cc2)c2ccc(NS(C)(=O)=O)cc2O1.CC1=CC=CC=C1,Application_ds
O=S1(=O)NC(Cl)=Nc2ccc(Cl)cc21.CC1CCCO1,Application_ds
C#C[C@@H](OC(=O)[C@@H]1[C@H](/C=C\C(=O)OCC(F)F)C1(C)C)c1cccc(Oc2ccccc2)c1.CO,Application_ds
NS(=O)(=O)c1cc2cnccc2o1.CC(C)=O,Application_ds
C[C@@H](c1ccc(Br)cc1)N1CC[C@](CCO)(c2ccccc2)OC1=O.CC(OCC)=O,Application_ds
O=C(C1=C(O)C(=C(O)C=2C=CC(OC21)(C)C)C(C3=C(OC)C=C(OC)C=4C=CC(OC43)(C)C)C)C.N#CC,Application_ds
ON1CC(C)CC(O)C1C(C2=CC=C3C(=C2C)CC4C3CC=C5CC(O)CCC54C)C.CC(OCC)=O,Application_ds
CC(C)S(=O)(=O)N[C@@H]1CCOC[C@H]1c1ccc(-c2ccccc2)cc1.N#CC,Application_ds
CN(C)C(=O)c1ccc(-c2ccc(OCC3CCN(CC(C)(C)F)CC3)cc2)cc1F.CCO,Application_ds
COc1ccc(C(=O)Nc2nc(-c3ccc(OC)cc3)c(Cc3ccccc3)s2)cc1.N#CC,Application_ds
O=CCC1(O)CN(C(=O)c2ccc(F)c(F)c2Nc2ccc(I)cc2F)C1.CC1=CC=CC=C1,Application_ds
O=C1OC2CC3(C(=CC2C1CN4CCN(CCO)CC4)C(C)CCC3)C.CC(OCC)=O,Application_ds
O=C(Nc1ccc(Oc2ccnc3cc(-c4ccc(CN5CCN(C(=O)CO)CC5)cn4)sc23)c(F)c1)NC1CC1.N#CC,Application_ds
CNCc1ccc(C(=O)Nc2ccccc2OC)cc1.O=CN(C)C,Application_ds
O=C(NCCC1=CNC=2C=C(Cl)C(OC)=CC21)C.CC(C)=O,Application_ds
O=C(NCCO)CCCCCC=CCC=CCC=CCC=CCCCCC.O,Application_ds
C[C@H](Cc1ccc(S(=O)(=O)c2ccc(Oc3ccccc3)cc2C=O)cc1)NC(=O)C(F)(F)F.CCO,Application_ds
  CCCCCNc1c(Nc2nc(-c3ccc(Br)cc3)cs2)c(=O)c(=O)c1=O.O,Application_ds
NC1CCCc2c1[nH]c1ccccc21.CCO,Application_ds
  CC(=O)c1ccc(S(=O)(=O)NC(=O)N[C@@H]2CCCC[C@H]2N(C)C)cc1.CC(OCC)=O,Application_ds
CC(C)[C@@H](CO)N=Cc1ccccc1.O=CN(C)C,Application_ds
O=C(CC(=O)C(F)(F)F)C(F)(F)F.CC(C)=O,Application_ds
C1=CC(=CC=C1C=2C=C3C=CC(=CN3C2)C)C.CC1CCCO1,Application_ds
CC(C)(C)[Si](C)(C)OC(CCCCCCc1ccccc1)c1nc(-c2cccnc2)co1.O=CN(C)C,Application_ds
CC(=O)C(C(=O)NC1=CC=CC=C1)N=NC2=C(C=C(C=C2)S(=O)(=O)[O-])[N+](=O)[O-].CC(=O)C(C(=O)NC1=CC=CC=C1)N=NC2=C(C=C(C=C2)S(=O)(=O)[O-])[N+](=O)[O-].[Ba+2].CO,Application_ds
O=C1OC2CC3(C)CC4CC4(C)C3CC2C1=C.CC1=CC=CC=C1,Application_ds
O=C1NC2=CC=C(O)C=C2C(O)(C=3C=CC=CC3)C1OC.CCO,Application_ds
CCOC(=O)C(=O)CCCCCC1CCN(C(=O)OCc2ccccc2)CC1.CCO,Application_ds
CC(=O)Nc1cn2nc(-c3cnc(Cl)c(NS(=O)(=O)c4ccc(F)cc4Cl)c3)ccc2n1.CCO,Application_ds
CCOC(=O)C1(c2ccc(-c3ccc(-c4onc(C)c4CCO)cc3)cc2)CC1.CC1=CC=CC=C1,Application_ds
O=C(O)c1ccc(N2CCOCC2)cc1.N#CC,Application_ds
CCOc1nc(NC(=O)CC(C)(C)C)cc(N)c1C#N.O,Application_ds
O=C(OC=1C=CC=CC1)C2=CC=C(OC)C=C2.N#CC,Application_ds
O=C(CCl)Nc1ccccc1.O,Application_ds
OC(C)(C)C1CC=C(C)CCC=C(C)CC1.O,Application_ds
COCCCN1CCOc2ccc(CO[C@H]3CN(S(=O)(=O)c4ccc(C)cc4)[C@@H](CC(C)(C)OC(=O)N(C)C)C[C@@H]3c3ccc(OC)cc3)cc21.N#CC,Application_ds
O=C1C=CN(C(=O)N1)C2OC(C(OC3OC(=CC(O)C3O)C(=O)NCCSSCCNC(=O)C)C(=O)N)C(OC)C2O.N#CC,Application_ds
O=C1C(O)=C(OC2=CC(OC3OC(CO)C(O)C(O)C3O)=C(OC4OC(CO)C(O)C(O)C4O)C(O)=C12)C=5C=CC(O)=CC5.CC1=CC=CC=C1,Application_ds
CO[C@H](C(=O)N1C[C@@H]2C(=O)CCC(c3ccccc3)(c3ccccc3)[C@@H]2C1)c1ccccc1.O,Application_ds
Cc1ccc2c(c1)c(N1CCN(C(=O)c3cccs3)CC1)c(C#N)c(=O)n2C.CC(OCC)=O,Application_ds
N#Cc1cccc(O)c1.O,Application_ds
C/C=C\c1cc(C(OCOC)(C(F)(F)F)C(F)(F)F)ccc1N1CCN(CCOCc2ccccc2)CC1.O,Application_ds
O=C(OC1CCC2(C)C3C(=CCC2C1)C4CCC(C(C)CCC(CC)C(C)C)C4(C)CC3)C=CC5=CC=C(O)C(OC)=C5.CC(C)=O,Application_ds
O=C1OC2=C(C=CC(OCC(=O)NCCCCCC(=O)O)=C2C)C=3C=CC=CC13.CC1CCCO1,Application_ds
CC(=O)c1cn(C)c2ccc(C)cc12.CC1=CC=CC=C1,Application_ds
OC1=CC=C(C=C1)CCC(OC2OC(COC3OCC(CO)C3O)C(O)C(O)C2O)C.CC(C)=O,Application_ds
O=C(O)CCNC(=O)OCc1ccccc1.CC(OCC)=O,Application_ds
CC(C)(C)OC(=O)N1C[C@H](Nc2ccc(Br)cc2[N+](=O)[O-])[C@H](OC(=O)CCl)C1.CC(OCC)=O,Application_ds
Fc1cnc(Cl)nc1Cl.CC1=CC=CC=C1,Application_ds
COC(=O)N1c2ccc(-c3csc(C4(OC)CN(C(=O)OC(C)(C)C)C4)n3)c(OC3CCC3)c2CC[C@@H]1C.CCO,Application_ds
O=C(O)C(C)C(C(=O)O)CCCCCCCC.O=CN(C)C,Application_ds
O=C(OC)C1=C2NC=3C=CC=CC3C24CCN5C(C6=CC=C7NC89CCC%10(CC)C%11OC%11CN(CCC8C7=C6)C9%10)C%12OC%12C(C1)(CC)C54.CO,Application_ds
OC1=CC=C(C=C1)C=CC2=CC(OC3OC(CO)C(O)C(O)C3O)=CC(O)=C2OC4OC(CO)C(O)C(O)C4O.O=CN(C)C,Application_ds
O=C(C=1SC=CC1)C2N3C=CC=4C=CC=CC4C3C5C(=O)C6OCC(O6)C25.O=CN(C)C,Application_ds
NC(=O)[C@H](CC1CC1)NC(=O)c1ccc(C2CCOC2)c(OCC2CC2)n1.N#CC,Application_ds
O=C(NCC1(c2nc(-c3ccccc3)cs2)CCOCC1)c1ccc(-c2noc(C(F)(F)F)n2)s1.O,Application_ds
O=C(OCC=C)CCC1CCCCC1.CC1CCCO1,Application_ds
O=C(Nc1ccc(C(F)(F)F)cc1)Nc1cccc(C2OCCO2)c1.CC(C)=O,Application_ds
O=C1OC2(OC)C(=C1)C3CCC(C(C=CC(C(=C)C)CC)C)C3(C)CC2.CC(C)=O,Application_ds
Fc1cccc(Cc2ccc(C3OCCO3)s2)c1.CC(C)=O,Application_ds
Cn1cc(-c2ccc(F)c(C(F)(F)F)c2)nc1C1CCN(C(=O)OC(C)(C)C)CC1.CC(C)=O,Application_ds
  Cc1ccc(-c2n[nH]c(NC(=O)NCc3nccn3C)n2)cc1.CC1=CC=CC=C1,Application_ds
Cc1c(N)cccc1O.N#CC,Application_ds
  CCOC(=O)c1c(NS(=O)(=O)Nc2c(C)cccc2C)sc2c1CCC2.CC1=CC=CC=C1,Application_ds
COC(=O)C1CC(N)c2c(Cl)cc(Cl)cc2N1.CC1CCCO1,Application_ds
C[C@H](NC(=O)c1c(CN2CCN(CC(=O)N3CCOCC3)C(=O)C2)c(-c2cccs2)nc2ccccc12)C1CCCCC1.CCO,Application_ds
N#CCC(=O)N1CCC[C@@H](n2nc(-c3ccc(Oc4ccccc4)cc3F)c3c(N)ncnc32)C1.O=CN(C)C,Application_ds
N1=CC(C)(C)CNCCNCCNCC1.CCO,Application_ds
O=C1CC(O)C2C(C)(C)CCCC2(C)C1CCC(=CCO)C.CCO,Application_ds
O=C(O)CCc1cccc(O)c1.O=CN(C)C,Application_ds
CN(C)c1ccc(CNc2ccc3ncc(C#N)c(Nc4ccc(F)c(Cl)c4)c3c2)c(F)c1C#N.CO,Application_ds
Cc1cc(Br)cnc1OC1CCOCC1.O=CN(C)C,Application_ds
O=C(O)CN(CC(=O)O)CC(=O)O.N#CC,Application_ds
CC(C)(C)OC(=O)N1CCc2ccc(Cl)c(SCc3ccc(C4CCCCC4)cn3)c2CC1.O,Application_ds
Cc1[nH]c(C=NN=C2C(=O)Nc3ccc(F)cc32)c(C)c1C(=O)NCCCCCC(=O)Nc1ccc(Cl)cc1N.O=CN(C)C,Application_ds
COC(=O)[C@@H](N)C(C)(C)C.CC1CCCO1,Application_ds
Cc1cc(NCCCc2cccnc2)c([N+](=O)[O-])cc1C.CC1CCCO1,Application_ds
  CC1(C)CC(C)(C)c2cc(Nc3c(Nc4ccc5c(c4)C(C)(C)CC(C)(C)S5)c3=O)ccc2S1.N#CC,Application_ds
NC1=CC=C(C=C1)S(N)(=O)=O.N#CC,Application_ds
COc1ccc2oc(C(Nc3ccc(C(=O)O)cc3)C3CCCCC3)c(Br)c2c1.O=CN(C)C,Application_ds
  CCOC(=O)[C@@H](C)Nc1c(Nc2ccc(F)c(F)c2F)c(=O)c1=O.O,Application_ds
O=C1C(=CC=2C=C(OC)C=CC2N1C)CO.O=CN(C)C,Application_ds
Cn1c(=O)c(Br)cc2cnnc(-c3ccc(F)cc3F)c21.CC1CCCO1,Application_ds
FC(F)(F)c1cnc(Cl)nc1.O=CN(C)C,Application_ds
O=C(O)C(=CC1=CC=C2C(=O)C=3C=CC=CC3C(=O)C2=C1)C=4C=CC=CC4.O=CN(C)C,Application_ds
O=C1NC(=O)N(C(=O)C1=CC2=C(OC)C=3OCOC3C=C2CCN(C(=O)C)C)C=4C=CC=CC4.CCO,Application_ds
C#Cc1ccccc1C(=NOC)C(=O)OC.CC(C)=O,Application_ds
O=C(OC1C(O)C2OCC(O2)C1O)C=CCCCC(O)C.O=CN(C)C,Application_ds
COC(=O)c1ccc(Nc2cc(Cl)ncn2)cc1.O,Application_ds
COC(=O)c1ccc(OC2CC2)c(Br)c1.N#CC,Application_ds
CN(C(=O)OC(C)(C)C)C1CCCC(O)C1.CC1=CC=CC=C1,Application_ds
O=C(O)c1ccc2cnccc2n1.O=CN(C)C,Application_ds
C#CC=C1CCN(c2ncccc2[N+](=O)[O-])CC1.CC1CCCO1,Application_ds
O=C(NC(C)C)NC1CCN(C(=O)CSC)C1C(=O)NC(C(=O)N)CCCNC(=O)CSC.CC1=CC=CC=C1,Application_ds
O=Cc1ccc(Cl)nc1.CCO,Application_ds
O=C(O)CCCCN1C(=O)C=2C=C(O)C=C(O)C2C1.O,Application_ds
CC(C)(Cc1ccc(Cl)cc1Cl)C1(Cn2cncn2)CO1.CC(OCC)=O,Application_ds
Cc1cc(C[C@@H](OC(=O)N2CCC(N3CCc4ccccc4NC3=O)CC2)C(=O)N2CCC(C3CCN(CC(=O)O)CC3)CC2)cc(C)c1O.CC1CCCO1,Application_ds
O=[N+]([O-])c1ccc(Oc2ccc(CCCn3ccnc3)cc2)c(Cl)c1.N#CC,Application_ds
O=CC=C(C)CCO.CC(C)=O,Application_ds
CCOC(=O)c1c(C)cccc1COc1cccc(OCc2cccc(Cl)n2)c1.N#CC,Application_ds
[N]1[C](N)[C]2[CH][CH][CH][CH][C]2[NH2+][C]1NCC[C]3[CH][CH][CH][CH][C]3OC.N#CC,Application_ds
O=C(O)CC1(C)CCCC2(C=3C(=O)C(O)=C(C(=O)C3C=CC21)CC=C)C.O=CN(C)C,Application_ds
O=C(Nc1cnccn1)N1c2nc(-c3cccc(N4CC[C@@H](F)C4)c3)ccc2N2CC[C@H]1C2.CC(C)=O,Application_ds
O=C(O)C(=CCC1(O)CC(=O)C=C(C=CCCCCC)C1O)C.N#CC,Application_ds
O=C(OCC(OC(=O)CCCCCCCC=CCC=CCCCCC)COC(=O)CCCCCCCC=CCC=CCCCCC)CCCC=CCC=CCC=CCC=CCC=CCC.CC1CCCO1,Application_ds
O=C1OC2(C)CCC(C(=O)C(C=C(C)C(O)CC2C(=C1)C(C)C)CC(=O)C)C.CC(OCC)=O,Application_ds
ON(O)C1=CC(=CN1)CC(O)C(=CCC=C(C)CCC=C(C)C)C.O=CN(C)C,Application_ds
O=C(N1CCN([C]2[CH][CH][CH][CH][NH2+]2)CC1)CC3CC[NH2+]CC3C[C]4[N]O[C]([CH]4)[C]5[CH][CH][C](F)[CH][CH]5.CC(C)=O,Application_ds
CCCC(NC(=O)OC(C)(C)C)C(=O)Nc1ncc(C)s1.O,Application_ds
CC1(C)O[C@@H]2[C@H](O1)[C@@H](CN)C[C@H]2n1ccc2c(N)ncnc21.N#CC,Application_ds
O=C(c1cc(C(F)(F)F)cc(C(F)(F)F)c1)N1CCC(CCO)(c2ccc(Cl)c(Cl)c2)C1.CC1CCCO1,Application_ds
N1=C(C=CC2=CC=C(OCC=3C=CC=CC3)C=C2)C=4C=C(OCC=5C=CC=CC5)C(OC)=CC4CC1.CC(C)=O,Application_ds
Nc1nc(F)nc2c1ncn2[C@@H]1O[C@H](CO)[C@@H](O)[C@H]1O.O=CN(C)C,Application_ds
CCOC(=O)C(CC(C)C)C(N)=S.CCO,Application_ds
CC(C)(C)OC(=O)N1CCN(C2CCN(C(=O)OCc3ccccc3)CC2)CC1.N#CC,Application_ds
O=C1C=2C(O)=CC=C(O)C2C3OCC(=C)C3C1(C=C)C.CC1=CC=CC=C1,Application_ds
O=C(C=C(O)C(=CC=CC(=CC=CC=C(C=CC=C(C#CC1=C(C(=O)C(O)CC1(C)C)C)C)C)C)C)C2(C)CC(O)CC2(C)C.CC1=CC=CC=C1,Application_ds
N[C@H]1CCc2ccccc21.N#CC,Application_ds
O=C(NC(=O)OCc1ccccc1)OCc1ccccc1.CC1CCCO1,Application_ds
  CN(CCO)[C@@H]1CCCC[C@H]1Nc1c(Nc2c(F)c(F)nc(F)c2F)c(=O)c1=O.CC1=CC=CC=C1,Application_ds
CC[C@](C)(O)[C@H]1CC[C@H]2[C@@H]3[C@@H](C)C[C@H]4NC(=O)C=C[C@]4(C)[C@H]3CC[C@@]21C.CO,Application_ds
CCOC(CCl)OCC.O,Application_ds
O=C(O)CC1CCN(C(c2ccccc2)(c2ccccc2)c2ccccc2)CC1.CC(OCC)=O,Application_ds
NCC(=O)c1ccccc1.CC1=CC=CC=C1,Application_ds
COC(=O)c1c(C=O)c(C)c(C)n1CC=CC(F)(F)F.O=CN(C)C,Application_ds
CCCCn1cnc2c1c(=O)[nH]c(=O)n2CCCC.O,Application_ds
CN(C(=O)N(C)[C@@H]1CN(C(=O)[C@@H]2CC[C@@H](N)CC2)C[C@H]1c1ccc(F)cc1)c1cc(C(F)(F)F)cc(C(F)(F)F)c1.CCO,Application_ds
O=C(C=CC1OC1(C)C)C2CCC(C=C)(C)C(C(=C)C)C2.CC1CCCO1,Application_ds
Cc1ccc(N2CCN(C(=O)c3ccc(Br)cc3F)CC2)c(C)c1.CC(OCC)=O,Application_ds
CC(C)(C)OC(=O)NCCc1ccc(C(=O)O)cc1.CC(C)=O,Application_ds
O=C(c1ccccc1)c1ccc(C(=O)N2Cc3ccccc3Oc3ccccc32)cc1.N#CC,Application_ds
Nc1ccc(N2CCCCC2)cc1.O=CN(C)C,Application_ds
C=CC(OCCCOc1ncnc2nc[nH]c12)c1ccccc1.O,Application_ds
COC(=O)CCc1cc(C(CC(C)C)NC(=O)OCc2ccccc2)no1.CO,Application_ds
O=C1C(OC2=CC(OS(=O)(=O)C=3C=CC=CC3)=CC=C21)=CC=4C=CC=CC4C.CCO,Application_ds
O=C1OC2C(CCC(=C)C3CC(=O)C(C)C23)C1C.O=CN(C)C,Application_ds
OC=1C(OC)=CC=CC1C2N3CC4(CN2CC(C3)(C4O)C(C)C)C(C)C.O=CN(C)C,Application_ds
O=C1C(=C)C2CC(O)C3C45COC6(OC(OC2C136)(C)C)C(O)C5C(C)(C)CCC4.N#CC,Application_ds
O=C(OCC=1C=CC=CC1)N2CCCC2C(=O)N3CCC(C(=O)NC(C(=O)O)CCCNC(=N)N)CC3.CC1=CC=CC=C1,Application_ds
CCOC(=O)c1cc(C#N)c(N2CCNC(CCC(=O)OC(C)(C)C)C2)nc1C(F)(F)F.CC(C)=O,Application_ds
  COC(=O)[C@H](C)NC(=S)Nc1cc(Cl)ccc1Cl.N#CC,Application_ds
CCOC(=O)c1cc2c(O)cccc2n1C(=O)OC(C)(C)C.CC1CCCO1,Application_ds
CC(C)(C)[Si](C)(C)Oc1ccc(C2CCC(=O)CC2)c(O[Si](C)(C)C(C)(C)C)c1.O=CN(C)C,Application_ds
O=C1C(N)=C(C(=O)C2=C1C(=C)C3(OC)N2CC4N(C)C43)C.N#CC,Application_ds
CSc1nc(F)cc(F)n1.CO,Application_ds
O=C(OCC(OC(=O)CCCC=CCC=CCC=CCCCCCCCC)COP(=O)(O)OCC(O)COP(=O)(O)OCC(OC(=O)CCCCCCCC=CCC=CCCCCC)COC(=O)CCCCCCCC=CCC=CCCCCC)CCCCCCC=CCC=CCC=CCCCCC.O=CN(C)C,Application_ds
Cc1ccc2c(c1)c1c(n2CCC(=O)NC2CCCC2)CCN(C)C1.CC1CCCO1,Application_ds
O=C1N(C)C(O)(C(=O)N(C)C1CC2=CNC3=CC=CC(=C32)[NH+]([O-])O)CC=4C=CC=C(O)C4.CC(C)=O,Application_ds
O=C1OC(C(C=CC(O)CC(O)CC(O)CC(O)CC(O)CC(O)CC(O)CC2OC(C=CC=CC=CC=C1)C(O)C2)C)C(C)C.O=CN(C)C,Application_ds
CCC(O)c1ccc(Br)nc1.N#CC,Application_ds
O=C1C(=O)C(C(C=CC(=CC=CC(=CC=CC=C(C=CC=C(C=CC2=C(C(=O)C(=O)C2(C)C)C)C)C)C)C)=C1C)(C)C.CC1=CC=CC=C1,Application_ds
  COC[C@@H]1O[C@@H](C(=O)OC)C[C@H]1Nc1c(NCCO)c(=O)c(=O)c1=O.O,Application_ds
O=C(O)c1cc(F)cnc1Cl.N#CC,Application_ds
O=C(O)c1ccnc(Cl)c1F.CC1=CC=CC=C1,Application_ds
CC(NC(=O)c1ccc(Cl)s1)C(=O)O.CC(C)=O,Application_ds
O=C1C(O)=C(C(=O)C=2C=CC=C(O)C12)CC(O)CC(=O)OC.CC1CCCO1,Application_ds
OC1=C(Cl)C=C(Cl)C2=C1N=CC=C2.CC1=CC=CC=C1,Application_ds
Cc1cc2c(c(C(=O)O)n1)c(=O)cc(Nc1ccccc1)n2-c1ccccc1.CC1=CC=CC=C1,Application_ds
ClCCP(O)(=O)O.CC1=CC=CC=C1,Application_ds
OC1(c2ccc(Br)cc2)CCN(Cc2ccccc2)CC1.CC1=CC=CC=C1,Application_ds
C[C@H]1COCCN1c1cc(C2(S(=O)(=O)C3CCCC3)CC2)nc(-c2ccc(N)cc2)n1.CC1CCCO1,Application_ds
O=C(NC1=CC=CC(=C1)C)C2C(=O)NC3(OC=4C=CC=CC4C2C3)C.CC(OCC)=O,Application_ds
O=C(O)CNC[C@H]1O[C@H](c2ccccc2Cl)c2cc(Cl)ccc2N(Cc2ccccc2)C1=O.CC(C)=O,Application_ds
CC(N)C12CC3CC(CC(C3)C1)C2.O,Application_ds
CC1(C)CN(Cc2ccccn2)c2cc([N+](=O)[O-])ccc2O1.CO,Application_ds
O=C1NC(C(=O)NC1CC(C)C)CC(C)C.CC(C)=O,Application_ds
CC(C)(CN)c1cnc(-c2ccc(F)cc2)o1.N#CC,Application_ds
CNC(=O)c1cccc(F)c1Nc1nc(Cl)ncc1Cl.CC(C)=O,Application_ds
  OCCNC(=S)NCC(F)(F)C(F)(F)C(F)(F)C(F)(F)C(F)(F)C(F)(F)C(F)(F)C(F)(F)F.CC1CCCO1,Application_ds
O=C(O)c1cc2cc(Br)ccc2nc1NC(Cc1ccc(O)cc1)C(=O)O.CC(C)=O,Application_ds
CCCCCCCOc1ccc(C(=O)O)cc1C(F)(F)F.CC(C)=O,Application_ds
O=C(O)C1OC(OC2=CC=C3C(=O)C(C=4C=CC(O)=CC4)=C(OC3=C2)C(=O)N)C(O)(CNCC(CNCCC)C(C)CC=CC=5C=CC=CC5)C(O)C1O.N#CC,Application_ds
  Cn1cnc2c(Nc3c(NCCN(Cc4ccccn4)Cc4ccccn4)c(=O)c(=O)c3=O)cccc21.CC(OCC)=O,Application_ds
N#Cc1cncc(C#Cc2ccc(F)c(Cl)c2)c1.CC(C)=O,Application_ds
Cc1n[nH]c(C(=O)Nc2cnc3[nH]c(I)cc3c2)c1C.CCO,Application_ds
O=C(Cc1ccc(Cl)cc1)N1CC[C@H](N(Cc2ccnc3ccccc23)C(=O)C(F)(F)F)C[C@H]1Cc1ccccc1.CC1CCCO1,Application_ds
  C[C@@H](Nc1c(NCN2CCCCC2)c(=O)c1=O)C(c1ccccc1)(c1ccccc1)c1ccccc1.CC1CCCO1,Application_ds
ClC1=CC=CC(=C1)C2=CN=C3N2CC(OC3)CNCC=4C=NN(C4)C.O,Application_ds
Clc1nccc2c(Br)cccc12.O=CN(C)C,Application_ds
CC(C)(C)OC(=O)Nc1ccccc1NC(=O)c1ccc(Cl)nc1.CC1CCCO1,Application_ds
CS(=O)(=O)Nn1c(=O)[nH]c2cc([N+](=O)[O-])c(N3CCC(O)C3)cc2c1=O.CC1CCCO1,Application_ds
O=C(NC=1C=C(OC)C=C(OC)C1)NCC2N3CCC(C2)C(C=C)C3.O,Application_ds
CN1CCC(OC(c2cccc(I)c2)c2nc3ccccc3n2C)CC1.CC1CCCO1,Application_ds
Cc1cccc(N2CCNCC2)c1C.O,Application_ds
O=C(NCCc1ccc(F)cc1)OCc1ccccc1.CO,Application_ds
COC(=O)c1nc(C)ccc1-n1cncn1.N#CC,Application_ds
FC(F)(F)c1cc(CNCC2(c3ccccc3)CCC3(CC2)OCCO3)cc(C(F)(F)F)c1.CC(C)=O,Application_ds
C[C@@H]1COCCN1.N#CC,Application_ds
O=C(OC=1C=C(C=C(OC)C1OC(=O)C)C2OC3=C(OC)C=C(C=CCC)C=C3C2CC)C.CC(C)=O,Application_ds
O=C1OC2=CC(O)=C3C(=O)C(O)=C(OC3=C2C(C=4C=CC=C(OCC=5C=CC=CC5)C4)C1)C=6C=CC(O)=C(O)C6.O,Application_ds
C=CCCn1cnc2c1c(=O)n(CCCC)c(=O)n2CCCC.CC1=CC=CC=C1,Application_ds
O=C(CC(=C)C)CC(=CCOC1=C(OC)C=C(C=CCO)C=C1OC)C.CC1=CC=CC=C1,Application_ds
O=C1C=C2C(=CC=C1NC(C(=O)NCCC3=NC=4C=CC=CC4N3C(C)C)C(C)CC)C5=C(OC)C(OC)=C(OC)C=C5CCC2NC(=O)C.CC(C)=O,Application_ds
O=C(NC=1C=CC=C(OC(C)C)C1)C=2C=CC=CC2C(F)(F)F.CC(C)=O,Application_ds
[Ag].CO,Application_ds
O=C(O)C(N)CC=1N=CN(C1SC2=CC(O)=C(O)C(SC3=C(N=CN3C)CC(N)C(=O)O)=C2CC(N)C(=O)O)C.CC(C)=O,Application_ds
CCOC(C(=O)NCc1ccc(C#N)cc1)c1c(F)cc(Br)cc1F.CC1=CC=CC=C1,Application_ds
Cc1nc(N2CCN(Cc3ccccc3)C2=O)sc1C(=O)NCc1cc(F)cc(F)c1.CC(C)=O,Application_ds
Nc1nccc(Cl)n1.CC1=CC=CC=C1,Application_ds
O=C1C(O)=C(OC=2C=C(O)C3=C(OC4CC5C=6C3=CC7=C8C6C(=CC=C8CC(C7CCO)C9CCC%10CCCCC%10(O)C9)C(SSCCCC4O)C5O)C12)C=%11C=C(C(O)=C%12C%11CSSC%13CCCNC%13C=%14C=CC=C(C%14)C%12)CC(C)C.O=CN(C)C,Application_ds
CC(C)[Mg+].CO,Application_ds
Cc1ccc2c(c1)c1c(n2-c2cccc(-c3cnc(N(C)C)nc3)c2)CCN(C)C1.CC1CCCO1,Application_ds
O=C1C2=CC(OC)=CC(O)=C2C(=O)C3=C1CC(O)(C)CC3.CC1CCCO1,Application_ds
CC(C)(C)OC(=O)N1[C@@H]2C[C@@H]2C[C@H]1C(=O)N[C@H](C(=O)O)C12CC(C(F)(F)F)(C1)C2.CC1CCCO1,Application_ds
COc1cc2[nH]ncc2cc1N.CC1=CC=CC=C1,Application_ds
CCCc1ccc(C#Cc2ccc(C#C[Si](C)(C)C)c(F)c2)cc1.CC(OCC)=O,Application_ds
COc1ccc(-c2cc(-c3ccccn3)nc(-c3cccc(Br)n3)c2)cc1.CCO,Application_ds
CC(=O)N1CCn2nc(Nc3cc(Br)cn(C)c3=O)cc2C1.N#CC,Application_ds
CCc1nc(C)nc(CC)c1N.CC1=CC=CC=C1,Application_ds
N#Cc1ccc(COCCBr)cc1.CC(OCC)=O,Application_ds
CCC1=C(C(=CC=C1)C2=C3C=C(C(=NCC)C=C3OC4=C2C=C(C(=C4)NCC)C)C)C(=O)O.[Fe].[Cu].CC(OCC)=O,Application_ds
COc1cccc(Cc2nc(Cl)c(Oc3ccccc3)c(Cl)n2)c1.CC1CCCO1,Application_ds
COC(=O)c1c(-c2cccc(C#N)c2)c(Cl)n2c1CNCC2.CC1CCCO1,Application_ds
  O=[N+]([O-])c1cccc(/N=N/c2cccc(Nc3c(Nc4ccc(Cl)c(C(F)(F)F)c4)c(=S)c3=S)c2)c1.CC(OCC)=O,Application_ds
[H][C@@]12CCO[C@]1([H])OC[C@@H]2OC(=O)N[C@@H](CC1=CC=CC=C1)[C@H](O)CN(CC(C)C)S(=O)(=O)C1=CC=C(N)C=C1.O=CN(C)C,Application_ds
O=C(CC(C)C)CC(C)C1CC=C2C3=C(CCC21C)C4(C)CCC(O)CC4CC3.O,Application_ds
O=S(=O)(NC1CCCC(Nc2cc(I)cc(Cl)n2)C1)C1CC1.CC(OCC)=O,Application_ds
FC(F)(F)c1cc(CCBr)cc(C(F)(F)F)c1.CC(C)=O,Application_ds
O=C(OC1C2C3CC1(O)C(OC)CC2(OC(=O)C)C4C(OC)C5C6(COC)CN(CC)C4C35C(OC)CC6O)C=7C=CC=CC7.CCO,Application_ds
O=C(O)C1OC(OC2=CC=C3C(=O)[C-](C4=CC=C(O)C=C4)C([OH+]C3=C2)C(=O)N)C5(O)CNCC(C(C=6C=NCC6)CSSCOC5C1O)C(C)CC=C7C=CC(C=8C=CC=CC78)C.CC(C)=O,Application_ds
CC(C)C1CCC(C1(CN2C=NC=N2)O)CC3=CC=C(C=C3)Cl.CC(OCC)=O,Application_ds
CC(C)(C)OC(=O)N1CNC(=O)C1.CC(OCC)=O,Application_ds
O=C1OC2=CC=C3C(=O)C(OC3=C2C(C4=CC=5C=C(OC)C=CC5NC4=O)C1)=CC=6OC=CC6.CC1CCCO1,Application_ds
O=C1C=C(OC2=C1C=C3C(OC(C)(CCNC)C(OOCC(O)C(O)(C[NH+]4C5=CC=NC5=CC4)C(O)C(O)CO)C3)=C2[NH+]6C=C7N=CC=C7C6)C.CCO,Application_ds
  C[C@H](Nc1c(Nc2ccc(-c3cn(Cc4ccccn4)nn3)cc2)c(=O)c(=O)c1=O)c1ccccc1.CO,Application_ds
O=C1NC=NC2=C1N=C(SCC(=O)NC3=CC(Cl)=CC=C3C)N2C.CCO,Application_ds
CC1(C)OC[C@@H](Cn2ccc(N)n2)O1.CCO,Application_ds
CCOC(=O)c1nc(-c2ccc(F)cc2)c2ccccn12.O,Application_ds
Cc1cc(-c2ccncc2)cc(C)c1C(=O)NCCC(C)N1CCC(C(Oc2ccccn2)c2ccc(C(F)(F)F)cc2)CC1.CC(C)=O,Application_ds
  COc1ccnc(Nc2c(Nc3nc(-c4ccccc4)n[nH]3)c2=O)n1.O,Application_ds
C=CCCc1ccccc1.CO,Application_ds
N=C(O)CC(NCC(N)C(=N)O)C1=NC(C(O)=NC(C(O)=NC(C)C(O)C(C(O)=NC(C(O)=NCCC2=NC(=CS2)C3=NC(=CS3)C(O)=NCCC[S+](C)C)C4(O)CC4)C)C(O)C5=CN=CN5)=C(C(=N)N1)C.CCO,Application_ds
O=C1OC2CC(C(=CCC2C1=C)CCC(=O)C)C.CC(C)=O,Application_ds
CC(=O)CNC(=O)c1ccc(Cc2cc([C@@H]3O[C@H](COCc4ccccc4)[C@@H](OCc4ccccc4)[C@H](OCc4ccccc4)[C@H]3OCc3ccccc3)ccc2Cl)nn1.O=CN(C)C,Application_ds
O=S(=O)(c1ccccc1)c1ccccc1Br.CC1CCCO1,Application_ds
Nc1ncnc(Cl)c1[N+](=O)[O-].CC(OCC)=O,Application_ds
O=C(NC1(C(=O)O)CC1)C(F)(F)F.CO,Application_ds
O=C(N)C=1C=CC[NH+](C1)CC(=O)C2=CC=C(O)C=C2O.CC(C)=O,Application_ds
CC(C)(C)CC(=O)c1ccc(C(=O)O)cc1.CC(OCC)=O,Application_ds
N#Cc1ccc(F)cc1C(F)(F)F.CC(OCC)=O,Application_ds
COCOc1ccc(C(C)=O)cc1.CO,Application_ds
O=S1CCOCC1c1ccc(Cl)c(Cl)c1.CC1CCCO1,Application_ds
COc1ccc2nc(S)[nH]c2c1.CCO,Application_ds
CC(C)(C)OC(=O)c1ccc(-c2ccccc2)cc1NC(=O)c1cc(O)ccc1OCc1ccccc1.CC1CCCO1,Application_ds
  CC(C)C[C@H](NC(=O)[C@@H]1CCCN1C(=O)OC(C)(C)C)Nc1c(NC2CCCCC2)c(=O)c(=O)c1=O.CC(OCC)=O,Application_ds
O=COC12OC(C=C3OC(=O)C(=C3C(OC(=O)C)CC1(O)C)CO)(C)CC2.CC1CCCO1,Application_ds
CC1(C)OCC(COS(C)(=O)=O)O1.O,Application_ds
CC(C)(C)NC(=O)N1CC(OCc2cccc(-c3ccc(CN4CCOCC4)cc3)c2C(F)(F)F)C1.CC1=CC=CC=C1,Application_ds
O=C(OC(C1=CC=C(OC)C(OC)=C1)CNC(=O)C=CC=2C=CC=CC2)C=CC=3C=CC=CC3.CC(OCC)=O,Application_ds
CCOC(=O)C1=C(CN2CCOC(CCC(N)=O)C2)NC(c2nccs2)=NC1c1ccc(F)cc1Br.CC1CCCO1,Application_ds
O=C(OC1C(C)CC2(OC(=O)C)C(=O)C(=CCC(C(=O)CCC3(OC3C12)C)(C)C)C)C(=CC)C.CC(C)=O,Application_ds
O1C=C(C2=C1CC3(C=CCC(=C)C3C2)C)C.CC(OCC)=O,Application_ds
O=C(OCC1OC(OC(=O)C)C(OC(=O)C)C(O)C1OC(=O)C)C.CCO,Application_ds
CC1=NC2=C(CCN(C(=O)C3=CC=C(NC(=O)C4=CC=CC=C4C4=CC=CC=C4)C=C3)C3=CC=CC=C23)N1.O=CN(C)C,Application_ds
Cn1cnc2c(Nc3ccccc3)nc(NN)nc21.N#CC,Application_ds
O=C(NC1=NC2=C(S1)CC3C(C)(CO)C(O)CCC3(C)C2CC(=O)N4CCC(C)CC4)CC(C)(C)C.CC(C)=O,Application_ds
N[C@@H](Cc1cn(Cc2c(Cl)cccc2Cl)cn1)C(=O)O.O,Application_ds
O=C1C(=CC=C2N1CC3CN(CC4=CC=C(F)C=C4)CC2C3)C=5C=CC=CC5CN6CCOCC6.CC(C)=O,Application_ds
  Cc1cc(C)c(Nc2c(N[C@@H]3CCCC[C@H]3P(c3ccccc3)c3ccccc3)c(=S)c2=S)c(C)c1.O,Application_ds
COCCOc1ccn2c(C(=O)Nc3cccc4c3cnn4Cc3ccccc3)cnc2c1.CO,Application_ds
CN(C)CCCS(=O)(=O)N1CCC(c2c[nH]c3c(C(N)=O)cc(-c4cccc(CO)c4)cc23)CC1.CO,Application_ds
O=C(NCC)NC1COC2C1OCC2N3N=NN=C3C=4C=CC=C(C4)CN5CCCC5.CCO,Application_ds
CCCCC(=O)Nc1ccc(Cl)c(-n2nc(CC)n(Cc3ccc(-c4ccccc4S(=O)(=O)NC(=O)OC(C)(C)C)cc3F)c2=O)c1.O,Application_ds
CCCCNCCCC.CC(OCC)=O,Application_ds
O=C(Nc1ccc(Oc2ccc(F)cc2)cc1)[C@H]1C[C@@H](O)CN1C(=O)Cn1cncn1.CC1=CC=CC=C1,Application_ds
CNC(=O)C(NC(=O)c1ccc(F)cc1C(F)(F)F)C(O)C(F)(F)F.CCO,Application_ds
N#CC(C#N)=Cc1ccc(Br)s1.N#CC,Application_ds
COc1ccccc1C(C#N)NC(=O)[C@@H]1CCCC[C@H]1C(=O)O.O,Application_ds
CCN(C(=O)Cn1ncc2[nH]c3ccccc3c2c1=O)c1ccc2c(c1)OC(F)(F)O2.CCO,Application_ds
O=C(OCCCCCC)C(C=CC)C.CO,Application_ds
OC(C=C)CCC1C(=C)CCC2C(C)(C)CCCC12C.O,Application_ds
O=C1C=2C=CC=CC2N3C(=O)C4=C(OC)C(OC)=CC=C4C3N1CCC(=O)NCCCN5C=NC=C5.CC(OCC)=O,Application_ds
O=C(O)c1cc2nc(-c3ccc(Br)cc3)cc(C(F)(F)F)n2n1.O,Application_ds
CNc1ncnn2c(C)nc(-c3cnn(C)c3Br)c12.CCO,Application_ds
O=C(OC1=CC=C2OC(=O)C(C=3C=CC(OC)=C(OC)C3)=C(C2=C1)C)C=4C(OC)=CC=CC4OC.CO,Application_ds
COc1ccc(COc2ccc(Nc3cc4c(cn3)ncn4C)c(C)c2)cc1.CC1=CC=CC=C1,Application_ds
O=C(NN=C(C1=NC(=NN=C1)SC)C)C.CC(OCC)=O,Application_ds
  CN(C)[C@@H]1CCCC[C@H]1NC(=O)N[C@@H]1CCc2ccccc21.CC1=CC=CC=C1,Application_ds
O=C1OC(C)C(O)(C=2C1=C(O)C=C(OC)C2C)C.CC(C)=O,Application_ds
O=C(O)c1ccc2ncc(-c3cccc(Cl)c3)n2n1.CO,Application_ds
COc1cc(-c2ccc(Cl)c(C)c2)c(F)cc1I.CCO,Application_ds
CC(C)(C)NS(=O)(=O)c1ccc(B2OC(C)(C)C(C)(C)O2)cc1C(F)(F)F.CC1=CC=CC=C1,Application_ds
O=C1N2CC(C3=CC=C(OC(C)C)C(OC)=C3)C=4C=5C=CC=CC5NC4C2(C(=O)N(C1)CCCCC)C.O=CN(C)C,Application_ds
O=S(=O)(Cl)c1ccc(Oc2ccc(F)cc2)cc1.O=CN(C)C,Application_ds
  C=C[C@H]1CN2CCN1C[C@H]2[C@H](NC(=S)NCc1cc(C(C)(C)C)c(O)c(C(C)(C)C)c1)c1ccnc2ccc(OC)cc12.O=CN(C)C,Application_ds
CCN1C(=O)CCC(C)(C)c2cc(N)ccc21.CC(C)=O,Application_ds
O=C(NC1=NC=CC=C1)C2=C(O)C=3C=CC=CC3S(=O)(=O)N2C.CC(C)=O,Application_ds
O=C(OC1C(OC(=O)CC(C)C)C2(OC2)C3C(OC(=O)C)C4(O)C(OC(=O)C4C)C=C(C=CC(OC(=O)COC(=O)CC(C)C)C3(C)C1OC(=O)C)COC)C.CO,Application_ds
O=C(O)C1OC(OC2=CC=C3C(=O)C(=COC3=C2)C=4C=CC(OC)=CC4)C(O)C(O)C51OC=C6NC=CC6=C5.O=CN(C)C,Application_ds
COc1ncc(F)c2c(C(=O)C(=O)N3CCN(C(=O)c4ccccc4)CC3)c[nH]c12.CC(OCC)=O,Application_ds
CC(=O)NC(C)CCc1ccc(Oc2ccc(OC(C)C)cn2)cc1.CCO,Application_ds
O=C1C(OC2=C1C=C3C(OCN(C3)CCCN4CCOCC4)=C2C)=CC=5C=CC=CC5F.CO,Application_ds
BrC1=C(NC2=NCCN2)C=CC2=NC=CN=C12.CC1=CC=CC=C1,Application_ds
O=C(OC(C)CCC=C(C)CCC1C(=C)CCC2C(C)(C)CCCC12C)C.CO,Application_ds
CCCc1c(CCl)ccc(C(C)=O)c1O.CC1CCCO1,Application_ds
CCCN(CCC)C(=O)SCC.CO,Application_ds
O=C(C(=CNC=1C=CC=CC1)C(=O)C)C.O=CN(C)C,Application_ds
FCCBr.CC(C)=O,Application_ds
O=[N+]([O-])c1cccc(O)c1.CC(OCC)=O,Application_ds
O=C(NCC(F)CCN(O)C(=O)CCC(=O)NCC(F)CCNC(=O)CCC(=O)NCC(F)CCN(O)C(=O)C)C.N#CC,Application_ds
  CC(=O)Nc1ccc(Nc2c(Nc3cc(C(C)(C)C)nn3C)c(=O)c2=O)cc1.O=CN(C)C,Application_ds
O=C1OCC23C(OC4(CCCC(C4)C(C)C)C3C(=O)C(O)C5(C)C2CCC6(C)C(OC(=O)C7OC765)C=8C=COC8CCCCCCC9NCNC9)C1.CC(C)=O,Application_ds
O=C(O)C1=CC(O)=CC=2C(O)=NC=CC12.O,Application_ds
NCCCc1c[nH]cn1.CC(C)=O,Application_ds
CN1CC[C@H](NC(=O)OC(C)(C)C)C1.CO,Application_ds
Cc1nc(-c2ccc(CN)c([N+](=O)[O-])c2)no1.O=CN(C)C,Application_ds
CCN(C(C)=O)c1cccc(-c2ccc3nncn3n2)c1.CO,Application_ds
O=C1OC2C(=C1)C3CCC4(O)C5CCC6(C)CC(OC7OC(C)C(O)C(O)C7)CCC6(C)C5CC2C34C.CC(OCC)=O,Application_ds
Clc1ccccc1N1CCNCC1.CO,Application_ds
CCOc1ccc(-n2c(C)c(C(C)=O)c(C(C)=O)c2C)cc1Cl.CC1=CC=CC=C1,Application_ds
CC1CCCN1C(=O)c1ccc(C(=O)NCc2nc3cc(Cl)ccc3[nH]2)cc1Cl.CC(OCC)=O,Application_ds
O=C1OC(C2=CC=C(OC)C(OC)=C2)C(CO)C1(O)CC3=CC=C(O)C(OC)=C3.CC(C)=O,Application_ds
CCC(CC)c1cc(C)nn2c(-c3sc(I)cc3OC)c(C)nc12.CC(C)=O,Application_ds
N#CCCOP(=O)(OC1=CC=C(Cl)C=C1)OCC2OC(N3C=C(C(=O)NC3=O)C)CC2O.O=CN(C)C,Application_ds
Nc1ccc(F)c(Nc2ncccc2-c2ncnc3c2ncn3C2CCCCO2)c1F.CC(OCC)=O,Application_ds
O=Cc1cccc(Cl)c1Cl.CC(C)=O,Application_ds
CC1(C)OB(c2ccc(C(=O)NN)cc2)OC1(C)C.CC(C)=O,Application_ds
CC(C)=CCCC(C)=CC=O.N#CC,Application_ds
N=1C=CC=C(C1)C=2N=C(NC2)C3N(CC=4C=CC=CC4)CCOC3.CC1CCCO1,Application_ds
O=C1C2=CC=C3OC(C)(C)CCC3=C2OC(C=4C=C(C=5OC(C)(C)CCC5C4)CCC(O)(C)C)C1.CCO,Application_ds
O=C1OC2C(OC(=O)C(C)CC)C(OC(C)C2OC3OC(C)C(OC(=O)C(C)CC)C(O)C3O)OC4C(OC(COC(=O)C(C)C(O)C)C(O)C4O)OC5C(OC(CCCCC)CCCCCCCCC1)OC(C)C(O)C5O.O=CN(C)C,Application_ds
CCOC(=O)C(=O)CC(=O)c1cnc(Oc2ccccc2)nc1.CCO,Application_ds
O=C(c1c(-c2ccccc2)sc2ccccc12)N1CCN(c2cccc(Cl)c2)CC1.N#CC,Application_ds
O=C(C=CC=CC=CC1(O)C=C(NC(=O)C(=CC(C)CCCC)C)C(=O)CC1O)NC=2C(=O)CCC2O.CC1CCCO1,Application_ds
O=C(c1nc2c(C(F)(F)F)cc(-c3ccco3)cn2c1Cl)N1CCCC1c1ccccc1.O,Application_ds
O1C2=CC(OC)=C(OC)C=C2C=3C1=C(OC)C4=C(OC=5C=C(OC)C(OC)=CC54)C3OC.CC1=CC=CC=C1,Application_ds
COc1ccc(C2COCCO2)c2sc(NC(=O)C3CCCCC3)nc12.CO,Application_ds
O=C(Nc1ccc2ccn(Cc3c(Cl)cccc3Cl)c2c1)Oc1ccccc1.O,Application_ds
O=C1OC(C=C1)CCCCCCCC(=O)OCC.CC(OCC)=O,Application_ds
CS(=O)(=O)c1ccc(C(CC2CCCCO2)C(=O)O)cc1C(F)(F)F.CCO,Application_ds
CC1=C(C=C(C=C1)Cl)NC(=O)C2=CC(=C(C=C2)Cl)N=NC(C(=O)C)C(=O)NC3=CC(=C(C=C3C)NC(=O)C(C(=O)C)N=NC4=C(C=CC(=C4)C(=O)NC5=C(C=CC(=C5)Cl)C)Cl)C.CO,Application_ds
O=C(O)c1ccc(-c2c(C#Cc3ccc4ccccc4n3)nc3c(N4CCOCC4)ccnn23)cn1.CC1=CC=CC=C1,Application_ds
CC(=O)Oc1cc(C)cc(C(=O)N[C@@H](Cc2ccccc2)[C@H](OC(C)=O)C(=O)O)c1C.N#CC,Application_ds
CCC(=O)N1NC(N(C(C)C)C(C)C)=Nc2ncccc21.O,Application_ds
CC(C)(C)OC(=O)N[C@H](C(=O)N1C[C@@H](F)C[C@H]1C#N)C(c1ccc(F)cc1)c1ccc(F)cc1.O,Application_ds
O=CC1(C=2C(=O)C3=CC(O)=CC=C3C(=O)C2C=CC1CCC(=O)C)C.CO,Application_ds
O=C([O-])C1(CCCCC1)C2(C[C]3[CH][CH][NH2+][C](N)[CH]3)CCC(C)[NH2+]C2CO[C]4[CH][C]([CH][C](OC)[C]4O)C5OC(CC[C]6[CH][CH][C](O)[C](OC)[CH]6)CC(O)C5.CC1CCCO1,Application_ds
COc1cccc(Nc2c(C(N)=O)cnc3c(C)c(Cl)ccc23)c1.CC1=CC=CC=C1,Application_ds
COc1cc2ncnc(N3CCC(NC(=O)Cc4ccc(C(C)C)cc4)CC3)c2cc1OC.CC(OCC)=O,Application_ds
O=C(OC1CC2N(CC(C(=O)OC3CC4N(C)C(CC4)C3)C=5C=CC=CC5)C(CC2)C1)C(C=6C=CC=CC6)CO.CCO,Application_ds
CN(CCOc1cccc2[nH]ccc12)C(=O)OC(C)(C)C.O,Application_ds
O=C(OCCC1(OC2(CC1)C(C)CCC3C(C)(COC(=O)C=4C=CC=CC4C)C(OC(=O)C=5C=CC=CC5C)CCC32C)COC(=O)C=6C=CC=CC6C)C=7C=CC=CC7C.O=CN(C)C,Application_ds
  Cc1ccc(C)c(Nc2c(Nc3cc(C#N)nn3-c3c(Cl)cc(C(F)(F)F)cc3Cl)c(=S)c2=S)c1.CCO,Application_ds
CCCCCc1ccc(S(=O)(=O)NC2(CC(=O)OCC)CCN(C)C2)cc1.CC1=CC=CC=C1,Application_ds
OCC1(OC2(OC3C=C4C5CCC6CC=7N=C8C(=NC7CC6(C)C5CC(O)C4(C)C3(O)C2C)CC9CCC%10=C%11C%12=C(OC%13(OC(C)(C)CC%13O)C(C)C%12CC%11O)C=C%10C9(C)C8)C(O)C1)C.N#CC,Application_ds
O=C1CC(=O)C2C(=CC=3N=C[CH-]C3C2CC(O)CCC=4C=CC=C(O)C4)CNC5=NC=C[C-]5CC=6C=CC=C(C6)CC7=CC(=CC(OC)=C7O)CC1.CC(C)=O,Application_ds
CCCCOCCOc1ccc(-c2ccc(N3CCC(CC(=O)OCC)C3)c(/C=C(\C)C(=O)O)c2)cc1.O,Application_ds
O=C([O-])C1=C2CC3C4C#CCN=C(NC)[NH+]5CCC(CNCCO)C3(C5)C2(CC1(O)COC)C(C)C4.CC1CCCO1,Application_ds
CCN(CCOc1cccc(O)c1)c1ccccc1.CC1CCCO1,Application_ds
O=C(Oc1ccc(Oc2ncc(C(F)(F)F)cc2Cl)cc1)N1CCN(CC2CCCCC2)CC1.CCO,Application_ds
CCC1=C(C)CN(C(=O)NCCC2=CC=C(C=C2)S(=O)(=O)NC(=O)NC2CCC(C)CC2)C1=O.CC(C)=O,Application_ds
O=C1C=2C(OC)=C(OC)C=CC2C3=NC=CC=4C=5C=C(OC(C(O)=NCC6=CC=C(C=C6)S(=O)(=O)N)C)C=CC5N1C34.CC1=CC=CC=C1,Application_ds
FC(F)(F)C(C1=NC(=NC(=N1)C(C(F)(F)F)(C(F)(F)F)C(F)(F)F)N2CCOCC2)(C(F)(F)F)C(F)(F)F.O,Application_ds
O=C1OC2=C(C=CC=3OC4(CCCC5C6C=CC=7C=CC=CC7C6CC54)C8OC(=O)C(=C(C)CO)CCC9=CC=C(C=C9)C%10C=CC(C%11=CC=CC%12=C%11CCC%13CCCC%14C=CC=%15C=CC=CC%15C%12%14%13)CC%10CC(=O)OC8C32)C(=C1C(COCO)CCO)CO.CC(C)=O,Application_ds
  COC(=O)c1c(NS(=O)(=O)Nc2c(C)cccc2C(C)C)nn2ccccc12.CCO,Application_ds
CC(O)C(N)c1ccccc1.N#CC,Application_ds
CC(C)(c1ccc(C(=O)O)cc1)N1CCCS1(=O)=O.CC1=CC=CC=C1,Application_ds
O=C(CNc1nc(-c2ccc(F)cc2)cs1)N1CCC1.CC(OCC)=O,Application_ds
OC1=CC(=CC(O)=C1C2CC(C)CCC2C(=C)C)C=3OC=4C=CC=CC4C3.CO,Application_ds
O=C(OCC(OC(=O)CCCCC=CCC=CCC=CCC=CCC)CO)CCCCCCCCCC=CCCCCCCCC.CC1CCCO1,Application_ds
O=C(OC1CCC2(C3=C(CCC2C1(C)C)C4(C)CCC(C(C)CCCC(C)C)C4(C)CC3)C)CCCCCCCC=CCCCCCCCC.CCO,Application_ds
O=C(OC(C)(C)C(C)(C)C)C(F)(OC(F)(F)C(F)(F)C(F)(F)F)C(F)(F)F.N#CC,Application_ds
CCOC(=O)C(=NN(CCC(C)C)C(=O)OCc1ccccc1)c1cccs1.O=CN(C)C,Application_ds
O=C(C1=C(O)C=C(OC2OC(COC3OC(C)C(O)C(O)C3O)C(O)C(O)C2O)C=C1OC)C.O=CN(C)C,Application_ds
NNC(=O)c1ccc(N2CC[C@H](Oc3ccccc3C(F)(F)F)C2)nn1.CC1CCCO1,Application_ds
COC(=O)c1cc(F)c(C)nc1OC.O=CN(C)C,Application_ds
CC(C)(C)OC(=O)NNC(=O)OC(C)(C)C.N#CC,Application_ds
Oc1ccccc1OCC1CCCCC1.CC(OCC)=O,Application_ds
CC(C)(C)OC(=O)N[C@@H](CC(=O)N1CCn2c(C(F)(F)F)nc(C(=O)O)c2C1)Cc1cc(F)c(F)cc1F.CC1CCCO1,Application_ds
O=C1C=2C=C3C(C=C(C=C3C4OC(C)C(O)C(OC5OC(C)CC(OC6OC(C)C(O)C(OC7OC(C)C(O)CC7)C6)C5)C4)C)=C(O)C2C(=O)C=8C(O)=CC=C(O)C18.CC1=CC=CC=C1,Application_ds
N=CC1=CN=C2C=CON21.CC1=CC=CC=C1,Application_ds
Cc1cc(F)ccc1B(O)O.CO,Application_ds
CN1CCN(c2nc3cc(Cl)c(N)cc3o2)CC1.CCO,Application_ds
OC=1C=C2C(=CC1OC3C(O)C(O)CCC3C(C=4C=C(N)NCC4)C5(C6=CC=CN6)CCCC5)C7C(=CC8C#CC(CC)CCCCC(O)C8C(O)C7)CC2.CC(OCC)=O,Application_ds
CC(C)(C)OC(=O)N1CCC(CNC(=O)C(C)(C)NC(=O)c2ccc(S(=O)(=O)Nc3ccccc3Oc3ccccc3)cc2)CC1.N#CC,Application_ds
COc1cc(-c2ncc(C(F)(F)F)cc2Cl)ccc1Cl.CO,Application_ds
O=C1OC(=CC2(CC)CCCC2)C3=C1C4C(CC3)C5C6=C7C(=O)OC(=CCC(CSSCNC8=CC(=CCN8)C6CN9C(=O)C=CC9=O)C%10CCC(CCCO)CC%10)C74CC5.CC(OCC)=O,Application_ds
Cc1cc(C#Cc2ccc(-c3ccc(Cl)cc3)cn2)ccc1OCCN(CC1CC1)C[C@H](O)CO.CCO,Application_ds
N#CC(=NNC1=CC(=CC=C1C)C)C2=NC(=CS2)C=3C=CC(OC)=CC3.O,Application_ds
Oc1c(Cl)cc(OCC=C(Cl)Cl)cc1Cl.CC1=CC=CC=C1,Application_ds
C#Cc1cc(C)cc(Nc2cc(C(F)(F)F)ccn2)n1.O=CN(C)C,Application_ds
O=C1C=C(OC)C(=O)C(OC)=C1CCC(=O)C=2C=CC=CC2.O,Application_ds
  COC(=O)CNc1c(Nc2ccccc2)c(=S)c1=S.CO,Application_ds
Cc1ccc(NC(=O)c2cc(OCCN3CCCC3)cc(C(C)(C)C#N)c2)cc1Nc1ccc2ncn(C)c(=O)c2c1.CC(OCC)=O,Application_ds
O=C1C=CC2(C(=C1)C)CCC3C2CCC4(C)C(CCC34)C(C)CCC(O)(CO)C(C)C.O=CN(C)C,Application_ds
CC1(C)CCN(S(=O)(=O)c2cc(Br)c(Cl)cc2F)c2ccccc21.O,Application_ds
CC(=O)c1ccc2c(c1)[C@H]1[C@H](OC(=O)C(C)(C)C)C[C@]3(C)[C@@H](OC(=O)C(C)(C)C)CC[C@H]3[C@@H]1CC2.CC(OCC)=O,Application_ds
COc1cc(COc2cc(NC(=O)c3ccc(N4C[C@H](C)N(C)[C@H](C)C4)cc3)[nH]n2)cc(OC)c1.CC(C)=O,Application_ds
  Nc1ccccc1Nc1c(N[C@@H](Cc2c[nH]cn2)C(=O)O)c(=O)c(=O)c1=O.O,Application_ds
COc1ccc(C(=O)C(OC(=O)CBr)c2ccc(OC)cc2)cc1.CC1=CC=CC=C1,Application_ds
Cc1noc(C)c1-c1ccc2c(c1)C(C)(c1ccccc1)N(C)C(=O)N2.O,Application_ds
OC(c1ccc(-c2ccsc2)nc1)C1CC1.CC1=CC=CC=C1,Application_ds
O=C(NC=1C=CC=CC1CC)C2=CC=C(C=C2)N3C(=O)N4CCC=5C=6C=CC=CC6NC5C4(C3=O)C.O=CN(C)C,Application_ds
O=C(O)C=1OC=C2C1C(=C3CC(C)(C)CC3C2)C.CC(C)=O,Application_ds
OC1=CC=C(C=C1OCNCC(O)C)CCC2OC(C3=CC(OC)=C(O)C(OCC4NC(C)CCC4CC=5C=C(N)NCC5)=C3)CC(O)C2.CC1CCCO1,Application_ds
Cc1cc([N+](=O)[O-])ccc1N1CCSCC1.CC(C)=O,Application_ds
CCOC(=O)C(C)Nc1ccc(Br)c(C)c1.O,Application_ds
O=C(NC(C1=CC=C(OC)C(OC)=C1)C(C)C)N(CCCOC)CC2CCCN3CCCCC32.CC1=CC=CC=C1,Application_ds
CCO[C@@H](Cc1ccc(OCc2nc(C(C)(C)C)oc2C)cc1Cl)C(=O)OC.CC(C)=O,Application_ds
CN(CCF)[C@@H]1CC[C@@H](CNc2nc(N3CCOCC3)cc(-n3c(C(F)F)nc4ccccc43)n2)CC1.O=CN(C)C,Application_ds
Nc1noc2ccc(Br)cc12.CO,Application_ds
O=C(Cl)c1ccc(NC(=O)c2ccccc2-c2ccccc2)cc1Cl.CC1CCCO1,Application_ds
O=C1C=2C=CC=CC2C3=C1C=4C=CC(OC)=C(OC)C4C(=O)N3CC(O)CN5CCN(C)CC5.O=CN(C)C,Application_ds
O=C(NN)C(C)(C(F)(F)F)C(F)(F)F.O,Application_ds
  O=C(NS(=O)(=O)Nc1cc(Cl)ccc1O)c1ccc([N+](=O)[O-])cc1.CC(C)=O,Application_ds
O=C(OCC1OC(OC(CCC2=CC=C(O)C(O)=C2)CCCCC3=CC=C(O)C(O)=C3)C(O)C(O)C1O)C=CC4=CC=C(OC)C(OC)=C4.N#CC,Application_ds
O=C(CCC1=CC=C2OC#CC3(CCCC3)C4C#CC(O)C5=CC=C6C7=C5C(C=CC7CNC6N)C8=CNC9=CN(C=C98)C4OC2=C1)CC(O)C%10C=CC(C)CC%10O.CC1=CC=CC=C1,Application_ds
CCOC(=O)c1cnc(N(CC)CC)c(Cl)c1.CC1CCCO1,Application_ds
O=C(O)C1OC(OC=2C=C3[OH+]C([CH-]C(=O)C3=C(O)C2OC4(C=5C=C(O)C=C(C5)CC)CCCC4)C6=CC=C(OCC(O)[C+]7N=C(N)C=C7)C=C6)C8(O)C=C(CC=9C=CN=C(N)C9)C(C%10=NC=NC%10)C1(O)C8O.N#CC,Application_ds
Cc1ccc(-c2cc(C(=O)NC(C)(C)C)nn2-c2cnccn2)nc1.CC1=CC=CC=C1,Application_ds
FC(F)(F)Cn1cc(Br)cn1.O,Application_ds
O=C(OC1C(O)CC(=CC2OC(=O)C3(OC23C(O)C4C(C(=O)CC(O)C14C)C)C)C)C.CC1=CC=CC=C1,Application_ds
C=C(C)C(=O)OCCCCOC(=O)C1CCC(CCC)CC1.CCO,Application_ds
O=C(OC1CCC2C(CCC3C4(C)CCC(C(C)CCC=C(C)C)C4(C)CCC23CC)C1(C)C)C=CC5=CC=C(O)C(OC)=C5.N#CC,Application_ds
Cn1c(CC#N)ccc1C(=O)c1ccccc1.CO,Application_ds
CC1(C)OB(c2ccc3[nH]ncc3c2)OC1(C)C.O,Application_ds
O=C1NC(=O)C(c2ccc(OCCCBr)c3ccoc23)=C1c1cn2c3c(cccc13)CCC2.CO,Application_ds
  CCCN(CCC)[C@@H]1CCCC[C@@H]1Nc1c(Nc2cc(C(F)(F)F)cc(C(F)(F)F)c2)c(=O)c1=O.CCO,Application_ds
O=C(OC1=CC(=CC(=O)C2=C(OC(=C12)C)C)C=3C=CC(OCC)=CC3)C=CC=4C=CC=CC4.CC1CCCO1,Application_ds
O=C(O)CNC(=O)c1ccc(OCc2ccccc2)cc1.CCO,Application_ds
Nc1ccc(S(N)(=O)=O)cc1.CO,Application_ds
CCC1(C)CN(Cc2ccccc2)CCC1N.CC1=CC=CC=C1,Application_ds
CC1(C)Oc2cc(NS(C)(=O)=O)ccc2N(c2ccc(F)c(N)c2)C1=O.CC(OCC)=O,Application_ds
O=C=Nc1cccc(C(F)(F)F)c1.CC1=CC=CC=C1,Application_ds
C[C@@H](NC(=O)[C@H]1C[C@@H]1c1ccc(OCC(=O)OC(C)(C)C)cc1)c1ccc(OCC(F)(F)F)cn1.N#CC,Application_ds
O=C1C=CN(C(=O)N1)C2OC(=CNC(=O)C(NC(=O)C(NC(=O)NC(C(=O)O)CC3=CNC=4C=CC=CC43)CCS(=O)C)C(NC)C)CC2O.CO,Application_ds
N#CC(O)C=C.CC1CCCO1,Application_ds
O=C(N1CCC(O)(C=2N=C(SC2)CN3CCOCC3)CC1)C(C)(C)C.CC1=CC=CC=C1,Application_ds
Cc1ccc(-c2ccc3c(c2)C=C(C(=O)Nc2ccc(CSc4ccccc4)cc2)CCO3)cc1.CC1CCCO1,Application_ds
O=C(O)c1cc2ccc(Cl)cc2[nH]1.O=CN(C)C,Application_ds
FC1=CC(Br)=CC=C1O.O,Application_ds
Cc1ccc(-n2nccn2)c(C(=O)N2CCC[C@@H](C)[C@H]2CNc2ncc3cc(C)ccc3n2)c1.O,Application_ds
COCCOc1ncc(C(=O)O)cc1-c1ccc(Cl)c(C)c1.CCO,Application_ds
O=C(O)C=1C(O)=C(Cl)C(O)=C(Cl)C1C.CC1=CC=CC=C1,Application_ds
Cc1cn(-c2c(Cl)cc(Br)cc2Br)c(N)c1C#N.CC(OCC)=O,Application_ds
CN(C(=O)Oc1ccc(CCO)cc1)c1ccccc1.CC(C)=O,Application_ds
O=S(=O)(O)C(F)(F)C(F)(F)C(F)(F)C(C(F)(F)F)(C(F)(F)F)C(F)(F)C(F)(F)F.CO,Application_ds
CC(C)(C)OC(=O)N1CC=C(c2cccc(O)c2)CC1.CC(C)=O,Application_ds
O=C(c1cc(C(F)(F)F)cc(C(F)(F)F)c1)N1CCNC[C@H]1Cc1ccccc1.CC(OCC)=O,Application_ds
O=C(CCC1=CC=C(O)C(OCN2C=C3NC=C(C3=C2)C45C=6C=CC=C7C6C=8C(=CCC8C5CCC4)NC7N)=C1)CC(O)CCCCC.O,Application_ds
O=C1C=2C=C3C(OC(C3)C(O)(C)C)=C(OC)C2OC=4C(O)=CC=C(O)C14.N#CC,Application_ds
BrCc1ccc2onc(OC3CCCCO3)c2c1.CC(OCC)=O,Application_ds
O=C1C=2C=CC=CC2CCC1.O=CN(C)C,Application_ds
CCOC(=O)C1CC1CN1CCN(C(c2ccccc2)c2ccccc2)CC1.CC(C)=O,Application_ds
O=C(OC1C(F)CC2C3CCC4=CC(=O)CCC4(C)C3CCC12C)CC.CO,Application_ds
O=C1OC(C=2C=CC=C3OCOC32)C4COC(C5=CC=C6OCOC6=C5)C14.O,Application_ds
C[C@H]1CC[C@H](C)N1c1cccc(Nc2cc(Cl)nn3ccnc23)n1.CCO,Application_ds
COc1cccc(C=O)c1O.CC(OCC)=O,Application_ds
COC(=O)c1ccc(OC(C)C)c(Br)c1.N#CC,Application_ds
COc1c2c(c(OC)c(OC)c1OC)CC(CCCCCCCCI)C2.CC(OCC)=O,Application_ds
OC1CC2=CC=C3C4=CCC(C(C=CC(C(=C)C)CC)C)C4(C)CCC3C2(C)CC1.O,Application_ds
O=C(NCCC)C1NC(C=2C=CC=C3C2C(=CN3CC=4C(=NOC4C)C)C1)CC(C)C.O,Application_ds
O=C(OC1C(=O)OC2CC(C(=O)C)C(C)(CC(=O)OC)C3C(O)C(O)C4(OCC23C14)C(=O)OC)C=C(C)C.CO,Application_ds
O=C(OC1C(OC(COCC2=CC=C(O)C(O)=C2)C(OC3OCC(O)C(O)C3O)C1OC4OC(C)C(O)C(O)C4O)COC(=O)C)C=CC5=CC=C(O)C(O)=C5.CC(C)=O,Application_ds
  COC(=O)[C@H](C)Nc1c(N[C@H](C2(c3ccccc3)CC2)P(=O)(OC(C)C)OC(C)C)c1=O.CC1=CC=CC=C1,Application_ds
COc1cc(NCc2csc(C)c2)ccc1-c1cnco1.CCO,Application_ds
OCC1OC(ON2C=NC=NC2)C(O)C(O)C1O.N#CC,Application_ds
CC(C)(C)OC(=O)Nc1oc2cc(C=O)cnc2c1C(=O)Nc1cnccc1N1C[C@H](C(F)(F)F)C[C@H](NC(=O)OC(C)(C)C)C1.CC(OCC)=O,Application_ds
C=O.CC1=CC=CC=C1,Application_ds
CCn1c(=O)c2c(nc(C3CCCC3)n2Cc2ccccc2)n2nc(CBr)nc12.CC1=CC=CC=C1,Application_ds
O=C1CO[C@H]2CCCC[C@@H]2N1C1CCN(C2CCC(COCCF)CC2)CC1.CC(C)=O,Application_ds
C=CCNc1nc(NC(C)C)nc2ccc([N+](=O)[O-])cc12.O=CN(C)C,Application_ds
CCOP(=O)(CC(=O)c1cc2ccccc2s1)OCC.N#CC,Application_ds
CC(C)(C)OC(=O)N1CCC[C@@H]1COc1cccc([N+](=O)[O-])c1.CCO,Application_ds
COc1ccc(CNc2nc(-n3ccnc3)nc3scc(C)c23)cc1Cl.O,Application_ds
O=C1CCC(N2Cc3c(OCc4ccc(CN5CCN(C(=O)C(F)(F)F)CC5)cc4)cccc3C2=O)C(=O)N1.CC(OCC)=O,Application_ds
CC(C)(C)NCC(=O)NN.CC(OCC)=O,Application_ds
CCOC(=O)N1CCc2sc3cc[nH]c3c2CC1.O=CN(C)C,Application_ds
CCOCCn1c(N2CCCNCC2)nc2ccccc21.CO,Application_ds
CCOC(=O)CCCCCOc1ccc(I)cc1.CCO,Application_ds
O=C(O)C(NC(=O)C(N)CCC(N)C=C1OC(N2C=NC=3C(=NC=NC32)N)C(O)C1O)C(C)C.CC1=CC=CC=C1,Application_ds
O=C(OC1CCC2(C)C3C(=CCC2C1)C4CCC(C(C)CCC(CC)C(C)C)C4(C)CC3)C=CC5=CC=C(O)C(OC)=C5.O=CN(C)C,Application_ds
CN(C)Cc1c(-c2ccccc2)ccc2c(CCC3CCN(Cc4cccs4)CC3)noc12.CO,Application_ds
  Cc1[nH]c2c(Nc3c(NCc4ccccc4[N+](=O)[O-])c3=O)cccc2c1C.CC(OCC)=O,Application_ds
O=C(OCC12OC2C(O)C(OC(=O)C)C(=CC3C(CC1)C3(C)C)C)C.CO,Application_ds
N#Cc1ccc(C(=O)Nc2cccc(N)c2)cc1.CC1CCCO1,Application_ds
O=C(OCC1OC(OC2CC3C(C)(C)C(OC(=O)C)CCC3(C)C4CCC56CC6(CCC5C(C)CC(O)C(O)C(O)(C)C)C24C)C(O)C(O)(O)C1)C.CCO,Application_ds
CN1CCOC2(CCNCC2)C1.N#CC,Application_ds
O=C(OC1=C(OC)C=CC(=C1OC(=O)C)C=2OC=3C=C(OC)C(OC(=O)C)=C(OC(=O)C)C3C(=O)C2OC)C.CC1=CC=CC=C1,Application_ds
O=C(O)c1ccc(N2CCOCC2)cc1.CC(OCC)=O,Application_ds
O=C(O)C(=C)C1CC(O)C2(C)C(O)CCC(=C)C2C1.O,Application_ds
CCOC(=O)Nc1ccc2oc3c(c2c1)CCCCC3.CC1=CC=CC=C1,Application_ds
CN(C)CCCN=Cc1ccc2c(c1)OCO2.N#CC,Application_ds
O(C)CC12C3C(=C)CCC4OC4(C)CC2CCCC1(C)C3.CCO,Application_ds
COC(=O)c1ccc(NC(=O)c2ccccc2F)cc1F.N#CC,Application_ds
CCCS(=O)(=O)c1ccc(C)c(C#Cc2cc(Cl)ccc2OCOC)c1.N#CC,Application_ds
N=1N=C(OC1C=2C=CC(OC)=CC2)CC3C(=CC(CN(C)CCC4=NC=CC=C4)C(C3)C(C)C)C.N#CC,Application_ds
COc1cc2ncc(C#N)c(Cl)c2cc1OC.O=CN(C)C,Application_ds
  CS/C(NCc1ccccc1)=C(\C#N)C(=O)NC(=S)N[C@@H](c1ccccc1)[C@@H](N)c1ccccc1.O=CN(C)C,Application_ds
CNC(=O)c1c(C(N)=O)nc2n1CCOc1ccc(Br)cc1-2.O=CN(C)C,Application_ds
O=C(O)c1ccc2c(n1)N(C(=O)Nc1ccccn1)[C@H]1CCN2C1.CC(OCC)=O,Application_ds
O=C(OC1C2(OC)C(=O)C(OC)CC1(CC=C)C(C)C2C3=CC=C(OC)C(OC)=C3)C.CC1=CC=CC=C1,Application_ds
OC=1C=CC2=CC(=CC=C2C1)C3=C(OC)C(O)=CC=C3CCC(O)C4CC#CC5(CC)CCCC(CC5)C4O.CC1=CC=CC=C1,Application_ds
C[C@H]1CNC[C@@H](C)C1.O=CN(C)C,Application_ds
CC(C)(C)OC(=O)N1CCOC(C(=O)OCc2ccccc2)C1.O,Application_ds
  CC(=O)CC(C)(C)Nc1c(N[C@H]2[C@@H](COC(=O)n3ccnc3)C[C@H]3C[C@@H]2C3(C)C)c(=O)c(=O)c1=O.CCO,Application_ds
COc1ccc(S(=O)(=O)Cl)c(N2CCOCC2)c1.O,Application_ds
CCn1c(=O)nc(-c2cccc(Cl)c2)c2ccc(C=NO)nc21.CC(OCC)=O,Application_ds
O=C(OC1C(OC2=CC(O)=C3C(=O)C4=C(O)C=C(C=C4C(C3=C2)C5C=6C=C(O)C=C(O)C6C(=O)C7=C(O)C=C(C=C75)C)C)OC(C)C(O)C1OC(=O)C)C.CO,Application_ds
O(C=1C=CC=CC1C(C2=CC=C(OC(C)C)C=C2)CCNCC3=CC=C(C=C3)N(C)C)C.N#CC,Application_ds
O=C(OCCCCCCCCCCC)CC.N#CC,Application_ds
Cc1cc(Br)c(C)c2c1OC(C)(C)C2.CC1CCCO1,Application_ds
CCNC(=S)NN.CC(OCC)=O,Application_ds
Cc1ccc(CC2CCN(C(=O)C(=O)Nc3ccc4c(c3)CS(=O)(=O)N4)CC2)cc1.O,Application_ds
FC[C@@H]1CCNC1.CCO,Application_ds
ClCc1ccco1.CC(OCC)=O,Application_ds
  O=c1c(NCCCN2CCOCC2)c(NCC(F)(F)C(F)(F)C(F)(F)C(F)(F)C(F)(F)C(F)(F)C(F)(F)C(F)(F)F)c(=O)c1=O.O,Application_ds
CC(=O)c1c(N(C)C)c(-c2ccccc2)n(Cc2ccccc2Cl)c1C.O,Application_ds
CS(=O)(=O)N(c1cccc(C(=O)O)c1)C1CN(C(c2ccc(Cl)cc2)c2ccc(Cl)cc2)C1.CO,Application_ds
CC(C)(C)NC(=O)c1cc([O-])cc(C(=O)NC(C)(C)C)c1.O,Application_ds
CCCCOC(=O)[C@@H]1C[C@H](N(C)C)CN1.CCO,Application_ds
OCC1OC(CN(C)C)C(N(C)CCC=2C=CC=CC2)C1O.O=CN(C)C,Application_ds
Cc1cccc(CCC(=O)OC(C)(C)C)c1/C=N/[S@@](=O)C(C)(C)C.CCO,Application_ds
CNc1nc(N)nc(-c2ccco2)c1[N+](=O)[O-].N#CC,Application_ds
CC1(C)C(C(=O)c2c[nH]c3c(F)c(F)c(F)c(F)c23)C1(C)C.CCO,Application_ds
O=C(OC1CC2C(O)(CC=C3CC(OC4OC(C)C(OC5OC(C)C(OC6OC(C)C(OC7OC(COC8OC(CO)C(O)C(O)C8O)C(O)C(O)C7O)C(OC)C6)C(OC)C5)C(OC)C4)CCC32C)C9(O)CCC(O)(C(=O)C)C19C)C=CC=%10C=CC=CC%10.CC1=CC=CC=C1,Application_ds
O=CC1=C(O)C=C(O)C2=C1C(C3=C(O)C(Cl)=C(C(Cl)=C3OC)C)C(C(=C)C)C2.CC(OCC)=O,Application_ds
Fc1cc2nc(-c3ccc(Cl)cc3)n(C(CBr)C3CCCCC3)c2cc1F.CO,Application_ds
C[C@@H](N)C(N)=O.O,Application_ds
O=CC(Cl)=CCCCCCCCCCCCC.CC(C)=O,Application_ds
C=CC[C@@H](N=C=O)c1ccc(C)cc1.CC1CCCO1,Application_ds
COc1cc2c(cc1N1CCOCC1)C/C(=C\c1ccc(C(F)(F)F)nc1)C2=O.N#CC,Application_ds
OC1CCCN(C2CCNCC2)C1.CC1CCCO1,Application_ds
O=C(CCO)CCC(=O)CCOC(=O)CCCCBr.CC1CCCO1,Application_ds
OC1CC2=CCC3C(CCC4(C)C(CCC34)C(C)CCC(=C(C)C)C)C2(C)CC1.CC1=CC=CC=C1,Application_ds
  O=C(Nc1c(Nc2ccc3oc(=O)ccc3c2)c(=O)c1=O)c1ccc(Cl)cc1.CC(C)=O,Application_ds
O=C1C=C2C3=C(NC=C3CC4(O)C2(C)CCC5C(C)(C)CCCC54C)C1=O.CO,Application_ds
COc1ccc(CN(c2nccs2)S(=O)(=O)c2ccc3c(c2)OCCN3c2ccc(C(F)(F)F)cc2-c2ccnn2C)cc1.O=CN(C)C,Application_ds
CC(C)(C)[Si](C)(C)OCC(F)c1cccc(C=O)c1.CO,Application_ds
Nc1c(F)c(NCCNc2ccccn2)cc2c1c(=O)c(C(=O)O)cn2CCc1ccccc1.CC(C)=O,Application_ds
Cc1ccc(C(=O)NC2CC2)cc1-c1ccc2[nH]ncc2c1.O=CN(C)C,Application_ds
NCCc1ccc(N)cc1.CC(OCC)=O,Application_ds
O=C(OCC(OC(=O)CCCCCCCCCCCCC)COP(=O)(O)OCCN)CCCCCC=CCC=CCC=CCC=CCCCCC.N#CC,Application_ds
O=C(NC=1C=CC2=C(OC(C(=O)C=3C=CC=C(OC)C3)=C2C)C1)C=4OC=CC4.O=CN(C)C,Application_ds
O=c1[nH]cnc2cc(Br)cnc12.N#CC,Application_ds
COc1ccc(F)cc1C(=O)c1cnc(NC2CCNCC2)nc1N.CC(C)=O,Application_ds
O=C(OC)C1=C(NC(=C(C(=O)OCCO)C1C2=CC=CC(=C2)[NH+]([O-])O)C)C.O,Application_ds
OC=1C=CC=2NC3=C(C2C1)CCNC3O.CC1=CC=CC=C1,Application_ds
Cn1cnc(Nc2ncc(Cl)c(NC3CCC4(CCNCC4)CC3)n2)c1.N#CC,Application_ds
CCOC(=O)C1=C(CBr)NC(c2nccs2)=NC1c1ccc(F)cc1Cl.O=CN(C)C,Application_ds
O=C(C)C1C(OC2CC3C4CC=C5CC(O)CC(OC6OCC(O)C(O)C6OC7OC(C)C(O)C(O)C7O)C5(C)C4CCC3(C)C21)C(=O)CCC(=C)COC8OC(CO)C(O)C(O)C8O.CO,Application_ds
NS(=O)(=O)c1ccccc1SCCF.CC(C)=O,Application_ds
COc1ccc(C=O)cn1.CCO,Application_ds
CC(C)(C)c1cccc(NC(=O)c2ccc(N3CCNCC3)nc2)c1.O=CN(C)C,Application_ds
O=C(N1CCOCC1)C.CC1CCCO1,Application_ds
O=C(C=1SC(=CC1)C=2SC(C#CC)=CC2)C3CCC(CC43CCCC4)C(NC(=N)NC)CC=5C=CC=C(O)C5.CC(OCC)=O,Application_ds
CCCCCC(=O)Cl.CC(OCC)=O,Application_ds
O=C1CCC2(C3=CC=C(C(O)=C3CCC2C1(C)CO)C(OC)(C)C)C.O,Application_ds
O=C1C=CC=C2N1CC3CN(C(=O)CCCCCN4C(=O)C=5C=CC=CC5C4)CC2C3.N#CC,Application_ds
O=C1N2CC(C=3C=CC=C(OC)C3OC)C=4C=5C=CC=CC5NC4C2(C(=O)N(C1)CC(C)C)C.CC(C)=O,Application_ds
CC(C)(C)OC(=O)N1CCC(=CCBr)CC1.CC1CCCO1,Application_ds
CC(C)[P+](c1ccccc1)(c1ccccc1)c1ccccc1.O,Application_ds
O=C(OCC1(OC2OC(CO)C(OC(=O)C=CC3=CC=C(O)C(OC)=C3)C(OC4OC(CO)C(OC5OC(CO)C(O)C(O)C5O)C(O)C4O)C2OC6OC(CO)C(O)C(O)C6O)OC(CO)C(O)C1OC(=O)C=7C=CC=CC7)C=CC8=CC=C(OC)C(O)=C8.O=CN(C)C,Application_ds
N[C@@H](CCC(=O)O)C(=O)N[C@@H](Cc1ccccc1)C(=O)OCc1ccccc1.CC1=CC=CC=C1,Application_ds
OC1=CC=C(C=C1OC)C(O)C(OC2=C(OC)C=C(C=C2OC)C3OC4=C(OC)C=C(C=C4C3COC5OC(CO)C(O)C(O)C5O)CCCO)CO.CC(OCC)=O,Application_ds
O=C(OC1CC2=CC(=O)C3C(C(O)CC4(C)C(CC(O)C34)C(C)CCC(=CCO)C(C)C)C2(C)CC1)CC.O=CN(C)C,Application_ds
O=C(OCCSC1OC(C(O)C(O)C1O)C(NC(=O)C2N(C)CCC2)C(O)C)C=3C=CC=CC3O.CCO,Application_ds
CC(CO)Nc1ncc(Cl)c(NCC(=O)NC(CO)c2cccc(Cl)c2)n1.CC(OCC)=O,Application_ds
COc1cc(C(=O)N(C)OC)cc(N=C(c2ccccc2)c2ccccc2)n1.CC(OCC)=O,Application_ds
CCOC(=O)c1ccc(-c2ccc(O)cc2)cc1.CO,Application_ds
FC(F)(F)Oc1ccc(Nc2nc(Cl)cc(Cl)n2)cc1.O=CN(C)C,Application_ds
CC(=O)c1nccc(C(C)C)c1F.O=CN(C)C,Application_ds
O=C(NCc1cn(-c2ccccc2)c2cc(Cl)ccc2c1=O)c1cnc(N2CCC(O)CC2)s1.CCO,Application_ds
CCOC(=O)c1cc(Oc2ccc([N+](=O)[O-])c(F)c2)ccn1.CCO,Application_ds
O=C(O)C1=CC=2C(N1)=C(OC)C(O)=C3C2CCN3C(=N)O.CO,Application_ds
S=C(NCCN1CCOCC1)NCC2N3CCC(C2)C(C=C)C3.CO,Application_ds
CC(C)(C)OC(=O)N1C[C@H](Nc2ccc(Br)cc2[N+](=O)[O-])[C@@H](O)C1.CC1CCCO1,Application_ds
CC(C)C[C@H](N)C(O)C(=O)OC(C)C.N#CC,Application_ds
O=C(NC1=NC=CC=C1)CCNC(=O)CC(C2=CC=C3OCOC3=C2)C=4C(=O)CC(C)C5(OC=6C(Cl)=C(OC)C=C(OC)C6C5=O)C4O.CC(OCC)=O,Application_ds
Cc1cccc(C)c1CNc1cc(Br)cn2c(C)c(C)nc12.CC1=CC=CC=C1,Application_ds
OC=1C(=C(OC2OC(C)C(O)C(O)C2O)C(=C3C1COC(C3)CCCCC)C)C.CC(C)=O,Application_ds
CCCn1nc(CC)c(C(=O)OC)c1Cc1ccc(-c2ccccc2S(=O)(=O)NC(=O)OC(C)(C)C)cc1.O,Application_ds
C=CCOc1ccc([C@H]2[C@H](O[Si](C(C)C)(C(C)C)C(C)C)CN(C(=O)OCc3ccccc3)C[C@@H]2OCc2ccc3c(c2)N(CCCOC)C(=O)CO3)cc1.CO,Application_ds
O=S(Cc1ccccc1)c1ccccc1.CC1CCCO1,Application_ds
O=C1NC(C(=O)NC1CC2=CNC3=C2C=CC=C3C45C=6C=CC=CC6NC5N7C(=O)C(NC(=O)C7C4)CC=8C=CC=CC8)CC(C)C.CC1=CC=CC=C1,Application_ds
COC(=O)c1ccc(OC/C(C)=N\Nc2ccc(F)cc2)cc1.N#CC,Application_ds
O=C1COc2cnc(Cl)cc2N1.CC1CCCO1,Application_ds
  COC(=O)[C@H]1N[C@@H](c2ccccc2)[C@@H](C(=O)Nc2c(Nc3cc(Cl)cc(Cl)c3Cl)c(=O)c(=O)c2=O)[C@@H]1c1ccc(Br)cc1.CC1=CC=CC=C1,Application_ds
O=C(OCC(OC(=O)CCCCCCCCCCCCCCCCCCCCCCC)CO)CCC=CCC=CCC=CCC=CCC=CCCCCC.CC1=CC=CC=C1,Application_ds
O=C1C=C(OC=2C1=C(O)C(OC)=C(O)C2C3OC(CO)C(O)C(O)C3O)C=4C=CC(O)=CC4.O,Application_ds
CN(C(=O)c1cc(C(F)(F)F)cc(C(F)(F)F)c1)[C@@H]1CCNC[C@H]1c1ccc(Cl)cc1.O=CN(C)C,Application_ds
O=Cc1ccc2ncc(Cl)cc2c1.O=CN(C)C,Application_ds
Cn1nc(CBr)c2c(Cl)ncnc21.O,Application_ds
O=C1C=CC2(C)C(C(O)C(O)C3=CC(C=C)(C)CCC32O)C1(C)C.CCO,Application_ds
CO/C=C\C1C[C@@H](O[Si](C)(C)C(C)(C)C)CN1C(=O)OC(C)(C)C.CO,Application_ds
OC1=CC=C(C=C1O)C23OC(CC2)C(O)C4=CC(O)=C(O)C=C43.N#CC,Application_ds
COc1cc2c(Nc3ccc(Br)cc3F)ncnc2cc1O.CC1CCCO1,Application_ds
O=C1C=C2C(=CC=C1NCC(=O)N3CCN(CC3)S(=O)(=O)N4CCCCCC4)C5=C(OC)C(OC)=C(OC)C=C5CCC2NC(=O)C.O,Application_ds
CN(Cc1ccccc1C#N)S(C)(=O)=O.CC(OCC)=O,Application_ds
CC1(C)COC(C)(C)N1.CO,Application_ds
O=C1C=C(C(=O)C2=CC=C(OC)C(O)=C12)C.CC(C)=O,Application_ds
O=C1C=C(OC2=CC(OO)=CC(OC3OC(CO)C(O)C(O)C3O)=C12)C=4C=CC(O)=CC4.CC(C)=O,Application_ds
O=C(NCCc1c[nH]c2ccc(Cl)cc12)c1ccc(-c2ccccc2Cl)cc1.N#CC,Application_ds
CCOCOC(=C(C#N)c1coc(C(C)(C)C)n1)c1c(C(F)(F)F)nn(C)c1Cl.O=CN(C)C,Application_ds
O=C(Cn1nnnc1-c1cccc(C(F)(F)F)c1)OCCO.O=CN(C)C,Application_ds
O=C(NCc1cccc2ccccc12)c1cccc(-c2cnc3c(c2)N(Cc2cc(Cl)ccc2C(F)(F)F)CCN3)c1.CC(OCC)=O,Application_ds
Nc1cccc2cnccc12.CC(OCC)=O,Application_ds
  O=Nc1ccc(Nc2c(Nc3cc(Cl)ccc3O)c2=O)nc1.N#CC,Application_ds
O=C1C=CC(C2=CC=C(Cl)C=C2)=C3N1CC4CN(C(=O)CSC)CC3C4.CO,Application_ds
O=C1CCNc2ccccc21.O=CN(C)C,Application_ds
OC1=CC=C2C(OCC3C4=CC=5OCOC5C(O)=C4OC23)=C1.CO,Application_ds
COC(=O)[C@H](c1ccccc1)N(Cc1ccc(OC)cc1)Cc1ccc(OC)cc1.O=CN(C)C,Application_ds
CCC(Br)c1nc2[nH]nc(Br)c2c(=O)n1Cc1ccccc1.O,Application_ds
O=C(NCC1N=C(c2ccccc2F)c2ccccc2NC1=O)c1cc2ccccc2[nH]1.N#CC,Application_ds
  CCOC(=O)C[C@]1(NC(=O)Nc2c(F)cccc2F)C(=O)N(C)c2ccccc21.CO,Application_ds
O=C(OCC1OC(OC2(OC(CO)C(O)C2O)CO)C(O)C(O)C1O)C=3C=CC=CC3.CC(OCC)=O,Application_ds
CCOc1ccc(O)c(F)c1.O,Application_ds
NC1CC[C@@]2(c3ccc4c(c3)OCO4)CCN(Cc3ccccc3)[C@H]2C1.CC(OCC)=O,Application_ds
CC[C@H](C)[C@H](N)C(O)=O.CCO,Application_ds
O=C(O)CC1CCN(CC1CC2=NC=3C=CC(=CC3N2)C)S(=O)(=O)C.CCO,Application_ds
CC(C)CC(OCc1ccc(Br)cc1)C(=O)NCC#N.N#CC,Application_ds
CCOC(=O)c1cncnc1Oc1cc(Cl)ccc1Cl.O,Application_ds
FC(F)(F)c1cccc(Cn2nnc3ccccc32)c1.CC(C)=O,Application_ds
CC(C)N1CNC(=O)C12CCN(c1ncnc3c1nc(-c1ccccc1Cl)n3-c1ccc(Cl)cc1)CC2.O=CN(C)C,Application_ds
  O=C(CCCl)Nc1c(NC(=O)c2cccc(Oc3ccc(C(F)(F)F)cc3Cl)c2)c1=O.O,Application_ds
OB(O)c1ccnc2[nH]c(C3CC3)cc12.CC(C)=O,Application_ds
CC(C)(C)OC(=O)NC(CNC(=O)Cn1nc(-c2ccc(Cl)s2)n(Cc2ccccc2F)c1=O)c1ccccc1C(F)(F)F.O=CN(C)C,Application_ds
COc1ccc(Cn2nc(Br)nc2N2CCCC2)cc1.O=CN(C)C,Application_ds
CNc1nnc(C(C)(C)CCl)s1.CC1CCCO1,Application_ds
O=C(OC1=CC=C(C=C1)C=CC(=O)C2=CC=C(OC)C=C2)N(C=3C=CC=CC3)C=4C=CC=CC4.CC1CCCO1,Application_ds
NCc1ccc(-c2ccc(C(F)(F)F)cc2)cc1.CCO,Application_ds
  CCCCCOC(=O)NC(=S)Nc1nccs1.CC(C)=O,Application_ds
C[C@H]1COCCN1c1nc2c(c(-c3ccc(NC(=O)Oc4ccccc4)cc3)n1)CN(C(=O)OC(C)(C)C)C2.CC1CCCO1,Application_ds
O=C1C(=CC=C2N1CC3CN(CC2C3)C4CCN(C(=O)C)CC4)C=5C=NC=CC5.CC(C)=O,Application_ds
CCc1ccc2c(c1)C(=Cc1[nH]cc(CCC(=O)O)c1C)C(=O)N2.CO,Application_ds
O=C(C=1ON=C(C=2C=CC(OC)=CC2)C1C(O)C)N(C)CC=3C=CC=CC3.CC(OCC)=O,Application_ds
CC(C)(C)c1cccc2c1CCC(=O)C2(CCOC(=O)N(c1ccccc1)c1ccccc1)O[SiH](c1ccccc1)c1ccccc1.CC(OCC)=O,Application_ds
CC(C)(C)OC(=O)Nc1nc(CCOc2ccc([N+](=O)[O-])cc2)cs1.O,Application_ds
[N-]=[N+]=NCc1ccc2[nH]nnc2c1.CC1=CC=CC=C1,Application_ds
O=C1OC=2C(=C(O)C=C(OC)C2C(=C1)C=3C=CC=CC3)C(=O)C=4C=CC=CC4.CC(C)=O,Application_ds
  COc1ccc(CNc2c(N[C@H](C(=O)N(CC(C)C)CC(C)C)C(C)(C)C)c(=O)c2=O)cc1.CC1CCCO1,Application_ds
COc1ccccc1-c1nc(N2CCNCC2)ns1.CCO,Application_ds
N#Cc1c(NC(=S)NC(=O)c2ccccc2)sc2c1CCCC2.CC1=CC=CC=C1,Application_ds
CC1(c2ccc3cc(C(=O)O)ccc3n2)CC1.CC(C)=O,Application_ds
CC(C)(C)OC(=O)N1CCN(c2ccc(F)c(C#N)c2)CC1.N#CC,Application_ds
Cc1c(OCCN2CCN(C)CC2)cn2ncnc(Oc3ccc(N)cc3F)c12.CO,Application_ds
COc1ccc(-c2cc(=O)c3c(OC)c(I)c(OC)cc3o2)cc1.O=CN(C)C,Application_ds
ClC1=CC(Cl)=C(Cl)C=C1OCC#CI.O=CN(C)C,Application_ds
  CC[C@H]1C[C@@H](CC(=O)NC(=S)NCCC[C@H](C)Nc2cc(OC)c(Oc3ccc(Cl)c(Cl)c3)c3c(C)ccnc23)C1(C)C.CCO,Application_ds
O=C(NC=1C=CC=CC1)NC2C(O)C(OC=3C=CC=CC3)C4OCC2O4.CO,Application_ds
CCc1nc2ccccc2n1-c1nc(N2CCOCC2)c2nc(CN3CC(N4CCC(O)CC4)C3)n(C)c2n1.CC(C)=O,Application_ds
O=C1C2(C)CN3CC1(C)CN(C2)C3CC.CC(OCC)=O,Application_ds
COc1cc2ncnc(N)c2cc1OC.CC(C)=O,Application_ds
O=C1OCC23C1=CC(O)CC2C4(C(=O)OC(C5=COC=C5)C4)C(C)CC3O.CO,Application_ds
C1=C(C)CCC(=C2CCCC(C)(C)C2)C1.CCO,Application_ds
O=C(O)CC1=CC=C(O)C(O)=C1.CCO,Application_ds
O=C1NC(=O)C2=NC=3C=CC(N)=CC3N=C2N1.CC(OCC)=O,Application_ds
CC(C)(C)NS(=O)(=O)Cc1cc(Br)c(N)c(Br)c1.CO,Application_ds
Brc1cccs1.CC(C)=O,Application_ds
C=C1N(C)C(NC1(C)C)(C)C.CC1CCCO1,Application_ds
Cc1ccc[n+]([O-])c1N[C@@H]1CCCN(C(=O)OC(C)(C)C)C1.CCO,Application_ds
CC(C)(C)OC(=O)c1ccc(CBr)cc1.CC(OCC)=O,Application_ds
O=C1C(=C(C)C)CC=C1C2CCC3(C)C2CCC4C5=C(CCC43C)C(C)(C)C6OC5CC6.O,Application_ds
O=C1CNCCN1S(=O)(=O)c1nc2ccccc2s1.O=CN(C)C,Application_ds
O=C(Cc1ccc(F)cc1)N=C=S.O,Application_ds
O=C1C=C(C(=O)C=2C1=CC(O)=C(O)C2C(C)C)C.N#CC,Application_ds
CCCC[SnH](CCCC)CCCC.CCO,Application_ds
O=C(OC1C(O)C23CC(O)(C)C(CCC2(O)C(O)(C)C4C5OC5C(C)(C)C14O)C3OC(=O)CC)C.CC(OCC)=O,Application_ds
O=C1OC23C(O)CCC1(C)C3CC(O)C45C(=O)C(C)C(O)(CCC42C)C5.CC(C)=O,Application_ds
COC(=O)c1ccc(F)c(F)c1.O,Application_ds
Cc1cc(Br)ccc1Cl.CC1=CC=CC=C1,Application_ds
COc1ccc(C(=O)N(C)OC)cc1C.O,Application_ds
O=CC(=C1C2C=CC(CCO)C1C3(CCC(C(=CC=CC(=C)C4CC=C(C)C(O)NC(CC=5C=CC=C(C5)C4)(CCOC)CCCO)COCC(O)CO)C3O)C(O)(CCNC)C2)C.CC1CCCO1,Application_ds
  CCOP(=O)(OCC)[C@H](NC(=O)Nc1ccc2ccccc2c1-c1c(N(CC)CC)ccc2ccccc12)c1ccccc1.O=CN(C)C,Application_ds
O=C(O)CCCCCCCCCCOc1ccccc1.O,Application_ds
Cc1ccc(C(=O)c2ccc(CBr)cc2)cc1.CO,Application_ds
COc1cnnc(Cl)c1.CC1CCCO1,Application_ds
O=C(O)C(N)C=COCCN.CC(OCC)=O,Application_ds
O=CC(=CCCC(=CCCC(=CCO)C)CO)CCC=C(C)C.CO,Application_ds
Fc1cc(Br)c(OC(F)F)cc1F.CO,Application_ds
C[C@H](N)c1nc2ccn(C)c2cc1Br.CC1CCCO1,Application_ds
  COc1ccc(Nc2c(NCC3CCCCC3)c(=S)c2=S)c([N+](=O)[O-])c1.CC1CCCO1,Application_ds
O=CC1=CC=2C=C3C(=NC2C=C1N)CCCC3.CC1CCCO1,Application_ds
NC(=O)c1cccn1N.N#CC,Application_ds
Cc1nccn1C(=O)c1ccccc1.O=CN(C)C,Application_ds
CC1=CC(=C(C=C1)C)OCC2=CC=CC=C2C(=NOC)C(=O)NC.CC(C)=O,Application_ds
O=C(O)C1=C(O)C(O)=CC=C1CCC(C)C(O)C(C(=O)C(CC)C2OC3(OC4(OC(CC)(CC4C)C5OC(C)(CC5)C(O)C)CCC3)C(C)CC2C)C.CC1CCCO1,Application_ds
O=C1OC2C(OC(C=CC(OC(=O)C=3C=CC=CC3)C(O)C)C2O)C=C1.O=CN(C)C,Application_ds
O=C(OC(C)(C)C)N1CCCC1C(=O)NCC2CCC(C(=O)NC(C(=O)O)C(C)CC)CC2.O,Application_ds
C[C@@H]1CN(Cc2c(Cl)cccc2C(F)(F)F)C[C@]1(CC(=O)O)C(=O)NC1CCN(CC2=CCCCC2)CC1.CCO,Application_ds
O=C(OCC1OC(OCC2OC(OC(=O)C34CCC(C)(C)CC4C5=CCC6C7(C)CCC(OC8OCC(O)C(O)C8OC9OC(C)C(O)C(OC%10OCC(O)C(O)C%10O)C9O)C(C)(C)C7CCC6(C)C5(C)CC3)C(O)C(O)C2O)C(O)C(O)C1OC%11OC(C)C(O)C(O)C%11O)C.CCO,Application_ds
O=S(=O)(Cl)c1ccc2cc(Cl)ccc2c1.O=CN(C)C,Application_ds
OCC1N(C2=NC(=CC=C2CN(CCC)CC1)C)C.CC1=CC=CC=C1,Application_ds
COc1cc([C@@H](C)NS(=O)(=O)c2ccccc2OC(F)(F)F)ccc1-c1cccnc1OC.CC1CCCO1,Application_ds
FC(F)(F)OC=1C=CC(=CC1)C2=NOC(=N2)C3N(CC=4SC=CC4)CC(O)C3.CC(C)=O,Application_ds
COc1ccc(Nc2nc(NC3CCCC3)ncc2I)cn1.CC1CCCO1,Application_ds
N#Cc1ccc(CN([C@H]2CCC[C@H]2C(N)=O)S(=O)(=O)c2ccc(Cl)cc2)cc1.CC1CCCO1,Application_ds
O=C1OC=2C=C(C(OC)=CC2C(OC)=C1C)C.CO,Application_ds
  Cc1ccc(-n2nc(C#N)cc2NS(=O)(=O)Nc2ncccc2C)cc1.CO,Application_ds
COc1cc(-c2cnc3c(n2)c(I)cn3S(=O)(=O)c2ccc(C)cc2)cc(OC)c1OC.CO,Application_ds
BrCC12CCC3(C)C(Br)CCC(O)(C)C3C2CC=CC1C(C)C.CCO,Application_ds
OC=1C=CC=2C=3N=C4C(C=NN4C(C)C)=C(C=5C=CC(OC)=C(OC)C5)C3OC2C1C.CCO,Application_ds
O=C1C2=CC(=CC=C2NC(=O)C3N1CC(O)C3)C=4C=CC(Cl)=CC4.CC(C)=O,Application_ds
O=C(c1ccc2[nH]c(C(=O)N3CCC(F)(F)CC3)cc2c1)N1CCC(N2CCCCC2)CC1.CC1CCCO1,Application_ds
NCCCc1nc(N2CCN(c3ccccc3)CC2)nc2c1SCC2.O,Application_ds
CCOC(=O)c1ccc(CCl)o1.CCO,Application_ds
O=C(NC1=CC(=CC=C1OC)C(F)(F)F)NC(=CN(C)C)C(F)(F)F.CO,Application_ds
CC(C)n1ncc(C#N)c1N.CC(OCC)=O,Application_ds
Cn1c(CO)cnc1S.CC1=CC=CC=C1,Application_ds
N#CC=1OC(C2=CC=C(C=C2)NC(=O)C)CC(C1)C.N#CC,Application_ds
CC1(C)OC(=O)CC(=O)O1.O=CN(C)C,Application_ds
Nc1ccccc1NS(=O)(=O)c1cc2ccccc2s1.O,Application_ds
O=C(OCCC=1C=CC=CC1)CCCCCCC.O,Application_ds
Brc1cccc2ncccc12.CC1=CC=CC=C1,Application_ds
CNC(=O)C(F)(F)F.CC(C)=O,Application_ds
O=C1OC=2C=C(C=CC2C(=C1)CN3CCN(CCC4=NC=CC=C4)CC3)C.O=CN(C)C,Application_ds
O=C(OC)C=1C=C(O)C=C(OC)C1OC=2C=C(C=C(OC)C2C(=O)OC)C.CC(C)=O,Application_ds
COC(=O)c1ccc(-c2csc(N)n2)o1.O,Application_ds
C1CCCn2c(nnc2C2(C3CCNCC3)CCCC2)CC1.CC1=CC=CC=C1,Application_ds
  Cc1cc(Nc2c(NCc3nccn3C)c2=O)c(C(C)C)cc1O.N#CC,Application_ds
COc1ccccc1S.CC(OCC)=O,Application_ds
CC(C)C(=O)NC1CCc2c(c3cc(Br)ccc3n2Cc2cccc(F)c2)C1.CC1=CC=CC=C1,Application_ds
O=C1C=C(C(=O)NCCC)C=2C=CC=CC2N1CC(=O)NC3=CC=C(Cl)C=C3.CC(OCC)=O,Application_ds
O=C(O)C1CCC(=C)C(CCCNC2=CC=C(C=3C=CC=C(C3)CC4=C5C=CC=C(C5=CC6C4=CC78C=CCC9(C)C(O)CCC6(C%10=C(C7)C%11(CC(O)C1C%11(C)CC%10)C%12CCCC%12)C89)CCC(C)CCC=%13C=CC=CC%13)CN2)C%14CCCCC%14.O,Application_ds
COc1cccc(Cc2nc(Cl)c(Oc3ccccc3)c(NS(=O)(=O)c3ccc(C(C)C)cn3)n2)c1.CC(C)=O,Application_ds
CN1CCN(c2cnc3cc(Cl)ccc3n2)CC1.CC(OCC)=O,Application_ds
CC(=O)N1CCNC1=O.CC(C)=O,Application_ds
CCCCc1ccc(C#Cc2ccc(CN(Cc3ccc(OCC(=O)OC)cc3)C(=O)c3ccc(O)nc3)cc2)cc1.CO,Application_ds
FC=1C=NC=CC1CN2CC(F)C(OCC3=NC=4C=CN=CC4N3)C2.CO,Application_ds
N#Cc1c(O)c2c(cc(Cl)n2-c2ccc(N)cc2)[nH]c1=O.N#CC,Application_ds
O=C1C2=CC=C(O)C(=C2OC(=C1C=3C=CC=CC3OC)C(F)(F)F)CN4CCN(C)CC4.CC(OCC)=O,Application_ds
O=C1OCC2(CCCC3C4CCC5(C(=O)OC4(CCC32)C5)C)C1O.O=CN(C)C,Application_ds
CC(C)(C)CCCC(=O)CCCCCCCCCCBr.CC1=CC=CC=C1,Application_ds
NC(Cc1ccccc1)c1cc(Br)cs1.O,Application_ds
COc1ccccc1COc1ccc(CC(=O)O)cc1Cl.CC(C)=O,Application_ds
CC(C)(C)OC(=O)N1CCC(N2CCC(n3cc(-c4ccc(Oc5ccccc5)cc4)c4c(N)ncnc43)CC2)CC1.CC1CCCO1,Application_ds
COc1ccc(CBr)c([N+](=O)[O-])c1.CC1=CC=CC=C1,Application_ds
COc1ccc(C2CC(OC(C)=O)CCC2N)cc1OC.CC(C)=O,Application_ds
Nc1ncnn2c(-c3ccc(CNC4CCCC4)cc3)cc(-c3ccc4cn(Cc5ccccc5)nc4c3)c12.CC1CCCO1,Application_ds
NNc1ccc(-c2c(-c3ccc(F)cc3F)nc3n2CCC3)nn1.CC1=CC=CC=C1,Application_ds
O=C(O)Cc1ccc(O)cc1.N#CC,Application_ds
O=C1OC(C)(C)C2CCC3=C(CCC4(C)C(CCC34C)C5CC6CC5OC(=O)C6(OC(=O)C)C)CC2C=C1.CO,Application_ds
C#CCOc1ccc(CCC(=O)NCc2ccc(C(=O)OC)cc2)cc1OC.CC(C)=O,Application_ds
O=C1C=2C=CC=CC2N=C(N1C3=CC=C(Cl)C(Cl)=C3)CSC4=NC=NC=5NC=NC45.CC1CCCO1,Application_ds
CCOC(=O)C(C)(C)Br.CC(C)=O,Application_ds
O=C(Cc1ccc(Oc2ccccc2)cc1)Nn1nc(N2CCOCC2)c2ccccc2c1=O.O=CN(C)C,Application_ds
O=C1C=C2CCC3C4CCC5(OCOC65OCOC6)C4(C)CC(O[Si](C)(C)C)C3C2(C)CC1.CC1=CC=CC=C1,Application_ds
CCOC(=O)c1cnc(N)c2c(COc3ccc(Br)cc3)csc12.CC(C)=O,Application_ds
CC(C)(C)c1ccc(Br)c(O)c1.N#CC,Application_ds
CN(C)C(=O)Cn1cc(I)cn1.CC1=CC=CC=C1,Application_ds
O=C(OC(C(O)C=CCCCCCCCCCCC(C)C)C(N)(C(=O)O)CS(=O)(=O)O)CC(O)CCCCCCCCCC(C)C.O=CN(C)C,Application_ds
Oc1ccc(O)c(Br)c1.CCO,Application_ds
O=C(O)C(N)CCCCNC(=O)CC1=CNC=2C=CC=CC21.N#CC,Application_ds
N#Cc1c[nH]cn1.O=CN(C)C,Application_ds
O=CC12CC3(CCC4CC(C=5C=CC=CC5)CCC43)C(O)C6CCC(CC(C(O)C7(O)C1CCC89CCC#CC=%10C=CC=CC%10CC(NCO)C%11CC(CC78O)C9C%12=CC(=O)OC%12%11)C62O)C(C)C%13CCCC%13.CC(C)=O,Application_ds
CC1(C(N2C(S1)C(C2=O)NC(=O)CC3=CC=CC=C3)C(=O)O)C.N#CC,Application_ds
OB(O)C1CC1.CC1=CC=CC=C1,Application_ds
O=C(OC1CCC2(C)C(CCC3(C)C2CCC4C5C(C)C6(OC6CC5(C)C(O)CC43C)C)C1(C)C)CCCCCCCCCCCCCCC.O,Application_ds
  O=C(Nc1c(NC[C@@H]2CCCCC2=O)c(=O)c(=O)c1=O)c1cccc(Oc2ccc(C(F)(F)F)cc2Cl)c1.CC(C)=O,Application_ds
O=C1OC=2C=CC(OC(=O)CC)=CC2C(=C1C=3C=CC=CC3)C.CO,Application_ds
O=C(CCC(=O)C(CC1CCOCC1)c1ccc(S(=O)(=O)C2CC2)cc1)c1ccccn1.CCO,Application_ds
O=C(NCc1cccs1)c1cc2ccccc2nc1Cl.CC(C)=O,Application_ds
O=C(OCC1CCN(Cc2ccccc2)CC1)Oc1ccc([N+](=O)[O-])cc1.O=CN(C)C,Application_ds
C=C(C)[C@@H]1CC[C@]2(C(=O)NCCN(C)C)CC[C@]3(C)[C@H](CC[C@@H]4[C@@]5(C)CC=C(c6ccc(C(=O)OC)s6)C(C)(C)[C@@H]5CC[C@]43C)[C@@H]12.O=CN(C)C,Application_ds
O=C(O)C(O)C(C(=O)O)CCCCCSC.CCO,Application_ds
O=C1CCc2cc(Br)cnc2N1.CC(C)=O,Application_ds
O=C(O)c1cnc(Cl)cn1.CC(C)=O,Application_ds
Cn1ncc2cc(COS(C)(=O)=O)ccc21.CC(C)=O,Application_ds
C1=Cc2ccccc2C(C2CCNCC2)c2ccccc21.CC1CCCO1,Application_ds
CCN(CC(=O)NCCF)C(=O)c1ccc2c(c1)c1c(n2C2CCC2)CCC(C2CCOCC2)C1.CC1=CC=CC=C1,Application_ds
O(C)CCC1=CC=C(C=C1)N(C)C.CC(OCC)=O,Application_ds
N=C(N)NCCCCC(O)CC(O)=NC(O)C(O)=NCCCCNCCCN.O=CN(C)C,Application_ds
O=C(C=CC1=C2OC3(CC2=C(O)C=C1CO)C(C)CCC4C(C)(C)C(O)CCC43C)C.CC1CCCO1,Application_ds
  CC[C@@H](Nc1c(NCCN2CCN/C2=N\C(=O)c2ccc(Cl)cc2)c(=S)c1=S)P(=O)(Oc1ccccc1)Oc1ccccc1.CO,Application_ds
CC(C)N1CCC(Oc2ccc(C3CCN(C(=O)c4ccc(C#N)cc4)CC3)cc2)CC1.O=CN(C)C,Application_ds
CCCCCN1CCCCCC1=O.CC(C)=O,Application_ds
OC(CCOCC=1C=CC=CC1)CC(O)C2SCCCS2.CCO,Application_ds
CN(C)C1CCN(C(=O)C[C@@H]2CSC(c3cc4cc(Cl)cc(NC5CCCC5)c4[nH]3)=N2)C1.CC(C)=O,Application_ds
O=C(OC)C1=CN(C=C2C(=O)NN=C12)C(C(=O)O)C(O)C.CO,Application_ds
O=C(N[C@@H](Cc1cn(C(c2ccccc2)(c2ccccc2)c2ccccc2)cn1)C(=O)N[C@@H](CC1CCCCC1)[C@@H](O)[C@@H](O)C1CC1)c1nc2ccccc2[nH]1.O,Application_ds
O=C(c1ccc(F)cc1Cl)N1Cc2cccnc2Nc2ccccc21.CC1=CC=CC=C1,Application_ds
  CC(C)COc1cc(C(=O)Nc2ccccc2-c2c(F)c(F)c(F)c(F)c2F)nc2c(Nc3c(NC(=O)c4ccccc4)c(=O)c(=O)c3=O)cccc12.CC1=CC=CC=C1,Application_ds
COC1=C(OC)C(=O)C(Cc2ccc(-c3ccccc3OC)c(C(=O)Nc3ccc(OC)cc3)c2)=C(C)C1=O.CC(OCC)=O,Application_ds
O=C1C=C2CCC3C4CC(O)C(=O)C4(C)CC(=O)C3(F)C2(C)CC1.CC1=CC=CC=C1,Application_ds
CCCOc1ccc2c(CCC3CCNCC3)noc2c1CN(C)C.CC(OCC)=O,Application_ds
O=C(OC)C(=CCCCCCCCCCCCCCCCCC)C(O)C(=O)C.CC(OCC)=O,Application_ds
O=C(O)c1sccc1Cl.CC1=CC=CC=C1,Application_ds
O=C(OCC(OC(=O)CCCCCC=CCC=CCC=CCC=CCCCCC)COP(=O)(O)OCCN)CCCC=CCC=CCC=CCC=CCCCCC.CC1CCCO1,Application_ds
CC1(C)OB(c2ccc(C#N)nc2)OC1(C)C.CC1=CC=CC=C1,Application_ds
  CC(C)Nc1c(Nc2nc3ccccc3s2)c(=O)c1=O.CO,Application_ds
CCN1CCN(c2cc(Cl)cc(C(F)(F)F)c2)CC1.CC(OCC)=O,Application_ds
CCc1cnc(N2CCC(N(C(=O)c3ccc(-c4cnco4)c(F)c3)C3CC3)CC2)cn1.N#CC,Application_ds
CCOC(=O)c1nc(-c2ccc(NC(=O)Nc3ccccc3)cc2)nc(N2CCOCC2)c1OCC.CC(C)=O,Application_ds
O=C1C=2C=C3C(=CC2C1)C(=O)C3.O,Application_ds
C[Si](C)(C)CNCc1cccc(C(F)(F)F)c1.CC(C)=O,Application_ds
O=C(N)CNC(=O)C1(O)CC(O)C(O)C(NS(=O)(=O)C=2C=CC=C(C2)C(F)(F)F)C1.CC1CCCO1,Application_ds
OC1=CC=C(C=C1OC)CCOC2OC(CO)C(O)C(O)C2O.CC(OCC)=O,Application_ds
Cc1ccc2nc(CCN)[nH]c2c1.CO,Application_ds
O=C1OC2=CC(O)=C(OC)C(=C2C(OC)=C1C)C.CC1=CC=CC=C1,Application_ds
CCCc1c(Cc2ccc(-c3ccccc3C#N)cc2)c(=O)n(CC(O)C(F)(F)F)c2nc(C)nn12.CC1=CC=CC=C1,Application_ds
O=C(OC1C2C(=C)C(OC(=O)C)C34CC5N6CC7(C)CC(=O)CC(C6C3C2O)(C14)C57)C=8C=CC=CC8.CC1=CC=CC=C1,Application_ds
CN(C)CCCOCc1nc2c(s1)-c1ccccc1Sc1ccc(F)cc1-2.CC1=CC=CC=C1,Application_ds
NCCN1CCC(Nc2nc3cccnc3n2Cc2ccc(F)cc2)CC1.CC1CCCO1,Application_ds
O=C1OC2=C(C=CC=3OC45CC=CC6(CC7C8=CC9=CC=C8C(CC(C(=O)OC4C(OC(=O)CC%10CC(C=CC9%10)C%11=CC=CC%12=C%11CCC%13CCCC%14C=CC=%15C=CC=CC%15C%12%14%13)C32)=C(C)CO)CC7)C%16C=CC=%17C=CC=CC%17C%16CC56)C(=C1C(COC)CCO)CO.N#CC,Application_ds
O=C(OC=1C=CC(=CC1)C=2OC3=CC(OC(=O)C)=C(OC4=CC=C(C=C4)C5OC=6C=C(OC(=O)C)C=C(OC(=O)C)C6C(=O)C5)C(OC(=O)C)=C3C(=O)C2)C.O=CN(C)C,Application_ds
O=[N+]([O-])c1ccc(-n2ccnc2)c(F)c1.O=CN(C)C,Application_ds
O=C1C=CC=C2N1CC3CN(CCCN=C=S)CC2C3.CC(OCC)=O,Application_ds
CC(=O)Nc1ncc(S(=O)(=O)Cl)s1.CCO,Application_ds
O=C(O)CCCc1ccc(I)cc1.CC1CCCO1,Application_ds
OC(c1ccccc1)c1ccccc1.CCO,Application_ds
Cn1c(Cl)nc(-c2ccncc2F)cc1=O.CCO,Application_ds
CC(=O)OCCNC(=O)OC(C)(C)C.CCO,Application_ds
CC(C)[Si](OCC[C@@H](C)Oc1cc(F)ccc1F)(C(C)C)C(C)C.N#CC,Application_ds
CCOC(=O)NS(=O)(=O)CCc1c(C)nn(C)c1-n1ccc2cc(Cl)ccc21.O,Application_ds
Cc1ccccc1-c1ccc(C(=O)O)cc1C.CC(OCC)=O,Application_ds
CNCCC(=O)OC(C)(C)C.O=CN(C)C,Application_ds
O=CC(=CCCC(=CCOC1=CC=C(C=C1)C(O)CNC(=O)C=CS(=O)(=O)C)C)C.CCO,Application_ds
O=CC1=CC=C(OCOC)C(OCOC)=C1.CC1=CC=CC=C1,Application_ds
  COC(=O)[C@]1(Cc2ccc(C(C)(C)C)cc2)CCC[C@@H]1NC(=S)Nc1nc(-c2ccc(Cl)c(Cl)c2Cl)c(-n2cncn2)s1.CCO,Application_ds
C#CCN(Cc1ccccc1)C[C@H](C=C)NC(=O)OC(C)(C)C.CO,Application_ds
COc1cc(F)cc2nc(-c3ccc(OC4CNC4)c(-c4ccc(S(C)=O)cc4)c3)[nH]c(=O)c12.CC(OCC)=O,Application_ds
OC1=CC=C2C=C1OC3CCC4(CCCC4)C(CO)C3CCN=C(N)NCC5(CCCC65CCOC7(CCCC(CNC)C7)C6)CC(O)CC8C=CC(CC98C=CC(CCC)CC9C)C%10C=%11C(=C(OC)C=C%12OC2C(O)CC%12%11)C%13=CC(=C(O)C=C%13C%10)CC(C)C.O=CN(C)C,Application_ds
CCCC[SnH](CCCC)CCCC.CC1=CC=CC=C1,Application_ds
O=C1C=2C=CC=CC2N(C=3OC(CC13)C(O)(C)C)C.CC(OCC)=O,Application_ds
O=C(OC1CC(O)(C(=O)O)CC(OC(=O)C=CC2=CC=C(O)C(OC)=C2)C1O)C=CC3=CC=C(O)C(OC)=C3.CCO,Application_ds
O=C(O)C12CCC(C)(C)CC2C3=CCC4C5(C)CC(O)C(OC6OC(CO)C(O)C(O)C6OC7OC(CO)C(O)C(O)C7O)C(C)(C)C5CCC4(C)C3(C)CC1.CC(OCC)=O,Application_ds
O=C(OC1=CC=C2C(OC(=CC=CC=3C=CC=CC3)C2=O)=C1)C=4C(OC)=CC=CC4OC.N#CC,Application_ds
O=[N+]([O-])c1cccc(Br)c1F.CCO,Application_ds
  Cc1ccc(C(=O)c2ccc(CNC(=O)NC(N)=NC(=O)OC(C)(C)C)cc2)cc1.O=CN(C)C,Application_ds
Cc1nn(CC(C)CO)c(-c2ccc(F)cc2)c1Br.N#CC,Application_ds
O=C([O-])C1=C(c2ccccc2)c2ccc(O)cc2C1=O.N#CC,Application_ds
CC(C)n1c(Br)cc2c1C(c1ccc(Cl)cc1)N([C@@H]1CC[C@@H](O)CC1)C2=O.N#CC,Application_ds
BrCCCc1ccccn1.CC(OCC)=O,Application_ds
O=C(O)c1cn(C2CC2)c2c(F)c(F)c(F)c(F)c2c1=O.CC(C)=O,Application_ds
OC=1C=C(C(O)=C(C1)CC=C(C)CCC=C(C)CCC=C(C)C(O)CC=C(C)C)C.CC1=CC=CC=C1,Application_ds
Cc1nc2ccccc2[nH]1.O=CN(C)C,Application_ds
O=C(OCC)C=1C=CC=CC1.N#CC,Application_ds
O=C(OC1=CC=C2C(OC(=CC3=CN(C=4C=CC=CC34)C)C2=O)=C1)N5CCOCC5.CC(C)=O,Application_ds
OC(=NCCCCCCCCCCCCC(C)C)C.O,Application_ds
CCCCC=C1CCCC1=O.CC1=CC=CC=C1,Application_ds
COC(=O)C(OC(C)(C)C)c1cc([N+](=O)[O-])ccc1-c1ccc2c(c1)CCCO2.CC1=CC=CC=C1,Application_ds
O=C(C1=CC=C2C(=CC(=CC(=C12)C)C)C)C.CCO,Application_ds
O=C(C=CC=C(C=CC1C(=CC(O)CC1(C)C)C)C)C.N#CC,Application_ds
C[C@@H](CN1C(=O)c2ccccc2C1=O)c1ccc([N+](=O)[O-])cc1.N#CC,Application_ds
CCOC(=O)c1cc(CN2CCC(c3c[nH]c4ccccc34)CC2)ccc1OC.CCO,Application_ds
Cc1cc(N)nc(SCc2c(Cl)cncc2Cl)n1.CC1CCCO1,Application_ds
COC(=O)C1=C(Cl)C(Cl)=C(C(=O)OC)C(Cl)=C1Cl.CC1=CC=CC=C1,Application_ds
COC(=O)CCCCNC(=O)C(CO)NS(=O)(=O)c1ccc(Cl)cc1.CC1CCCO1,Application_ds
Cc1cc(C)cc(CNC2CCCn3c2c(-c2ccccc2)c2cc(C)c(C)cc2c3=O)c1.CC(OCC)=O,Application_ds
O=CNC=1C=C2C=C(O)C(O)=CC2=C(C=3C=CC(O)=C(O)C3)C1NC=O.O,Application_ds
O=Cc1cc2cccnc2s1.CC1=CC=CC=C1,Application_ds
O=C1C=2C=CC(O)=C(O)C2N=C3C(=CC(C)C)NC(=O)C(N13)C(C)C.O,Application_ds
O=C(OC1C2=C(OC=C2C)C(=O)C3CCCC(C)C13C)C=C(C)C.O=CN(C)C,Application_ds
CC(=O)c1cc2c(-c3cc(C(C)C)cc(C(C)C)c3OCC(F)(F)F)cccc2s1.CC1=CC=CC=C1,Application_ds
O=C1OC(C2=COC=C2)C3(C)CC4CC56CCC(C=CC75C(=O)OCC89C7OC(C)(C)C9C(=O)C(O)C(C)(C48)C%103OC1%10)C6.CC(C)=O,Application_ds
O(C1=CC=C2C(NC34CCC5(CCCN6CCC23C65)CC4)=C1OC)C.CC1=CC=CC=C1,Application_ds
CC(=O)N(N)c1ccc(C(F)(F)F)cc1N.N#CC,Application_ds
O=C(OCC1=C(O)C=2C(=O)C=C(OC2C=C1OC)C)C=C(C)CC(=O)O.O=CN(C)C,Application_ds
  Cc1ccc(NC(=O)n2nc(NC(=S)Nc3c(C)cccc3C(C)C)cc2C)cc1.CCO,Application_ds
O=C(OC)C=C(C)CCC1C(=C)CCC2C(C(=O)O)(C)CCCC12C.CCO,Application_ds
Cc1nccn1-c1nc(NCc2ccc3c(c2)OCO3)c2cc(C(F)(F)F)sc2n1.CC(OCC)=O,Application_ds
NC(=O)N1CCOCC1.CC1CCCO1,Application_ds
C[C@H](C[C@H](O)[C@H](Cc1ccccc1)NC(=O)c1cc(O)cc(N2CCCC2=O)c1)C(=O)NCCC(C)(C)C.CCO,Application_ds
O=C1CC2C(C)(C)CCCC2(C)C3(OC13CO)CO.CC1CCCO1,Application_ds
Cc1cnc(C)n2nc(/C=C/c3nc(N4CCC4)nn3C)nc12.O,Application_ds
CCC(C)Oc1ccc(OCCOc2cccc(Cl)n2)cc1.CC1=CC=CC=C1,Application_ds
O=CC1=CC=C(F)C=C1Cl.CCO,Application_ds
O=C(O)C1N(C(=O)C=CC2=CC=C(O)C(=C2)CC3=N[CH+]N=C3CCNC4=NC=C[CH-]4)C5=CC(OC6(O)OC(CO)C(O)C(O)C6O)=C(O)C=C5C1CC7(C=8C=CC=CC8)CCCC7N.O=CN(C)C,Application_ds
CS(=O)(=O)c1ccc(-c2ccccc2)c(C(=O)O)c1.CC(OCC)=O,Application_ds
O=P(O)(OCC)COC=1C=CC=CC1P(=O)(OCC)OCC.CCO,Application_ds
O=C(CNCc1cccc(Br)n1)NC1CCCC1.O=CN(C)C,Application_ds
C(#Cc1ccc2ccccc2n1)c1ccc(-c2n[nH]cc2-c2ccncc2)cc1.N#CC,Application_ds
CCCn1c(Cn2ccnc2-c2cccc(F)n2)nc2cc(C#N)ccc21.CC(OCC)=O,Application_ds
O=C1C=C(OC)C=2C=3C=C(OC)C(=O)C(OC)C3C=CC2C1.CC1CCCO1,Application_ds
CC(=O)Nc1ccc(C2(NS(=O)C(C)(C)C)COC2)cc1.O,Application_ds
CCCCCc1nc(C(F)(F)F)ccc1CNC(=O)C(C)c1ccc(CNS(C)(=O)=O)c(F)c1.CC1CCCO1,Application_ds
CCc1c(N)ncnc1Cl.CC(OCC)=O,Application_ds
OC1=CC=C(C(O)=C1)C2OC3=CC(C#CC)=CC=C3OC2C.CO,Application_ds
[C-]#N.CC(C)=O,Application_ds
  COc1cccc([C@@H]2C(C#N)=C(N)S[C@H]2C(=O)NS(=O)(=O)N[C@H](CCSC)P(=O)(Oc2ccccc2)Oc2ccccc2)c1.CC1=CC=CC=C1,Application_ds
CC(C)(C)OC(=O)N[C@@H](CCCOCc1ccccc1)C(=O)O.CO,Application_ds
O=C(NCC(=O)N1CCN(C(=O)c2cc(F)ccc2C(F)(F)F)CC1)c1cc(-c2ccccc2C(F)(F)F)[nH]n1.CC1=CC=CC=C1,Application_ds
O=C1OC2=C(C=CC(OCC(=O)NC(C(=O)O)CSCC=3C=CC=CC3)=C2C)C(=C1)C=4C=CC=CC4.CC1=CC=CC=C1,Application_ds
CNC(=O)NC(=O)C(CC1CCCC1)c1ccccc1.O=CN(C)C,Application_ds
O=CC1=C(O)C(=C(O)C(Cl)=C1C)CC=C(C)CCC=C(C)CCC2OC2(C)C.CCO,Application_ds
N1=C(C=2C=CC(=CC2)C)C=3C=C(OC)C(OC)=CC3CC1(C)C.O=CN(C)C,Application_ds
COc1ccc2cc(S(C)(=O)=O)ccc2c1C(=O)c1ccc(F)cc1.O,Application_ds
O=c1ccn(-c2cccc(C(F)(F)F)c2)nc1Br.N#CC,Application_ds
O=[N+]([O-])c1cccc(/C=C/c2ccccc2)c1.O=CN(C)C,Application_ds
CC(C)(C)OC(=O)N1C[C@H](F)C[C@H]1C(=O)N[C@H]1CC[C@@H]2CN(c3cc(C(F)(F)F)ccn3)C[C@H]12.CC(OCC)=O,Application_ds
O=C1OC2=C(C=CC(OCC3=CC(OC)=C(OC)C(OC)=C3)=C2C)C(=C1)CCC.CCO,Application_ds
CCOC(=O)c1cn(CCCC#N)c(=O)cc1Nc1ccc(I)cc1F.N#CC,Application_ds
C#CCN1CC[C@@H](OCOC)C1=O.O,Application_ds
N#Cc1ccc(CN)c(Oc2ccccc2)c1.CCO,Application_ds
COC(=O)c1ccc(NC=O)c(OC)c1.O,Application_ds
  CCC[C@H](Nc1c(N[C@@H](C)c2ccc(Br)cc2)c1=O)P(=O)(Oc1ccccc1)Oc1ccccc1.CC1=CC=CC=C1,Application_ds
O=C(O)C1=CC(O)=CC=C1NC(=O)C2=CC=C(OC)C(OC)=C2.CC1=CC=CC=C1,Application_ds
COC(=O)Cc1nn(Cc2ccc(NC(=O)c3ccc4ccccc4c3)cc2)c2ncccc12.CC(C)=O,Application_ds
Nc1nc(Cl)cc(-c2ccc(F)cc2)n1.CC1CCCO1,Application_ds
COC(=O)c1ccc([C@H](C)NC(=O)c2cc(Cl)ccc2O)cc1.CC(C)=O,Application_ds
O=C(NC=1C=CC=CC1)N2CC=3N=CNC3CC2C4=NC(=NO4)C(C)C.O=CN(C)C,Application_ds
O=C1OC2CC(OC3(OC(C(C)C)C(C)CC3)C2)CC=C(C)C(CC4OC(C)C(O)CC4OC)C(C=CC=C(C=5C=C(O)C(=CC15)C)C)C.CO,Application_ds
CC(C)(C)OC(=O)N1C2CCC1CN(c1ccc(Br)cc1)C2.N#CC,Application_ds
O=C(OCC1C(OCC1CC2=CC=C(O)C(OC)=C2)C3=CC=C(O)C(OC)=C3)C(C)CC.CC(OCC)=O,Application_ds
  C[C@@H](NS(=O)(=O)NC=C(c1ccc(F)cc1)c1ccc(F)cc1)C(=O)O.N#CC,Application_ds
COCCOc1ccn2c(C(=O)Nc3cccc4c3cnn4Cc3ccccc3)cnc2c1.CC1CCCO1,Application_ds
O=C(CCC1=CC=C(OC)C(OCC2=CC=C3C=C(O)C=CC3=C2)=C1)CC(O)CC4C=C(O)C=CC4CCCCC=5C=CC=C(O)C5.N#CC,Application_ds
O=C1NC(=O)C(c2ccccc2)(c2ccccc2)N1.CO,Application_ds
Cc1nn(C(F)F)c(C)c1B1OC(C)(C)C(C)(C)O1.CCO,Application_ds
O=C1C=C(OC=2C=C(OCC(=O)NCC=3SC=CC3)C=C(O)C12)C=4C=CC=CC4.CC(C)=O,Application_ds
COc1ccc(-c2ccc(C)c([N+](=O)[O-])c2)cc1.CC1CCCO1,Application_ds
COc1ccc(CNC(=O)c2cc(Br)ccc2-c2cccnc2)cc1OC.CO,Application_ds
O=C(Cl)C(Cl)c1ccccc1.N#CC,Application_ds
O=C(O)CCC1=CNC=2C=CC(OC)=CC21.O,Application_ds
O=C(C1CCN(c2cccc(C(F)(F)F)c2)CC1)N1CC[C@H](NC2CCC(O)(c3ccccn3)CC2)C1.CC1=CC=CC=C1,Application_ds
O=C(OCC1C2=CC(=CC(OC)=C2OC1C3=CC=C(OC4OC(CO)C(O)C(O)C4O)C(OC)=C3)CCCO)C5=CC(O)C(O)C(O)C5.CC1=CC=CC=C1,Application_ds
O=C1C=C2CCC3C(CCC4(C)C(C(=O)C)C(O)CC34)C2(C)CC1.CC(C)=O,Application_ds
N#CCC(N)=S.CC1CCCO1,Application_ds
COC1CCCCC1=O.CC1CCCO1,Application_ds
OCC1Cc2nccnc2C1.O=CN(C)C,Application_ds
CCc1cc(OC2CCCCO2)cc(O)c1C=O.CC1=CC=CC=C1,Application_ds
CN1CCc2cc(C(=O)O)ccc2C1.CC1CCCO1,Application_ds
Nc1cc(Br)ccc1F.CO,Application_ds
O=C(OC1CC2C(OC(=O)C3=COC=C3)C4(OC2(C)C)C(C)CCC(OC(=O)C)C14C)C=5C=CC=CC5.CC1=CC=CC=C1,Application_ds
BrCc1ccc(-c2ccccn2)cc1.O,Application_ds
N#CC(C#N)=C1N(CCCN2CCCCC2)CCN1C1CCNCC1.CC1CCCO1,Application_ds
COc1ccccc1C(=O)Cn1c(=O)c2c(nc(Cl)n2CC=C(C)C)n(C)c1=O.CC1=CC=CC=C1,Application_ds
CCOC(=O)C(CCCCCC=CC[C@H]1c2ccc(OC)cc2SC[C@@]1(C)c1ccc(OC)cc1)CCCC(F)(F)C(F)(F)F.CC1CCCO1,Application_ds
O=C1C(OC=2C1=CC=C(O)C2CN(CCC)CCC)=CC=3C=CC=CC3OC.CC1=CC=CC=C1,Application_ds
O=C(O)Cc1csc(NC(=O)c2ccc(Cl)cc2)n1.CC(OCC)=O,Application_ds
  CNC(=O)c1cc(Oc2ccc(Nc3c(Nc4cccc5c4ncn5C)c3=O)cc2)ccn1.CC1=CC=CC=C1,Application_ds
FC(F)(F)c1ccc(C=Cc2nc(COc3ncc(Br)cn3)co2)cc1.CC(OCC)=O,Application_ds
O=C(NCCc1c[nH]c2ccc(Cl)cc12)c1cccc(-c2ccc(C(F)(F)F)cc2)c1.CO,Application_ds
  CN(C)c1ccc(/C=C/C=N/c2ccccc2NC(=O)NC(=O)c2ccc(Cl)cc2Cl)cc1.O=CN(C)C,Application_ds
CCOC(=O)c1cnc(C(C)(C)C)nc1Cl.CC1=CC=CC=C1,Application_ds
  O=c1c(NCc2cc3ccccc3c(-c3c(O)ccc4ccccc34)c2O)c(Nc2ccccn2)c(=O)c1=O.CCO,Application_ds
CN(C)CC(=O)N1CCC[C@H]1COc1cccc2ncnc(Nc3ccc(O)c(Cl)c3)c12.CC1=CC=CC=C1,Application_ds
CC[Si](CC)(CC)OC(C)(C)/C=C/CO[C@@H](C)C1=CC[C@H]2C3=CC=C4C[C@@H](O[Si](C)(C)C(C)(C)C)C[C@H](O[Si](C)(C)C(C)(C)C)[C@]4(C)[C@H]3CC[C@]12C.CCO,Application_ds
O=C1OC(CC)C(C2C#CCC3CC4(O)C5=C6NC(C(=O)CC(C7=CC=C(O)C=C7)CSSCC8C(O)C(O)CC(C)(C5CCC4(CCN=C(N)N)C3C(O)(C)C9(O)CCC%10(C2)C%11C(=CCC%10C(C9)C(O)O)CCC(C)C%11)C8C6=O)CO)C1C=%12C=CNC%12.O=CN(C)C,Application_ds
CC(C)C[C@H](N)C(N)=O.CC1CCCO1,Application_ds
O=C(OCC)C(=C)C1CCC(O)(C(=O)CCC=CCCC2(OC2C1)C)C.CC1=CC=CC=C1,Application_ds
OC1=CC=C(C=C1OCCC(C=2C=C(N)NCC2)C3(C4=CC=CN4)CCCCC3)CCC(O)C5CC#CC(CC)CCCCC5O.N#CC,Application_ds
O=C(OC1CC(O)(C(=C=CC(=CC=CC(=CC=CC=C(C=CC=C(C#CC23OC3(C)CC(O)CC2(C)C)CO)C)C)C)C(C)(C)C1)C)C.CCO,Application_ds
CCNC(=O)Nc1cc(-c2nc(-c3cccc(OC)n3)cs2)c(-c2cncc(C(=O)O)n2)cn1.CCO,Application_ds
CCCCCCCCCCCCCCCCCCC(C)(C)C.N#CC,Application_ds
CC(C)(C)C(=O)Nc1c(F)cccc1C=O.CO,Application_ds
O=C(OCCCC1=CC(OC)=C2OC(C3=CC(OC)=C(O)C(OC)=C3)C(C2=C1)COC(=O)C=CC4=CC=C(O)C(OC)=C4)C=CC5=CC=C(O)C(OC)=C5.CC(OCC)=O,Application_ds
  Cc1cc(=O)c(OCc2ccccc2)c(CNC(=O)N[C@@H]2CCCC[C@H]2/N=C/c2cc(C(C)(C)C)cc(C(C)(C)C)c2O)n1C.CC1CCCO1,Application_ds
O=C(C1=CC(O)=CC=C1O)CC(OC)C.O=CN(C)C,Application_ds
O=C(OC)C(=O)C1CCC2C3CC(=O)C4=CC(=O)CCC4(C)C3CCC12C.CCO,Application_ds
NC(=S)COC(=O)c1ccccc1.N#CC,Application_ds
CCN1CCC(n2cc(CNc3cc(Cl)c4ncc(C#N)c(Nc5ccc(F)c(Cl)c5)c4c3)nn2)CC1.CO,Application_ds
ClC1=CC=C(C=C1)C=2C(=NC(=NC2C)N)C=3C=CC(OCC4=CC=C(Cl)C(Cl)=C4)=CC3O.CC(OCC)=O,Application_ds
Cc1cccc(COc2ccc(Nc3ncnc4cccc(OC[C@@H]5CCCN5C(=O)CN(C)C)c34)cc2Cl)n1.O=CN(C)C,Application_ds
COC(C)(C)C(=O)Cl.CCO,Application_ds
COc1nc(Nc2ccc(-n3cnc(C)c3)c(OC)c2)nc(N2CCCCC2)n1.CC(C)=O,Application_ds
CC(C)(C)OC(=O)Nc1ccc(Nc2nccc(-c3ccc(OC4CCOCC4)c(C#N)c3)n2)cc1.CO,Application_ds
BrCCCBr.N#CC,Application_ds
NC1CCCC(Cc2ccccc2F)(NCc2ccccc2)C1.O=CN(C)C,Application_ds
O=C(OC(=O)C(CC)CC)C(CC)CC.CC(OCC)=O,Application_ds
O=C1C=C2OC3=C(C(=O)C)C(O)=C(C(O)=C3C2(C(=O)C1=C(NCCC4=NC(=NO4)C=5C=CC(OC)=CC5)C)C)C.CC1=CC=CC=C1,Application_ds
ClCc1ccc(Cl)cc1.CC(C)=O,Application_ds
OC1=CC=C(C=C1OC(CO)CC(C=2C=CN=C(N)C2)CC=3N=C[CH-]C3)CCC(O)CC(O)C4CCCC(CC)CC4.O=CN(C)C,Application_ds
O=C1OCC(O)=C1C(=O)C(C)C2C(C=C(CO)C3OC(C=CC(C)C4OC(CC4C)C(OC)C)CCC3C)CCCC2C.CC1=CC=CC=C1,Application_ds
O=C(NCCC1=CC=C(OC)C(OC)=C1)C2=CC=3C(=O)N4C=CC=CC4=NC3N(C2=N)C(C)C.N#CC,Application_ds
  Cc1cc(C)nc(Nc2c(NCCC3=CCCCC3)c(=O)c2=O)n1.CC1=CC=CC=C1,Application_ds
O=C(C1CC1)N1CC[C@@H](Cn2c(-c3ccc(Br)cc3)n[nH]c2=O)C1.N#CC,Application_ds
O=C(OC12C(OC(=O)C)C(C)C3(O)C4C=C(C(=O)C4CC(=CC3C1C2(C)C)CO)C)C=CC=CC=CCCC.O=CN(C)C,Application_ds
Cc1nc(C(=O)NCC(=O)O)c(O)c2sc(-c3ccccc3)nc12.CC(OCC)=O,Application_ds
  CCOC(=O)[C@@H](C)Nc1c(Nc2cccc(C)n2)c(=O)c(=O)c1=O.CCO,Application_ds
O=[N+]([O-])c1cc(Br)c2scnc2c1.O,Application_ds
OC1(C=CC(=CC=CC(=CC=CC=C(C=CC=C(C)C2OC3(C(=C2)C(C)(C)CCC3)C)C)C)C)C(O)(C)CCCC1(C)C.N#CC,Application_ds
O=C1OC2=C(C=CC(O)=C2C)C(=C1)CN3CCN(CCO)CC3.CC(OCC)=O,Application_ds
O=C1C2=C(NCC1)C3=NC=4C=CC=CC4C=5C=NC(C35)=C2N(C)C.O=CN(C)C,Application_ds
COc1nccc2c1c(OS(=O)(=O)C(F)(F)F)nn2C1CCCC1.O=CN(C)C,Application_ds
COC(=O)c1c(-c2cc(Br)c(OC)c(OC)c2)c2cc(OC)c(OC)cc2c(=O)n1-c1cccc(NC=O)c1.CC(OCC)=O,Application_ds
NC(=O)NCc1cccc(C(F)(F)F)c1.CC1=CC=CC=C1,Application_ds
COC(=O)c1c(C)cccc1COCCCCNc1ccc2ccccc2n1.CC(OCC)=O,Application_ds
CCOC(=O)c1cc(F)c(F)c(OC)c1F.CC(C)=O,Application_ds
CCOC(=O)[C@H](CCc1ccccc1)N[C@H]1CS(=O)c2ccccc2N(CC(=O)OC(C)(C)C)C1=O.CCO,Application_ds
COC(=O)c1cc(-c2ccccc2C=O)cc(C)c1N(Cc1cccnc1)S(=O)(=O)c1ccc(OC)cc1.O,Application_ds
O=C(NC1=CC=C(C=C1)C)C(NC(=O)C2CCN(C(=O)C3NCCC3)CC2)CC=4C=CC=CC4.CCO,Application_ds
C[C@H](N)COCc1ccccc1.CCO,Application_ds
Cc1cc(-c2ccc(CC(=O)O)cc2C#N)ccn1.CC(C)=O,Application_ds
CC(C)(C)OC(=O)/C=C/c1ccc(Br)cc1.N#CC,Application_ds
O=C1N([C@@H]2CC[C@@H](O)CC2)CCC12CCCNC2.CCO,Application_ds
CN1CCN(C(=O)N2CC=C(c3cc4c(Nc5ccc6c(cnn6C)c5)ncnc4[nH]3)CC2)CC1.CC1CCCO1,Application_ds
O=C1OC(O)C(=C1)CCC2(O)C(C)CC3OC(=O)C4(C)CCCC2(C)C34.CC1=CC=CC=C1,Application_ds
"C(C1C(C(C(C(O1)O)O)OC2C(C(C(C(O2)CO)O)OC3C(C(C(C(O3)CO)O)O)O)O)O)O
C(C1C(C(C(C(O1)O)O)OC2C(C(C(C(O2)CO)O)OC3C(C(C(C(O3)CO)O)O)O)O)O)O.CC1CCCO1",Application_ds
O=C(OC)C(=C)C1CCC2(C)C(CC=C3C4CC(C)(C)CCC4(C(=O)OC)CCC32C)C1(C)CCCO.CC1=CC=CC=C1,Application_ds
CC(C)(C)OC(=O)N[C@@H](CC(=O)N1CCn2c(C(F)(F)F)nc(C(=O)O)c2C1)Cc1cc(F)c(F)cc1F.N#CC,Application_ds
O=C1C=C(NC(C2=NC(=NO2)C3CC3)CCSC)CC(C)C41OC=5C(Cl)=C(OC)C=C(OC)C5C4=O.CC1CCCO1,Application_ds
NCCC(F)(F)C(F)(F)F.CC1=CC=CC=C1,Application_ds
Cc1cccc(C)c1-c1ccc(-c2ccnc(Nc3cccc(C(C)O)c3)n2)s1.O=CN(C)C,Application_ds
OC(C=C)(C)CCCC(C)CCC1C(C)CCCC1(C)C.CC(OCC)=O,Application_ds
CCCNC(=O)c1nnc2c(-c3cnc(OC)nc3OC)cccc2c1N.CCO,Application_ds
Cc1cc(C(=O)C[C@H](c2ccccc2)c2ccccc2C)ccn1.CC1CCCO1,Application_ds
Cn1cc(-c2cccc(-c3ncc(-c4cn[nH]c4)cn3)c2)cn1.CC1CCCO1,Application_ds
COC(=O)COc1cccnc1-c1ccsc1.CC1=CC=CC=C1,Application_ds
NCC(=O)Cc1ccc(Cl)cc1.CC1=CC=CC=C1,Application_ds
OC1=CC=C2C(OCC3C4=CC=C(O)C(=C4OC23)CC(O)C(=C)C)=C1.CC1=CC=CC=C1,Application_ds
O=c1cc(OCc2ccccc2)cc[nH]1.CC1=CC=CC=C1,Application_ds
  Cc1ccc(-c2ccccc2)n1[C@@H]1CCCC[C@H]1NS(=O)(=O)NC(=O)C(c1ccccc1)c1ccccc1.CO,Application_ds
Cc1ccc(CN)c(C)c1.CO,Application_ds
C(=CCCCCCCCCCCC)CCCCCC.O,Application_ds
C=Cc1ccc2oc(-c3cc4ccccc4cn3)cc(=NOC(C)(C)C)c2c1.CC(C)=O,Application_ds
CCOC(=O)CC(=O)Cc1ccc(OCc2ccccc2Oc2ccccc2)cc1.CC(C)=O,Application_ds
  C=C[C@H]1CN2CC[C@H]1C[C@H]2[C@H](NS(=O)(=O)N[C@H]1[C@H]2C=C[C@H](C2)[C@H]1C(=O)OCC)c1ccnc2ccc(OC)cc12.O=CN(C)C,Application_ds
O=C1C=2C=CC=CC2OC3=CC=C(O)C=C31.CC1=CC=CC=C1,Application_ds
  C=C[C@H]1CN2CCN1C[C@H]2[C@H](NS(=O)(=O)NC(=O)COc1ccc(Cl)cc1)c1ccnc2ccc(OC)cc12.O=CN(C)C,Application_ds
O=C(C=CC=1C=CC=C(OC)C1)C=2C(O)=CC(OC)=CC2OC.O,Application_ds
O=C1CCC(c2ccc(O)cc2)CC1.O,Application_ds
Clc1ccc(-c2cnc(Nc3ccc4c(c3)OCCO4)nc2Nc2ccc3c(c2)OCCO3)cc1.CC(C)=O,Application_ds
CC(C)(C)OC(=O)NCCN1CCN(c2cccc3nc(CN4CCC[C@H]5CCc6cccnc6[C@H]54)cn23)CC1.CC1CCCO1,Application_ds
CC(C)(C)[SiH2]OC(C)(C)c1ccc(Nc2ncc3cc(C#N)n(C4CCCC4)c3n2)nc1.CC(OCC)=O,Application_ds
COC(=O)C1CN(C(=O)c2cc(F)ccc2C(F)(F)F)CCN1C(=O)CNC(=O)c1cc(-c2ccccc2)[nH]n1.O=CN(C)C,Application_ds
CC(C#Cc1cccc(S(=O)(=O)Nc2ccc(F)cc2)c1)NO.CC1CCCO1,Application_ds
COc1ccccc1[C@@H]1CCN(Cc2cc(C(F)(F)F)ccc2-c2cc(C(C)C)ccc2Cl)C(=O)O1.CC(C)=O,Application_ds
Cc1nc(-c2ccc(C(F)(F)F)cc2)ccc1COS(C)(=O)=O.O=CN(C)C,Application_ds
O=C(OC=1C(OC)=CC(O)=C2C(=O)C(O)=C(OC12)C=3C=CC=CC3)CCC.CO,Application_ds
O=[N+]([O-])c1c(Cl)cccc1Cl.CC1=CC=CC=C1,Application_ds
O=C(NCCC1=CC=C(O)C=C1)CC(C2=CC=C(SC)C=C2)C=3C(=O)CC(C)C4(OC=5C(Cl)=C(OC)C=C(OC)C5C4=O)C3O.CC1CCCO1,Application_ds
CCOC(=O)c1sc(N2CCC(N(C)C(=O)c3nc(Cl)c(CC)[nH]3)CC2)nc1C.CCO,Application_ds
  CC(C)CC(=O)Nc1c(NP(=O)(N(C)C=O)N(CCCl)CCCl)c1=O.N#CC,Application_ds
CC(C)(C)OC(=O)N1CCC(c2nc(CCl)cs2)CC1.N#CC,Application_ds
O=C(OC)CC1C2(C(=O)C(C(OC(=O)CC)C1(C)C)C3OC34C2CCC5(C)C(OC(=O)CC45)C6=COC=C6)C.CCO,Application_ds
Cc1ccccc1-n1nnc2c(O[C@@H](COCCO[Si](c3ccccc3)(c3ccccc3)C(C)(C)C)C(=O)Nc3ccc(Cl)cn3)ncnc21.CCO,Application_ds
OCC1OC(OC=2C=C(OC)C(OC)=C(OC)C2)C(OC3OCC(O)(CO)C3O)C(O)C1O.N#CC,Application_ds
O=C1OC=2C=C(O)C(Cl)=CC2C3=C1CCC3.CC(C)=O,Application_ds
COc1c(F)cc(C(=O)Nc2ccc(-c3cn4cc(C)ccc4n3)cc2)cc1F.O=CN(C)C,Application_ds
C=CCN(CC(=C)C)S(=O)(=O)c1ccc(C)cc1.CC1=CC=CC=C1,Application_ds
O=C(O)C12CCC(C(=C)C)C2C3CCC4C5(C)CCC(OC6OC(O)C(O)C(O)C6OC7OC(C)C(O)C(O)C7O)C(C)(CO)C5CCC4(C)C3(C)CC1.CC1CCCO1,Application_ds
CCCCC(CC)COc1ccc(Br)cc1.CO,Application_ds
CC(C)(C)OC(=O)N(CCn1cccn1)c1ccc(N)cn1.CC1CCCO1,Application_ds
O=C(NC=1C=CC=2OC(C(=O)C=3C=CC=C(OC)C3)=C(C2C1)C)C=4C=CC=C(OC)C4.O=CN(C)C,Application_ds
COc1ccc([C@H](N)c2cnn(C)c2)cc1F.O=CN(C)C,Application_ds
O=C(OCC1C(OC(=O)C)CC(C(=CCC=C(C)C)C)C1C2C(=O)C=CC2C)C.O,Application_ds
CNc1cc(Cl)ncn1.CC(OCC)=O,Application_ds
  Cc1cc(=O)[nH]c(Nc2c(Nc3ccc(N(C)C)cc3)c2=O)n1.O,Application_ds
Cn1cc(-n2ccc(=O)c(Cl)n2)cn1.N#CC,Application_ds
O=C1C=2C=CC=C(O)C2C(=O)C=3C(O)=C4C(=C(O)C13)C(C(=O)OC)C(O)(C)CC4OC5OC(C)C(OC6OC(C)C(OC7OC(C(=O)CC7)C)C(O)C6)C(N(C)C)C5.CC1=CC=CC=C1,Application_ds
O=C1C(OC2OC(COC3OC(C)C(O)C(O)C3O)C(O)C(O)C2OC4OC(CO)C(O)C(O)C4O)=C(OC=5C=C(O)C=C(O)C15)C=6C=CC(OC)=CC6.O=CN(C)C,Application_ds
CC(C)N1CCC(Oc2ccc(C3CCN(C(=O)c4ccc(F)cc4)CC3)cc2)CC1.O,Application_ds
O=C(NCC=C)NC1CN(C(=O)C2=NC=CN=C2)C(C(=O)N(C)CC(=O)N)C1.CC1CCCO1,Application_ds
CC1(C)OC[C@H]([C@@H]2CNC(=O)C2)O1.O,Application_ds
N#CC1=CN=C(C=C1C)C.CCO,Application_ds
Cc1cc(C(=O)Nc2cc(Oc3ccc4nc(NC(=O)C5CC5)cn4c3)ccc2F)n(C)n1.N#CC,Application_ds
OC1=CC=CC=2N=C(O)C(OC)C(O)(C3=CC=C(OC)C=C3)C12.CC1=CC=CC=C1,Application_ds
Cc1nn(C)c(-c2ccc3c(c2)NC(=O)CO3)c1Br.O=CN(C)C,Application_ds
c1cn(-c2nsc(N(CCCNCc3ccc4c(c3)OCO4)Cc3nnn[nH]3)n2)cn1.CC(OCC)=O,Application_ds
O=C1NCC2=C(Cl)C=3C=C4C(C(=O)CC(C)C4OC5OC(C)C(OC)C(O)C5)=C(O)C3C(O)=C12.N#CC,Application_ds
COc1cc2c(cc1OC)CC(=O)N(CCCN(C)C[C@H]1Cc3cc(OC)c(OC)cc31)CC2.CCO,Application_ds
O=C(O)CC(NC(=O)C1CCCCN1C(=O)N1c2ccccc2Sc2ccccc21)C(=O)CF.CO,Application_ds
CC(C)OCCOCCN1CCC(n2c(=O)[nH]c3ccccc32)CC1.CC(C)=O,Application_ds
COc1ccccc1N1CCN(C[C@@H](Cc2ccccn2)NC(=O)C2CCCCC2)CC1.CC1CCCO1,Application_ds
O=C1C=C(OC=2C=3C=CC(OC3C(=C(O)C12)C)(C)C)C=4C=CC(O)=C(O)C4.CC(C)=O,Application_ds
Cc1cc(S(=O)(=O)Nc2nccs2)ccc1NC(=O)C(F)(F)F.CCO,Application_ds
COC(=O)c1cccc(F)c1NS(=O)(=O)c1nc2c(OC)ncc(Br)n2n1.CC(C)=O,Application_ds
CC(C)n1ncnc1-c1cn2c(n1)-c1ccc(N3CCN(CC(=O)O)CC3)nc1OCC2.O=CN(C)C,Application_ds
C#CCOc1c(OC)cc(C(=O)Cl)cc1OC.CC1CCCO1,Application_ds
COC(=O)C(CC1CC1)c1ccc(NC(C)C)cn1.CC1CCCO1,Application_ds
CN1CCN(CCCNc2ncc3cc(-c4c(Cl)cccc4Cl)c(N)nc3n2)CC1.O,Application_ds
COc1cc(OC)c(F)c(-c2ncc3cnn(C4CCCCO4)c3n2)c1F.CC1CCCO1,Application_ds
O=[N+]([O-])c1ccnc(Cl)c1O.CC1CCCO1,Application_ds
O=C(OC1=CC=C(C=C)C=C1)C2=CC=C(O)C(=C2)NC(=O)C.N#CC,Application_ds
CC(C)(C)OC(=O)COc1cccc(CN(Cc2ccc(-n3cccn3)cc2)S(=O)(=O)c2cccc(F)c2)c1.CO,Application_ds
COc1cccc(OCCCc2ccc([C@@H]3CC[C@]4(COC(=O)N4)C3)cc2)c1.O=CN(C)C,Application_ds
O=C(O)C1=CC=C(O)C(=C1)[NH+]([O-])O.N#CC,Application_ds
OC=1C=C(O)C=C(C=CC=2C(=C(O)C=C(O)C2CC=C(C)C)CC=C(C)C)C1.CC1=CC=CC=C1,Application_ds
CC(=O)N1CCN(c2cc3c(c(NCc4ccccc4)c2F)c(=O)c(C(=O)O)cn3C2CC2)CC1C.O=CN(C)C,Application_ds
CC(C)(C)C#CCCO.O,Application_ds
O=C1C=2C=CC=CC2OC=C1C(C=3C=C4OCOC4=CC3O)CC(=O)NCCN5C=NC=C5.CC1CCCO1,Application_ds
COC1=CC(OC)=C(Cl)C2=C1C(=O)[C@]1(O2)[C@H](C)CC(=O)C=C1OC.CC(OCC)=O,Application_ds
O=C(O)C(N)CC1=CC=C(O)C(F)=C1.N#CC,Application_ds
COC(=O)/C(Cc1ccc(O)cc1)=C(\C(=O)OC)C(C)C.CO,Application_ds
[O-]Cl.[Na+].CCO,Application_ds
COC(=O)c1cncc(O)c1.CC1CCCO1,Application_ds
CC(C)Cc1ccc(-c2nc3ccc(CO)cc3o2)cc1C(F)(F)F.O,Application_ds
O=Cc1ccnc2cccnc12.CC(C)=O,Application_ds
CC(C)(C)OC(=O)OC(=O)/C=C/c1ccc(F)cc1F.O,Application_ds
CCOC(=O)[C@H](Cc1ccc(OCC(=O)O)cc1)OCC.O,Application_ds
O=C(NCCC(=O)N1CC2N(CC(O)C2)C3(C1)CN(CCC=4C=CC=CC4)C3)C.CC(C)=O,Application_ds
[H][C@]12SC(C)(C)[C@@H](N1C(=O)[C@H]2NC(=O)[C@H](N)C1=CC=CC=C1)C(O)=O.O,Application_ds
CC(C)(C)OC(=O)N1CCC2(CC1)CC(C(N)=O)C2.CC1CCCO1,Application_ds
Cc1ccc(N2CCN(C(=O)c3ccc(N4C[C@@H](O)CC4=O)cc3)CC2)c(C)c1.CO,Application_ds
NCc1ccccc1Oc1ccc(Cl)cc1.CCO,Application_ds
Cc1nnc(C(=O)N[C@@H](C)Cn2ccc(-c3ccc(C#N)c(Cl)c3)n2)o1.O=CN(C)C,Application_ds
CC(=O)C(C)N(C(=O)Cc1ccccc1F)C(C)(C)c1cccc(Cl)c1.O=CN(C)C,Application_ds
COC(=O)c1cnc2c(c1)c(C1CCCCC1)c(Br)n2CC(=O)OC(C)(C)C.CC1=CC=CC=C1,Application_ds
O=C(OC1CC(C)C(C)(C2OC3OC=CC3C2)C4CC5OC(O)C14C6(OC6)C5)C.CCO,Application_ds
CCOC(=O)Cn1c(C(=O)O)cc2ccccc21.CC(C)=O,Application_ds
Cc1cccc(OCCN2CCCC2)c1[N+](=O)[O-].CCO,Application_ds
O=C(OC)C1=CC=C(C=C1)C(C=2OC(=CC(=O)C2O)C)CC(=O)N3CC=4NC=5C=CC=CC5C4CC3.CCO,Application_ds
Cn1c(=O)[nH]c(=O)c2[nH]cnc21.CO,Application_ds
Cn1ccc2ncnc(Cl)c21.CC(OCC)=O,Application_ds
OC=1C=C2C(=CC1OC3CC(C4=CCNC(N)=C4CSSCC(CO)C3O)CC5=CC=CN5)C6C(=CC7C#CC(CC)CC(NCC(O)C)CCC(O)C7C(O)C6)C(C2)CC.O,Application_ds
BrCCCOc1cccc2c1OCCC2N1CCCCC1.CCO,Application_ds
COC(=O)c1ccc(Br)s1.CC(C)=O,Application_ds
CS(=O)(=O)N1CCC(CC(=O)Nc2ccc(-c3cc(F)cc(F)c3)nc2)CC1.N#CC,Application_ds
COC(=O)c1sc(-c2ccc(Cl)cc2Cl)c(Br)c1OC.CC1=CC=CC=C1,Application_ds
ClC1=CC=CC(Cl)=C1C#N.CCO,Application_ds
N#CC=1C(=CC=C(Br)C1C)C.CC(C)=O,Application_ds
  COc1ccc(CCNC(=O)Nc2cccc3cccnc23)cc1OC.N#CC,Application_ds
COc1c(N)cc(C(C)(C)C)cc1NS(=O)(=O)N(C)C.O=CN(C)C,Application_ds
Oc1ccn(-c2ccc(Br)cc2)n1.O,Application_ds
O=C(O)C=C1c2ccccc2Oc2ccccc21.CC1=CC=CC=C1,Application_ds
C#CC(C)(N)CC.CC(C)=O,Application_ds
N=C(O)CCC=1C=CC=CC1O.CC1=CC=CC=C1,Application_ds
O=C(NCCC)N1CCC(O)(C=2N=C(SC2)CN3CC=4C=CC=CC4CC3)CC1.CCO,Application_ds
Cc1ccccc1C(NC(=O)Nc1ccc(Cl)cc1)C(=O)O.CC1=CC=CC=C1,Application_ds
O=C(N)C(NC(=O)C1=CC(NS(=O)(=O)C=2SC=CC2)C(O)C(O)C1)C(C)C.CC1CCCO1,Application_ds
COc1cc(OC)c(F)c(-c2ncc3c(-c4ccc5c(c4)CCN(C(=O)OC(C)(C)C)C5)n[nH]c3n2)c1F.CC(C)=O,Application_ds
CC(C)c1cccc2c1OC(C(C)C)CN2.CC(OCC)=O,Application_ds
Cc1cc(C(=O)NC(C)(C)C)ccc1Br.CO,Application_ds
CCc1c(CN2CCC[C@H]2C(=O)O)cccc1-c1cnc(-c2ccc(OC(C)C)c(C#N)c2)s1.CCO,Application_ds
CS(=O)(=O)O[C@@H]1C[C@@H](C(=O)CBr)N(C(=O)OCc2ccc([N+](=O)[O-])cc2)C1.CC1CCCO1,Application_ds
CC(C)(C)OC(=O)N(Cc1ccc(CN)cc1CO)C1CCCc2cccnc21.CO,Application_ds
O=C(NCCC)NC1CC(CN2N=NC(=C2)CN(C)C)C(O)C1O.N#CC,Application_ds
Cc1ccc(CN2CCC3(CC2)CSC2=C(O3)c3ccccc3C(=O)C2=O)cc1.CC(OCC)=O,Application_ds
COC(=O)[C@H](Cc1ccc(CCCC(C)=O)cn1)NC(=O)OC(C)(C)C.O,Application_ds
  O=C(Nc1c(Nc2ccc(N3CCOCC3)c(F)c2)c(=S)c1=S)C1CC1.N#CC,Application_ds
C1=CC=C2/C(=N/O)/C(=O)C=CC2=C1.C1=CC=C2/C(=N/O)/C(=O)C=CC2=C1.C1=CC=C2/C(=N/[O-])/C(=O)C=CC2=C1.[Na+].[Fe].CC1=CC=CC=C1,Application_ds
CC(C)CN(c1cccc(C(O)(C#CCNC(C)C)C(F)(F)F)c1)S(=O)(=O)c1ccccc1.CC1CCCO1,Application_ds
N#CCOCC#CCN1C(=O)CCC[C@@H]1C=O.CO,Application_ds
O=C1C2=NCCC=3C(OC)=C4OCOC4=C(C=5C=C(OC)C(OC)=CC15)C23.N#CC,Application_ds
CCCCCCCCCCS(=O)(=O)NC(=O)c1cnc(C(=O)O)c(OC)c1.CO,Application_ds
O=C1C2=C(N=C3N(N=C(CN23)C45CC6CC(CC(C6)C4)C5)CCO)N(C(=O)N1C)C.CC1CCCO1,Application_ds
CC(C)(C)OC(=O)Nc1sc(-c2c(F)cccc2F)nc1C(=O)O.N#CC,Application_ds
O=C1N2CC(C3=CC=C(C=C3)CC)C=4C=5C=CC=CC5NC4C2(C(=O)N(C1)CC6=CC=C(Cl)C=C6Cl)C.CC(OCC)=O,Application_ds
COC(=O)c1ccc(N(C)C(=O)OC)cc1S(=O)(=O)NC(=O)Nc1nc(Cl)cc(OC)n1.O,Application_ds
COC(=O)CN(C)Cc1cn2ccccc2n1.O,Application_ds
O=C[N-]C=O.O,Application_ds
CC(C)(C)OC(=O)N1CC2CN(C(=O)C3CC3F)CC2C1.CC(OCC)=O,Application_ds
O=C(Cl)OCCBr.O=CN(C)C,Application_ds
CCC(Oc1cccc(CN(CCCn2c(CCOC)nc3c(N)nc4ccccc4c32)C(=O)CN(CC)CC)c1)C(=O)OC.CC(C)=O,Application_ds
Cc1c(F)cc(C(=O)NC2CC2)cc1-c1ccc2c(cnn2-c2ccc(S(C)(=O)=O)cc2)c1.CC(OCC)=O,Application_ds
COC(=O)/C=C/c1ccc(C=O)s1.CCO,Application_ds
NC(=S)N1CCN(S(=O)(=O)c2ccc(OC(F)(F)F)cc2)[C@@H](C(=O)OCc2ccccc2)C1.N#CC,Application_ds
OCC1OC(OCCC(O)CCCCCCCCCCCCCCCCCCCCCCCC(O)C)C(O)C(O)C1O.CC(OCC)=O,Application_ds
  Cc1nnsc1C(=O)Nc1c(Nc2nc(-c3ccccc3)nc3ccccc23)c(=S)c1=S.CCO,Application_ds
O=C1C=C(OC2=CC=C(C=C12)NC(=O)C3CCCCC3)C=4C=CC(=CC4)C(C)(C)C.CC(OCC)=O,Application_ds
CC(C)(C)OC(=O)N1CCN2C(=O)c3c(cc(Br)cc3C(F)(F)F)[C@@H]2C1.O=CN(C)C,Application_ds
CCCCCCCCC=CCCCCCCCCOC1OC(CO)C(OC2OC(CO)C(O)C(O)C2O)C(O)C1O.CC(OCC)=O,Application_ds
C#CCOC(C(=O)Nc1cnccc1-c1ccc(OC)c(OC)c1)c1ccc(Cl)cc1.CC(C)=O,Application_ds
Fc1ccc(-c2nc(CI)co2)cc1.CCO,Application_ds
O=c1cccnn1-c1ccc2cc(CCO)ccc2c1.CC1=CC=CC=C1,Application_ds
O=C(OCC1OC(OC2=CC=C(C=C2OC)C3OCC4C(OCC34)C5=CC=C(O)C(OC)=C5)C(O)C(O)C1OC(=O)C=CC6=CC=C(O)C(OC)=C6)C=CC7=CC=C(O)C(OC)=C7.CC1=CC=CC=C1,Application_ds
O=C1OC(C=CC2C=CC(=O)C2CC=CCCC1)CC=CCC.CC(C)=O,Application_ds
  CC(=O)Nc1c(N[C@H](C(=O)N2CCC[C@@H]2C(c2ccccc2)c2ccccc2)C(C)(C)C)c(=O)c1=O.O=CN(C)C,Application_ds
O=C1NC=2C=CC=CC2C31NC(CC4=CNC=5C=CC=CC54)C6C(=O)N(C(=O)C63)CCC=7C=CC=CC7.N#CC,Application_ds
C[C@H](N)c1ncc(F)cn1.N#CC,Application_ds
O=C1C(OC2=CC(OCC)=CC=C21)=CC3=CC(OC)=C(OC)C=C3OC.N#CC,Application_ds
COCC(C)Nc1cc(-c2ncnc(Nc3cccc(Cl)c3)n2)ccn1.CC1=CC=CC=C1,Application_ds
CC(C)(C)OC(=O)N1CCC[C@H]1C#N.O=CN(C)C,Application_ds
CN(CCNS(C)(=O)=O)S(=O)(=O)c1ccc(Br)cn1.N#CC,Application_ds
Cc1nn(-c2ccccn2)c2c1C(O)CC(C)(C)C2.CC1CCCO1,Application_ds
O=C(N(C)CC=C)C(C)C1CCC2(C)CC=3SC(=NC3C(C)C2C1O)NS(=O)(=O)C4=CC=C(Cl)C=C4.O,Application_ds
COc1cc(N)c(C)cc1Cl.CC1CCCO1,Application_ds
COc1ccccc1-c1nc(Cl)ns1.CCO,Application_ds
COC(=O)c1ccccc1SC1=C(O)CC(CCC(C)C)(c2ccccc2)OC1=O.CC(C)=O,Application_ds
OC1=CC=C(OC2OC(COC3OC(CO)C(O)C(O)C3O)C(O)C(O)C2O)C=C1OC.CCO,Application_ds
COC(=O)[C@H](Cc1ccc(Br)cc1)NC(=O)c1cc(Cl)ccc1O.CC1=CC=CC=C1,Application_ds
CC(C)(C)OC(=O)n1c(CN(CCCCN2C(=O)c3ccccc3C2=O)C(C)(C)c2ccccn2)nc2ccccc21.CC(OCC)=O,Application_ds
CNc1cccc(Cl)c1.CC1=CC=CC=C1,Application_ds
CNc1nc(-c2ccc(Cl)cc2)c(-c2ccc(Cl)cc2)c2n[nH]c(=O)n12.CC(C)=O,Application_ds
OCC1N(C2=NC(=CC=C2CN(CC1)C3CCOCC3)C)C.O=CN(C)C,Application_ds
OB(O)c1cccc(-n2cccn2)c1.CCO,Application_ds
O=C(OCC1OC(OCCC2=CC=C(O)C=C2)C(O)C(O)C1O)C=CC3=CC=C(O)C(OC)=C3.CO,Application_ds
O=C1C=C2C(CCC3(C)C4C(OC5(C(O)C(C)C6(C=C(CNCC)C5CC6)C)C4(O)CCO)CC23O)C7(C)CC(O)C(O)C(C8=CC=C(O)C(O)=C8)C17.O,Application_ds
O(C=1C=2OCOC2C=C(C1CC=C(C)C)CC=C)C.CO,Application_ds
CC(C)(C)OC(=O)N(CCSCCC=O)CCc1cccc(Cl)c1Cl.O,Application_ds
O=C(C#CC#C)C=1C=CC=CC1CC(=O)O.CC(C)=O,Application_ds
COC(=O)[C@H]1CCC[C@@H](C(=O)Nc2cc(-c3ccc4ncn(CC5CCOCC5)c4c3)c(Cl)cn2)C1.CO,Application_ds
Clc1ccc2nc(N3CCNCC3)sc2c1.CO,Application_ds
O=C(OC1C2=C(OC=C2C)CC3(O)CCCC(C)C13C)C=C(C)CC.O,Application_ds
O=C1OC(C2=CC=C(OC)C(OC)=C12)C=3C(=O)NN(C3N)C4CCOCC4.CC(OCC)=O,Application_ds
O=Cc1cccnc1Sc1ccc(Br)cc1.CC(C)=O,Application_ds
CC1CCN([C@@H]2CCCN(c3ccc(C#Cc4ccc(-c5ccc(Cl)cc5)cn4)cc3)C2)CC1.CC1=CC=CC=C1,Application_ds
CC1=CC(=C(C=C1)N=N/C(=C(/C)\O)/C(=O)NC2=CC=CC=C2)[N+](=O)[O-].CCO,Application_ds
COC(=O)[C@@H]1C[C@@H](OC)CN1C(=O)OCc1ccccc1.CO,Application_ds
OC=1C(OC)=C(OC)C=C2C1CCN(C)C2CC3=CC=C(OC4=CC(=CC=C4OC)CC5C6=CC(OC)=C(OC)C(O)=C6CCN5C)C=C3.CO,Application_ds
O=C(OC)C1=NC=C2NC=3C=CC(OS(=O)(=O)O)=CC3C2=C1.CC1=CC=CC=C1,Application_ds
CCOC(=O)C1(COc2cnc(-c3ccc(Cl)cc3)cn2)CCN(C(=O)c2ccc(F)cc2)C1.CO,Application_ds
NCc1cc(C2=NOC(c3cc(Cl)c(F)c(Cl)c3)(C(F)(F)F)C2)ccc1F.CC(OCC)=O,Application_ds
Oc1cc2nc(Nc3cccc(F)c3)ncc2cc1-c1nccs1.CC(OCC)=O,Application_ds
  CC(C)CCOc1ccc(Nc2c(Nc3cc(F)cc(F)c3Cl)c(=S)c2=S)cc1.O,Application_ds
O=C(Nc1ccc(F)c([N+](=O)[O-])c1)c1ccc(F)cc1Cl.CC(C)=O,Application_ds
O=C(OC1C(C(=O)O)C2(C)C(CCC3(C)C2CCC4C5C(C(=C)C)CCC5(C(=O)O)CCC43C)C1(C)C)C6=CC=C(O)C=C6.CC1CCCO1,Application_ds
Cc1c(C(N)=O)cnn1-c1ccc(Cl)cc1.CCO,Application_ds
  C[C@H](NC(=O)NCCC(N)=O)c1cccc(Cl)c1.CC(C)=O,Application_ds
O=C1OC2(C(=O)C=3C=CC=CC3C2=O)CC=4C=CC=CC14.CCO,Application_ds
O=C(CCC1=CC=C(O)C(OCN)=C1)CC(O)CCC2=CC(O)=C(O)C(OCCC=3C=CC=CC3)=C2.CCO,Application_ds
Cc1ccc(S)c(C)c1.O=CN(C)C,Application_ds
CNCCC1CNCCO1.O,Application_ds
N#CC1=CC=C(C=C1)C(=O)NC2C(O)C(O)CC2C=3C=NC=CC3.O,Application_ds
O=C(c1ccc(OCc2ccccc2)cc1)c1n[nH]c2c(C(F)(F)F)cccc12.CC1=CC=CC=C1,Application_ds
COc1ccnc(CO)c1.CC1=CC=CC=C1,Application_ds
COC(=O)c1cccc(-c2ccc(CO)cc2)c1.N#CC,Application_ds
CC(C)(C1CCNCC1)S(=O)(=O)c1cccc(C(F)(F)F)c1.O,Application_ds
COC(=O)c1ccc(OC(F)F)c(F)c1.O=CN(C)C,Application_ds
N#Cc1cc(-c2cccc(F)c2)c2c(c1)cc1n2CCNC1=O.CCO,Application_ds
"CC(C)(C)C(C(CC1=CC=C(C=C1)Cl)N2C=NC=N2)O
CC(C)(C)C(C(CC1=CC=C(C=C1)Cl)N2C=NC=N2)O
CC(C)(C)C(C(CC1=CC=C(C=C1)Cl)N2C=NC=N2)O
CC(C)(C)C(C(CC1=CC=C(C=C1)Cl)N2C=NC=N2)O.N#CC",Application_ds
CC1CCCN1c1cccc(Nc2cc(Cl)nn3ccnc23)n1.CC(C)=O,Application_ds
COC(=O)c1cc(C(=O)OC)cc(-c2ccc(C)cc2C#N)c1.CCO,Application_ds
Cc1cc(C=O)cc(B(O)O)c1.CCO,Application_ds
NC(=O)CSc1ccc(B(O)O)cc1.CC(OCC)=O,Application_ds
  CCO[C@@H]1C/C(=C/c2ccc(NC(=O)NCc3ccc4ccc5cccc6ccc3c4c56)cc2)CO1.CC(C)=O,Application_ds
O=C(N)C1=CC=C(C=C1)N2C3=NC4=C(C(=O)NC(=O)N4C)N3C=C2C.O=CN(C)C,Application_ds
O=C1C(N)=C(C(=N)O)C2=NC3=C(OC2=C1C)C(=CC=C3C(=N)O)C.CC1=CC=CC=C1,Application_ds
O=C(OCC(OC(=O)CCCCCCCCCCCCCCCCC)CO)CCC=CCC=CCC=CCC=CCC=CCC=CCC.O=CN(C)C,Application_ds
O=C(OC(C(=O)O)C1=CC=C(O)C(O)=C1)C=CC2=CC=C(O)C(O)=C2.N#CC,Application_ds
CC(C)C[C@H]1CN(C(=O)C=Cc2ccc(Cl)cc2)[C@@H](CC(C)C)C(=O)N1.CO,Application_ds
CCOCOC1=CC=C(C=C1)C(=O)NC1=C(Cl)C(Cl)=CC=C1.CC1CCCO1,Application_ds
N#CC1=C(N)N2N=C(N=C2NC1C3=CC=C(OC)C=C3)C(F)(F)F.O=CN(C)C,Application_ds
O=C1NC(C(=O)N1CC=2C=CC=CC2)CCC(=O)NC(CO)C(C)C.CC(C)=O,Application_ds
O=C(Nc1ccccc1)Nc1ccc2c(O)c(C(=O)NC[C@H](O)C(=O)O)ncc2c1.O,Application_ds
O=C1OC(O)c2ccccc21.CO,Application_ds
O=C(C=CC1=CC=C(O)C=C1)C2=CC(O)=CC=C2O.N#CC,Application_ds
O=C1C(=COC=2C=C(OC)C(=C(O)C12)CO)C=3C=CC=CC3OC.N#CC,Application_ds
Cc1cc(Br)ccn1.CC(C)=O,Application_ds
CNC(=O)c1[nH]c2cccc3c2c1CCNC3=O.O=CN(C)C,Application_ds
  CC[C@H]1CN2CCN1C[C@H]2[C@H](Nc1c(Nc2nc(C)nc(N)n2)c(=O)c1=O)c1ccnc2ccc(OC)cc12.CO,Application_ds
O=C1OC=2C=C(C3=C(OC(C=4C=CC(OC)=CC4)=C3CC(=O)O)C2C(=C1CC=5C=CC=CC5)C)C.N#CC,Application_ds
CCOc1cccc(-c2cc(=O)[nH]c3ccc(C(O)(c4ccc(Cl)nc4)c4cncn4C)cc23)c1.O=CN(C)C,Application_ds
CN(C)C(=O)[C@@H]1C[C@@H](O)CN1C(=O)OC(C)(C)C.CCO,Application_ds
Cc1ccc(CN2C(=O)c3ccccc3C2=O)c(C)c1.CC1CCCO1,Application_ds
O=Cc1cccn1-c1ccc(Cl)cc1.O,Application_ds
CNC(=O)c1ccc(O)c(CC2CC2)c1O.CO,Application_ds
CC(Oc1cc(-c2ccc(N3CCC(N4CCCC4)CC3)nc2)cnc1N)c1c(Cl)ccc(F)c1Cl.CC1CCCO1,Application_ds
CC(=O)N1CCC(c2cncc(-c3cnc4c(c3)CCCN4C(N)=O)c2C#N)CC1.O,Application_ds
CC(C)(C)OC(=O)NCCOc1cc(C(=O)O)cc(S(F)(F)(F)(F)F)c1.CCO,Application_ds
Cc1cc(C)cc(CNC2CCCn3c2c(-c2ccccc2)c2cc(C)c(C)cc2c3=O)c1.CC(C)=O,Application_ds
O=C(O)CN1CCC(c2ccccc2)(c2ccccc2)C1=O.CCO,Application_ds
O=C1OCC2=C1C(OC)=C(C(OC)=C2C)CC=C(C)CCC(=O)NCC=3C=CC=CC3OC.O,Application_ds
O=C(NC=1C=CC=CC1)N2CC3N(CCOC3)C4(C2)CN(C4)C(C)C.CC1=CC=CC=C1,Application_ds
Cc1c(C)c2c(c(C)c1OC(=O)C(C)C)C(=O)C(C)(C)O2.CCO,Application_ds
O=C(C1CCCN(S(=O)(=O)c2ccc3ccccc3c2)C1)N1CCN(c2ccncc2)CC1.O=CN(C)C,Application_ds
O=[N+]([O-])CCc1ccccc1.CC1CCCO1,Application_ds
COc1nc(Cl)cnc1NS(=O)(=O)c1ccc(Br)s1.CCO,Application_ds
NC(=O)c1ccc(Oc2ccc3c(c2)CCCC3=O)cc1.O,Application_ds
N#CC(C#N)=C1C=C(c2ccccc2)P(=O)(c2ccccc2)C(c2ccccc2)=C1.N#CC,Application_ds
FC(F)(F)c1nnc2ccc(N3CCNCC3)nn12.O=CN(C)C,Application_ds
O=C(O)Cc1ccc(O)cc1.O,Application_ds
O=C1C=C2OC3=C(C(=O)C)C(O)=C(C(O)=C3C2(C(=O)C1=C(NC=4C=CC5=C(OC(C(=O)C6=CC=C(OC)C=C6)=C5C)C4)C)C)C.N#CC,Application_ds
COC(=O)c1cc(F)ccc1NC1CCC2(CC1)OCCO2.CCO,Application_ds
CCOC(=O)C=C(c1ccc(C(F)(F)F)cc1)c1ccc(C(F)(F)F)cc1.CCO,Application_ds
O=C=Nc1ccc(F)c([N+](=O)[O-])c1.O,Application_ds
Nc1cc(-c2ccccc2)sc1C(=O)O.CC1=CC=CC=C1,Application_ds
C=CCOc1ccc2c(c1)CCC(=O)N2CC=C(C)C.CC(OCC)=O,Application_ds
O=C1NC(NC=2C=CC=CC12)C=3OC=CC3.N#CC,Application_ds
CCCCc1nn(-c2ccc(C(F)(F)F)cn2)cc1C=O.CC(OCC)=O,Application_ds
Cn1c(CCc2ccc(C#N)cc2)nc2cc(N(Cc3cccc4ccccc34)C(=O)CCl)ccc21.O=CN(C)C,Application_ds
OC1=CC=C(C=C1OCC(O)[C+]2N=CC(=C2)C(C)CCC(O)C(O)C)CCC3=C[CH-]C([OH+]3)CCCC.CC1=CC=CC=C1,Application_ds
C#CC[C@@]1(NC(=O)OC(C)(C)C)CCN(C)C1=O.CC1=CC=CC=C1,Application_ds
O=C1C(=CC2C1(O)CC(=CC3C4C(OC(=C)C)(C(O)C(C)C32O)C4(C)C)CO)C.CC1CCCO1,Application_ds
NC1COC1.CCO,Application_ds
Cc1c(NS(=O)(=O)c2c(Cl)cc(Br)cc2Cl)cnn1C.CC1=CC=CC=C1,Application_ds
COc1ccccc1-c1cn(S(=O)(=O)c2ccc(C)cc2)c2ncc(-c3cc(F)c(N)c(C(=O)N(C)C)c3)cc12.O,Application_ds
O=C(NN)C=1OC(=CC1)[NH+]([O-])O.CC(OCC)=O,Application_ds
COc1cc(C=O)c(Br)c(OC)c1OC.CCO,Application_ds
O=CC1=C(OC2=CC=C(C=CC)C=C21)C=3C=CC(O)=CC3.CO,Application_ds
ClC1=CC=C(C=C1)C2=NN=C(C=3C=CC=CC3)C=4C2=NOC4C.CO,Application_ds
O=C(OCC(OC(=O)CCCC=CCC=CCC=CCC=CCC=CCC)CO)CCCCC=CCC=CCC=CCCCCC.CC1CCCO1,Application_ds
O=C(O)C1=NC(C=2N=C3C(=O)C(NC(C(=O)C)C)=C(OC)C(=O)C3=CC2)=C(N)C(C4=CC=C(OC)C(OC)=C4O)=C1C.CC(OCC)=O,Application_ds
OCCOCc1c(Cl)cccc1Cl.CO,Application_ds
  O=c1c(Nc2ccc(N3CCOCC3)c(F)c2)c(Nc2cccc3cccnc23)c1=O.O,Application_ds
Nc1nc(-c2ccc3c(N)n[nH]c3c2)cc(N2CCCC(N)C2)n1.O,Application_ds
CS(=O)(=O)OCc1cccc(C(=O)N2CCCC2)c1.O=CN(C)C,Application_ds
CCC(C)C1(CC=C)C(=O)NC(=O)NC1=O.CC1=CC=CC=C1,Application_ds
FC(F)(F)C=1C=CC=C(C1)N2CCN(CC2)CC3OCC(NCC4=NC=CC=C4)C3O.O=CN(C)C,Application_ds
N#CC(=CC1=CC=C(O)C(O)=C1)C(=O)NCC=2C=CC=CC2.CO,Application_ds
COC(=O)n1nc(-c2cc(Cl)c(C)c(Cl)c2)ccc1=O.CC1CCCO1,Application_ds
CC(N)c1ccc(Nc2ncc(Cl)c(CCc3ccccc3C3(C(N)=O)CC3)n2)cn1.O=CN(C)C,Application_ds
  Cc1ccc(Nc2c(NCc3cc(C(F)(F)F)cc(C(F)(F)F)c3)c(=O)c(=O)c2=O)c(O)c1.O=CN(C)C,Application_ds
O=C(NOc1ncc(C(F)(F)F)cc1Cl)c1cccc2ccccc12.O=CN(C)C,Application_ds
O=C(O)c1ccc(CNC(=O)C(F)(F)F)cc1.CC(OCC)=O,Application_ds
CCCc1ccc(-c2cnc(N)cn2)c(F)c1O.CC1=CC=CC=C1,Application_ds
O=C(Nc1ccc(C(=O)O)cc1)OCc1ccccc1.CC(C)=O,Application_ds
CC(C)(N)CN.CC1CCCO1,Application_ds
O=C1CC2SC3NC=4C(O)=C5NC=C6C5=C7C4C2(C3)CC1(O)N7CC6.CO,Application_ds
Cc1cnc2cc(Br)ccc2c1.CCO,Application_ds
C=C1CCc2c(-c3ccc(Cl)cc3)cn3cccc1c23.CC1CCCO1,Application_ds
O=C1C=C(NCCS(=O)(=O)N(C)C)CC(C)C21OC=3C(Cl)=C(OC)C=C(OC)C3C2=O.CC(OCC)=O,Application_ds
CCn1nc(Cc2ccccc2)cc1C1CCNCC1.CC1=CC=CC=C1,Application_ds
S1C=CC=C1CCCCCC.CC1=CC=CC=C1,Application_ds
CS(=O)(=O)OCCn1c2ccc(O)cc2c2c3c(c(-c4ccccc4)cc21)C(=O)NC3=O.CC1CCCO1,Application_ds
OC1CC2C3CCC4C(CN5CC(C)CCC5C4(O)C)C3C6C=CCC7(CC8(CCC(CC(C=9C=CC=CC9)CC=%10C=CC=CC%10)C8)C(O)CC17)C62.CO,Application_ds
CC(C)N1CCC(O)C1.CC1CCCO1,Application_ds
Cc1cccc(CO)n1.O,Application_ds
Clc1ccc2c(c1)CCN2.CO,Application_ds
  CC(C)[C@H](NC(=O)[C@H](CNS(=O)(=O)N[C@H](C(=O)N(C)C)C(C)(C)C)C(F)(F)F)C(=O)OC(C)(C)C.CC(C)=O,Application_ds
CCC1=[SH]C(=N)N(Cc2ccc(-c3ccccc3C#N)cc2)N1.CCO,Application_ds
O=C(Nc1ccccc1)c1ccc(Oc2ccc3ccccc3c2)cc1.CC(C)=O,Application_ds
O=C(O)C1NC(C2=CC=C(OC(F)(F)F)C=C2)C=3NC=4C=CC=CC4C3C1.CO,Application_ds
O=C(OC1C(OC(=O)C)C2C3(C)CCC(C(C)CCC(=O)C(=C)C)C3(C)CCC42CC54CCC(O)C(C(=O)O)(C)C15)C.O=CN(C)C,Application_ds
COc1ccc(S(=O)(=O)Cl)cc1.O=CN(C)C,Application_ds
C[C@@H]1CC2=CC(=O)CC[C@@H]2[C@H]2CC[C@]3(C)[C@@H](O)CC[C@H]3[C@H]12.CCO,Application_ds
CCCCCC(CC(=O)Nc1cc(C(N)=O)ccc1C(C)(C)C)c1ccc(OC)cc1OC.O,Application_ds
O=C1C=C2NC(=O)C(=CCCC(OC)C(O)C(=CC(C)C(O)C(OC)CC(C)CC(C2=O)=C1OC)C)C.CC(OCC)=O,Application_ds
O=C(OCCCCCC)SC1CC2=CCC3C(CCC4(C)C(CCCCCCCC)CCC34)C2(C)CC1.N#CC,Application_ds
Cn1nc(-c2ccc3c(c2)c2cc(-c4ccc(Cl)cc4Cl)c(=O)n(C)c2n3C)cc1CO.CC1CCCO1,Application_ds
NCCCCO.CC(OCC)=O,Application_ds
N#Cc1ccc(COCCBr)cc1.CC(C)=O,Application_ds
CS(=O)(=O)c1ccc(C(CC2CCOCC2)C(=O)O)cc1Cl.CCO,Application_ds
O=C1C=2C=C(OC)C=C(OC3OC(O)(CO)C(O)C(O)C3O)C2C(=O)C4=C(O)C=C(C=C14)CCC=5C=CC(N)NC5.CC1=CC=CC=C1,Application_ds
O=C(NCCOC)NC1COC(CN(C)CCC=2C=CC=CC2)C1O.O=CN(C)C,Application_ds
Nc1cc(C(F)(F)F)cc(C(F)(F)F)c1Br.O,Application_ds
O=C1NC=2C=CC=CC2C=C1C3=NC=4C(N3)=C5C(OC=C5C)=C6C=CC7=C(C=CC=C7C)C46.CC1=CC=CC=C1,Application_ds
[H][C@@]12CCCC[C@]1([H])CN(C[C@@H](O)[C@H](CSC1=CC=CC=C1)NC(=O)C1=C(C)C(O)=CC=C1)[C@@H](C2)C(=O)NC(C)(C)C.CC1=CC=CC=C1,Application_ds
O(C1=CC=C(C=C1)CNC2CCOC(C)(C)C2)C(C)C.N#CC,Application_ds
CC(C)OC(C(=O)Nc1ccc2[nH]nc(I)c2c1)c1ccccc1.CCO,Application_ds
O=C(OC1C(=O)C2C(OC(=O)C)CCC(C)C2(C)CC1C(=C)C)C(=CC)C.CC(C)=O,Application_ds
C[C@@H](Br)C(=O)O.O=CN(C)C,Application_ds
OC=1C=C(O)C=2C=C[C+](OC2C1)C3=CC(O)=C(O)C(O)=C3.CC(C)=O,Application_ds
O=C(OC1CCN2CC=C(CO)C21)C(=CC)C.CC1=CC=CC=C1,Application_ds
C[C@@H](NC(N)=O)c1ccccc1.CC(OCC)=O,Application_ds
O=C1Cc2cc(Br)ccc2N1.O,Application_ds
O=C(NC1CCCCC1)NC2CN(C(=O)CC(C)(C)C)C(C(=O)N3CCCC3C(=O)N)C2.CC1=CC=CC=C1,Application_ds
C1=CC(=CC=C1N)Cl.Cl.N#CC,Application_ds
O=C1NC(C(=O)N1CC2=CC=C3OCOC3=C2)CCC(=O)NCCC4=CNC=5C=CC=CC54.CC1CCCO1,Application_ds
Cc1c(Br)sc2ccc(Cl)cc12.CO,Application_ds
CNC(=O)Nc1ccc(-c2nc(Cl)nc(N3CC4CCC(C3)O4)n2)cc1.CC(C)=O,Application_ds
CN1C2=C([N-]C(Cl)=N2)C(=O)N(C)C1=O.C[NH+](C)CCOC(C1=CC=CC=C1)C1=CC=CC=C1.CC1=CC=CC=C1,Application_ds
CCOC(=O)N1CC[C@H](Oc2cccc(F)c2)[C@H](c2ccccc2)C1.CC(C)=O,Application_ds
O=C1NC2=NC=3C=C(C=CC3OC24C(O)CCC14)CO.CO,Application_ds
O=S(=O)(NCC1(COC=2C=NC=CC2)CC(O)C(O)C1)C=3C(=NOC3C)C.CC1CCCO1,Application_ds
CC(C)(C#C)NC(=O)C1=CC(=CC(=C1)Cl)Cl.O,Application_ds
O=C1OC=2C=C3OC4(CCC3=CC2C(=C1CC(=O)NCCCO)C)CCCCC4.CO,Application_ds
Cc1ccc(-n2nccn2)c(C(=O)N2CCC[C@@H](C)[C@H]2CNc2ncc3cc(Br)ccc3n2)c1.CO,Application_ds
Cc1cc(Cl)nc(C)c1C(=O)O.O,Application_ds
O=C1Cc2cc(S(=O)(=O)Cc3ccc(F)cc3)ccc2N1.CCO,Application_ds
O=C1C=C(OC=C1O)C(Br)=C(Br)Br.O,Application_ds
Oc1cccc(CN2CCCCC2)c1Cl.CC1=CC=CC=C1,Application_ds
CNC[C@@H]1CN(C(=O)OC(C)(C)C)C[C@H]1CN(C(=O)c1ccc(OC)c(OCCCOC)c1)C(C)C.CCO,Application_ds
Cc1n[nH]cc1CN1CCC2(CC1)OCC(F)(F)c1cc(Cl)sc12.CC1=CC=CC=C1,Application_ds
CC(C)(C)OC(=O)N1CC[C@H](O)[C@H]1COS(C)(=O)=O.CC(OCC)=O,Application_ds
O=C(c1cc(C(F)(F)F)cc(C(F)(F)F)c1)N1CC[C@H](N2CCN(Cc3ccccc3)CC2)[C@H](c2ccccc2)C1.N#CC,Application_ds
O=C(NC=1C=CC=C(F)C1)NC2CCN(C(=O)C(NC)C)C(C(=O)NCCCC(=O)OC)C2.O=CN(C)C,Application_ds
CC1(C)OB(c2cccc3cnsc23)OC1(C)C.CC1CCCO1,Application_ds
CS(=O)(=O)OCCc1cccc([N+](=O)[O-])c1.CC(OCC)=O,Application_ds
O=C1C2=CC=C(O)C(=C2OC(=C1C3=NC=4C=CC=CC4S3)C)CN5CCOCC5.CC(C)=O,Application_ds
Cc1c(C=O)sc2c(N3CCOCC3)nc(Cl)nc12.CC(OCC)=O,Application_ds
CN(C)S(=O)(=O)C1CCN(C(=O)OCc2ccccc2)CC1.N#CC,Application_ds
Cc1cc(C)c(C=O)[nH]1.O=CN(C)C,Application_ds
[H][C@@]12CC3=CN(C)C4=CC=CC(=C34)[C@]1(C[C@@H](COC(=O)C1=CC(Br)=CN=C1)CN2C)OC.CO,Application_ds
  CCN(CC)C(=O)CNC(=S)Nc1nc(C(C)(C)C)c[nH]1.O,Application_ds
  Cc1cc(NS(=O)(=O)NC(=O)c2cccc(C(F)(F)F)c2)c(C(C)C)cc1O.O=CN(C)C,Application_ds
O=CC1=C(OC=2C3=C(OCC(CO)CCC4=CC5=NCC=C5C=C4C6C(=O)C(CO)CC(=C13)C6)C7=C(OC(C7)C8(O)CCCC9CN(CCCOC)CCC98)C2CO)C(=O)OCC.CCO,Application_ds
CCOC(=O)Cc1c(C(=O)OCC)c2cc(Oc3ccc(Cl)c(Cl)c3)ccc2n1-c1ccc(OC(F)(F)F)cc1.N#CC,Application_ds
Clc1cc(Cl)c2c(c1)CC(Cl)c1ccccc1S2.CCO,Application_ds
O=C1C=2OC3=NC(=CC(=C3C2N=CN1CCC)C)C.CC1CCCO1,Application_ds
OC1(OOC(C=C1)(C)C)C(C)C2OC(C=C)(C)CC2.CC(OCC)=O,Application_ds
CNc1ccc(B2OC(C)(C)C(C)(C)O2)cn1.O=CN(C)C,Application_ds
ON=C(C)CC1C2=C(OC)C=3OCOC3C=C2CCN1C.CC(C)=O,Application_ds
OCC1OC(OC2CCC3(CO)C(CCC4(C)C3CC(O)C5C(CCC54C)C(OC6OC(CO)C(O)C(O)C6O)(C)CCC=C(C)C)C2(C)C)C(O)C(O)C1O.CC(C)=O,Application_ds
O=C(O)c1cccc2cc[nH]c12.N#CC,Application_ds
C=C[Mg+].CCO,Application_ds
CCCCCC(=CC=CC(=O)O)CCCCC.O,Application_ds
CN1CCSc2c(C(=O)O)cc(Cl)cc21.O,Application_ds
O=C1NC(C(=O)N2CC(O)CC2C(=O)NC(C(=O)N3CCCC13)CC=4C=CC=CC4)CC5=CC=C(O)C=C5.CC(C)=O,Application_ds
CCCCCCCCCCCCOc1ccc(B(O)O)cn1.CO,Application_ds
Nc1cc([N+](=O)[O-])c(-n2ccnc2)cc1F.CC(OCC)=O,Application_ds
CN(C)C(=O)[C@H](Cc1ccccc1)NC(=O)OCc1ccccc1.N#CC,Application_ds
CN(C)C(=O)c1cc(Br)ccc1F.O=CN(C)C,Application_ds
Oc1ccc2c(c1)[C@@]13CCCC[C@H]1[C@@H](C2)NCC3.O=CN(C)C,Application_ds
OC1CCC(=CCCC(=C)C=CC1(C)C)C.CC(C)=O,Application_ds
CC(CN1C=NC=N1)(C2=C(C=C(C=C2)OC3=CC=C(C=C3)Cl)C(F)(F)F)O.N#CC,Application_ds
Fc1ccc(-c2ccccc2)cc1.CC1CCCO1,Application_ds
CCOC(=O)C(Cl)C(=O)c1cccc(F)c1.CO,Application_ds
O=CCCCC1CC(c2cccc([N+](=O)[O-])c2)=NO1.CCO,Application_ds
OCCC(O)C=1C=CC=CC1.CC1=CC=CC=C1,Application_ds
Cn1nc(C2CCN(c3ccc(/N=C/c4ccc([N+](=O)[O-])o4)cc3F)CC2)oc1=O.CC(OCC)=O,Application_ds
Cn1cnc(S(=O)(=O)N2C[C@@H](N)[C@H](c3ccc(F)cc3)C2)c1.CO,Application_ds
O=C1OC(C=C1C)=CCCCN2C(=O)CCC2.N#CC,Application_ds
COCCN1CCc2ccc(N)cc2CC1.CC(OCC)=O,Application_ds
CC(C)(O)Cn1ccc(NC(=O)C(CC2CCCC2)c2ccc3c(c2)CCS3(=O)=O)n1.CC1=CC=CC=C1,Application_ds
ClC1=C(O)C=C2OC(C3=CC=C(O)C(O)=C3)C(O)CC2=C1O.CC1=CC=CC=C1,Application_ds
O=C1C=C2C3CCC4(CCC=5C=C(O)C=C(C5)N6C(=O)C7(C(CO)CCCC7CSSCC18CC(O)C(O)CC38C)C9(C6)CCCC9)C(CCC24O)C(O)(C)C%10OC%10C(C)C(C)C.CO,Application_ds
COCC(Cl)C=O.CO,Application_ds
CC(=O)c1cc(C)nc(NC(C)C)n1.CCO,Application_ds
c1cnc2nc[nH]c2c1.O,Application_ds
Cc1nc(-c2ccc(-c3cc(C(=O)Nc4cccc(N5CCOCC5)c4)ccc3C)cc2)no1.CCO,Application_ds
C[C@@H]1CCCN1.CC1=CC=CC=C1,Application_ds
OCC1(C)CCCC2(C)C1CC(O)C34C(O)C(=C)C(C(O)CC23)C4O.CC(OCC)=O,Application_ds
CCc1cnc(NCCc2ccc(OC)c(Br)c2)nc1.CCO,Application_ds
Cc1cc(Nc2nc(Cl)nc3c2cnn3-c2ccccc2)n[nH]1.CC1CCCO1,Application_ds
O=C1C(=COC=2C=C3OC(C=CC3=C(OC)C21)(C)C)C=4C=CC(OC)=CC4O.O=CN(C)C,Application_ds
O=C1OCC(=C1)CCC2(O)C3(C#CCC45C(=O)OC(C3)C6C(C)(CCC(O)C62C(O)C(C#CC5CCC(CC=7C=CC=CC7)C4)CC(C)CCCC=8C=CC=CC8)C9CCCC9)C.O=CN(C)C,Application_ds
Cn1cc(C#Cc2ccc(Cc3cc([C@@]4(O)O[C@H](CO)[C@@H](O)[C@H](O)[C@H]4O)ccc3Cl)cc2)cn1.CCO,Application_ds
CC(C)(C)OC(=O)N[C@H]1CCOC[C@@H]1COc1ccc(-c2ccc(F)cn2)c(F)c1F.O=CN(C)C,Application_ds
O=C1OC2=CC=C3C(=O)CC(OC3=C2C(C4=CSC=C4)C1)(C)C.CCO,Application_ds
O=C1OC2=C(C=C(OC)C=3C(O)=CC=C(C23)C4OC(C)C(O)C(N(C)C)C4O)C=5C(OC)=CC(C=C)=CC15.CC1=CC=CC=C1,Application_ds
CCN(C)S(=O)(=O)c1ccc(-c2cnc(N)c(-c3ccc4c(c3)CCCNC4=O)n2)cc1.CC1=CC=CC=C1,Application_ds
COc1ccc(CSc2cc(Cl)ncc2[N+](=O)[O-])cc1.CCO,Application_ds
O=C(N1CC(F)C(OCC2=NC=3C=CC(=CC3N2)C)C1)COC.N#CC,Application_ds
C#C[C@@H](O)CCO.CO,Application_ds
O=C(C(C(=O)C(F)(F)F)=P(C=1C=CC=CC1)(C=2C=CC=CC2)C=3C=CC=CC3)N4CCCCC4.CC(C)=O,Application_ds
Cc1nn(C)c(C)c1S(=O)(=O)Cl.CC(C)=O,Application_ds
CN(Cc1ccccc1-c1ccccc1)C(=O)CCCSc1ccc(O)cc1.CC1=CC=CC=C1,Application_ds
CCOC(=O)c1coc(C(C)(C)O)n1.O,Application_ds
  CC(C)CCNc1c(NC2([C@H]3CCCS3(=O)=O)CCCCC2)c1=O.O=CN(C)C,Application_ds
COC(=O)C1CC(=O)CN1Cc1ccccc1.O,Application_ds
O=C(O)C=CC(C)C1CCC2C3CCC4CC(O)CCC4(C)C3CC(O)C12C.N#CC,Application_ds
O=C(C=1C(=O)C(CCC(C)C)C(O)(C(=O)CCC(C)C)C1O)C(C)C.O,Application_ds
O=C(OC1CC(O)(C(=O)O)CC(OC(=O)C)C1OC(=O)C)C.CC1CCCO1,Application_ds
CCC(Br)c1nc(C)c(C)c(=O)n1Cc1ccccc1.CCO,Application_ds
O=C(OC1=CC=C2C(=O)C(OC2=C1)=CC=3C(F)=CC=CC3Cl)C4=CC=C(C=C4)C.N#CC,Application_ds
O=C(C=CC1=CC=C(OC)C=C1OC)C=2C=C(Cl)C=C(Cl)C2O.CC1CCCO1,Application_ds
Cc1c2n(c3c(Br)cc(F)cc13)CCNC2=O.CC(OCC)=O,Application_ds
COc1ccc(C=CC(=O)NNC(=O)C(F)(F)F)cc1.CO,Application_ds
COc1ccc(-c2ccc(OCCCCCCO)cc2)cc1.CC(OCC)=O,Application_ds
Cc1cccc(C(=O)N[C@@H](CC(C)C)C(=O)NCCO)c1.CC1=CC=CC=C1,Application_ds
O=C(OC1C(O)C2C3(O)C(OC(=O)C(C)CC)C(O)C4C(CN5CC(C)CCC5C4(O)C)C3CC62OC7(O)C(OC(=O)C(O)(C)C(O)C)CCC6(C)C17)C.O,Application_ds
Fc1ccccn1.CO,Application_ds
ONC1C2(C)CN3CC1(C)CN(C2)C3C=4OC=CC4.N#CC,Application_ds
ON=C(c1ccccn1)c1ccccn1.CC1=CC=CC=C1,Application_ds
O=C(O)c1cc(OCc2ccccc2F)cc(OCc2ccccc2F)c1.CC(C)=O,Application_ds
O=C(c1ccc(Nc2ncc(Br)cn2)cc1)C(F)(F)F.CCO,Application_ds
N#CCCNc1nc2ccccc2[n+]([O-])n1.CO,Application_ds
O=C(CC(O)C1=NC=CC=C1)CC2C3=C(OC)C=4OCOC4C=C3CCN2C.CC1CCCO1,Application_ds
O=C(O)CC1OC(C(=CC=CC(O)(C)CC2(OC2C(C)C(OC)C(O)C)C)C)C(C)CC1.O,Application_ds
OC1=CC=C(C=C1)C(C=C)(C)CCC=C(C)C.CC(OCC)=O,Application_ds
N#Cc1cccc(C(=O)Nc2cccc(-c3nnn[nH]3)c2)c1.CC1CCCO1,Application_ds
COc1cc2c(Oc3ccc(NC(=O)c4cccn(-c5ccc(F)cc5)c4=O)cc3F)ccnc2cc1OCCCN1CCOCC1.CC1CCCO1,Application_ds
O=Cc1ccc(F)c(OCC2CC2)c1.CO,Application_ds
COc1cccc(Cl)c1-c1cc2ccc(N)cc2[nH]1.CO,Application_ds
Fc1ccc2[nH]cc(C3=CCNCC3)c2c1.CC1=CC=CC=C1,Application_ds
O=C(O)C=Cc1cnc2[nH]c(=O)cc(O)c2c1.CC1=CC=CC=C1,Application_ds
N#CCc1ccc(Br)cn1.CC(OCC)=O,Application_ds
CC(C)C(O)c1ccc(OC(F)F)cc1.N#CC,Application_ds
CC1(C)OC(=O)Nc2ccc(-c3cccc(Br)c3)cc21.CC1CCCO1,Application_ds
CC(C)(C)OC(=O)N1CCC(COC2CC=C(B3OC(C)(C)C(C)(C)O3)CC2)CC1.CO,Application_ds
  CC(C)COc1cc(C(=O)NCc2c(F)c(F)c(F)c(F)c2F)nc2c(NC(=S)NC(=O)c3ccccc3Br)cccc12.O=CN(C)C,Application_ds
O=C(OCCC=1C(O)=C2C(=CC1C)CC(C)(C)C2)C.CC1CCCO1,Application_ds
O=C1NC23C=C4C=5C=CC=6OC(C=CC6C5[NH+]([O-])C4C(C)(C)C3CC17N(C2=O)CCC7)(C)C.CC(C)=O,Application_ds
[H][C@@]1(CC[C@@]2([H])[C@]3([H])[C@H](O)C[C@]4([H])C[C@H](O)CC[C@]4(C)[C@@]3([H])CC[C@]12C)[C@H](C)CCC(O)=O.O,Application_ds
COCCn1ncc(-n2cc(C#Cc3cccc(C)c3)nc2C)cc1=O.CC1CCCO1,Application_ds
O=C1OC2=C(C=CC=3OCN(C4=CC=C(C=C4)C(=O)OCCCC)CC32)C(=C1CC=5C=CC=CC5)C.CO,Application_ds
C[C@H]1CN(C(=O)C2CC2)c2cc(Br)ccc2N1C(=O)C(F)(F)F.O,Application_ds
COc1ccc(Sc2ccc(C)cc2Nc2ccnc3nc(C)ccc23)cc1.N#CC,Application_ds
Nc1cc(CCl)ccn1.N#CC,Application_ds
CCOC(=O)c1coc(Cl)n1.CO,Application_ds
BrCCCCCCCCc1ccccc1.O,Application_ds
CSc1cc(Cl)c(O)cc1Cl.O=CN(C)C,Application_ds
O=C(O)c1ccc(-c2ccccc2)c(F)c1.CC1CCCO1,Application_ds
O=C1OC2CC3(C)CCCC4(OC4)C3CC2C1CN5CCN(C(=O)C=6OC=CC6)CC5.CCO,Application_ds
COc1ccc2nc(Cl)nc(Cl)c2c1.CC1=CC=CC=C1,Application_ds
Nc1cccc(F)c1Br.CC(OCC)=O,Application_ds
CC(C)(C)c1ccc(Br)cc1.CO,Application_ds
CCOC(=O)c1sc(-c2ccc(OCC(C)C)c(C#N)c2)nc1C.CC1=CC=CC=C1,Application_ds
CCCCCCCNC(=O)N(C)c1cccc(-c2ccc(CCC(=O)OC)cc2OCc2cccc(F)c2)c1.CO,Application_ds
CN1C2=C(NC=N2)C(=O)N(C)C1=O.CC(OCC)=O,Application_ds
COc1cccc(-c2cc(C(N)=O)c3[nH]c4cc(N)ccc4c3c2)c1.CCO,Application_ds
Cc1nnc(NC(=O)C2(CC(CCc3ccccc3)C(=O)OCc3ccccc3)CCCC2)s1.CC(C)=O,Application_ds
ClC1=CC=C(Cl)C(=C1)C=2C=C(Cl)C=CC2Cl.CC(OCC)=O,Application_ds
OCC(OC(C)(C)C)C=CC#CC#CC#CC#CC.CC1=CC=CC=C1,Application_ds
N#CC1=CC=CC(=C1)CNC2COC3C(OC)COC32.CO,Application_ds
O=C(c1ccc(O)cc1)c1ccc(Br)cc1.CCO,Application_ds
Cc1nc(-n2ccc(O)cc2=O)sc1C(=O)NCc1ccccc1.CC1=CC=CC=C1,Application_ds
O=[N+]([O-])c1ccc(Cl)cc1CO.CC(C)=O,Application_ds
O=C(OCc1cc([C@@H]2O[C@H](COCc3ccccc3)[C@@H](OCc3ccccc3)[C@H](OCc3ccccc3)[C@H]2OCc2ccccc2)ccc1Cl)c1ccccc1.N#CC,Application_ds
O=C1CCC2(C)C1CCC3(C)C2CCC4C5C6OCC5(CCC6(C)C)CCC43C.CO,Application_ds
O=C1OC2=CC(O)=CC=C2C3OC4=CC=C(O)C=C4C13.CC1CCCO1,Application_ds
O=C(O)C=CC1=C(O)C=C2OC(=CC(=O)C2=C1O)C=3C=CC(O)=C(O)C3.CC1CCCO1,Application_ds
Fc1c(OCCNCc2cccs2)ccc2ccccc12.CCO,Application_ds
CC(C)C(O)C1CCNCC1.O,Application_ds
CCN(Cc1cc(C(F)(F)F)ccc1-c1cc(CC(=O)OC)ccc1OC)C(=O)COC.N#CC,Application_ds
CC(C)(C)OC(=O)[C@]1(Cc2cscn2)C[C@H](c2cnccn2)[C@H](c2nccs2)N1.O,Application_ds
FC1(F)CCC(N2CCC(O)(C=3N=C(SC3)CN(C)CC#C)CC2)CC1.N#CC,Application_ds
NCC1CCCO1.CC1CCCO1,Application_ds
Cc1cccc(O)n1.CCO,Application_ds
CC(C)Oc1cccc(F)c1.CC1CCCO1,Application_ds
O=C1N(C(=O)C2(C=3NC=4C=CC=CC4C3C(C5=CC=C(C=C5)CC)CN12)C)C=6C=CC=CC6F.O=CN(C)C,Application_ds
O=C(NCCCc1ccccc1)C(F)(F)F.CO,Application_ds
CC(C)=CCCC(C)=CCCC(C)=CCCC(C)=CC(=O)n1ccnc1.O=CN(C)C,Application_ds
O=C1NC(C(=O)N2CCCC2C(=O)NC(C(=O)NC1C)CC(C)C)C(C)CC.O,Application_ds
COc1ccc(N2CCN(CCC3CCCCC3)CC2)cc1F.CC1=CC=CC=C1,Application_ds
O=C1OC(O)C(=C1)C2OC(=O)C3OC34C5(C(=O)C(O)=C6C(OC7CC(=O)OCC67C5CCC24C)(C)C)C.CC1=CC=CC=C1,Application_ds
Cc1cc(Nc2ncnc3cccc(F)c23)ccc1O.CCO,Application_ds
OC1C(OC=2C=CC(=CC2)C=3OC4=CC=C(C=CC)C=C4C3C)OC(C)C(O)C1O.CC1=CC=CC=C1,Application_ds
Clc1cncc(NCc2ccccc2Cl)n1.CC(OCC)=O,Application_ds
OCC1OC(OCC2OC(OCCC=3C=CC=CC3)C(O)C(O)C2O)C(O)C1O.CCO,Application_ds
CCOC(=O)CCCCCN1C(=O)c2ccccc2C1=O.CCO,Application_ds
Cc1nc(-c2cccc(Cn3c(C(C)C)nc4ccn(-c5cccc(C#N)c5)c(=O)c43)c2)no1.CCO,Application_ds
  C=C[C@H]1CN2CC[C@H]1C[C@H]2[C@H](NC(=O)NCN(C)[N+](=O)[O-])c1ccnc2ccc(OC)cc12.O=CN(C)C,Application_ds
CCN(CC)C(=O)[C@@]1(C[C@@H]1CN)C1=CC=CC=C1.CC(OCC)=O,Application_ds
O=C(NC1CC(CC2=NOC(=C2)C=3C=CC=CC3)C1(C)C)COC=4C=CC=CC4.O,Application_ds
CCCCc1nc(-c2ccc(C(F)(F)F)cc2)ncc1CC(=O)O.CCO,Application_ds
O=C(C=1C=C(O)C=C(O)C1)CCCCC=CCCCCCCCC2=CC(O)=C(C(O)=C2)CCC(O)(C)C.O=CN(C)C,Application_ds
CS(=O)(=O)c1cccc(C2CCN(CCC3OCCO3)CC2)c1F.CC1=CC=CC=C1,Application_ds
ON=C1CCCc2ccncc21.CC1CCCO1,Application_ds
COc1cccc(C=NNC(=O)OC(C)(C)C)c1.CC1CCCO1,Application_ds
CCOP(=O)(OCC)c1ccsc1-c1cccs1.CC(OCC)=O,Application_ds
Oc1ccc(Br)c(Cl)c1.CC1=CC=CC=C1,Application_ds
O=Cc1cn(-c2ccc(Cl)c(Cl)c2)cn1.CCO,Application_ds
  C=C[C@@H]1CN2CC[C@H]1CC2[C@@H](Nc1c(Nc2nn3ccccc3c2C(=O)OC)c(=O)c1=O)c1ccnc2ccc(OC)cc12.CC1=CC=CC=C1,Application_ds
Clc1ncnc2[nH]nc(Br)c12.CC(OCC)=O,Application_ds
C=1C=CC2=C(C1)NC(=C2CCN(C)C)C3N4C=5C=CC=CC5C(=C4C6C=C(C)CC(C)(C)C63)CCN(C)C.CCO,Application_ds
O=C1NC2=CC(Cl)=CC=C2C1=CC3=CC=C(O)C(O)=C3.CC1CCCO1,Application_ds
  C#CCNC(=O)Nc1cc(Cl)cc(Cl)c1Cl.CO,Application_ds
CS(=O)(=O)N1CCC(CC(=O)Nc2ccc(-c3cc(F)cc(F)c3)nc2)CC1.O=CN(C)C,Application_ds
CN(c1ccc([C@H]2CNCCO2)cc1)C1CCCCC1.CC(C)=O,Application_ds
O=C(C=1C(O)=C(C(O)=C2C1OC=3C(=C(O)C(=C(O)C32)C)C(=O)C(C)C)C)C(C)C.CO,Application_ds
c1cncc(-c2nc(Nc3cc[nH]n3)cc3ccccc23)c1.O,Application_ds
O=C(OC)C1=COC(OC2OC(CO)C(O)C(O)C2O)C(C=C)C1CC(=O)OCC3(C)C(O)C(O)CC4(C)C5CC=C6C7C(O)(C)C(C)CCC7(C(=O)OC8OC(CO)C(O)C(O)C8O)CCC6(C)C5(C)CCC34.CC1CCCO1,Application_ds
NN.CC(C)=O,Application_ds
O=C1C=C(O)C(=O)C2=C(O)C=3C=C(OCC3C(O)=C12)C.CC1=CC=CC=C1,Application_ds
COCCOC(=O)N1CCCOc2cc(N)ccc21.O,Application_ds
COC(=O)c1nn(C(c2ccccc2)(c2ccccc2)c2ccccc2)cc1[N+](=O)[O-].N#CC,Application_ds
Nc1cc(F)ccc1[N+](=O)[O-].O,Application_ds
O=C(N)C(NC(=O)C1N(C(=O)C)CCN(C(=O)C=2C=NC=CC2)C1)CC3CCCCC3.CC1=CC=CC=C1,Application_ds
CC(C)CC(NC(=O)c1ccc(N2CC(F)(F)C2)c(OCC2CC2)n1)c1cccnc1.CC1CCCO1,Application_ds
CCC[C@H]1CC[C@@H](CCC)N1.CC(C)=O,Application_ds
CCn1cc(C(=O)O)c(=O)c2cc3cc(F)c(N4CCN(c5ccc(F)cc5)CC4)cc3nc21.O=CN(C)C,Application_ds
N#CC(CCN1CCC(C(=O)O)(c2ccccc2)CC1)(c1ccccc1)c1ccccc1.CC1=CC=CC=C1,Application_ds
COCOc1ccc(C=O)cc1OCOC.CC1CCCO1,Application_ds
COC(=O)c1cccn1NC(=O)[C@H](C)NC(=O)OC(C)(C)C.N#CC,Application_ds
O=C1OC=2C3=C(OC(C)(C)CC3=O)C=C(OC)C2C(=C1)CC.O=CN(C)C,Application_ds
FC(F)(F)C(F)(CCS)C(F)(F)F.CO,Application_ds
O=C1C(OC)=C(C(=O)C2=C1CC34OC2(O)CC3C(C)(C)CCC4)C(C)C.O,Application_ds
O=C(CCC1=CC=C(O)C(OC2CC#CC(O)C3=CC=C4C(=C3CC5=CN=C6C5=C[NH+]2C6)CCNC4N)=C1)C(CCCCC)C(O)CCCCC.CCO,Application_ds
O=C1C=2C=CC=CC2C3SC(C)(C)C(C(=O)NC(C(=O)NCCCOC)CC(C)C)N13.O=CN(C)C,Application_ds
O=C(c1ccc(-n2ccnc2)cc1)c1cc(Cl)ccc1Cl.CC(C)=O,Application_ds
CC(=O)COc1ccc(F)cc1Cl.CC(OCC)=O,Application_ds
  CCCOC(=O)CNc1c(NCCCC(N)=O)c(=S)c1=S.CC(OCC)=O,Application_ds
COC(=O)[C@H](Cc1ccccc1)NC(=O)Oc1ccc([N+](=O)[O-])cc1.CC1CCCO1,Application_ds
O=CC=1C=2OC(C3=CC=C(O)C=C3)CC(=O)C2C(O)=C(C1OC4OC(CO)C(O)C(O)C4O)C.CC(C)=O,Application_ds
CC(=O)N1CCC(n2ncc(-c3cnc4[nH]cc([C@H](C)c5c(OC(F)F)ccc(F)c5Cl)c4c3)c2C)CC1.O,Application_ds
O=C(O)C1CCN(c2ccc([N+](=O)[O-])cc2)CC1.CC1CCCO1,Application_ds
CC(C)(C)C[C@@H]1N[C@@H](C(=O)O)[C@H](c2cccc(Cl)c2F)[C@@]1(C#N)c1ncc(Cl)cc1F.N#CC,Application_ds
O=C1C2=CN=C(C=C2C=3C=CC=CC13)C.CCO,Application_ds
Cc1cccc(-c2sc(C)nc2C(=O)O)c1.CC1CCCO1,Application_ds
O=C1OC(CC1CCC)C(O)C.CC(C)=O,Application_ds
O=C1OC23CC(C)C4(OC53C(C(=O)C6(OC(O)(C(C)C6)C15)C)CC2C4O)C.N#CC,Application_ds
O=C(Cl)CC1CCCCC1.CCO,Application_ds
CCNC(=O)N1CCC[C@@H]1CNc1nc(Nc2cnn(C)c2)ncc1Cl.CC1CCCO1,Application_ds
O=C(OCC=1C=CC=CC1)C=2C=CC=CC2OC3OC(CO)C(O)C(O)C3OC4OCC(O)(CO)C4O.CO,Application_ds
CC(C)(NC(=O)c1ccc(C2CCCC2)c(-c2cccc(Cl)c2)n1)c1nccs1.CC1CCCO1,Application_ds
O=C(NC1=CC=C2NC(=O)C3N(C(=O)C2=C1)CCC3)C4=CC(OC)=C5OCCCOC5=C4.CC1CCCO1,Application_ds
CCC1(CC)c2cc(-c3cccn3C)ccc2-c2ccc(N(c3ccccc3)c3ccccc3)cc21.CCO,Application_ds
OC1=CC=C2C3=C1OC4CC(O)CCC34CCN(C)C2.N#CC,Application_ds
COC(=O)Cc1ccc(-c2csc(NC(C)=O)n2)s1.O,Application_ds
CCCCCCCC(Sc1ccc(CCC)cc1)C(=O)OCC.O,Application_ds
COc1ccc(COc2cc(/C=C/c3ccc(F)cc3)ccn2)cc1.N#CC,Application_ds
N[C@@H]1C[C@H]2CN(c3ccc(OC(F)(F)F)cc3)C(=O)N2C1.O,Application_ds
O=C(O)c1ccc(NC(=O)c2ccc(-c3ccccc3)cc2)cc1.CC(C)=O,Application_ds
OCC1(C)CCC2(C)CCC3(C4=CCC5C(C4=CCC3C2C1)(C)CCC(O)C5(C)C)C.N#CC,Application_ds
  COC(=O)Nc1cc(Nc2c(Nc3ncc([N+](=O)[O-])s3)c(=S)c2=S)ccc1C.CO,Application_ds
  Cc1cccc(C(C)C)c1Nc1c(NCCSCc2ccc(CN(C)C)o2)c(=O)c1=O.CC1CCCO1,Application_ds
O=C1C=2C(O)=CC=CC2OC=3C1=C(OC)C=C4OC5OCCC5C43.CC1=CC=CC=C1,Application_ds
O=C(NCCN(C)C)C1CC(O)C(O)C2NC(=NC3=CC=C(F)C=C3)SC12.O=CN(C)C,Application_ds
CCOC(=O)C(Cc1ccc(OCCN=[N+]=[N-])cc1)Oc1ccc(C(C)C)cc1.CC(C)=O,Application_ds
CC(=O)N1CCN(Cc2ccc(CCn3cnc4cc(-c5ccc(Cl)cc5)sc4c3=O)cc2)C(=O)C1.CC1=CC=CC=C1,Application_ds
CSc1ncc2ccc(Cl)nc2n1.CC1CCCO1,Application_ds
O=Cc1cc(Cl)ccc1OCCCCCBr.CC(OCC)=O,Application_ds
Cc1noc(NC(=O)C2=C(O)c3sccc3S(=O)(=O)N2C)c1C.O=CN(C)C,Application_ds
NC(=O)CNC(=O)c1cnn2cc(Cc3ccc(F)c(C(F)(F)F)c3)cnc12.O,Application_ds
COC(=O)C1CC=C(B2OC(C)(C)C(C)(C)O2)CC1.CCO,Application_ds
Cc1nc2cc3c(cc2o1)CCN(CCCl)CC3.CC(C)=O,Application_ds
CCOC(=O)c1cc2cccc(N)c2[nH]1.O=CN(C)C,Application_ds
O=C1CC(OC)C2(O)C1C3C4CCC5(CCC6(CCC7(CCCC7)C6)C5)C3(C)C2(C)C4.CC1=CC=CC=C1,Application_ds
CC(C)(C)c1csc(NC(=O)[C@@H]2CCCN2CC2CCOCC2)n1.O,Application_ds
CS(=O)(=O)N1CCN(Cc2ccc(O)cc2)CC1.CCO,Application_ds
CCOC(=O)CCCn1ccc2c(C#N)ccnc21.CCO,Application_ds
Cn1cc(C=O)c2c(Br)ccnc21.O,Application_ds
CC(C)(O)CF.CO,Application_ds
  CCCC(=O)Nc1c(N[C@H](CC(C)C)NC(=O)[C@@H]2CCCN2C(=O)OC(C)(C)C)c1=O.CC(C)=O,Application_ds
OCCC1CCC1.CO,Application_ds
Cc1ccc(C(=O)O)c(N)n1.CCO,Application_ds
O=C1C=2C(O)=CC=C(OC)C2C(=O)C=3C(O)=C4C(=C(O)C13)CC(O)(CC4OC5OC(C)C(O)C(N)C5)C(O)C.CO,Application_ds
CCCCCCCCc1ccc(C(=O)NCCn2cc(CCCCCc3cn(C(=O)OC(C)(C)C)c(N)n3)nn2)cc1.O,Application_ds
FC(F)(F)Oc1ccc(I)cc1.CC1CCCO1,Application_ds
Fc1ccc(C2=CCNC2)cc1.CC1=CC=CC=C1,Application_ds
  CC(C)(C)c1ccc(NC(=O)Nc2ccccc2)c(C#Cc2ccccn2)c1.CC1CCCO1,Application_ds
COC(=O)c1ccc(COCc2ccc(-c3ccccc3)o2)cc1-c1ccccc1C.CC(C)=O,Application_ds
O=C(OC)C(=C)C1C(O)C2C(=C)C(=O)OCC2(C=C)CC1OC(=O)C34OC5(OC3)OCC6(C=C)CC(OC(=O)C(=C)CO)C7C(=C)C(=O)OC7C6C5CC4.CC(C)=O,Application_ds
CCOC(=O)C1CNCCC1NS(=O)(=O)c1ccc(OCc2cc(C)nc3ccccc23)cc1.CC(C)=O,Application_ds
O=C1OC(C2=COC=C2)C3(C(=C1)C4=C(CC3)C5(C)C6C(OC5(O)C(O)(C4)C(OC(=O)C)C6(C)C)C(=O)OC)C.CO,Application_ds
O=C(CC(=O)CCCCCCC)CC[C]1[CH][C](OC)[C](O)[C]([CH]1)C2[C]3[CH][CH][NH2+][C](N)[C]3C=CC2CO.CC1=CC=CC=C1,Application_ds
COc1cc(COc2nn(-c3ccccc3)cc2/C=C/C(=O)N(C)OC)ccc1OCc1nc(-c2ccco2)oc1C.CC1=CC=CC=C1,Application_ds
O=C1OCC(=C1)CCC2(C)C(C)CCC34C(O)OCC54OC5CCC23.CCO,Application_ds
Cc1cc(CN)no1.O=CN(C)C,Application_ds
O=C(NCC1C=C(C)C(CC(=O)N2CCN(C)CC2)CC1C(C)C)C=3C=NC=CC3.CC1CCCO1,Application_ds
O=C(OC1C2OC(=O)C2=CCCC(=CC3OC(=O)C(=C)C31)C)C(=CC)C.O,Application_ds
CC(=O)c1cc(C#N)cc(C(F)(F)F)c1.CCO,Application_ds
O=C(CN1CCC(Oc2ccc(OCCOCC(F)(F)F)cc2)CC1)N[C@@H]1COc2nc([N+](=O)[O-])cn2C1.O=CN(C)C,Application_ds
COCCCN1C(=O)CCc2cc(OCC[C@@H]3CN(C(=O)OCc4ccccc4)CCN3C(=O)OC(C)(C)C)ccc21.O=CN(C)C,Application_ds
COc1cc2ncnc(N3CCc4c(c(CO)nn4C)C3)c2cc1OC.O=CN(C)C,Application_ds
  CCOc1ccc(Nc2c(Nc3cc(Cl)c(F)c(Cl)c3F)c(=O)c(=O)c2=O)cc1.CC(C)=O,Application_ds
N#Cc1ccccc1-c1cc(-c2cnc3nccnn23)ccc1F.CC(C)=O,Application_ds
C[SiH](C)OC(CCc1cc2c(cc1Br)C(C)(C)CCC2(C)C)C(C)(C)C.CC(OCC)=O,Application_ds
OCC=C(C)CCC1C(=C)CCC2C1(C)CC(O)C3C(C)(C)CCC(O)C23C.CCO,Application_ds
COc1cccc2c1C(Nc1ccc3cc(N)ccc3n1)CO2.CC1CCCO1,Application_ds
CN(C(=O)OC(C)(C)C)C1CCCC(Oc2cc(F)ccc2[N+](=O)[O-])C1.CC(OCC)=O,Application_ds
O=C(NC1CCCCC1)NC2CCN(C(=O)CSC)C2C(=O)NC(C(=O)N)CCCNC(=O)CSC.CC1=CC=CC=C1,Application_ds
COc1ccc([C@@H]2Sc3ccccc3N(CCN(C)C)C(=O)[C@@H]2O)cc1.CC(C)=O,Application_ds
CC(C)(COCc1ccccc1)C(N)=O.O,Application_ds
O=C1C=C2C(=CC=C1NC(C(=O)NC3=NC(=CS3)C4=CNC5=CC(OC)=CC=C54)C(C)CC)C6=C(OC)C(OC)=C(OC)C=C6CCC2NC(=O)C.CC(C)=O,Application_ds
OC1=CC(=C(O)C=C1C)C2(C)CCCC2(C)C.CC(OCC)=O,Application_ds
O=C1C=2C=CC=CC2N(C(O)=C1C3=NN=C(O)C3=NNC4=C(Br)C=C(C=C4[NH+]([O-])O)[NH+]([O-])O)C.CC1CCCO1,Application_ds
CCCCCCCCOc1ccc2c(c1)CN(C(=O)OC(C)(C)C)[C@H](C(=O)O)C2.O=CN(C)C,Application_ds
O=C1OC2=C(C=CC(OCC(=O)C=3C=4C=CC=CC4N(C3C)C)=C2C)C(=C1CC)C.CCO,Application_ds
O=C1OC=2C=C3OC(C=CC3=C(OC)C2C(O)=C1C=4C=CC=5OCOC5C4)(C)C.CC(C)=O,Application_ds
CN(C)CCCOc1ccc(C(=O)/C=C/C(C)(C)O)cc1.CC1=CC=CC=C1,Application_ds
O=C1NC(C)C(NC(=O)C(NC(=O)C(NC(=O)CC(=O)C(C)CC(C)CC(C)C(O)C(C)C(OC2OC(CO)C(OC)C(O)C2O)C(O)C)C(O)C)C)C(=O)NC(C(=O)NC(C(=O)NC1)C(C)CC)C3=CC(OS(=O)(=O)O)=C(C(O)=C3Cl)C.CC1=CC=CC=C1,Application_ds
O=C1CCCN(C(=O)OCc2ccccc2)c2cc(Cl)ccc21.CCO,Application_ds
Nc1nc(-c2ccccn2)cs1.O,Application_ds
CCC1OCC(C)(c2cccc(Sc3ccc(C(C)=O)cc3)c2)O1.CO,Application_ds
Cc1ccc(-n2nc(C)c3c(C(=O)Nc4c(C)ccnc4C)cc(C)nc32)cn1.O=CN(C)C,Application_ds
O=C1OC=2C=CC=CC2C(O)=C1C(C=3C=CC=C(OC)C3OCCC=4C=CC=CC4)CC(=O)OC.CC(C)=O,Application_ds
NC(=O)c1ccccc1NC(=O)C1CCCCC1.CO,Application_ds
CN(C)C(=O)N(C)c1nnc(C(C)(C)CCl)s1.CC(OCC)=O,Application_ds
CC(C)(C)OC(=O)N(c1cscn1)S(=O)(=O)c1ccc(F)c(C#N)c1.O,Application_ds
O=C(OCC(OC(=O)CCCCCCCC=CCC=CCCCCC)COP(=O)(O)OCC(O)COP(=O)(O)OCC(OC(=O)CCCCCCCCCC=CCCCCCC)COC(=O)CCCCCCCCCC=CCCCCCC)CCCCCCCC=CCC=CCCCCC.CO,Application_ds
O=C(OCCCC)C1=CC=C(N=C(NC2=CC=C(C=C2)C(=O)OCCCC)C(=NC3=CC=C(C=C3)C(=O)OCCCC)NC4=CC=C(C=C4)C(=O)OCCCC)C=C1.CC1=CC=CC=C1,Application_ds
  O=c1c(Nc2cc(Cl)c(Oc3ncc(C(F)(F)F)cc3Cl)c(Cl)c2)c(Nc2ncc([N+](=O)[O-])s2)c1=O.CC(OCC)=O,Application_ds
O=C(OCC12CCC(C)(C)CC2C3=CC(O)C4C5(C)CCC(OC(=O)C)C(C)(C)C5CCC4(C)C3(C)CC1O)C.CC(OCC)=O,Application_ds
O=C(O)CC1C(NCC1C(=CC=CC(C(=O)O)C)C)C.O,Application_ds
CC#CCOc1ncnc(Oc2cccc(F)c2F)c1F.CC(C)=O,Application_ds
CC(C)(C)OC(=O)NNC(=O)Cc1ccc(Br)cc1.CO,Application_ds
Clc1ccc(C(OC2CCNCC2)c2ccc(Cl)cc2)cc1.CC(C)=O,Application_ds
Cc1nc2cccnc2n(-c2cccc(NC(=O)c3cc(Cl)cc(Cl)c3)c2)c1=O.CC(C)=O,Application_ds
  Cc1nn(-c2ccccc2)c(Cl)c1C(=O)NC(=O)N[C@@H](NC(=O)C(F)(F)F)c1ccccn1.O,Application_ds
CC(C)Oc1ccc(S(C)(=O)=O)cc1C(=O)N1CCC(O)CC1.CC1CCCO1,Application_ds
CCCc1nnc(NC(=O)NC)s1.CC1CCCO1,Application_ds
COC(=O)c1ccccc1OS(=O)(=O)C(F)(F)F.CO,Application_ds
O=C(NC(C)(C)C)C(Br)(C(F)(F)F)C(F)(F)F.CC(C)=O,Application_ds
O=C(OCCN1C=NC=2C=CC=CC2C1=O)C3=CC=C(OC)C(OC)=C3.CC(OCC)=O,Application_ds
CN(C)C(=O)c1c(-c2ccccc2)c(-c2ccccc2)n[nH]c1=O.CCO,Application_ds
O=C(SCC=C)C.O=CN(C)C,Application_ds
COC(=O)c1sc(-c2c(C)nn3ccccc23)nc1OS(=O)(=O)C(F)(F)F.CC1=CC=CC=C1,Application_ds
O=C(O)C(NCCC(=O)CC(C)C)C.CC1=CC=CC=C1,Application_ds
Cc1ccc2c(OCCN3CCC(Cc4cccc(N)c4)CC3)cccc2n1.CCO,Application_ds
O=C(NC(C)CCCCC)C=1C=CC=CC1N2C(=O)N3CCC=4C=5C=CC=CC5NC4C3(C2=O)C.N#CC,Application_ds
O=CC1CC23CCC4C(C)(COC(=O)C)CCCC4(C)C3CCC1C2.CC1CCCO1,Application_ds
Cc1cc(Br)cc(C)c1N.CC(C)=O,Application_ds
O=C(OC(=O)C1C=CCCC1=O)C=2C=CC=CC2OC3OC(CO)C(O)C(O)C3O.O,Application_ds
CCCNc1cc(-c2c(-c3ccco3)nc(N)nc2-c2ccco2)ccn1.CC(C)=O,Application_ds
CCOC(=O)C1=C(COCC(N)=S)NC(C)=C(C(=O)OC)C1c1cccc(Cl)c1Cl.CC(OCC)=O,Application_ds
NCC(F)(F)CO.CC1CCCO1,Application_ds
OCCOCc1c(Cl)cccc1Cl.CC1=CC=CC=C1,Application_ds
  CS/C(NCc1ccccc1)=C(\C#N)C(=O)Nc1c(Nc2cc(C#N)nn2-c2c(Cl)cc(C(F)(F)F)cc2Cl)c1=O.CC(OCC)=O,Application_ds
O=C1C=C(OC=2C=C(O)C=C(O)C12)C=3C=CC(OC=4C(OC)=CC(O)=C5C(=O)C=C(OC45)C=6C=CC(O)=CC6)=CC3.N#CC,Application_ds
O=C1OC(CC2=C1C(O)=C(C(O)=C2C)C)CCCC(O)C.CC1CCCO1,Application_ds
CCOC(=O)C1(N)Cc2ccccc2C1.CO,Application_ds
O(C1=CC2=C(C(OC)=C1OC)C3=C(OC)C=4OCOC4C=C3C5OC2C(C)C5C)C.CC1CCCO1,Application_ds
O=C(O)c1c(CN2CCCC2=O)c(-c2ccccc2)nc2ccccc12.CO,Application_ds
CCCc1c(OCCCOCCCOc2c(C(C)=O)ccc(OCC(=O)OCC)c2CCC)ccc(C(C)=O)c1O.O=CN(C)C,Application_ds
O=C1C=2C(O)=C3C(OC(C3)C(O)(C)C)=CC2OC4=CC(O)=C(OC)C(=C14)CC=C(C)C.O,Application_ds
Cc1nc(-c2cncc(/C=C/c3ccccc3)n2)sc1C(=O)NCc1ccccc1.O=CN(C)C,Application_ds
  COC(=O)c1ccc(Nc2c(Nc3ccccc3N)c2=O)cc1.O=CN(C)C,Application_ds
  CC(=O)CC(C)(C)Nc1c(N[C@H](C(=O)O)C(C)C)c(=O)c1=O.O=CN(C)C,Application_ds
C#Cc1ccc(Cl)cc1.CC1=CC=CC=C1,Application_ds
CC(=O)OC1CCc2c1ncc(NC(=O)c1nc(-c3c(F)cccc3F)sc1NC(=O)OC(C)(C)C)c2N1CCC[C@H](NC(=O)OC(C)(C)C)C1.O,Application_ds
  CC(C)=CCC[C@](C)(Nc1c(Nc2cc(C(F)(F)F)cc(C(F)(F)F)c2)c(=O)c(=O)c1=O)[C@H]1CC=C(C)CC1.CCO,Application_ds
NC1COc2ccccc21.CO,Application_ds
N#CC1(NC(=O)[C@@H]2C[C@@H](S(=O)(=O)c3ccccc3Cl)CN2C(=O)c2ccc(F)cc2)CC1.CO,Application_ds
CCOC(=O)CCC(CC=Cc1cccnc1)CCCC#N.CC(C)=O,Application_ds
  Nc1cccc(Nc2c(NC[C@@H](O)c3ccccc3)c2=O)n1.O=CN(C)C,Application_ds
O=C1CSC(=S)N1c1cccc(F)c1.O=CN(C)C,Application_ds
O(CC)C(OCC(OC(OCC)C)COC(OCC)C)C.CC1CCCO1,Application_ds
O=C(O)C1=CC(OC)=CC2=C1OC3=C(O)C(OC)=CC(=C32)C.CO,Application_ds
O=C(O)C12C#CCC3(OC45OC6=CC=7OC(=CC(=O)C7C(O)=C6C(C=C5CC=8NC=CC8C#CC9(CCCC9)C3(O)C(O)C4O)C=%10C=CC(N)NC%10)C=%11C=C(O)C(O)=C(C%11)CCO)C(=O)OC(O1)C(O)C(O)C2(O)O.CC1=CC=CC=C1,Application_ds
CC(C)Oc1ncc(-c2nc(-c3ccc4c(c3)CCN(C(=O)[C@@H](NC(=O)OC(C)(C)C)[C@@H](C)O)CC4)no2)cc1C#N.N#CC,Application_ds
O=C(C1=COCC2C1CC3C=4NC=5C=C(OC)C(=CC5C4CC2N3C)CC6=C(OCC7C6CC8C9=C(C=%10C=CC=CC%10N9C)CC7N8C)C)C.CC1=CC=CC=C1,Application_ds
CCN(CC)CCC1CCCCN1C(=O)N1c2ccccc2C(=O)Nc2cccnc21.N#CC,Application_ds
Cc1cc(Br)oc1CO.CCO,Application_ds
C[Si](C)(C)CCOCn1c2cnc(C#N)cc2c2c(OC[C@H]3CCCCN3)ccnc21.O,Application_ds
O=C(OC)C1=CCC2CCC1C2C.CC1CCCO1,Application_ds
CCN(c1cc(-c2ccc(CN3CCCN(C)CC3)nc2)cc(C(=O)NCc2c(C(C)C)cc(C)[nH]c2=O)c1C)C1CCOCC1.CC1=CC=CC=C1,Application_ds
  CCOC(=O)c1c(N)sc(C(=O)NS(=O)(=O)Nc2ccccc2SCc2ccccc2)c1-c1cccc([N+](=O)[O-])c1.CC1CCCO1,Application_ds
COCC1NCC(C)N(Cc2ccc3c(N)ncnc3c2)C1=O.CC(C)=O,Application_ds
C=CC(=O)OOC(C)(N)CC.O,Application_ds
CCOC(=O)CN1C(=O)COc2cc(F)ccc21.CC(C)=O,Application_ds
[O-][NH+]1C=NC2=C(N=CN2C3OC(CO)C(O)C3O)C1N.O=CN(C)C,Application_ds
c1ccc(-n2c3ccccc3c3cc(-c4ccc5[nH]c6ccccc6c5c4)ccc32)cc1.O=CN(C)C,Application_ds
BrC1=CC=C(OCC2=NC=CC=C2)C(=C1)C3NCCC=4C=5C=C(OC)C=CC5NC43.O,Application_ds
OCCC(=CCC(C(=C)C)CCC=C)C.O,Application_ds
COC(=O)C(C)(N)c1cc(Br)ccc1F.CO,Application_ds
CCCC(CCC)NC(=O)c1cccc(Br)c1.CO,Application_ds
O=C(O)C(N=C(O)C(N=C(O)C(N)CCP(=O)(O)C)C)CC(C)C.CC1=CC=CC=C1,Application_ds
ClC=1C=CC(=CC1)C=2N=C3C=CC=CC3=C(N2)NC4=CC=C5OCCOC5=C4.O=CN(C)C,Application_ds
O=C1NC(C(=O)NC=2C=CC=CC12)CC(=O)NC=3C=CC=CC3OC.CC(OCC)=O,Application_ds
Cc1ccc(C(COC(C)C)NC(=O)Cc2ccc3oc(C(O)c4c(C)noc4C)cc3c2)c(C)c1.CCO,Application_ds
CC1=C(C#N)C(c2ccc3[nH]nc(N)c3c2)C(C#N)=C(C)N1.CC1=CC=CC=C1,Application_ds
O=C(O)CCCCCCCCCCCCCCC1C=CCC1.CO,Application_ds
C=C(C)C(=O)Cl.CCO,Application_ds
OC(C=C)(C)CCC1C(=C)CCC2C(O)(C)CCCC12C.CO,Application_ds
ClCOCc1ccccc1.CC1CCCO1,Application_ds
CCCn1c2ccccc2c2nc(SCC(=O)NC3CCCCC3)n(-c3ccccc3)c(=O)c21.CO,Application_ds
Cc1ccc(C(=O)O)cc1Br.O,Application_ds
Nc1ccc(N2CCC(Cc3ccccc3)CC2)cc1.N#CC,Application_ds
Cc1ccccc1CN1CCC(=O)CC1.O=CN(C)C,Application_ds
O=C1C2=CC=CC3=C2CN1CC(=O)C4=C(O)C5=C6OC7OC(COC(C=CC6=C(OC)C8=C5C9=C4C%10CCCC%10CC9CC8)C=%11C=N[C+]%12C=CC(=CC%11%12)CNC%13CCCCC%13)C(O)C(OC#CC3)C7(O)CO.N#CC,Application_ds
O=C(OC1C(O)C2(C)C(CC(O)C2C(C)CCC(C)C(C)C)C3CC=C4CC(O)CCC4(C)C13)C.N#CC,Application_ds
CC(C)N(CCCl)C(C)C.O,Application_ds
O=C1C(=COC=2C=C(O)C=C(O)C12)C=3C=C(O)C(O)=C(OC)C3CC=C(C)C.O=CN(C)C,Application_ds
S=C(NCc1ccccc1)Nc1ccc2[nH]cnc2c1.CCO,Application_ds
O=C1C=C2C(=CC=C1NCCCC(=O)NC3=CC=C(C=C3)CN4N=CN=C4)C5=C(OC)C(OC)=C(OC)C=C5CCC2NC(=O)C.CCO,Application_ds
O=C(N(Cc1cc2c(cn1)OCCO2)CC1CCCNC1)C(F)(F)F.O=CN(C)C,Application_ds
COC(=O)C1CC2CCC1NC2.CO,Application_ds
O=C1OC2=CC(OC(=O)N3CCOCC3)=CC=C2C(=C1C=4C=CC(OC)=CC4OC)C.O=CN(C)C,Application_ds
O=C(OCC(O)CO)CCCCCCC=CCC=CCC=CCC=CCC.O,Application_ds
COCCCN1CCOc2ccc(CO[C@@H]3CC[C@@H](CC(C)(C)C(=O)CCl)N(S(=O)(=O)c4ccc(C)cc4)C3)cc21.O,Application_ds
O=C(OC1C(C)C23OC4(OC(C3C5OC5(C)C(O)C6(O)C(=O)C(=CC62)C)C1(O4)C(=C)C)C=7C=CC=CC7)CC(C)C.CC1=CC=CC=C1,Application_ds
Cc1c(CCC(=O)OC(C)(C)C)ccc(OCc2cc(F)cc3sc(C(F)(F)F)nc23)c1C.CO,Application_ds
O=C(C=CC=1C=C(OC)C(O)=C(OC)C1)N2C=CC=C2.O,Application_ds
N#CC1CCN(C(=O)OCc2ccccc2)CC1.CC(C)=O,Application_ds
O=C1C(=NN=C(SC)N1N)C(C)(C)C.CCO,Application_ds
Cc1ccc(S(=O)(=O)n2c(=O)n(-c3ccc(C(C)(C)C#N)cc3)c3c4cc(Br)ccc4ncc32)cc1F.N#CC,Application_ds
CN(C)CCN1C(=O)CCc2cccc(F)c21.CC(OCC)=O,Application_ds
COc1cc2c(Cl)ncnc2cc1OCCCN1CCN(CCF)CC1.CC(OCC)=O,Application_ds
Cc1noc(C)c1-c1cnc2c(I)c[nH]c2c1.O,Application_ds
CC(C)(C)[SiH2]OC(C)(C)c1cc(CCN)ccc1Cl.N#CC,Application_ds
Nc1ncnc2c1nc(Br)n2[C@@H]1O[C@H](CO)[C@@H](O)[C@H]1O.CC1CCCO1,Application_ds
COc1ccc(Cl)c(N)c1.O,Application_ds
O=C(C=1SC(=CC1)C=2SC(C#CC)=CC2)C3CCC4CC53CC(C6C#CC7=C(C=C(O)C=8C=CC(NC78)C(O)(C)CC=9C=CC=C(C9)C6)CC4NC(=N)NC)C%10(CCCC%10CO)C5.CC1=CC=CC=C1,Application_ds
C=C[C@H]1CN(C(=O)OC(C)(C)C)C[C@@H]1O[Si](C)(C)C(C)(C)C.CC1CCCO1,Application_ds
CCOC(=O)OC(C)Cl.CC1CCCO1,Application_ds
Cc1c(CN)[nH]c2ccccc2c1=O.CO,Application_ds
  CC(C)(C)c1ccc(C(=O)NC(=S)NCC(N)=O)cc1.CC(C)=O,Application_ds
O=C(O)C1=CC(OC2OC(COC(=O)C=3C=CC=CC3O)C(O)C(O)C2O)=CC=C1O.CC1CCCO1,Application_ds
Cn1c(N)nc(-c2cccc(F)c2)c(-c2ccc(=O)[nH]c2)c1=O.O=CN(C)C,Application_ds
Cc1ccc(-c2cccc(/C=C/C(=O)Nc3ccc(CN(C)CC#N)cc3)c2)cc1.N#CC,Application_ds
CN1CCC(Cc2cccc(B3OC(C)(C)C(C)(C)O3)c2)CC1.CCO,Application_ds
O=C1OC=2C=C(OC)C(O)=CC2C=3C(C4=CC=C(OC)C(O)=C4)=C5C=6C=C(OC)C(O)=CC6CCN5C13.CC(C)=O,Application_ds
C=CCC(O)(CCCl)c1ccc(F)cc1.CCO,Application_ds
CCCCCCCCCCCCCCN.CC(C)=O,Application_ds
C[C@H](N)c1ccc(Cl)cc1.O,Application_ds
BrCc1ccc(-c2ccccc2-c2nnnn2Cc2ccccc2)cc1.N#CC,Application_ds
  O=c1c(Nc2nc(-c3ccccc3)n[nH]2)c(Nc2nc(-c3ccccc3)n[nH]2)c(=O)c1=O.N#CC,Application_ds
O=C1C=2C(OC)=CC(OC)=CC2OC(C3=CC=C(OC)C(OC)=C3OC)C1.CO,Application_ds
O=C(OCC(=C)C(OC(=O)C)CC(=O)OC)C.CC1=CC=CC=C1,Application_ds
COc1cc(B2OC(C)(C)C(C)(C)O2)ccc1NC(=O)c1cc2ccsc2n1C.CC(OCC)=O,Application_ds
CC1(C)C(=O)N(C2CCN(c3nc4ccccc4s3)CC2)c2nccnc21.O,Application_ds
  CCCCCCCCNC(=S)Nc1nc(C)cs1.CO,Application_ds
CC1(C[C@H](O)[C@@H](N)CC2CCCCC2)S(=O)(=O)CCCS1(=O)=O.N#CC,Application_ds
CCCCN(CCCC)c1ccc(C=CC=Cc2ccc(C=O)s2)c(OC)c1.N#CC,Application_ds
O=C(NC1CCC1)NC2COC(CN3CCN(C4=CC=CC(=C4)C(F)(F)F)CC3)C2O.CCO,Application_ds
CCOC(=O)C(C)Oc1ccc(Oc2cc(F)cc(F)c2)cc1.CC1CCCO1,Application_ds
N[C@@H]1CCc2ccccc21.CO,Application_ds
O=C1Nc2ccccc2C12CCNCC2.CCO,Application_ds
CCC1(C(=O)NC(=O)NC1=O)C1=CC=CC=C1.CC1=CC=CC=C1,Application_ds
O=C1OCC(=C1)C2CCC3(O)C4C(O)CC5CC(OC6OC(C)C(OC7OC(C)C(O)C(O)C7)C(OC8OC(C)C(O)C(O)C8)C6)CCC5(C)C4CCC23C.CC1CCCO1,Application_ds
CCCCCCCCCCCCCCCC(C)OS(=O)(=O)O.CC1=CC=CC=C1,Application_ds
COc1ccccc1N1CCNCC1.O=CN(C)C,Application_ds
COC(=O)C[C@@H]1COc2cc(O[C@@H]3CCc4c3ccc(C#N)c4Cc3ccc(F)cc3)ccc21.O,Application_ds
CCc1cc(Br)c2c(c1)CC(CO)O2.N#CC,Application_ds
COC(=O)CCCCCN(C)CC(=O)OC(C)(C)C.CC1CCCO1,Application_ds
CCOC(=O)c1sc(N2CCN(Cc3ccc(F)cc3)C2=O)nc1C.N#CC,Application_ds
Clc1cc(-c2ccc3ccccc3c2)ncn1.O,Application_ds
COC(=O)[C@H](C)c1cccc(C)c1.CC1=CC=CC=C1,Application_ds
C=C(C)C(=O)OCCCCCCOc1c(OC)cc(-c2nc3ccccc3s2)cc1OC.CC1=CC=CC=C1,Application_ds
O=C1OCC2OC(OC3=CC(O)=C(C(=O)CCC=4C=CC=CC4)C(O)=C3)C(O)C(O)C2OC(=O)C5=CC(O)=C(O)C=6OC7(O)C(=O)C=C1C(C65)C7(O)O.CC1=CC=CC=C1,Application_ds
ON=CC1=NC(=CC(OC)=C1SC)C2=NC=CC(=C2)C.CC(C)=O,Application_ds
O=C(O)CCCC(NC(=O)C)C(=O)O.O=CN(C)C,Application_ds
Oc1cc(Cl)nnc1Cl.CC1CCCO1,Application_ds
O=C1CCC(=O)N1.CC1CCCO1,Application_ds
Cc1cc(NN)nc(C)n1.CC(C)=O,Application_ds
CC(C)S(=O)(=O)NCCOc1ccc(C2=CCCCC2NS(=O)(=O)C(C)C)cc1.CC(OCC)=O,Application_ds
CC(C)(C)OC(=O)Nc1ccccc1NC(=O)c1ccc(-c2ccoc2)nc1.CC1CCCO1,Application_ds
O=C(OCCCCC=CCC=CCC=CCC=CCCCCC)C.CO,Application_ds
C=1C=CC2=C(C1)NC3C2CCN4CC5CCCCC5C43.CC1CCCO1,Application_ds
OC=1C=CC=CC1OC=2C=CC=CC2OC.O=CN(C)C,Application_ds
  O=S(=O)(NCCCc1c[nH]cn1)NC(c1ccccc1)(c1ccccc1)[C@@H]1CCCN1Cc1ccccc1.CC(C)=O,Application_ds
O=C(CCl)Nc1ccc(S(=O)(=O)c2cccc(Cl)c2)cc1.CCO,Application_ds
COc1cc(C2Nc3ccc(C(=N)N)cc3C3c4ccccc4CC23)c(-c2ccc(C(=O)O)cc2OC)cc1O.O=CN(C)C,Application_ds
Clc1ccc2c(c1)CNCc1nnc(Br)n1-2.O,Application_ds
  CN(CNS(=O)(=O)Nc1ccccc1/N=C/c1ccc([N+](=O)[O-])cc1)[N+](=O)[O-].O=CN(C)C,Application_ds
NC[C@H](O)CO.CC1=CC=CC=C1,Application_ds
O=C([C@@H]1CCCN1Cc1ccccc1)N1CCN(Cc2ccc(F)cc2)CC1.CC(C)=O,Application_ds
CC(C)CCS(=O)(=O)Cl.O=CN(C)C,Application_ds
COc1ccc(C=O)c(-c2ccc(O[Si](C)(C)C(C)(C)C)cc2)c1O.O=CN(C)C,Application_ds
O=C(O)CNC(=O)c1ccccc1.CC1=CC=CC=C1,Application_ds
  C=C[C@@H]1CN2CC[C@H]1C[C@H]2[C@H](NC(=S)Nc1c(F)c(F)nc(F)c1F)c1ccnc2ccc(OC)cc12.CC(C)=O,Application_ds
O=C(OC1OCC(O)C(O)C1OC2OC(C)C(OC3OCC(O)C(O)C3O)C(O)C2O)C45CCC(C)(C)CC5C6=CCC7C8(C)CCC(OC9OC(CO)C(O)C(O)C9O)C(C)(CO)C8CCC7(C)C6(C)CC4.O,Application_ds
C=Cc1nc(C(=O)OC)c(Cl)c(N)c1F.CC1=CC=CC=C1,Application_ds
O=C1C=CC2(C(=C1)CC(O)C3C2CCC4(C)C(CCC34)C(C)CCCO)C.CC(C)=O,Application_ds
O=Cc1ccc(-c2cccc(Cl)c2)o1.CC(C)=O,Application_ds
O=C(C=1C=CC=CC1OC)N2CCC3(O)CCCCC3C2C4=CC=C(OC)C=C4OC.CC1CCCO1,Application_ds
COC(CNC(=O)N(C)c1ccc(SC(F)(F)F)cc1F)OC.CCO,Application_ds
OCC(C)CCC(O)C(C)C1C(O)CC2C3CCC4CC(O)CCC4(C)C3CCC21C.CO,Application_ds
O=C(CCCOCc1ccccc1)N1C(=O)OC[C@@H]1Cc1ccccc1.CC1CCCO1,Application_ds
CS(=O)(=O)c1ccccc1B(O)O.CO,Application_ds
O=C1OC2=CC=C(C=C2C(=C1C=3C=CC(Br)=CC3)C)C.O,Application_ds
Clc1nc(Cl)c2[nH]cnc2n1.CC1=CC=CC=C1,Application_ds
OCC1CCC(C(O)C1)C(C)C.CCO,Application_ds
O=S(=O)(c1ccnc2[nH]ncc12)C1CC1.CC(OCC)=O,Application_ds
O=C1C=CC(=O)C=2C=CC=CC12.CO,Application_ds
COc1cc2c(cc1-c1c(C)noc1C)[nH]c1ccnc(Cl)c12.O,Application_ds
  CC(C)CCNc1c(NC2([C@H]3CCCS3(=O)=O)CCCCC2)c1=O.CC(OCC)=O,Application_ds
C=CCOC(=O)N1C[C@@H](C(C)(C)C)C[C@@]1(C=O)O[SiH](C)C.CC(OCC)=O,Application_ds
CC(=O)c1ccc(/C=C/c2ccccc2)cc1.CO,Application_ds
O=S(=O)(C1=CC=C(F)C=C1)CC2=NOC(=N2)C3N(CC4=NC=5C=CC=CC5N4C)CC(O)C3.CC(OCC)=O,Application_ds
CC(C)c1nc2c(c(C3=CCOCC3)c1[C@H](O)c1ccc(C(F)(F)F)cc1)[C@@H](O[Si](C)(C)C(C)(C)C)CC1(CCC1)C2.CC1CCCO1,Application_ds
COc1nc(N)nc2nccnc12.CC1CCCO1,Application_ds
CC(C)C[C@H]1C(=O)N[C@H](c2cccs2)CN1C(=O)c1cc(-c2ccc(F)cc2)on1.CO,Application_ds
  CCOC(=O)[C@@H]1[C@@H]2C=C[C@@H](CC2)[C@H]1NS(=O)(=O)NCC(N)=O.CCO,Application_ds
CC1Cc2c(ncnc2Oc2ccc3c(ccn3C(=O)Nc3cccc(C(F)(F)F)c3)c2)CN1.CC(C)=O,Application_ds
CS(=O)(=O)N1CCN(S(=O)(=O)c2ccccc2-c2ccc(-c3cnc(N)cn3)c(F)c2)CC1.CC1CCCO1,Application_ds
O=C1OC(=CC(OC)=C1)C(O)CCCC.CC(C)=O,Application_ds
Cc1nc2cccc(Cl)c2nc1Cl.CC1=CC=CC=C1,Application_ds
C#Cc1ccccc1C(F)(F)F.CC1=CC=CC=C1,Application_ds
O=C(O)C(=NNC(=O)C)C.O=CN(C)C,Application_ds
O=C(c1cc(C(F)(F)F)cc(C(F)(F)F)c1)N1C[C@H]2CC[C@@H](N3CCCC3)CN2C[C@H]1Cc1c[nH]c2ccccc12.CC(C)=O,Application_ds
O=C1OC=2C(OC3OC(CC)C(O)C(O)C3O)=C4OC(CC4=CC2C=C1)C(O)(C)C.N#CC,Application_ds
CCOC(=O)C(C)=NNc1cccc(Cl)c1F.CC1=CC=CC=C1,Application_ds
O=C1N2C(C3=CC=CC(=C3)[NH+]([O-])O)C=4NC=5C=CC=CC5C4CC2C(=O)N(C1)CCCCC.CCO,Application_ds
CN1CS(=O)c2cc(CCN)ccc21.N#CC,Application_ds
CC#CCn1c(N2CCN(C(=O)OC(C)(C)C)CC2)nc2cn[nH]c(=O)c21.N#CC,Application_ds
c1cnc(OC2CCCNC2)nc1.N#CC,Application_ds
  O=c1c(NC[C@@H]2CCC3=NN(c4ccccc4)[C]N32)c(Nc2cccc3cnccc23)c(=O)c1=O.CO,Application_ds
O=C(OCC)CCCCCCC=CCC=CCC=CCCCCC.N#CC,Application_ds
Clc1ccc(-c2cc(C3CC3)cn3nc(Br)nc23)cc1.CO,Application_ds
Cc1cc(C)c(CNC(=O)c2cc(Cl)cc(OC(C)C)c2C)c(=O)[nH]1.N#CC,Application_ds
CC1(c2ccc(CNCCc3ccc(Cl)c(Cl)c3)cc2Cl)CC1.N#CC,Application_ds
O=[N+]([O-])c1cn[nH]n1.CC(OCC)=O,Application_ds
OC1=CC=CC(=C1)CC2=CC(=CC=C2O)CCCCCC3CCC4OC3CC(O)CCC5=CC=C(O)C(OCC6=CC(=CC7=CN(C=C76)C=8NC(N)C=CC84)C9%10C=%11C=CC=CC%11CCC%10COCC9)=C5.CC(OCC)=O,Application_ds
O=C(OC1C(OC(OC2C(C(=O)OC(CC)C(O)(C)C(O)C(C(=O)C(C)CC(OC3OC(C)C(O)C(N(C)C)C3)(C)C(OC4OC(C)CC(N(C)C)C4O)C2C)C)C)CC1(O)C)C)C.CC1CCCO1,Application_ds
O=C(OC1COC(OC=2C(O)=C3C4=C(C2C)C(C=C(C)C)CC(C)C4CCC3C)C(OC(=O)C)C1O)C.CCO,Application_ds
CN1CCC(CN2CCNCC2)CC1.N#CC,Application_ds
CNC(=O)c1c(C)[nH]c2cc(Oc3ccnc4cc(C(=O)N5CCC(O)C5)sc34)ccc12.CC(C)=O,Application_ds
CC(=O)c1ccc(C(=O)Nc2cccc(C(=O)c3ccc4c(c3)NC(=O)C4)c2)s1.O,Application_ds
CC(C)[C@@H](Nc1ccc(C(F)(F)F)cc1Cl)C(=O)O[C@H](C#N)c1cccc(Oc2ccccc2)c1.CO,Application_ds
CC(C)n1nc(N)nc1-c1nc2c(s1)CCOc1cc(-c3cnn(CC(C)(C)O)c3)ccc1-2.N#CC,Application_ds
Brc1cncc(N2CC3CC4CC2CN(C4)C3)c1.CCO,Application_ds
O=C(O)C1(N=C(SC1)C(C)(C)C(C)C2NC(SC2)C3N=C(SC3)C=4C=CC=CC4O)C.N#CC,Application_ds
O=C(O)C1(OCC(=O)C=CC2=CC=C(O)C(O)=C2)CC(O)C3(O)CCC4(OC3C1CC4)C(=O)C=CC5=CC(O)=C(O)C=C5CO.CC1=CC=CC=C1,Application_ds
COC(=O)c1cc(C)ccc1O.CC1CCCO1,Application_ds
  Cc1cc(C)c(Nc2c(Nc3ccc(C(=O)O)c(O)c3)c(=O)c2=O)c(C)c1.CC1CCCO1,Application_ds
Fc1cc(F)c(COC[C@@H]2C[C@@H](SC(c3ccccc3)(c3ccccc3)c3ccccc3)CN2c2ncc(Br)cn2)cc1F.CCO,Application_ds
CCCc1ccc(-c2ccc(COc3ccc(F)c(F)c3)c(F)c2)c(F)c1.CC(OCC)=O,Application_ds
CNC(c1cnccc1C(F)(F)F)C(C)C.O=CN(C)C,Application_ds
Cc1cc(Cl)c2cc(I)ccc2n1.O=CN(C)C,Application_ds
CC(=O)N1CCN(c2cc3c(c(NCc4ccccc4)c2F)c(=O)c(C(=O)O)cn3C2CC2)CC1C.CC(OCC)=O,Application_ds
O=C(NC=1C=CC=CC1)C.N#CC,Application_ds
CCC(=O)N1CC2CN(C(=O)c3ccc(-c4ccc5cnccc5c4)cc3)CC2C1.O=CN(C)C,Application_ds
O=C(OC1COC2C1OCC2NC(=O)C3CCCCC3)NC=4C=CC=CC4.CCO,Application_ds
CCN1C(=O)CCC(C)(C)c2ccc(Nc3ncc(Cl)c(Nc4ccccc4S(=O)(=O)C(C)C)n3)cc21.CO,Application_ds
O=C1N=C2C=CC(=CC2=C(C=3C=CC=CC3)C1=C4NN(C(=O)CCC(=O)O)C(C=5C=CC(Br)CC5)C4)C.CC1=CC=CC=C1,Application_ds
CS(=O)(=O)N1CCc2cc([N+](=O)[O-])ccc2C1.CC(OCC)=O,Application_ds
COc1cccc(F)c1C=O.CC1CCCO1,Application_ds
CN(C)CC1(O)CCNCC1.CC(C)=O,Application_ds
Cc1ccc2nc(-c3ccc(NC(=O)c4ccc(Cl)nc4)cc3)cn2c1.O=CN(C)C,Application_ds
COc1cnc2ccc(Br)cc2n1.CO,Application_ds
Nc1ccc(Sc2cnc(N)s2)cc1.CC(OCC)=O,Application_ds
OC=1C=C(OCC(=C)C)C=CC1C=2N=C(N=CC2C3=CC=CC=C3)N.O,Application_ds
Cc1cc(C)cc(C=O)c1.O,Application_ds
C#CCCn1ccnn1.CC(C)=O,Application_ds
CP(C)(=O)COC(=O)c1ccccc1Nc1ccnc2c(C(F)(F)F)cccc12.CCO,Application_ds
  CNC(=O)c1cc(Oc2ccc(Nc3c(NCc4ccccc4)c(=S)c3=S)cc2)ccn1.CCO,Application_ds
[O-][n+]1c(Cl)ccc2ccccc21.CC1=CC=CC=C1,Application_ds
O=C1C(O)=C(OC=2C=CC=CC12)C=3C=CC=C(O)C3.CC(C)=O,Application_ds
C[C@@]1(Cc2ccc(C#N)cc2)C(=O)N(c2cc(Cl)c(F)c(Cl)c2)c2ncc(C(=O)Cl)n21.CC(OCC)=O,Application_ds
N1=CNC2=NC(=NC(=C12)N(C)C)N.CO,Application_ds
O=C(NC1=CC=C(C=C1)C2OCC(=O)N(CC3=NC=CN3C)C2CO)C4CC4.O,Application_ds
CSCc1cc(F)cc2c(C(CCC#N)c3ccc(Cl)cc3Cl)c[nH]c12.CC1CCCO1,Application_ds
C[Si](C)(O)c1cccc(OCCN)c1.O=CN(C)C,Application_ds
Cn1ncc2cc(Oc3ccc([N+](=O)[O-])cc3F)c(Br)cc21.CO,Application_ds
CCOC(=O)C(C)(C)Oc1ccc(OCC(=O)O)cc1C.CC(OCC)=O,Application_ds
O=C(OCC1(C)CCCC2(C)C3CC=4OC=CC4C(C)C3CCC12)C.N#CC,Application_ds
COC(=O)[C@@H]1CC[C@@H](C(=O)Cl)CC1.O,Application_ds
Cc1c2ccc(N)cc2nn1C.N#CC,Application_ds
O=C1C=2C=CC=CC2N3C(=O)C4=C(OC)C(OC)=CC=C4C3N1CCC(=O)N5CCN(C)CC5.O,Application_ds
COC(=O)c1cc(OC(C)C)cc(C(=O)OC)c1C.N#CC,Application_ds
COc1ccc(F)cc1Cl.CCO,Application_ds
C[C@H](N)c1cccc(F)c1.CC1=CC=CC=C1,Application_ds
O[C@@H]1CN(c2cc(Cc3ccccc3)c(Br)cn2)C[C@H]1O.CC(C)=O,Application_ds
O=C(Nc1ccc(F)nc1)N1CCN(c2ccnc(-c3cccc(F)c3F)n2)CC1.CC(OCC)=O,Application_ds
Brc1cccc(C2CC2)n1.O,Application_ds
CC(C)(C)c1ccc(OCC=O)cc1.CC(C)=O,Application_ds
CCOC(=O)Oc1ccc([N+](=O)[O-])cc1.CC1=CC=CC=C1,Application_ds
O=C1C(OC2=CC(OCC3=CC=C(Cl)C=C3Cl)=CC=C12)=CC4=CN(C=5C=CC(OC)=CC45)C.CC(C)=O,Application_ds
COc1ccc(CC2NCCCC2=C(C)C)cc1.N#CC,Application_ds
Sc1nc2cccc(Cl)c2s1.CC1CCCO1,Application_ds
  Cc1ccc(C(=O)c2ccc(CNc3c(N/C(=N/c4ccccc4)c4ccccc4)c(=O)c3=O)cc2)cc1.CO,Application_ds
CCCN(CCC)CC1CCCCN1CCNC(=O)N1c2ccccc2C(=O)Nc2cccnc21.CO,Application_ds
CCC(O)(CC)COc1ccc(C(CC)(CC)c2cc(C)c(C(=O)O)s2)cc1C.CC1CCCO1,Application_ds
CN[C@H](C(=O)O)C(C)(C)c1ccc(Cl)cc1.CC1=CC=CC=C1,Application_ds
CS(=O)(=O)c1cc(CN)ccn1.CC1CCCO1,Application_ds
O=C1C(OC2=CC(OCC=C(C)C)=CC=C21)=CC=3C=CC=C(OC)C3.CC(C)=O,Application_ds
Cc1ccc(CN)cc1C.O=CN(C)C,Application_ds
O=C1C(=NC=2C=CC=CC21)C=3NC=4C=CC=CC4C3C=5C(N=C6C=CC=CC65)=C7NC=8C=CC=CC8C7=O.CC(OCC)=O,Application_ds
NC(=O)CN1CCC(c2cccc(NC(=O)N3c4nc(-c5cccc(C(F)(F)F)c5)ccc4N4CC[C@H]3C4)c2)C1.CO,Application_ds
O=C1C=C(C(=O)C2=CC(=CC(O)=C12)C=3C=C(O)C=4C(=O)C=C(C(=O)C4C3)C)C.CC1=CC=CC=C1,Application_ds
OC1=CC=C(C=C1OCC(O)C2=CC(=CN2)C(C)CNCC(O)C)CCC=3OC(=CC3)CCCCCCCN.N#CC,Application_ds
CC#CCOc1cc(Oc2ccc(F)c(C(F)(F)F)c2)ncn1.CC1CCCO1,Application_ds
Cc1nc2ccccc2n1-c1nc(N2CCOCC2)c2nc(CN3CCC(C4(O)CCC4)CC3)n(C)c2n1.CC(OCC)=O,Application_ds
C[O-].CC(C)=O,Application_ds
CCCCCCCCCCCCCCCCCCCCCCCCCCCC(C)CCCCC.CC(C)=O,Application_ds
COC(=O)c1ccc(C(C)(C)C)cc1OCCCNC(=O)OC(C)(C)C.CO,Application_ds
CCCCNC(=O)CCC(=NNC(N)=S)c1ccccc1.O,Application_ds
O=S(=O)(Cl)c1ccco1.O,Application_ds
OCC1OC(OC2C(O)C(O)C(OC2OC3C(O)C(OC(OC4C(O)C(O)C(O)OC4C)C3OC5OC(CO)C(O)C(O)C5O)CO)CO)C(O)C(O)C1O.CC(OCC)=O,Application_ds
CC(C)(C)OC(=O)N1CC[C@@H](c2ccccc2)[C@H](c2cccc(Cl)c2)C1.O=CN(C)C,Application_ds
CC(C)Cn1c(N2CCNCC2)nc2c(N3CCOCC3)nc(-c3cnc(N)nc3)nc21.O=CN(C)C,Application_ds
O=C(O)COc1ccc(CC2CCN(C3C4CC5CC3CC(O)(C5)C4)C2=O)c(Cl)c1.O=CN(C)C,Application_ds
COc1ccc(C2(C#Cc3ccc(N4CN=C(C)O4)s3)CCC(=O)CC2)cc1OC1CCCC1.CC1CCCO1,Application_ds
O=C1OCC2N=C(O)C=3N=C(SC3)C(N=C(O)C=4N=C(SC4)C(N=C(O)C(N=C(O)C=5N=C(SC5)C=6C=C(O)C(=NC6C=7N=C2SC7)C8=NC(=CS8)C(O)=NC(=C)C(=N)O)C(O)C)=C(OC)C)C9OCC%10=C1NC%11=CC=CC(=C%11%10)COC(=O)C9OC.N#CC,Application_ds
O=C1OCC2=CC=3C=CC=C(O)C3C(O)=C12.O,Application_ds
OCC1(OCC2C(=C)CC3OC3C(O)(C)CCC21)C=CC=C(C)C.CC(C)=O,Application_ds
O=C(F)CCC(=O)F.CO,Application_ds
O=C1C=C(OC=2C1=C(OCCC(O)C=CC=3C=CC=CC3)C(OC)=C(OCCC=4C=CC=CC4)C2CCC=5C=CC=C(C5)C=6C=C(NC6N7CCNCC7)C8(C)CCCC8)C=9C=CC(O)=CC9.CO,Application_ds
O=C1CCC(C)C(CCC2(C)C(C)CCC3OC4(C)CCC32OC4(C)C)C1(C)CCC(O)C(O)(C)C.CO,Application_ds
O=C1C=C2C(=CC=C1NC(C(=O)N3CCN(CC3)S(=O)(=O)C(C)C)CC(C)C)C4=C(OC)C(OC)=C(OC)C=C4CCC2NC(=O)C.CC(OCC)=O,Application_ds
O=C1OC2(OC(C)C(C)(C)C2C(=O)O)C=3C1=CC(O)=CC3C.O,Application_ds
CC(C)(C)OC(=O)N1CCC(NCc2ccc(-c3ccc(S(C)(=O)=O)cc3)nc2)CC1.CC1=CC=CC=C1,Application_ds
CCOC(=O)C1(Br)CCC1.O,Application_ds
O=Cc1c(CN2C(=O)c3ccccc3C2=O)nc2ccccn12.O=CN(C)C,Application_ds
COC(=O)c1c(NS(=O)(=O)c2ccc(F)cc2CN(C)C(=O)C(F)(F)F)ccc2c1OCC1CC21.O,Application_ds
O=C1N=C(N)NC2=C1N=CN2C3OC(COP(=O)(O)OP(=O)(O)OP(=O)(O)OP(=O)(O)OP(=O)(O)OP(=O)(O)OCC4OC(N5C=NC=6C(=NC=NC65)N)C(O)C4O)C(O)C3O.O=CN(C)C,Application_ds
O=C1C=C2C(CCC3(C)C(CCC23O)C(O)(C)C(O)CC(CC)C(C)CO)C4(C)CC(O)C(O)CC14.CC1=CC=CC=C1,Application_ds
O=C(C#CC#CC(=O)C=CCCCCCCC)C=C.CC1CCCO1,Application_ds
O=C(OC)CCCCCCCCC(C)CCCCCC.CO,Application_ds
COC(=O)C(C)(C)CO.O,Application_ds
COc1ccc(-n2nc(C(=O)O)cc2-c2cnccn2)cn1.O=CN(C)C,Application_ds
O=C1OC2=C(C=C(OC)C=3C(O)=CC=C(C23)C4OC(C(O)C)C(O)C4O)C=5C(OC)=CC(=CC15)C(O)C.CC(C)=O,Application_ds
Cc1onc(-c2ccccc2)c1COc1cc(C(=O)O)on1.O=CN(C)C,Application_ds
CC(C)(C)OC(=O)N1CCC[C@H](Cn2c(-c3ccccc3Cl)cc3cnc(NCc4ccc(F)c(F)c4)nc32)C1.CCO,Application_ds
Brc1ccc2c(c1)CNC2.CC1CCCO1,Application_ds
CCOC(=O)c1cnc(CBr)s1.N#CC,Application_ds
O=C(C=CC1=CC=CC(=C1)C)C2=CC=C(C=C2O)NC(=O)C.CC1=CC=CC=C1,Application_ds
O=C1C(O)=C(OC=2C(=C)N(C(=O)C12)C)C=CC=CCCCCC.CC1CCCO1,Application_ds
Nc1ncnn1-c1cc(Cl)ncn1.CC1=CC=CC=C1,Application_ds
O=C1OC2=C(C=C(Cl)C(O)=C2CN3CC4C5=CC=CC(=O)N5CC(C3)C4)C(=C1CC=6C=CC=CC6)C.CC1=CC=CC=C1,Application_ds
Cc1nnc(-c2ccc(I)cc2)o1.CC1=CC=CC=C1,Application_ds
O=C1OC2=C(C=CC(OCC(=O)C=3C=4C=CC=CC4N(C3C)C)=C2C)C5=C1CCC5.CCO,Application_ds
O=C(NC(C(=O)NC(C(=O)NC(C(=O)NC(C(=O)NC(C(=O)NC(C(=O)NC(C(=O)NC(C(=O)NC(C(=O)NC(C(=O)NCC(=O)NC(C(=O)NC(C(=O)N1CCCC1C(=O)NC(C(=O)NC(C(=O)NC(C(=O)NC(C(=O)NC(C(=O)NC(CO)CC=2C=CC=CC2)CCC(=O)N)CCC(=O)N)(C)C)(C)C)C(C)C)C)CC(C)C)(C)C)C(C)C)(C)C)CCC(=O)N)C)(C)C)C)(C)C)C)(C)C)C.O,Application_ds
CC(C)(C)OC(=O)N[C@@H](C[C@H](Cc1ccc(/C=C/CO[Si](C)(C)C(C)(C)C)cn1)C(=O)OC(C)(C)C)C(=O)OC(C)(C)C.CC(C)=O,Application_ds
CCOC(Cn1cncn1)(c1ccc(Oc2ccc(Cl)cc2)cc1Cl)C(C)C.CC1=CC=CC=C1,Application_ds
N#Cc1ncc(N2CCC[C@@H](N)C2)nc1Cl.O,Application_ds
O=C1OC2=CC(=C3C(OC=C3C)=C2C(=C1CC(=O)NCC(O)COC)C)C.CC1CCCO1,Application_ds
Nc1cc(OCC(F)F)c(C(=O)N[C@@H]2CC[C@@H](C(F)(F)F)CC2)cc1N.CC(OCC)=O,Application_ds
Brc1ccc2ncccc2c1.CC(C)=O,Application_ds
O=C(O)CC(=O)OCC1OC(O)C(OOC2=CC3=C(OCC4C5=CC=6OCOC6C=C5OC34)C=C2CC=7C=CC=C(O)C7)C(O)C1O.O=CN(C)C,Application_ds
O=C1OC(CC(O)CC(O)C(C)C(OC)CC2OC(C=CC2)CC(OC3OCC(OC)C(OC)C3OC(=O)C(O)CO)CC=C(C=CC(=O)OC(CC(O)CC(O)C(C)C(OC)CC4OC(C=CC4)CC(OC5OCC(OC)C(OC)C5O)CC=C(C=C1)C)C(C)C(O)C(C)CCC6OC(C)CC(OC)C6)C)C(C)C(O)C(C)CCC7OC(C)CC(OC)C7.CCO,Application_ds
  O=c1c(Nc2ccc(/N=N/c3ccccc3)cc2)c1Nc1cccc2cccnc12.CCO,Application_ds
  CC(C)C[C@H](NC(=O)OC(C)(C)C)NC(=S)NC[C@]12C[C@H]3C[C@H](C[C@H](C3)C1)C2.O=CN(C)C,Application_ds
O=c1ccc2ccc(CBr)cc2o1.O,Application_ds
COC(=O)Cc1cccc(O)c1.CC1CCCO1,Application_ds
O=C1C(OC=2C1=CC=C(O)C2C)=CC=3SC=CC3.O,Application_ds
CN1CCN(c2ncc(Br)s2)CC1.CC(OCC)=O,Application_ds
O=C(OCC(=CCCC(=CCCC(=CCO)C)C)CCC=C(C)CO)C.O,Application_ds
CC(C)[Si](OCCc1cc(Cl)ccc1[C@@]1(O)CCN(C(=O)OC(C)(C)C)C[C@@H]1O)(C(C)C)C(C)C.CO,Application_ds
OC1C(=C)CCC=C(C)CCC2C1C2(C)C.O,Application_ds
O=C1OC2C(O)OC3COC(=O)C4=CC(=O)C5(O)OC=6C(O)=C(O)C=C(C(=O)OC2C3OC(=O)C7=CC(=O)C8(O)OC=9C(O)=C(O)C=C1C9C7C8(O)O)C6C4C5(O)O.CC1=CC=CC=C1,Application_ds
OC1=CC=2N=C(O)CC(OC)C=CC=CC=CCC(O)C(C)C(O)C(=CCCC(=C1)C2O)C.O=CN(C)C,Application_ds
COCCCOc1cc(C(=O)OC)ccc1Br.CCO,Application_ds
CC(C)(C)OC(=O)N1CC2CC(C(=O)O)CC2C1.N#CC,Application_ds
O=C(C=1C(O)=C(C(O)=C2C1OC(C)(CCC=C(C)C)C(OO)C2)CC=C(C)C)C.CC1=CC=CC=C1,Application_ds
COC(=O)CC1Cc2ccc(N)cc2CN(C)C1=O.N#CC,Application_ds
Nc1ccc(-n2ccc(OCc3ccc(Cl)cn3)cc2=O)cn1.O=CN(C)C,Application_ds
O=C(OCCC1=CC=C(O)C=C1)C2=COC(OC3OC(CO)C(O)C(O)C3O)C4C(C)CC(=O)C24O.CC1=CC=CC=C1,Application_ds
Cc1ccc(S(=O)(=O)OCc2ccc(F)c(Cl)c2)cc1.O=CN(C)C,Application_ds
  Cc1ccc(C)c(Nc2c(Nc3c(C(C)C)cccc3C(C)C)c(=S)c2=S)c1.O=CN(C)C,Application_ds
Cc1ccc(C2CNCCN2)cc1.CO,Application_ds
NCc1ccccc1Br.CO,Application_ds
O=C(OCC(=CCOC1=CC(O)=C(C(O)=C1)C(=O)C(C)C)C)C.O,Application_ds
FC(F)(F)OC1=CC=C(N)C(Br)=C1.CC(OCC)=O,Application_ds
O=S1(=O)NC2CN(CC=3C=CC=C(F)C3)CC2OC4=NC=CC=C41.O,Application_ds
CC(C)c1nnn(-c2c(Cl)cccc2Cl)c1COc1ccc(C=O)c(Cl)c1.O,Application_ds
  O=S(=O)(Nc1ccc(-c2ccc(I)cc2)cc1)Nc1ccccc1-c1ccc2ccccc2n1.N#CC,Application_ds
CC(C)(C)c1n[nH]c(SCCO)n1.O,Application_ds
Cc1cccc(-c2sc(C)nc2C(=O)N2[C@H](CNC(=O)c3cccc4c3OCCO4)C[C@@H]3C[C@@H]32)c1.CC1CCCO1,Application_ds
O=C(CCc1ccccc1)NCC(=O)NC(c1ccccc1)c1cccc(C(F)(F)F)c1.O=CN(C)C,Application_ds
O=C(O)C1=CC(O)=C(O)C(OC2=C(O)C(O)=C(O)C=C2C(=O)OC3C(OC(=O)C4=CC(O)=C(O)C(OC5=C(O)C(O)=C(O)C=C5C(=O)OC6C(OC(=O)C7=CC(O)=C(O)C(O)=C7)OC8COC(=O)C=9C=C(O)C(O)=C(O)C9C%10=C(O)C(O)=C(O)C=C%10C(=O)OC8C6OC(=O)C%11=CC(O)=C(O)C(O)=C%11)=C4)OC(CO)C(O)C3OC(=O)C%12=CC(O)=C(O)C(O)=C%12)=C1.CC(C)=O,Application_ds
CCCCCCCCCCCCOC[C@H](CSC[C@H](NC(=O)OCC1c2ccccc2-c2ccccc21)C(=O)OC(C)(C)C)OC(=O)CCCCCCCCCCC.CC(OCC)=O,Application_ds
Nc1ccc(Cl)cc1O.O,Application_ds
COC(=O)c1ccc(N(C)S(C)(=O)=O)cc1.O=CN(C)C,Application_ds
N#Cc1cc(Oc2ccc(Nc3cc(Cl)nc(N)n3)cc2)ccn1.CC1=CC=CC=C1,Application_ds
C=CC[C@H](NC(=O)OC(C)(C)C)c1cc(-c2ccc(N)cc2N)ccn1.O=CN(C)C,Application_ds
Cc1cc(C[C@@H](OC(=O)N2CCC(N3CCc4ccccc4NC3=O)CC2)C(=O)N2CCC(C3CCN(CC(=O)O)CC3)CC2)cc(C)c1O.CC1=CC=CC=C1,Application_ds
COC(=O)CCC(C(N)=O)N1Cc2c(OCc3ccc(CN(CCC(F)(F)F)CCC(F)(F)F)cc3)cccc2C1=O.CC(C)=O,Application_ds
CC(C)c1cc(-c2ccccc2)c(-c2ccc(F)cc2)n1CCC1CC(OCc2ccccc2)CC(=O)O1.CO,Application_ds
Clc1cncc(Cl)c1.CC1=CC=CC=C1,Application_ds
Cc1cncc(NC(=O)CBr)n1.O=CN(C)C,Application_ds
O=C(NC=1C(=CC(=CC1C)C)C)C(F)(OC(F)(F)C(F)(F)C(F)(F)F)C(F)(F)F.CC(OCC)=O,Application_ds
  CCOc1ccc(C(=O)Nc2c(Nc3ccccc3NC(=O)c3cccc(N)c3)c2=O)cc1Cl.N#CC,Application_ds
O=c1c2cc(N3CCNCC3)ccc2cnn1Cc1ccccc1.CO,Application_ds
COc1ccccc1C(NC(=O)OC(C)(C)C)C(=O)N(CCc1ccc(C(F)(F)F)cc1)c1ccc(C)c(C)c1.CC(OCC)=O,Application_ds
O=S(=O)(c1ccccc1)c1ccc(Cl)cn1.CC1=CC=CC=C1,Application_ds
O=C(OCC1C(OC(=O)C)CC(OC(=O)C)C2(C)C(OC(=O)C)C(O)C3=C(C)C(OC(=O)C)CC3(C(OC(=O)C)C12)C(O)(C)C)C.N#CC,Application_ds
CCOC(=O)C[C@H](O)CCl.CO,Application_ds
CCCc1cc2cc(OC)ccc2c(OCOC)c1Br.CCO,Application_ds
O=C1C=C(OC2=CC(O)=C(C(O)=C12)C3OCC(O)C(O)C3O)C=4C=CC(OC5OC(CO)C(O)C(O)C5O)=CC4.CO,Application_ds
  CCOC(=O)[C@@H]1[C@@H]2C=C[C@@H](CC2)[C@H]1NS(=O)(=O)N/C(=N/c1ccc(C)cc1)c1ccccc1.CCO,Application_ds
COc1cccc2c1CCC(=O)C2.CC(OCC)=O,Application_ds
CC(C)(C)OC(=O)N(c1ccc(F)cc1)c1cc(Cl)nc2ccnn12.CC(C)=O,Application_ds
O=C1CC2(C)C3CCC(OC3(C)CCC2C(C)(C)C1O)(C=C)C.N#CC,Application_ds
O=C1OCC(=C1)CCC2(O)C3(C#CCC4(C(=O)OC(C3)C5C(C)(CCC(O)C52C(O)CCC(C)CCCC=6C=CC=CC6)C7CCC8(CCCC8)C7)CCCCC4)C.CC(C)=O,Application_ds
O=C1C(S(=O)(=O)c2ccc(F)cc2)CCCCN1OC(c1ccccc1)(c1ccccc1)c1ccccc1.N#CC,Application_ds
FCCI.N#CC,Application_ds
O=C1C=C(OC(=C1O)C(C2=CC=C(OC)C=C2OC)CC(=O)N3CC=4NC=5C=CC=CC5C4CC3)C.N#CC,Application_ds
COC(=O)c1ccccc1OCCCI.O=CN(C)C,Application_ds
Fc1ccc(Oc2cc(Br)cnc2Nc2nc(CCc3ccccc3)cs2)cc1.O=CN(C)C,Application_ds
O=C([C]1[CH][CH][CH][C]([CH]1)[N+]([O])[O-])C[NH+]2[CH][CH][CH][C]3[C]4[CH][CH][CH][CH][C]4[CH][CH][C]32.CO,Application_ds
O=C(OCC)CNC=1C=C(NCC(=O)OCC)C(=CC1[NH+]([O-])O)[NH+]([O-])O.CCO,Application_ds
Cc1cc(COc2cc(C(=O)O)ccn2)cc2c1nc(C)n2Cc1ccc(-c2ccccc2)cc1Cl.CC(OCC)=O,Application_ds
O=C(O)CCNC(=O)C(NCC1(O)OCC(O)C(O)C1O)CSSCC.CC1=CC=CC=C1,Application_ds
  C[C@@H]1CCCCN1CCCNc1c(Nc2ccccc2C#Cc2ccccc2/C([O-])=C/C(=O)c2ccccc2)c(=S)c1=S.N#CC,Application_ds
COC(=O)c1cc(OCCOCCNC(=O)Nc2ccc(F)cc2F)ccc1NC(=O)c1ccc(Cl)cc1Cl.CC1=CC=CC=C1,Application_ds
c1ccc(CCC2CCNCC2)cc1.N#CC,Application_ds
CCOC(=O)COc1ccc(C2=NNC(=O)NC2C)cc1Cl.O,Application_ds
Cc1ccc(-c2ncc(Cl)cc2Cl)cc1C1C(=O)C(C)(C)OC(C)(C)C1=O.O=CN(C)C,Application_ds
O=C1NCCC(c2ccc(Cl)c(Cl)c2)c2cc(I)sc21.CC(C)=O,Application_ds
O=C1OC2=C(C=CC(OCC=3C(=C(C(=C(C3C)C)C)C)C)=C2C)C(=C1CC(=O)OC)C.N#CC,Application_ds
CC(C)O.CC(OCC)=O,Application_ds
Fc1ccc(Cc2ccc(C3CCNCC3)cc2)cc1.CC1CCCO1,Application_ds
O=C(C1=COCC2C1CC3C4=C(C=5C=C(C(OC)=CC5N4C)C(C6=COCC7C6CC8C9=C(C=%10C=CC=CC%10N9C)CC7N8C)C)CC2N3C)C.O,Application_ds
OC=1C=CC2=CC3=C(C=CCOC4=C(O)C=CC(=C43)CCC(O)C5CC#CC(CC)CCCCC5O)C=C2C1.CC1=CC=CC=C1,Application_ds
COc1cc(CNCCNc2nc(Cl)nc3c2ncn3C2CCCC2)cc(OC)c1OC.N#CC,Application_ds
COC(=O)c1ccc(N2CCCS2(=O)=O)nc1C.CCO,Application_ds
CC(=O)NCC1OC(=O)N2c3ccc(-c4ccccc4)cc3CC12.N#CC,Application_ds
CC(C)(C)OC(=O)Cn1cc(C=O)cn1.CCO,Application_ds
O=C1OCC2(C)C(CCC3(C4=COC=C4CCC32)CO)C1(C)CO.N#CC,Application_ds
  CC(C)Nc1c(NC[C@@H]2C[C@@H]3C[C@H]2[C@H]2[C@H]4C=C[C@H](C4)[C@@H]32)c(=O)c1=O.O=CN(C)C,Application_ds
O=C1C=CC=C2N1CC3CN(C(=O)CC=4C(=NNC4C)C=5C=CC(OC)=CC5)CC2C3.O=CN(C)C,Application_ds
O=[N+]([O-])c1ccc2c(c1)NCCCO2.CC(OCC)=O,Application_ds
COC(=O)c1cc2ccc(OCCc3ccccc3)cc2oc1=O.CCO,Application_ds
O=C(OC)C1=CC=C(C=C1)C(C=2OC(=CC(=O)C2O)C)CC(=O)N3CC=4NC=5C=CC=CC5C4CC3.O=CN(C)C,Application_ds
O=C1NC=2C=CC=CC2C31NC(CC4=CNC=5C=CC=CC54)C6C(=O)N(C(=O)C63)CCC=7C=CC=CC7.CO,Application_ds
O=C(C1=CC(OC)=C(O)C(=C1)C=2C=C(C=C(OC)C2O)C(=O)C)C.CC1CCCO1,Application_ds
O=C(OCc1ccccc1)C(Br)CCc1ccccc1.CCO,Application_ds
O=C1C=2N=CN(C2N=CN1C)C.CC1CCCO1,Application_ds
CCOc1ccc(Oc2ccc(OCc3ccccc3)cc2)c([N+](=O)[O-])c1.CCO,Application_ds
NC(=O)c1cnc(-c2cnc3c(Cl)ccnc3n2)c(C(F)(F)F)c1.CCO,Application_ds
Oc1nc(Cl)nc2nc[nH]c12.N#CC,Application_ds
COc1ccc(N2CCNCC2)c2sc(NC(=O)c3ccc(C)s3)nc12.CC1=CC=CC=C1,Application_ds
Fc1cccc(CSc2nc(Cl)cc(Cl)n2)c1F.O,Application_ds
O=C1OC2C(C1=C)CCC(C)C3(O)CCC(=O)C23COC(=O)C(C)CC.CC(OCC)=O,Application_ds
O[C@@H]1C=C[C@H](n2cnc3c(Cl)ncnc32)C1.CC1CCCO1,Application_ds
O=Cc1cn(Cc2ccccc2)c2ccccc12.CC(OCC)=O,Application_ds
OCC1C(OCC2N3C=4C=CC=CC4C5=C3C(NCC5)CC21)C.CC(OCC)=O,Application_ds
CCOC(=O)c1cc2c(ccc(=O)n2-c2ccccc2)n1Cc1cccc(Cl)c1.CCO,Application_ds
CCI.O,Application_ds
O=C(OCC)C=1OC=2C=C(C=CC2C1C)NC(=O)C=3C=CC=CC3C.CCO,Application_ds
O=C(O)c1csc(-c2ccccc2)c1.N#CC,Application_ds
COC(=O)[C@H](C)N(Cc1ccccc1)C(=O)c1cc2ccccc2cc1N.CC1=CC=CC=C1,Application_ds
CC(=O)Nc1ccc(CCN2CCN(c3nsc4ccccc34)CC2)cc1Br.CC(OCC)=O,Application_ds
CNS(=O)(=O)Cc1ccc2[nH]cc(CC#N)c2c1.CC1=CC=CC=C1,Application_ds
ClC1=CC=C(OC)C=C1C.CCO,Application_ds
NCCCN(Cc1ccccc1)C[C@H]1COc2cccnc2O1.CC(OCC)=O,Application_ds
CC(C)(C)OC(=O)N[C@H]1CCOC[C@@H]1CO.O,Application_ds
CN1CCN(c2ccc(CN)cc2)CC1.CO,Application_ds
COC(=O)C12CCC(NC(=O)OC(C)(C)C)(CC1)CC2.N#CC,Application_ds
Cc1cc(-c2cc(C(=O)CC(=O)OC(C)(C)C)ccn2)on1.CC(OCC)=O,Application_ds
O=C(Nc1nc2ccccc2s1)N1CCN(c2nc(-c3ccccc3)ns2)CC1.CC1=CC=CC=C1,Application_ds
Cc1cc(Cl)nc(Nc2ccccc2)n1.N#CC,Application_ds
O=C(C1=CC=C(O)C(O)=C1)C=2C(=O)C3(C(=O)C4(C2OC(C=C(C)C)C(C(=C)C)C4)CC(CC=C(C)C)C3(C)C)CC=C(C)C.CC1CCCO1,Application_ds
O=C(N[C@H]1CCC[C@@H]1Nc1cnc(C(F)(F)F)cn1)c1cc(Cl)ccc1-n1ccnn1.N#CC,Application_ds
  COc1nc(C)nc(NC(=O)NCCCn2ccnc2)n1.CC1=CC=CC=C1,Application_ds
CN1CC2(CNc3cc(O)ccc32)C1.CC(OCC)=O,Application_ds
O=C(O)C=1C(=NOC1C(NS(=O)(=O)CC(C)C)C)C=2C=NC=CC2.CC1CCCO1,Application_ds
O=C(O)C1OC23OCC(C)C1C(O)C3(C)CC=C(C2=O)C.CO,Application_ds
O=C(O)C(=CC(O)CC(C)C1CC(=O)C2(C3=C(C(=O)CC12C)C4(C)CCC(=O)C(C)(C)C4CC3O)C)C.CC(C)=O,Application_ds
O=C(OC)CC(COC)C(OC)OC.N#CC,Application_ds
CC(C)(O)CON1C(C)(C)CC(CCCCNc2nc(Cl)nc(NCCCCC3CC(C)(C)N(OCC(C)(C)O)C(C)(C)C3)n2)CC1(C)C.CC1=CC=CC=C1,Application_ds
O=C(OC(CCC1=CC(OC2CCCC2)=C(O)C(=C1)CN3C(=O)CC(CCN=C(N)N)C3CCCCC)CC(O)CCCCC)C.CO,Application_ds
O=Cc1cnc2ccccc2c1.CO,Application_ds
O=C1C=C2N=C(O)C(=CC=CC(OC)C(OC(=N)O)C(=CC(C)C(O)C(O)CC(C)C(OC)C(=C1)C2=O)C)C.CCO,Application_ds
Cc1ccc(Sc2ccc(CBr)cc2)cc1.O=CN(C)C,Application_ds
O=C(OC1CC2N(C)C(CC2)C1)C(C=3C=CC=CC3)C=4C=CC=CC4.O,Application_ds
COC(=O)C[C@@H]1COc2cc(O[C@@H]3CCc4c3ccc(C(F)(F)F)c4CBr)ccc21.CC1CCCO1,Application_ds
OC1CCN(Cc2ccccc2)CC1.CC(C)=O,Application_ds
COC(=O)c1cc(Cl)cc(NC2CCC2)c1C.CC(OCC)=O,Application_ds
O=C1CC2(COC3OC(CO)C(O)C(O)C3O)C(CCC4C5(C)CCC(OC6OCC(O)C(O)C6OC7OC(C)C(O)C(OC8OC(CO)C(O)C(O)C8O)C7O)C(C)(C)C5CCC42C)C1C(O)(C)CC=CC(O)(C)C.O=CN(C)C,Application_ds
CC(C)(C)OC(=O)N[C@H]1CCNC1.CC1=CC=CC=C1,Application_ds
CC(C)(O)COc1ccc(Oc2ccc(Cl)cc2)cc1.CO,Application_ds
CC(C)(O)CC(=O)NCCn1ccc2ncnc(Nc3ccc4c(ccn4Cc4cccc(F)c4)c3)c21.CCO,Application_ds
N#CC(C(=O)OCC)=C(C1=CC=C(C=C1)[NH+]([O-])O)C(C(=O)OCC)=C(O)OCC.CC1CCCO1,Application_ds
Cc1nc(Nc2cccc(OC(F)(F)F)c2)c2ccc(C)c(I)c2n1.CCO,Application_ds
O=C(O)c1cnn2c(C(F)F)cc(-c3ccc(C(F)(F)F)c(F)c3)nc12.CO,Application_ds
Cc1cccc(C(=O)Cl)c1.CC1=CC=CC=C1,Application_ds
O=C1OC=2C=CC=CC2C(O)=C1C(C=3C=CC=CC3OCCC4=CC=C5OCCC5=C4)CC(=O)OC.CCO,Application_ds
O=C(O)CCC(=O)NC1CCN2C(=O)C3=CC(=CC=C3NC(=O)C21)C4=CSC=C4.CO,Application_ds
CC(=O)C1C(=O)CCCC1=O.CC(C)=O,Application_ds
O=C(O)C=C(CN=C(N)N)CCCC(CC=1C=NC(=O)[CH-]C1)CCCCCCCC.CC1CCCO1,Application_ds
CC(C)(NC(=O)c1ccc(S(=O)(=O)Nc2ccccc2Oc2ccccc2)cc1)C(=O)O.CC(OCC)=O,Application_ds
  CNC(=O)[C@@H](Nc1c(NC(=O)C2CC2)c(=S)c1=S)C(C)(C)C.CC(OCC)=O,Application_ds
COC(=O)c1sc(C(C)(C)C)nc1CNc1cccc(B2OC(C)(C)C(C)(C)O2)c1CO[Si](C)(C)C(C)(C)C.O=CN(C)C,Application_ds
O=C1NC2=C(Cl)C=C(C=C2C31NC(CC4=CC=C(O)C(O)=C4)C5C(=O)N(C(=O)C53)CCC=6C=CC=CC6)C.O,Application_ds
CCN([C@@H](C)CCc1ccccc1)[C@@H]1CC[C@@H](c2ccc3[nH]c(=O)oc3c2)CC1.CC1=CC=CC=C1,Application_ds
O=C(O)C(N)CC(O)(C#C)C.CC1=CC=CC=C1,Application_ds
O=C(NC1CCOc2cc(C(=O)Nc3ccncc3)ccc21)OCc1ccccc1.CC(C)=O,Application_ds
OC1C(NCC=2C=CC=CC2OC)C3OC(OC3)C1N(CC)CC.O=CN(C)C,Application_ds
Cc1cnn(C)c1-c1ccc2[nH]c(=O)n3c2c1OCC3c1ccccn1.CC(OCC)=O,Application_ds
O=C(OC1=CC=C2C(OC(=CC=3OC(=CC3)C)C2=O)=C1)N(CC)CC.CC1=CC=CC=C1,Application_ds
  FC(F)(F)CNc1c(Nc2ncccn2)c(=S)c1=S.O,Application_ds
Cc1cc(F)ccc1-c1nncc2cc(Cl)ccc12.CC(C)=O,Application_ds
O=C(OC1CCC2=CC3OC(=O)C(=C3C(OC)C2(C)C1C)C)C(=CC)C.O=CN(C)C,Application_ds
Cc1nc2c(n1Cc1ccccc1)-c1ccccc1N(C(=O)c1ccccc1)CC2.CC(OCC)=O,Application_ds
O=C(OCc1ccc([N+](=O)[O-])cc1)N1CCN(C2=Nc3cc(Cl)ccc3Nc3ccccc32)CC1.N#CC,Application_ds
c1ccc(Oc2cccc(CN[C@H]3CCCc4ccccc43)c2)cc1.CC1=CC=CC=C1,Application_ds
CC(=O)N1c2ccc(-c3ccc(CN4CCCCC4)cc3)cc2[C@H](NC(=O)OC(C)(C)C)C[C@@H]1C.CC(C)=O,Application_ds
O=C(Nc1ccc(O)cc1)c1ccc(Cl)c(Cl)c1.O=CN(C)C,Application_ds
  Cc1cc(-c2ccccc2)nc(Nc2c(NC(c3cc4ccccc4c4ccccc34)c3cc4ccccc4c4ccccc34)c(=S)c2=S)n1.CC1CCCO1,Application_ds
Cc1cc(N)nc(-c2ccnn2C)c1.O,Application_ds
O=C(OC=1C=CC=CC1)N2CC(O)CC2C(=O)NC=3C=CC=CC3OC.O,Application_ds
O=CC1Cc2ccc(Cl)cc2C1.CC(OCC)=O,Application_ds
ClC=1C(O)=C(Br)C(O)=C(Br)C1O.CC(C)=O,Application_ds
CC(C)n1c(Br)cc2c1C(c1ccc(Cl)cc1)N(c1cc(Cl)c(=O)n(C)c1F)C2=O.CO,Application_ds
CCOc1cc([N+](=O)[O-])ccc1C(=O)NNC(=S)NCCCN1CCCCC1.CO,Application_ds
O=C(OC)C(NC(=O)CON=C1C=C2CCC3C4CCC(O)(C(=O)CO)C4(C)CC(O)C3C2(C)CC1)CC=5N=CNC5.CC(OCC)=O,Application_ds
Cc1cccc(-c2sc(C)nc2C(=O)O)c1.CO,Application_ds
O=C(OC1CC23C(=CCC4C(C)(C)C(OC5OCC(O)C(O)C5O)CCC43C2)C6(C)CC7OC8(OC(O)C9(OC89)C)CC(C)C7C16C)C.CC(OCC)=O,Application_ds
O=C(C=CC1=CC=C(OC)C(OC)=C1)C2=CC(F)=CC=C2OCC.CO,Application_ds
CS(=O)(=O)c1n[nH]c2nc(Cl)nc(NC3CC3)c12.O,Application_ds
O=C1C=C(OC2=C(OC)C(OC)=C(O)C(O)=C12)C=3C=CC(OC)=CC3.CC1=CC=CC=C1,Application_ds
Oc1cccc(C(O)(c2nccs2)C(F)(F)F)c1.CO,Application_ds
O=C(OC1COC2OC1C(OC(=O)C)C2OC(=O)C)C.N#CC,Application_ds
CN(C)C(=O)NC1=CC=C(Cl)C=C1.CC(C)=O,Application_ds
FC1=CC=CC(=C1)C2=NC(=NC=C2)NC3COC4C3OCC4NCC5=NC=CC=C5.CC(C)=O,Application_ds
CC(C)(C)OC(=O)Nc1ccsc1.N#CC,Application_ds
O=C=Nc1cc(F)cc(C(F)(F)F)c1.CC(C)=O,Application_ds
O=C(NCCC(=O)N1CC=2C=3C=C(Cl)C=CC3NC2CC1)C4=CC(OC)=C(OC)C(OC)=C4.O=CN(C)C,Application_ds
O=C(OC)CCCCCCCCCCCCCCCCCCCCCC(=O)OC.CC1=CC=CC=C1,Application_ds
O=C(OCC(OC(=O)CCCCCCCC=CCC=CCCCCC)CNC=1C=CC=CC1)CCCCCCCC=CCC=CCCCCC.CC(OCC)=O,Application_ds
COc1ccc(S(=O)(=O)NCc2cccnc2)cc1.O=CN(C)C,Application_ds
O=C(O)c1ccc(-c2ccc(OCCCCCCO)cc2)cc1.CCO,Application_ds
O=C(CN1CCC(Oc2ccc(OCCOCC(F)(F)F)cc2)CC1)N[C@@H]1COc2nc([N+](=O)[O-])cn2C1.CC(C)=O,Application_ds
CN1C(=O)Cc2cc(S)ccc21.CCO,Application_ds
CCOCCN1C(=NC2=CC=CC=C12)N1CCCN(C)CC1.CC(C)=O,Application_ds
CCOC(=O)[C@H](F)Oc1ccc(C(=O)N2c3ccccc3[C@H](N(C(C)=O)c3ccc(Cl)cc3)CC2C)cc1.CC(C)=O,Application_ds
O=C(OC1C(O)COC(OC2CCC34CC54CCC6(C)C(C(O)CC6(C)C5CC(OC7OCC(O)C(O)C7O)C3C2(C)C)C8(OC(CC8)C(OC9OC(CO)C(O)C(O)C9O)(C)C)C)C1OC(=O)C)C.N#CC,Application_ds
  Cn1nc(C(C)(C)C)cc1NC(=O)NC(=O)Nc1ccccc1.O=CN(C)C,Application_ds
O=C([O-])C1C=CC([C]2[CH][CH][NH2+][C](N)[CH]2)C13C(CO[C]4[CH][C]([CH][C](OC)[C]4O)C5OC(CC[C]6[CH][CH][C](O)[C](OC)[CH]6)CC(O)C5CCO)[NH2+]C(C)CC73CCCC7.O=CN(C)C,Application_ds
O=C1C(OC2OC(CO)C(O)C(O)C2O)=C(OC=3C=C(O)C=C(O)C13)C=4C=CC(OC5OCC(O)(CO)C5O)=C(O)C4.CO,Application_ds
O=C(OC)C1NC(C2=CC=C(OC)C(OC)=C2)C=3NC=4C=CC=CC4C3C1.CO,Application_ds
Cc1c2n(c3ccccc13)CCCC2NC(C)C.CC1=CC=CC=C1,Application_ds
CS(=O)(=O)N(c1cccc(C(=O)O)c1)C1CN(C(c2ccc(Cl)cc2)c2ccc(Cl)cc2)C1.CC1=CC=CC=C1,Application_ds
C[C@@H](CO)NS(=O)(=O)c1ccccc1Br.CC(OCC)=O,Application_ds
CCCN1C(=O)c2cscc2Nc2ccccc21.CCO,Application_ds
Cn1c(COc2ccc(CC3SC(=O)NC3=O)cc2)nc2ccc(Oc3ccc(NC(=S)Nc4cccc5ccccc45)cc3)cc21.O,Application_ds
CCOC(=O)c1ccc(CC(=O)Cl)cc1.CC(C)=O,Application_ds
  COc1ccc(Nc2c(NCCc3c[nH]c4ccccc34)c(=S)c2=S)cc1Cl.O,Application_ds
CCNC(=O)Nc1cc(Cl)c(Br)cn1.O,Application_ds
Cc1cc(C)n(-c2ccc(NNCCO)nn2)n1.CO,Application_ds
O=C(c1ccc2c(c1)cc(C(=O)N1CCC(F)(F)CC1)n2CC(F)(F)F)N1CCN(C2CCCC2)CC1.CCO,Application_ds
O1C=C(C=2C3=CC(=CC=C3C(C)CC12)C)C.CO,Application_ds
O=C(C1=CN=C2C=CC(F)=CC2=C1O)N3CCCC4=CC5CC(CN6CCCCC65)C43.CC(OCC)=O,Application_ds
CCOP(=O)(CC(C)=O)OCC.CCO,Application_ds
CCCCOc1cc(CCS(=O)(=O)NC(=O)OC(C)C)n(Cc2ccc(Cl)cc2Cl)n1.O=CN(C)C,Application_ds
Cc1cc(C)n(-c2nc(-c3ccc(Cl)cc3)c(CCC(=O)N3CCN(CC4CCN(C)CC4)CC3)o2)n1.O=CN(C)C,Application_ds
  CCN(CC)P(=O)(NS(=O)(=O)N[C@H](C)C(C)(C)C)N(C)C=O.N#CC,Application_ds
CS(=O)(=O)c1ccc(C2=C(CCCCCBr)c3ccc(O)cc3CCC2)cc1.CO,Application_ds
  OCCNC(=S)NCC(F)(F)C(F)(F)C(F)(F)C(F)(F)C(F)(F)C(F)(F)C(F)(F)C(F)(F)F.O=CN(C)C,Application_ds
CCOC(OCC)c1cc2ccc(C(=O)O)cc2o1.CO,Application_ds
OC(=C)C(C)C.CCO,Application_ds
OCC1OC(OC2CCC3(C)C(CCC45CC(C(=C)C4O)CCC35)C2(C)CO)C(O)C(O)C1O.CC1=CC=CC=C1,Application_ds
  Cc1ccc(-c2nn(-c3ccccc3)cc2C(=O)NS(=O)(=O)NCCc2ccccc2)cc1.CC1CCCO1,Application_ds
C=1C=C2[CH-]N(C1)CCCCCCCCCCCC=3C=CC[NH+](C3)CCCCCCCCCCCCCC2.CO,Application_ds
Nc1nc(-c2ccccn2)nc(Cl)c1Cc1ccccc1.CC(C)=O,Application_ds
N1=CC(C2=CC=C(OC)C=C2)=C3N1CCC3.CCO,Application_ds
O=C(NC1=CC=C(C=C1)CN2CCOCC2C3=NC(=CN3)C=4C=CC=C(F)C4)C.CCO,Application_ds
O=C1N2C(C3=CC=C(C=C3)[NH+]([O-])O)C=4NC=5C=CC=CC5C4CC2C(=O)N(C1)CCC.O,Application_ds
O=C(OC(C)C)C=1C=2C=C(OCC(=O)OC(C)(C)C)C(Br)=CC2OC1C.CC1CCCO1,Application_ds
CCOC(=O)c1cnc2c(C(F)(F)F)cccc2c1-c1cccc(N)c1.O=CN(C)C,Application_ds
C1=CC=C(C(=C1)C(=O)[O-])N=NC2=C3C=CC(=CC3=CC(=C2[O-])S(=O)(=O)[O-])S(=O)(=O)[O-].[Ba+2].[Ba+2].O=CN(C)C,Application_ds
COC(=O)c1ccc(COc2cccnc2)cc1-c1ccccc1C.O,Application_ds
CCOC(=O)c1nc2sc(C)cc2c(=O)[nH]1.CC1CCCO1,Application_ds
O=C(OCC1OC(OCCC2=CC=C(O)C(O)=C2)C(O)C(O)C1O)C3=CC=C(O)C(O)=C3.N#CC,Application_ds
CN1CCC(Oc2ccc(-c3n[nH]c4ccc(C(=O)N[C@H](CCO)c5ccccc5)cc34)cc2Cl)CC1.CC(C)=O,Application_ds
CC(C)(C)OC(=O)NC1(CF)CCN([C@H](c2ccc(NN)nc2)C(F)(F)F)C1.CO,Application_ds
CNCc1ncc(C)c(OC)c1C.CC1=CC=CC=C1,Application_ds
C#CC(O)(C1CC1)C1CC1.O,Application_ds
CC(C)OC(=O)OCCl.CC(C)=O,Application_ds
CC(C)Oc1cc(C(=O)NS(=O)(=O)c2ccccc2S(N)(=O)=O)cnc1C#CC1CC1.CO,Application_ds
O=C(c1cc(-c2ccccc2)c(=O)n2c1-c1cc(Cl)ccc1CC2)N1CC[C@H](O)C1.CC(OCC)=O,Application_ds
BrC1CCC(OC1(C)CCC2C(C)C3(OC2(C)CC3)C)(C=C)C.CCO,Application_ds
OC=1C=C(O)C2=C(OC(C3=CC=C(O)C(O)=C3SCCO)C(O)C2)C1.N#CC,Application_ds
Nc1cc(F)cc(F)c1.O,Application_ds
OC1CCC(OC1CNC(C)C)CC2=NOC(=C2)C=3C=CC(OC)=CC3.CO,Application_ds
CS(=O)(=O)OCCCNC(=O)C(F)(F)F.O=CN(C)C,Application_ds
O=C(O)C12CCC(=C)CC2C3=CCC4C5(C)CCC6OC(OCC6(O)C5CCC4(C)C3(C)CC1)(C)C.N#CC,Application_ds
CCc1nc(Cl)nc(Cl)c1C.O,Application_ds
NCCN1CCN(C(c2ccccc2)c2ccccc2)CC1.CC1CCCO1,Application_ds
CC1=C(C=C(C=C1)N)N.N#CC,Application_ds
O=C(O)C(N)CCN(O)NC.CC(OCC)=O,Application_ds
CN1CC(C)(C)OCC1C(=O)Nc1cc(Cl)cc2c1[nH]c1cnccc12.O=CN(C)C,Application_ds
O=CC(=C1C2C=CC(CCO)C1C3(CCC(C(=CC=CC(=C)C4CC=C(C)CNC(CC=5C=CC=C(C5)C4)(CCOC)C6CC(NCC(O)C)CCC6CNC)COCC(O)CO)C3O)C(O)(CCNC)C2)C.O,Application_ds
Fc1cccc(Br)n1.CC(C)=O,Application_ds
O=C1CCC2=CC(OC)=C(O)C=C2C(C#CC3CC(CC=4C=C(N)NCC4)CC(CC3C(=O)C1O)C(CCC)C(O)CNCCC)C=5C=CC=CC5.N#CC,Application_ds
O=C1OC=2C3=C(Br)C(O)=C(Br)C2C(C(=C)C)CCC(=CCCC41OC4C3)CO.CO,Application_ds
C1=C2C3=C(C1)CC(NC)C4N(C4)C3C56CC7=C(C)CCC7(C(C)CC5)C6(C)C2.O,Application_ds
CC(C)(C)OC(=O)NC1Cc2ccc(C(=O)O)cc2C1.CC(C)=O,Application_ds
CC(=O)NCCCl.CC(OCC)=O,Application_ds
N#CC=1C(=N)N2C(=CC1C=3C=CC(Br)=CC3)C(C#N)=C(N)N2C(=O)C4=CC=C(Cl)C=C4.CC1=CC=CC=C1,Application_ds
CON(C)C(=O)c1cc(S(N)(=O)=O)sc1Cl.CCO,Application_ds
O=Cc1ccc(Br)c2ccccc12.O,Application_ds
COc1cc2c(cc1OC)C(Cc1ccc(OC(=O)N3CCOCC3)c(OC)c1)N(CC(=O)NCc1ccccc1)CC2.N#CC,Application_ds
O=CC=CC=CCCCCCCCC.O=CN(C)C,Application_ds
CC1(C)OB(c2ccc(F)cc2F)OC1(C)C.CO,Application_ds
O=C(OCC)C1=C(OC=2C=CC(OCC3=CC=C(C=C)C=C3)=CC21)C=4C=CC=CC4.O=CN(C)C,Application_ds
O=C(O)C(O)CC1CCCCC1.O,Application_ds
O=C1OC2C(OC(C)C(OC3OC(C)C(OC4OC(C)C(OC(=O)C(C)C)C(O)C4O)C(OC5OC(CO)C(O)C(O)C5O)C3OC(=O)C(C)C)C2O)OC6C(O)C(O)C(OC6C)OC(CCCCC)CCCCCCCCC1.N#CC,Application_ds
O=C(O)c1ccc(CNC(=O)c2ccc(S(=O)(=O)n3cc(-c4ccccc4)c4ccccc43)cc2)cc1.CO,Application_ds
COc1ccc(S(N)(=O)=O)cc1Nc1nc(-c2ccc(N3CCN(C)CC3)nc2)cs1.O=CN(C)C,Application_ds
CC(=O)/C=C/C(=O)Cl.CC(C)=O,Application_ds
O=C(OC)C1=CCC2C(=C)C(=O)OC2CC3(OC3CC1)C.O=CN(C)C,Application_ds
COc1ccc(CN(c2nc(Nc3cc(C#N)cc(OC[C@@H]4COCCN4Cc4ccc(OC)cc4OC)c3Cl)nn3c(C#N)cnc23)C2CC2)cc1.CC1CCCO1,Application_ds
  CC(C)CCC(=O)Nc1c(NC(=Nc2cc([N+](=O)[O-])ccc2Cl)c2ccccc2)c(=O)c1=O.O,Application_ds
C=Cc1ccc(C(=O)OC(C)(C)C)c(Nc2ccc(F)cc2)c1.CC(OCC)=O,Application_ds
CC(C)(C)OC(=O)C[C@H](NC(=O)CCc1ccc(OC(=O)c2ccc(NC(=N)N)cc2)cc1C1=NOC(CC(=O)OC(C)(C)C)(C(=O)OC(C)(C)C)C1)C(=O)OC(C)(C)C.O=CN(C)C,Application_ds
CNC(=O)CC(c1ccccc1)c1c[nH]c2cccnc12.CC1=CC=CC=C1,Application_ds
Cc1onc(-c2ccccc2)c1COc1ccc(C(=O)NC(C)(C)C)cn1.CC1=CC=CC=C1,Application_ds
Cc1c(CCN2CCNCC2)ccc2c1COC2=O.O,Application_ds
CC(=O)OO.CC1CCCO1,Application_ds
COC(=O)c1ccc(C2(N)CC2)nc1.O,Application_ds
C[Si](C)(C)CCOCn1cc(C(F)(F)F)nc1-c1ccc(Br)cn1.CC1=CC=CC=C1,Application_ds
COC(=O)C1CN(C(=O)OC(C)(C)C)CCN1S(=O)(=O)c1ccc(Br)cc1.CC(OCC)=O,Application_ds
  COc1ccc(P(=NC[C@@H](NC(=S)NC(=O)c2ccc3ccccc3c2)c2ccccc2)(c2ccc(OC)cc2)c2ccc(OC)cc2)cc1.CC(OCC)=O,Application_ds
COC(=O)c1ccc(-c2cnc(NN)nn2)cc1.CC1=CC=CC=C1,Application_ds
O=C(NC1=NC=CN1)CCN2C(=O)C=3C=CC=CC3N4C(=O)C=5C=CC=CC5C42.CC1CCCO1,Application_ds
CC(C)(C)OC(=O)NC1=NC(C)(c2cccc(-c3cncc(C#N)c3)c2)COC1.CC1=CC=CC=C1,Application_ds
Cc1nc2cc(OCC(O)CN3CCN(Cc4noc(-c5cccc(F)c5)n4)CC3)ccc2s1.CC(OCC)=O,Application_ds
O=C(OC)C1N(C(=O)CON=C2C=C3CCC4C(CCC5(C)C4CCC5(O)C#C)C3(C)CC2)CCC1.CC1CCCO1,Application_ds
CC(Nc1c(/C=C/c2ccc(Br)cc2)c(=O)c1=O)C(C)(C)C.CC1CCCO1,Application_ds
  NCCNc1c(Nc2ccc3cccnc3c2O)c(=O)c(=O)c1=O.N#CC,Application_ds
CCCCCC(=O)Cl.O,Application_ds
O=C1NC(=NC=2C=CC=CC12)SCC(=O)N3CCC(C)CC3.CC1CCCO1,Application_ds
C[C@@H]1C[C@H]1C(=O)Nc1snc(-c2ccc(F)cc2)c1Br.O=CN(C)C,Application_ds
  Cc1ccc(C(=O)c2ccc(CNc3c(NCCC(N)=O)c(=O)c(=O)c3=O)cc2)cc1.CC(C)=O,Application_ds
Oc1ccc(C(=C2C3CCCC2CCC3)c2ccc(Br)cc2)cc1.N#CC,Application_ds
COc1ccc(C2COCCOC2)c2sc(NC(=O)c3ccc(CN4CCCC4)cc3)nc12.CC1CCCO1,Application_ds
Nc1nc(=O)n([C@@H]2O[C@H](CO)[C@@H](O)[C@H]2O)cc1C#CCNC(=O)C(F)(F)F.CC(OCC)=O,Application_ds
Cc1cc(C)c(N2CCN(C(=O)c3ccc(N4[C@H](C)CCS4(=O)=O)cc3S(C)(=O)=O)CC2)nc1C.N#CC,Application_ds
CCOC(=O)c1c(C)nc(SC)nc1Nc1cc(OC)cc(OC)c1.CC1CCCO1,Application_ds
O=C1CCC2(C)C(C1)CCC3C2CCC4(C)C3CCC4(O)CCC=5C=CC=CC5.CC(C)=O,Application_ds
CCCCN(CCC(=O)NC(CO)(CO)CO)C(=O)c1nn(-c2ccc(C(=O)NS(=O)(=O)c3ccc4ccccc4c3)cc2C(=O)N2CCc3ccccc3C2)c(C)c1Cl.O=CN(C)C,Application_ds
O=C1CCCN1c1cnc(Oc2ccc3c(c2)CCN(C2CCCC2)CC3)cn1.CC(C)=O,Application_ds
CC(C)(C)OC(=O)N(Cc1cccc(F)c1)c1cncc(Cl)n1.CC(C)=O,Application_ds
O=C(C(O)CC(C)C1CCC2(C3=CCC4C(C)(C)C(O)CCC4(C)C3CCC12C)C)C(O)(C)C.CC1CCCO1,Application_ds
  CC(C)c1cc(C(C)C)c(S(=O)NS(=O)(=O)Nc2ccc3c(c2)CC[C@@]32OC(=O)NC2=O)c(C(C)C)c1.CC(OCC)=O,Application_ds
CC(C)C[C@H](N)CO.CCO,Application_ds
  CCOC(CNC(=O)NC(C)(C)C(=O)O)OCC.CC(OCC)=O,Application_ds
N=C(c1ccccc1)N1CCNCC1.CC(OCC)=O,Application_ds
C#CCN1CCCCC1.O,Application_ds
NCC1OCCO1.CC(C)=O,Application_ds
S=C(Nc1ccccc1)NN1Cc2ccccc2C1.CC(OCC)=O,Application_ds
O=C(O)CCCCCCC1NC(CC#CC=2C=CC=CC2CCC(C=CC(O)C(O)CCCC)=C1CC(O)CO)C(O)C.O=CN(C)C,Application_ds
OCCc1cccc(CBr)c1.O=CN(C)C,Application_ds
CCCCC(C)C(=O)O.CC(OCC)=O,Application_ds
COC(=O)c1ccc(O)c([N+](=O)[O-])c1.CCO,Application_ds
COC(=O)Cc1ccc(O)c(Br)c1.CCO,Application_ds
O=C(OC1=CC=C2C(OC(=CC=3C=CC(=CC3)C=4C=CC=CC4)C2=O)=C1)C5CC5.N#CC,Application_ds
O=C1NC2(C=CC=3OC=CC3)N(C4=CC=C(C=C4C2(C)C)CC)CC1.CO,Application_ds
FC1CN(CC2=NC(OC)=CC=C2)CC1OCC3=NC=4C=CC=CC4N3.CC(OCC)=O,Application_ds
CC(C)(C)c1cc(O)ccc1O.O,Application_ds
OC(c1ccccc1)C1CCCN1.N#CC,Application_ds
O=C1OC2=C(C=CC(OC(=O)C3=CC(OC)=C(OC)C(OC)=C3)=C2C)C(=C1)C=4C=CC(OC)=CC4.O=CN(C)C,Application_ds
C[Si](C)(C)C#Cc1cncc(C(=O)N=[S@@](C)(=O)c2ccccc2)c1.CC1=CC=CC=C1,Application_ds
CC[C@@H]1C(=O)N(C)c2cnc(Nc3ccc(C(=O)O)c4c3OCC4)nc2N1C1CCCC1.CO,Application_ds
O=c1[nH]c(=O)c2c(Br)cccc2[nH]1.CO,Application_ds
CC(=O)Nc1ccc2c(c1)C(c1ccccc1F)=NCc1cnc(C)n1-2.CO,Application_ds
NC(=O)c1ccnc2c(O)ncnc12.CC1CCCO1,Application_ds
  O=C(Nc1ccccc1C#Cc1ccccc1B(O)O)N[C@@H](CO)Cc1ccccc1.CCO,Application_ds
CCCN(CCC)Cc1nc(-c2ncn3c2[C@@H]2CCCN2C(=O)c2c(Br)cccc2-3)no1.O=CN(C)C,Application_ds
O=C1C2=C3CCC4C5(C)CC(C=6C=C(O)C=C(C6)CNC)C(=O)C7(C)CCCCC(O)(C)CNC(CC84C(CCC1C38C)C(CCCCC)CC9CCC(CO)CC9C2CC(O)C%10OC%10(C)C%11CCCC%11C=%12C=CC=C(N)C%12)C75.CC1CCCO1,Application_ds
CC(=O)Nc1nc2c(Oc3cc(-c4ccc(C(F)(F)F)cc4)nc(OC(C)c4ccc(F)cc4)n3)cccc2s1.O=CN(C)C,Application_ds
CN1[C@H]2CC[C@@H]1C[C@@H](O)C2.CO,Application_ds
CCCOC(=O)NCCCN(C)C.CC(OCC)=O,Application_ds
CCCNC(=O)c1nnc2c(-c3ccc4[nH]ccc4c3)cccc2c1N.CC1CCCO1,Application_ds
CCCCN1CCCCC1C(=O)NC1=C(C)C=CC=C1C.CC1CCCO1,Application_ds
CN1CCN(CCCO)CC1.CO,Application_ds
Cc1nc(N2N=C(c3ccc4c(c3)CNC(=O)N4)C[C@@H]2C2CCCC2)ccc1C#N.CC(C)=O,Application_ds
O=Cc1cc(Br)cc(Cl)c1Cl.CC1=CC=CC=C1,Application_ds
  O=C(NCCc1c[nH]cn1)Nc1ccc(-c2ccc(I)cc2)cc1.CC1CCCO1,Application_ds
COC(=O)c1cnc2ccc(N[C@@H]3CC[C@@H](O)CC3)nn12.CC(OCC)=O,Application_ds
O=C(OCC)C=1N=C2C=CC3=NC=NC3=C2C1CCN4C(=O)C=5C=CC=CC5C4=O.CC1=CC=CC=C1,Application_ds
COC(=O)C(C)Br.N#CC,Application_ds
CC(C)(N)c1ncon1.O=CN(C)C,Application_ds
O=C=NCCCCBr.CO,Application_ds
O=C(OC1C(=C2C(OC(=O)C)C3OC3(C)C2(O)C4OC(=O)C(=C)C4C1OC(=O)C)C)C(=CC)C.CCO,Application_ds
OCCCc1c[nH]cn1.CO,Application_ds
O=C(OCC(OC(=O)CCCCCCCC=CCC=CCCCCC)COC(=O)CCCCCCC)CCCCCCC.N#CC,Application_ds
O=CC1=C(OC=2C3=C(OCC(CO)CCC4=CC=5NC=CC5C=C4C6C(=O)C(CO)CC(=C13)C6)C7=C(OC(C7)C(O)(C)C)C2CO)C(=O)OCC.CO,Application_ds
O=C1N2C3NC=4C=CC=CC4C3(C(O)C52SSC1(C(=O)C)N(C5=O)C)C67C=8C=CC=CC8NC7N9C(=O)C%10(SSC9(C(=O)N%10C)C6O)C(=O)C.O,Application_ds
O=C(O)CCC(=O)N1CC=2NC=NC2CC1C(=O)N(C)CC=3C=CC=CC3.CO,Application_ds
CC(C)CN([C@H](CO)CCCNC(=O)[C@@H](N)Cc1cccc2ccccc12)S(=O)(=O)c1ccc(N)cc1.O=CN(C)C,Application_ds
Nc1ccc2c(c1)OC(F)(F)O2.O=CN(C)C,Application_ds
CC[C@H](Nc1ncnc(N)c1-c1nc(C)no1)c1cc2cccc(F)c2c(=O)n1C1CC1.CC1CCCO1,Application_ds
O=C1OC2CC3C(C=C(OC)C(=O)C3(C)C4C(=O)C(OC)=C(C)C(C1)C24C)C.CO,Application_ds
N#CNc1ccc(Cl)c(Cl)c1.CCO,Application_ds
O=C1OC(C(=O)OCCCC)(C(C=2C=CC=CC2)=C1O)CC=3C=CC=CC3.O=CN(C)C,Application_ds
O=C1OC=2C=C3OC(C)(C)CCC3=CC2C(=C1CC(=O)NC4=CC=C5OCCOC5=C4)C.CC(C)=O,Application_ds
Cc1nc(Cl)c2nc(-c3ccccc3)cc-2[nH]1.CC(C)=O,Application_ds
O=C(OC)CC1C=2C=C3C=CC(OC)=CC3=NC2OC=4C=C(N(C(=O)C41)CCC=5N=CNC5)C.CC1=CC=CC=C1,Application_ds
O=C(O)C12CC3OC(C)(C)C(O)CCC(C)C3C2(C)CCC45CC65CCC(=O)C(C)(C)C6CCC14.CCO,Application_ds
OCC(O)C(O)(C)CCC1C(=C)CCC2C(C)(C)CCCC12C.CC(C)=O,Application_ds
CN(C)C(=O)NC1=CC(Cl)=C(Cl)C=C1.CC(C)=O,Application_ds
O1C=CC(=C1)CCC=C(C)CC=C2C(C)CCCC2(C)C.CC(C)=O,Application_ds
O=Cc1cc(/C=C/C(=O)NC2CCc3ccccc32)ccc1-n1ccnc1.CC1=CC=CC=C1,Application_ds
O=C(OCC)COC1=CC=C2C(OC(=CC=3C=CC(=CC3)C=4C=CC=CC4)C2=O)=C1.O=CN(C)C,Application_ds
Cc1onc(-c2cccc(F)c2)c1-c1cn(-c2cccc(C(=O)O)c2)cn1.CC(OCC)=O,Application_ds
N#C[C@@H](c1ccccc1-c1ccc(Cl)cc1)C1CCN(c2ccc(C(=O)NS(=O)(=O)c3ccc(N[C@H](CCN4CCOCC4)CSc4ccccc4)c(S(=O)(=O)C(F)(F)F)c3)cc2)CC1.CC(C)=O,Application_ds
NC(=O)c1ccc([N+](=O)[O-])c(Br)c1.CC(C)=O,Application_ds
CCCCCNC(=O)c1ccc(N2CCN(C(=O)c3ccccc3C(F)(F)F)CC2)nn1.CCO,Application_ds
  COc1nc(C)nc(NS(=O)(=O)NCCN(Cc2ccccn2)Cc2ccccn2)n1.CC(OCC)=O,Application_ds
Clc1ccc([C@@H]2O[C@H](COCc3ccccc3)[C@@H](OCc3ccccc3)[C@H](OCc3ccccc3)[C@H]2OCc2ccccc2)cc1Cc1ccc(Br)s1.N#CC,Application_ds
CCOC(=O)C(Nc1ccc(C#N)cc1)c1cc(Br)cc(CO)c1.CC(OCC)=O,Application_ds
O=C1C2=C(O)C3=C(O)C=C2C(=O)C4(OC(C)(C)C(Cl)C=C14)CC=C(C)CCC=C(CO)C3.CC(OCC)=O,Application_ds
CC(C)(C)OC(=O)[C@H](Cc1ccc(O)cc1)NC(=O)[C@@H]1CCC(=O)N1Cc1ccccc1.CCO,Application_ds
COc1ccccc1-c1nc(Cl)ns1.N#CC,Application_ds
O=C(OCC1C(=CC(=O)C2C(C)(C)CCCC12C)C)CCCCCCCC=CCCCCCCCC.CC1=CC=CC=C1,Application_ds
CC(C)N1CCC(N(Cc2nccs2)S(=O)(=O)CCN)CC1.CC1CCCO1,Application_ds
CCCCCCCCCCC=O.CCO,Application_ds
O=C1C2=C(OC)C=3OCOC3C(=C2CCN1C)CNC(=O)COC=4C=CC=CC4.CC1CCCO1,Application_ds
O=C(C=CC=C(C)C1CCC(C=C)(C)C(C(=C)C)C1)C.CO,Application_ds
  C[C@H]1[C@H](NC(=S)Nc2ccc(Br)cn2)C[C@@H]2C[C@H]1C2(C)C.O=CN(C)C,Application_ds
COc1ccc(C(=O)c2ccccc2F)c(O)c1Cl.CO,Application_ds
O=C(C=CC1=CC=C(O)C(OC)=C1)CC(=O)CCCCCC(CNC)CCCC(C)C.CC(C)=O,Application_ds
O=C1C=C(OC2=CC(OC3OC(COC4OC(CO)C(O)C(O)C4O)C(O)C(O)C3OC5OC(C)C(O)C(O)C5O)=CC(O)=C12)C=6C=CC(O)=CC6.CCO,Application_ds
Brc1ccc(C2OCCO2)cn1.CC(OCC)=O,Application_ds
[O-][NH+](O)C=1C=C(C(=CC1Br)C(F)(F)F)C(F)(F)F.CC(OCC)=O,Application_ds
CC1(C)C(NC(=O)c2ccc(NCc3ccccc3)c(S(=O)(=O)N3CCCC3)c2)[C@@]2(C)CC[C@@H]1C2.O=CN(C)C,Application_ds
Cc1cc(CN2CCOCC2)cc2c1C(=O)N(Cc1ccc(OC(F)(F)F)cc1)C2.O=CN(C)C,Application_ds
OC1CCN(Cc2ccccc2)CC1.O=CN(C)C,Application_ds
O=[N+]([O-])c1cccc([N+](=O)[O-])c1NCCO.CCO,Application_ds
O[C]1[CH][C](O)[C]2[CH][C](OC3OC(OC4OC(C)C(O)C(O)C4O)C(O)C(O)C3O)[C]([OH+][C]2[CH]1)[C]5[CH][CH][C](O)[C](O)[CH]5.CCO,Application_ds
CC(C)[N+](C)(CCOC(=O)C1C2=CC=CC=C2OC2=CC=CC=C12)C(C)C.O=CN(C)C,Application_ds
COc1ccc2ncc(Cl)c(CC=C[C@@H]3CC[C@@H](NC(=O)OC(C)(C)C)CC3)c2c1.CC(C)=O,Application_ds
FC1(F)CC1CBr.CC(C)=O,Application_ds
O=C(O)CC1(CC(=O)NCC2N3CCC(C2)C(C4=CC(=NN4C)C5CCCCC5)C3)CCCC1.CC(C)=O,Application_ds
O=C(OC1CC2(C(=O)OC3OC(CO)C(O)C(O)C3OC4OC(C)C(O)C(OC5OC(CO)C(O)C(O)C5O)C4O)CCC6(C(=CCC7C8(C)CCC(OC9OC(COC%10OCC(O)C(O)C%10OC%11OCC(O)C(O)C%11O)C(O)C(O)C9NC(=O)C)C(C)(C)C8CCC76C)C2CC1(C)C)C)C=CC=%12C=CC=CC%12.CC1=CC=CC=C1,Application_ds
Cc1nn(C(c2ccccc2)(c2ccccc2)c2ccccc2)cc1B(O)O.CC1CCCO1,Application_ds
C1CNCCN1.CC1=CC=CC=C1,Application_ds
CC(C)(C)OC(=O)Nc1cncc(Br)c1.CC1=CC=CC=C1,Application_ds
CCc1cc(-c2cnn(CC(N)=O)c2)ccc1N(C)c1cc2c(cn1)ncn2C.CC(C)=O,Application_ds
CC(=O)OCC(=O)NCCCOC1=CC=CC(CN2CCCCC2)=C1.CCO,Application_ds
O=C(N)CCCCCCCCC.CC1=CC=CC=C1,Application_ds
O=C1C(OC)=C(OC=2C=C(O)C=C(O)C12)C=3C=CC(O)=C(O)C3CC=C(C)C.O,Application_ds
Cn1nnn(-c2cccc([N+](=O)[O-])c2CBr)c1=O.N#CC,Application_ds
Cc1ccc(C(=O)Nc2nc3ccc(C)cc3s2)cc1.O=CN(C)C,Application_ds
Cc1ccc(Oc2ccc3nc(NC(=O)C4CC4)cn3n2)cc1N.CC1CCCO1,Application_ds
O=C(O)C(N)C=COCCN.O,Application_ds
CC(C)(CNC=O)c1ccc(OCc2ccccc2)cc1.CC1=CC=CC=C1,Application_ds
O=C1OC(=O)C2(C(=C1)C3(C)C(OC(=O)C)CC4C(C)(C)C(OC(=O)C)CC(OC(=O)C)C4(C)C3CC2)C.CC1=CC=CC=C1,Application_ds
CCOC(=O)N=C(N)c1ccc(CNC(=O)C(OCC)c2c(F)cc(-c3ccc(N)nc3)cc2F)cc1.O=CN(C)C,Application_ds
  COc1ccc(NS(=O)(=O)Nc2nnc(C(F)(F)F)s2)cc1OC.CC(C)=O,Application_ds
OC1=CC=C2C=C1OC(CO)CC#CC(NCNCC(O)(C)CC(C)C)C3(OCNC)CC=4C(OC23)=C5C(OC(CO)CC5)=C6C=7C=CC(O)=C8C=C(CNCCCC=9C=CC=CC9)C(C=%10C=CC=%11NC=CC%11C%10)C(C78)CC64.N#CC,Application_ds
CCOC(=O)c1coc(Cl)n1.N#CC,Application_ds
CC(C)(C)Cn1c(CBr)cc2cnc(C#N)nc21.CC1CCCO1,Application_ds
O=C(OC)CCCCC=CCC=1C(=O)CCC1C=CC(O)CCCC.O,Application_ds
COP(=O)(CC(=O)CCCCCNC(=O)OC(C)(C)C)OC.CC1=CC=CC=C1,Application_ds
c1csc(N2CCNCC2)n1.CC1CCCO1,Application_ds
COC(=O)[C@H](Cc1ccccc1)Nc1ncnc(-c2ccc(OCc3ccccc3)cc2)c1C=O.CO,Application_ds
  CNS(=O)(=O)NCCN1CCCCC1.N#CC,Application_ds
CC(C)(C)N1C(=O)C(NC2CCN(Cc3ccc(C#N)cc3)CC2)=C(c2ccccc2)S1(=O)=O.CC(C)=O,Application_ds
O=c1n(Cc2ccnc(-c3cccc(Cl)c3Cl)c2)nc(-c2ccc(Cl)cc2)n1C[C@H](O)C(F)(F)F.CC(OCC)=O,Application_ds
Fc1ccc(Cn2c(NC3CCNCC3)nc3ccccc32)cc1.CC1CCCO1,Application_ds
Fc1ccc2c(c1)-c1[nH]c(N3CCOCC3)nc1CCN2.CC(C)=O,Application_ds
O=C1CC2COCC1N2.CO,Application_ds
COc1ccc(C#Cc2ccccc2)cc1C1CCN([C@@H]2C[C@@H]3CC[C@H]2C3)CC1.N#CC,Application_ds
O=C(OC1C(C)C(OC)C=COC2(OC3=C(C2=O)C=4C(=O)C(=C(NC(=O)C(=CC=CC(C)C(O)C(C)C(O)C1C)C)C(=O)C4C(O)=C3C)N5CCC(C(=O)N)(N6CCCCC6)CC5)C)C.CC1CCCO1,Application_ds
COc1cccc(C(C)=O)c1.CC1=CC=CC=C1,Application_ds
Nc1nc(C(=NOC2CC2)C(=O)O)cs1.O,Application_ds
CC(=O)C(C(=O)NC1=CC=CC=C1)N=NC2=C(C=C(C=C2)S(=O)(=O)[O-])[N+](=O)[O-].CC(=O)C(C(=O)NC1=CC=CC=C1)N=NC2=C(C=C(C=C2)S(=O)(=O)[O-])[N+](=O)[O-].[Ca+2].CO,Application_ds
CCOC(=O)C1CCc2ccc3ccccc3c2O1.CC(OCC)=O,Application_ds
CC1COc2c(F)c(F)cc3c(=O)c(C(=O)O)cn1c23.O=CN(C)C,Application_ds
C[C@@H](c1c[nH]c2ccccc12)[C@@H](N)C(=O)Nc1cccc(CN(C)C)c1.O,Application_ds
O=C1C(OCC2OC(CO)C(O)C(O)C2O)=C(OC=3C=C(O)C=C(O)C13)C=4C=CC(O)=CC4.O=CN(C)C,Application_ds
COc1nc(C)cnc1N.CC1=CC=CC=C1,Application_ds
O=Cc1cnn2ccc(Br)cc12.CC(C)=O,Application_ds
O=c1cc(N2CCOCC2)oc2c(-c3ccc(N4CCOCC4)cc3)csc12.CO,Application_ds
[H][C@@]12C[C@H](O)[C@@]3(C)C(=O)[C@H](O)C4=C(C)[C@H](C[C@@](O)([C@@H](OC(=O)C5=CC=CC=C5)[C@]3([H])[C@@]1(CO2)OC(C)=O)C4(C)C)OC(=O)[C@H](O)[C@@H](NC(=O)OC(C)(C)C)C1=CC=CC=C1.CCO,Application_ds
CCC[Mg+].CC1CCCO1,Application_ds
O=C(O)C=CC=1C=CC=C2OCCOC21.CO,Application_ds
CC1(C)CC(=O)N(CCCCCN2CC[C@@H]3c4cccc(O)c4CC[C@@H]32)C(=O)C1.CC1CCCO1,Application_ds
O=C(O)Cn1cnc2c(NC(=O)OC(c3ccccc3)c3ccccc3)ncnc21.CC1=CC=CC=C1,Application_ds
COCCN1CCC(=O)N(C)c2cnc(Nc3ccc(C(=O)O)cc3OC)nc21.O,Application_ds
CCC[C@@H](NC(=O)N1C(=O)C(CC)(CC)[C@@H]1Oc1ccc(C(COC)N(C)CCC)cc1)c1ccc(C)cc1.O,Application_ds
O=Cc1cccc(OCCN2CCCC2)c1.CC1CCCO1,Application_ds
CC(C)CCNC(=O)c1ccccc1-c1ccccc1CN.O,Application_ds
O=C1C=2C=C(O)C=C(O)C2C(=O)C3=C(O)C=C(C=C13)C(O)C(=O)C.CC1CCCO1,Application_ds
O=C(NCCCN(C)C)C1C=2C=CC=CC2OC=3C=CC=CC31.CC1CCCO1,Application_ds
Cc1cccc(-n2c(-c3ccc4ncnn4c3)c(C)[nH]c2=O)c1.CO,Application_ds
CCC(C)[C@@H]1CCCC[C@H]1N.O,Application_ds
COC(=O)C(C)NS(=O)(=O)c1ccccc1[N+](=O)[O-].O,Application_ds
CC#CCOc1ccc(O)cc1.CC1CCCO1,Application_ds
O=C1OC2C(CC(O)C3(C)CCCC(=C)C23O)C1C.CC1=CC=CC=C1,Application_ds
Cc1cc(C2CC2)cnc1N1CCN(C(=O)c2ccc(I)cc2)CC1.O=CN(C)C,Application_ds
O=C(C=1OC=CC1)C2=COC=3C=CC=CC3C2=O.CO,Application_ds
O=C1NC(C(=O)N2CCC(N)C12)CC3=CC=C(OC)C=C3.O,Application_ds
CCN1CCC(OC(=O)[C@](O)(c2ccc(Cl)cc2)[C@@H]2CCC(F)(F)C2)CC1.CO,Application_ds
CCOC(=O)Nc1nc2cc(-c3cccnc3)cc(-c3ccccn3)c2s1.O,Application_ds
COc1ncc(Br)cn1.CC(C)=O,Application_ds
CN(C)c1ccc(C(=O)O)c2ccccc12.O=CN(C)C,Application_ds
c1ccc2c(c1)CCNC2.CC1CCCO1,Application_ds
CC1(Cc2ccc(Br)cc2)CC(=O)c2cc(Br)ccc2C1.CCO,Application_ds
O=C(O)C1CC1(Cl)Cl.CC1CCCO1,Application_ds
COC(=O)c1ccc2c(c1)cc(COc1ccccc1)n2Cc1ccc(SC(F)(F)F)cc1.CC1=CC=CC=C1,Application_ds
O=C(OC)CCC(C)C1CCC2C3C(=O)C=C4C=CCCC4(C)C3CCC12C.CCO,Application_ds
O=C(OC1CCC2(C)C(CCC3(C)C2CCC4C5C(C(=CC(O)C5(C)C(O)CC43C)C)C)C1(C)C)CCCCCCCCCCCCCCC.CC(C)=O,Application_ds
CC1NCCc2ccccc21.CC1CCCO1,Application_ds
O=C(OC)C1=C2NC=3C=CC=CC3C24CCN5CC(=O)CC(C1)(C(O)C)C54.CCO,Application_ds
O=C1C=CC2(C(=C1)CCC3C4CCC(C(C(=O)O)C)C4(C)C(O)CC32)C.CC(OCC)=O,Application_ds
CCOc1ccc(CC(=O)O)cc1.N#CC,Application_ds
CCOC(=O)CCN(C)C(=O)c1ccc(NC(c2oc3ccc(OC)cc3c2Br)C2CCCCC2)cc1.CC(C)=O,Application_ds
OC(C)(C)CC=1C=CC=CC1.N#CC,Application_ds
NC1CCN(Cc2ccc3c(c2)NC(=O)CC3)CC1.CC(OCC)=O,Application_ds
COc1ccc2c(c1)CCC(N)C2.CC1=CC=CC=C1,Application_ds
O=C1C=C(OC2=CC=C(C=C12)NC(=O)C=3C=NC=CC3)C=4C=CC=CC4.CC1=CC=CC=C1,Application_ds
CCCCCCCCCCCCOC(=O)NS(=O)(=O)Cl.O,Application_ds
COC(=O)c1ccc2c(C3CCCCC3)c(-c3ccc4ncc(-c5ccccc5)cc4c3)n(CC(=O)N3CCOCC3)c2c1.O,Application_ds
  CCOc1ccc(Nc2c(Nc3ccc(Br)c(C(F)(F)F)c3)c2=O)cc1.O=CN(C)C,Application_ds
CC(C)(C)OC(=O)C1(CNC(=O)c2nc(C#N)c3cc(Oc4ccccc4)ccc3c2O)CCS(=O)CC1.CCO,Application_ds
O=C(O)CC1NC(=O)NC1=O.CCO,Application_ds
  CCCCCOC(=O)Nc1c(NC(=O)c2cccc(OC)c2)c(=O)c1=O.O,Application_ds
O=C(NC1COC2C1OCC2NC3=NC=CC(=N3)C=4C=CC(=CC4)N(C)C)COC=5C=CC=CC5.CC(OCC)=O,Application_ds
O=C1OC2=C(OCC(OC3OC(CO)C(O)C(O)C3O)C(O)(C)C)C=4OCCC4C(OC)=C2C=C1.CC1=CC=CC=C1,Application_ds
O=C1OC2=CC=C3C(=O)C(OC3=C2C(C=4OC=CC4)C1)=CC5=CC=C6OCCOC6=C5.CC(C)=O,Application_ds
COc1cc(C)cc(C)c1-c1cccc2c(N(CC3CCOCC3)CC3CC3)c(OC)nn12.CC1=CC=CC=C1,Application_ds
O=CC(=CCCCCCCC=CC(O)C#CC#CC(O)C=C)CCCCCC=CC(O)C#CC#CC(O)C=C.CC(OCC)=O,Application_ds
Fc1cccc(Nc2nc(-c3ccc(Br)cc3)cs2)c1.N#CC,Application_ds
O=C1OCC2OC(OC(=O)C3=CC(O)=C(O)C(O)=C3)C4OC(=O)C5=CC(O)C(O)=C6OC7(O)C(=O)C=C(C(=O)OC2C4OC(=O)C=8C=C(O)C(O)=C9OC%10(O)C(=O)C=C%11C(=O)OC%12OC%13COC(=O)C%14=CC(=O)C%15(O)OC=%16C(O)=C(O)C=C(C(=O)OC%13C(OC(=O)C%17=CC(O)=C(O)C(O)=C%17)C%12OC(=O)C%18=CC(O)=C(O)C(O)=C%18OC=%19C=C1C(=C%20OC%10(O)C%11OC%19%20)C98)C%16C%14C%15(O)O)C(C65)C7(O)O.CO,Application_ds
O=C1C=C(OC=2C=C3OC(C)(C)C(OC(=O)C4(OC4CCC5=CC(=NC(=C5)C=6C=CN=C(N)C6)N)C)CC3=C(O)C12)C.CC1CCCO1,Application_ds
O=C(OC(CC(=O)CCC1=CC=C(O)C(OC)=C1)CCCCCCCCC)C.O=CN(C)C,Application_ds
O=CC1=CN(C2=C1C(OC)CC(O)C2C)C.CC(OCC)=O,Application_ds
O=C(NC(CO)C(O)C(O)CCCCCCCCCCCCCC)C(O)CCCCCCCCCCCCCCCCCCCCCCC.CC(OCC)=O,Application_ds
O=C1C=CC2(C(=C1)CCC3C2CCC4(C)C3CC5OC6(OC(=O)C(C)C6C)C(OC(=O)C)C(C)C54)C.CC1=CC=CC=C1,Application_ds
CCCC(=O)Nc1cccc(C2CCN(CCCNC(=O)C3(c4ccc(Cl)cc4)CC3)CC2)c1.CC1CCCO1,Application_ds
O=C1C(Cc2ccccc2)NC2(CCN(C(=S)Nc3ccccc3)CC2)N1Cc1ccccc1.CCO,Application_ds
O=C1OC=2C=CC=CC2C=C1C(=O)CCNC3=CC=C(C=C3)CC(=O)OCC.CC1CCCO1,Application_ds
O=C1COc2ccncc2N1.CCO,Application_ds
CCCC[Sn](/C=C/C(C)(C)O)(CCCC)CCCC.CC(OCC)=O,Application_ds
CCC1Cc2ccc([N+](=O)[O-])cc2CN1C.N#CC,Application_ds
N#CC1(C(=O)O)CC1.O,Application_ds
S(SSCC=C)SCC=C.CCO,Application_ds
O=C(NC=1C=CC=2NC=CC2C1)CN3C=CC=4C=CC(OCC=5C=CC=CC5)=CC43.N#CC,Application_ds
C=CCc1cc(NC(=O)CCCBr)ccc1OC.CCO,Application_ds
COCCOc1c(OC(=O)c2ccccc2)cccc1C(=O)OC.CO,Application_ds
O=C1C=CN(C(=O)N1)C2OC(C(O)C2O)C(OC3OC(=CC(O)C3O)C(=O)NC4C(=O)NC(C)CCC4)C(=O)N.CC(C)=O,Application_ds
O=C(OCC1(OC2OC(COC(=O)C)C(OC(=O)C=CC3=CC=C(O)C(OC)=C3)C(OC4OC(COC(=O)C)C(O)C(OC5OC(CO)C(O)C(O)C5O)C4O)C2OC6OC(CO)C(O)C(O)C6O)OC(CO)C(O)C1OC(=O)C=7C=CC=CC7)C=CC8=CC=C(O)C(OC)=C8.CC1=CC=CC=C1,Application_ds
O=C(N1c2ccccc2Oc2ccccc21)C(F)(F)F.CC(C)=O,Application_ds
O=[N+]([O-])c1ccc2sc(S)nc2c1.CC1=CC=CC=C1,Application_ds
CNCc1ccc(-c2nc3cccc(C(=O)OC)c3o2)cc1.O=CN(C)C,Application_ds
  CCOC(=O)c1ccc(Nc2c(NCCN(CC)c3ccc(/N=N/c4ccc([N+](=O)[O-])cc4)cc3)c(=O)c2=O)cc1.O=CN(C)C,Application_ds
Cn1c(CNCCCCNC(=O)OC(C)(C)C)nc2ccccc21.CCO,Application_ds
CN1N=C(S\C1=N/C(C)=O)S(N)(=O)=O.CO,Application_ds
O=C(C1=C(O)N=C(OC)C(OC)=C1O)C(C)CC(C)C(Cl)(C)CCl.N#CC,Application_ds
O=C(OCC(=O)C1(O)CCC2C3CCC4=CC(=O)CCC4(C)C3C(O)CC21C)CCC(=O)NCCC5=CC=C(F)C=C5.O=CN(C)C,Application_ds
O=C1OC(=C(C=2C=C(OC)C=C(O)C12)C)C.O=CN(C)C,Application_ds
COc1cc2c(=O)c(C#N)c[nH]c2cc1F.CC1=CC=CC=C1,Application_ds
CCOC(=O)c1ccc(Nc2ccncc2)cc1.CC1CCCO1,Application_ds
O=C(OCC)[C]1[CH][C]2C(=O)N3[CH][C]([CH][CH][C]3[N][C]2[NH+]([C]1N)C[C]4[CH][CH][CH][CH][CH]4)C.CCO,Application_ds
Fc1ccc(B2OB(c3ccc(F)cc3)OB(c3ccc(F)cc3)O2)cc1.N#CC,Application_ds
  COc1cc(OC)nc(Nc2c(Nc3cc(Cl)c(OC(F)(F)C(F)F)c(Cl)c3)c2=O)n1.O,Application_ds
COC(=O)C1(N2Cc3ccc(-c4ccc(NC(=O)c5ccc(Cl)cc5)cc4)cc3C2=O)CCC1.CC1CCCO1,Application_ds
O=C(C=Cc1cccnc1)NCCCCN1CCC(c2c[nH]c3ccccc23)CC1.CC(C)=O,Application_ds
O=C(CO)CCC1C(C)CC(O)CC1(C)C.O,Application_ds
COC(=O)c1cccc(-c2ccc(C)cc2)c1.CC1CCCO1,Application_ds
CCCCC(=O)c1cc(C#N)c(N2CCC(C(=O)O)CC2)nc1CN1CCCC1=O.CCO,Application_ds
O=C(O)C(O)C(N)(C)C.CC(C)=O,Application_ds
CC(C)(C)OC(=O)N1CCN(c2ncc(OCc3cnc(N)nc3)cn2)CC1.N#CC,Application_ds
N#Cc1cncc(-c2ccc3c(c2)C2(COC(N)=N2)[C@H]2CC(=O)CC[C@@H]2O3)c1.O=CN(C)C,Application_ds
CC(C)(C)OC(=O)CNC1CCCC1.CC(C)=O,Application_ds
OCc1ccc2cc(O)ccc2c1.CC1=CC=CC=C1,Application_ds
O=C1CCc2c1cccc2C(F)(F)F.CO,Application_ds
C=CC(=O)Nc1ccc(OC)c(Nc2nc(Nc3ccccc3C(=O)NC)c3c(Cl)cn(COCC[Si](C)(C)C)c3n2)c1.CC1=CC=CC=C1,Application_ds
CC(C)(C)[Si](C)(C)Oc1c(Br)ccc2ccc(C=O)nc12.CC(C)=O,Application_ds
O=C1C2=C(O)C=C3OC45C(O)C(OC(C)C5C(=O)C=6C(O)=CC(O)=CC6C4OC3=C2C(=O)C7=C1C(OC(C)C7O)C)C.CCO,Application_ds
  CC(C)[C@H](NC(=O)[C@H](CNS(=O)(=O)NC[C@]12C[C@H]3C[C@H](C[C@H](C3)C1)C2)C(F)(F)F)C(=O)OC(C)(C)C.O,Application_ds
O=C1C=2C(O)=CC(O)=CC2OC(C3=CC=C(OC)C(OC)=C3)C1OC.CCO,Application_ds
COc1ccc(C(=O)N2CC[C@@](CCN3CCC(N4CCCCC4)CC3)(c3ccc(Cl)c(Cl)c3)C2)c(OC)c1.CC(C)=O,Application_ds
CCCS(=O)(=O)N(CC)C(C)C(=O)c1ccccc1.CC1CCCO1,Application_ds
CCNc1nc(C(F)(F)F)c(C(=O)NC(C#N)c2cccs2)s1.CC1=CC=CC=C1,Application_ds
O=C(OC)C1=CC=CC(=C1)CN2CC3N(CC(O)C3)C4(C2)CN(CC=5C=CC=C(Cl)C5)C4.N#CC,Application_ds
CC(C)(C)OC(=O)[C@@H](N)Cc1ccccc1.CCO,Application_ds
Cc1c(Cl)cccc1OCC1(C(=O)N2CCCc3c(Br)cccc32)CC1.CO,Application_ds
NCc1ccccc1Br.CC(C)=O,Application_ds
BrC=1C=CC(O)=C(C1)C2=NNC(C=3C=CN=CC3)C2.O=CN(C)C,Application_ds
Nc1ncnc2c1ncn2-c1ccc(NC(=O)Nc2ccc(Cl)c(C(F)(F)F)c2)cc1.CCO,Application_ds
Cc1cc(C)c(C(Cl)Cn2ccnc2)c(C)c1.CC(C)=O,Application_ds
Ic1ccc2c(I)n[nH]c2c1.O,Application_ds
Nc1nc(-c2cccc(Br)c2)cs1.CC(OCC)=O,Application_ds
O=C1OC2CC(C)C3C(OC(=O)C)C(O)C(OC(=O)C)C3(C)CC2C1=C.O,Application_ds
CCOC(=O)Nc1ccc(CNc2ccc(Cl)cc2)cc1.O,Application_ds
S=C(OCC)NCC1=CC=C(OC2OC(C)C(O)C(O)C2O)C(O)=C1.N#CC,Application_ds
O.O.O.O.O.[O-]S(=O)(=O)[O-].[Cu+2].CC1=CC=CC=C1,Application_ds
Oc1cc(O)c(C=NNc2ccc(I)cc2)cc1O.N#CC,Application_ds
CC(C)(C)OC(=O)N[C@H]1COc2ccccc2NC1=O.N#CC,Application_ds
O=C1OC(=C)C(O)(C=2C1=C(O)C=C(OC)C2C)C.CC1CCCO1,Application_ds
O1C2=CC=C(C=C2OC1)C3OCC4C(OCC34)C5=CC=6OCOC6C(=C5)C.O,Application_ds
O=[N+]([O-])c1cc(Cl)cnc1N1CCOCC1.CC(C)=O,Application_ds
O=C(NCC1CC=2NC(=NC2C(C=3N=C(N)NC3)C1CNC(=O)C4=CC(Br)=CN4C)N)C5=CC=C(Br)N5C.CC1=CC=CC=C1,Application_ds
O=C=NS(=O)(=O)Cl.CO,Application_ds
OC(C#Cc1cccnc1)c1ccccc1.O=CN(C)C,Application_ds
CCOC(=O)c1cn(CC)c2nc(Cl)ncc2c1=O.O=CN(C)C,Application_ds
CC1NCCc2ccccc21.CCO,Application_ds
O=C1OC=2C=C(OCC(=O)OC(C)(C)C)C=CC2C(=C1)C3=CC=4C=CC=CC4OC3=O.CO,Application_ds
COc1ccccc1CBr.CC(OCC)=O,Application_ds
O=C1OC(C=2C=C(OC)C=C3OC4=CC(=CC(O)=C4C(=O)C32)C)C(O)C5=CC(OC)=CC(O)=C5OC6=CC(=CC(O)=C16)C.N#CC,Application_ds
COC(=O)CCCc1nnc(-c2ccc(NC(=O)Nc3cccc(C)c3)cc2)o1.CC(C)=O,Application_ds
O=C(NC=1C=2C=CC=CC2N=C(C1C)CC)CN3CCC(C)CC3.CC1CCCO1,Application_ds
O=C(OC)C(=COC1OC(CO)C(O)C(O)C1O)C2C(=CC)C[NH+]3C(=C4[N-]C=5C=CC=CC5C4=CC3)C2.CC1=CC=CC=C1,Application_ds
COC(=O)c1c(C)cccc1COCCCCNc1ccc2ccccc2n1.CO,Application_ds
CCCCCCCc1nc(-c2ccc(CNC(=O)[C@H](CCOC(c3ccccc3)(c3ccccc3)c3ccccc3)NC(=O)OCC3c4ccccc4-c4ccccc43)cc2)no1.CC1=CC=CC=C1,Application_ds
CCS(=O)(=O)N1CCc2cc(Br)cc(F)c21.O=CN(C)C,Application_ds
COCCOc1cc(Cl)c(Cc2ncc(-c3ccco3)s2)cc1[C@@H]1O[C@H](CO)[C@@H](O)[C@H](O)[C@H]1O.CCO,Application_ds
O=C(O)CC(O)(C)CC(=O)OC1CC2(C3=C(CCC2C(C)(C)C1OC(=O)C)C4(C)CCC(C5CCC(OC5OC(=O)C)C(O)(C)C)C4(C)C(O)C3)C.O=CN(C)C,Application_ds
O=C(O)CC(O)CCCCCC1CCC(CC1)C2NC(C)C(O)CC2[NH+]3CN=CC3.CC1=CC=CC=C1,Application_ds
COc1ccc(C=O)cc1O.CC1CCCO1,Application_ds
O=C(COc1ccccc1)c1ccc(Cl)cc1.O=CN(C)C,Application_ds
O=C(C=1C=CC=CC1)CCC2=CNC=3C=CC=CC32.O,Application_ds
NC(=O)CN1C(=O)COc2cc(F)ccc21.CC1=CC=CC=C1,Application_ds
O=C(O)CCCCC[P+](c1ccccc1)(c1ccccc1)c1ccccc1.O=CN(C)C,Application_ds
O=C(O)C1(OCC2OC(OCC(NC(=O)C(O)CCCCCCCCCCCCCCCCCCCCCC)C(O)C(O)CCCCCCCCCCC(C)C)C(O)C(O)C2O)OC(C(O)C(O)CO)C(NC(=O)CO)C(O)C1.O=CN(C)C,Application_ds
O=C(O)C1(C)CCCC1(C)C.CC(OCC)=O,Application_ds
O=C1CNCCN1Cc1ccc(F)cc1.CCO,Application_ds
Clc1ccc(O[C@H]2CN3CCC2CC3)nn1.CO,Application_ds
O=C1OC2=C(C=CC=3OC(C)(C4OC(=O)C(=C(C)C)CCC5=CC=C(C=C5)C6C=CC(C=7C=CC=C(C7)CC=8C=CC=CC8)CC6CC(=O)OC4C32)C9CCCC9)C(=C1C(COC)CCO)CO.CC1=CC=CC=C1,Application_ds
COc1ccc(N)cc1OC.O,Application_ds
O=C(O)CCC(=O)N1CCC=2N=CNC2C1C=3C=CC=C4NC=CC43.CC1CCCO1,Application_ds
CC(C)(C)OC(=O)N1CCC[C@@H]([C@@](C)(OCCN2C(=O)c3ccccc3C2=O)c2cccc(Cl)c2)C1.O,Application_ds
CCOc1cc(C(C)(C)C)ncc1C1=N[C@@](C)(c2ccc(Cl)cc2)[C@@](C)(c2ccc(Cl)cc2)N1C(=O)Cl.CC1CCCO1,Application_ds
Cc1ccc2nc(N3CCS(=O)(=O)c4ccc(F)cc4C3)cc(NCC3(N(Cc4ccccc4)Cc4ccccc4)COC3)c2c1.N#CC,Application_ds
CC(C)(C)OC(=O)N[C@H](CCCI)C(=O)OC(C)(C)C.CCO,Application_ds
O=C(OCC(NC(=O)C=1C=CC=CC1)CC=2C=CC=CC2)C(NC(=O)C=3C=CC=CC3)CC4=CC=C(O)C=C4.CC(OCC)=O,Application_ds
CCCCCCCCCCCc1ccc(C(=O)Oc2ccc(C(=O)OCc3ccccc3)cc2)c(C(=O)O)c1.O,Application_ds
O=C1OC2(C(=O)N3CCN(C(=O)C45OC(=O)C(C)(CC4)C5(C)C)CC3)CCC1(C)C2(C)C.O=CN(C)C,Application_ds
CCOC(=O)C(C)OC1=CC=C(C=C1)OC2=CN=C3C=C(C=CC3=N2)Cl.O,Application_ds
COC(=O)C(OC)c1ccc2ccccc2c1.CC(C)=O,Application_ds
O=C(O)C12CC3CC(CC(O)(C3)C1)C2.N#CC,Application_ds
O=C1OC=2C=C(OCC(=O)NCCC3=NC(=NO3)C=4C=CC=CC4)C=CC2C=C1.CC(C)=O,Application_ds
NCc1cccc(-c2ccccc2)c1.O=CN(C)C,Application_ds
O=C1OC=2C=C(O)C=CC2C=C1C3=CC(OC)=C(O)C=C3O.O=CN(C)C,Application_ds
CN1CCn2c(c(OCc3ccccc3)c3c(=O)n(Cc4ccc(F)cc4)nc(Br)c32)C1=O.CC1CCCO1,Application_ds
CC(C)CCCCCCCOc1ccc(O)c(C(=O)Cc2ccccc2)c1.O,Application_ds
CS(=O)(=O)Nc1ccc([N+](=O)[O-])cc1.CC(OCC)=O,Application_ds
O=C1OC2C=C(COC(=O)C)C3C(OC=C1C23)OC4OCC(O)C(O)C4O.N#CC,Application_ds
OCc1cccc(OCc2ccccc2)c1.O=CN(C)C,Application_ds
Cc1nc2ccccc2n1-c1nc(N2CCOCC2)c2sccc2n1.O,Application_ds
NC(CO)Cc1c[nH]c2cccnc12.O,Application_ds
Cc1cc(C(=O)NCCN2CCCC2)c(C=C2C(=O)Nc3cccc(-c4ccc(F)c(Cl)c4)c32)[nH]1.CC(C)=O,Application_ds
CCOC(=O)C1=C(CBr)NC(c2ncns2)=NC1c1ccc(F)cc1Br.N#CC,Application_ds
O=C(Nc1ccc(N2CCOCC2=O)cc1F)c1nc(CNC(=O)c2ccc(Cl)s2)no1.CC(OCC)=O,Application_ds
O=C(NCCOC(=O)c1ccc([N+](=O)[O-])cc1)OCC1c2ccccc2-c2ccccc21.CC(C)=O,Application_ds
COc1ccc2ccc(N3C(=O)c4ccccc4C3OCC(=O)NCCC(C)C)nc2n1.N#CC,Application_ds
O=C1CCC2CC(CCCCC(O)C3C#CC([C]4[CH][C](O)[C](OC)[CH][C]4CCC3=O)CCC(O)C(C[C]5[CH][CH][NH2+][C](N)[CH]5)CCC(C)C)C[NH2+]C2C1.CC1CCCO1,Application_ds
CC(C)(C)OC(=O)N[C@H]1CCCC[C@H]1Nc1cc(Nc2cccc(C3CCC3)n2)c(C(N)=O)nn1.CCO,Application_ds
  CNc1c(N[C@@H](C)c2ccccc2)c(=S)c1=S.CC(OCC)=O,Application_ds
O=C(O)C=C(CN=C(N)N)C(NC1=CC=CN1)CCC(C=2C=CC=3C=CC=CC3C2)CCCCCCCC.CC(OCC)=O,Application_ds
  COc1ccc(OC)c(CCNc2c(Nc3cccc(/N=N/c4cc(C(=O)N5CCCC5)cc(C(=O)N5CCCC5)c4)c3)c2=O)c1.N#CC,Application_ds
Cc1c(SCCCO)cc[n+]([O-])c1C.CC(C)=O,Application_ds
N#CC1=CN=C(C=C1C)C.CC(OCC)=O,Application_ds
O=CC1=C(O)C(Cl)=C(C=2C(=O)OC3=C(OC12)C(=CC(OC)=C3C)C)C.CCO,Application_ds
COc1cc(O)cc(-c2cccc(C3(c4ccncc4)NC(=S)N(C)C3=O)c2)c1.CC(OCC)=O,Application_ds
CCOC(=O)c1cnc(-c2ccc(Br)cc2F)cc1Oc1ccccc1Cl.CC(OCC)=O,Application_ds
O=CC1(C)CCCC2(C)C3CCC(OC3(C)CCC12)(C=C)CO.N#CC,Application_ds
CCCc1ccc(S(=O)(=O)c2ccc(F)cc2)cc1S(=O)(=O)Cl.CC(OCC)=O,Application_ds
CCOC(=O)c1cn(-c2ccc(Br)cc2Cl)c(-c2c(Cl)cccc2Cl)n1.CC(OCC)=O,Application_ds
O=C1C=2C=CC(=CC2N=C3N1CCC3)C(=O)N4CCSCC4.O=CN(C)C,Application_ds
C=C(c1ccccc1O)n1ccnc1.CC(OCC)=O,Application_ds
CN(C(=O)OC(C)(C)C)c1cc(Oc2ccc(Oc3ccccc3)cc2)ccc1N.O,Application_ds
O=C1C=C2CCC(OC(=O)CCC)C(C)C2(C=C1C(C(=O)O)C)C.O,Application_ds
CCOC(=O)c1cc2cc(Cl)cnc2nc1C(F)(F)F.CC1CCCO1,Application_ds
Clc1cc(Nc2nccc(-c3ccnc(Cl)c3)n2)ccn1.CC1=CC=CC=C1,Application_ds
O=C(NC1CC1)c1ccc2cc(Br)ccc2c1.CO,Application_ds
[O-][NH+](O)C1=CC=C(C=C1)CNC(=S)N.N#CC,Application_ds
CC(CC=O)(C(=O)C1CCCCC1)c1ccccc1.CC(OCC)=O,Application_ds
O=C(O)c1c(F)c(F)c(F)c(F)c1F.CCO,Application_ds
Cc1n[nH]c(N)c1-c1nc2ccc(CBr)cc2s1.CO,Application_ds
O=C(O)CCN1CCN(c2cccc(Cl)c2Cl)CC1.O=CN(C)C,Application_ds
O=C(NCC=CC=C)C=1N=C(OC1C)CC(=O)C=2N=C(OC2C)C=CC3=CC=C(OC)C(OC)=C3.O,Application_ds
Cc1c(C=O)ncn1C(c1ccccc1)(c1ccccc1)c1ccccc1.N#CC,Application_ds
CCCCn1c2c(cc(Oc3nc4ccccc4o3)c1=O)CCCC2.CO,Application_ds
CC(C)(C)[Si](C)(C)OC1CCC(n2c(Nc3nn(COCC[Si](C)(C)C)c4ccc(Br)cc34)nc3cc(C(=O)NC4CCCC4)ccc32)CC1.CC1=CC=CC=C1,Application_ds
OCCSc1ccccc1.CC1=CC=CC=C1,Application_ds
C#C[Si](C)(C)C.CC1CCCO1,Application_ds
CCc1c(N)c(C(N)=O)nn1Cc1ccccn1.O=CN(C)C,Application_ds
Fc1cccc(F)c1-c1cc(Cl)ncn1.CO,Application_ds
CC(=O)n1nc(Br)c(=O)[nH]c1=O.CC1=CC=CC=C1,Application_ds
O=C(O)C1OC(OC=2C=C3OC(=CC(=O)C3=C(O)C2O)C=4C=CC(O)=CC4C5=CC=6C=CC=CC6C7CC8CC(C(NC)CC8C9C=CCC(C)C9)C57)C(O)C(O)(CN=C(N)N)C1O.CCO,Application_ds
NS(=O)(=O)c1cccc(NC(=O)c2cnn3c(C(F)F)cc(-c4ccc(C(F)(F)F)c(F)c4)nc23)c1.CC1CCCO1,Application_ds
OC1=CC=C2C=C1OC3=CC=C(C=C3)CCC4=CC=C(OC5=CC=CC(=C5)CC2)C(O)=C4.CC1CCCO1,Application_ds
COC(=O)Cc1cccs1.O=CN(C)C,Application_ds
NCCNc1ccccc1.CC(C)=O,Application_ds
O=C(OC1CCC2(C)C(CCC3(C)C2CCC4C5C(C(=C)C)CCC5(CO)C(O)CC43C)C1(C)C)CCCCCCCCCCCCCCCCC.CO,Application_ds
OCCCCCCO.O=CN(C)C,Application_ds
CC(C)[C@@]1(CC(C)(C)O)CCN([C@@H](C)c2ccc(B3OC(C)(C)C(C)(C)O3)cc2)C(=O)O1.CC1CCCO1,Application_ds
O=C1NCc2ccc([N+](=O)[O-])cc21.N#CC,Application_ds
CC(C)(C)OC(=O)n1cnc(CO)c1.CC1CCCO1,Application_ds
Ic1ccnc2[nH]ncc12.CO,Application_ds
O=C1CC[C@@H](C(=O)O)N1.N#CC,Application_ds
O=C1C=2C(O)=CC(O)=CC2OC3C4=CC(O)=C(O)C=C4COC13.CC(OCC)=O,Application_ds
COc1ccc([N+](=O)[O-])cc1C(=O)O.CC(OCC)=O,Application_ds
Brc1c(-c2ccccn2)nn2c1CCC2.CO,Application_ds
O=C1OC=2C=C3OC=C(C=4C=CC(F)=CC4)C3=CC2C(=C1CC(=O)N5CCC(C(=O)O)CC5)C.CC1=CC=CC=C1,Application_ds
COP(=O)(CN1C(=O)c2ccccc2C1=O)OC.CC1=CC=CC=C1,Application_ds
CC(=O)N(CCCCCNC(=O)CCC(=O)N(CCCCCNC(=O)CCC(=O)N(CCCCC#N)OCc1ccccc1)OCc1ccccc1)OCc1ccccc1.CO,Application_ds
COC(=O)c1cccc(NC(=O)c2cccc(-c3ccc(OC)cc3OC)c2)c1.CC(OCC)=O,Application_ds
O=C1C=C2C3(O)CCC4C(O)(CC=CC5CC26CCC7C(O)(CO)C(O)CC1(CSSCC8CCCC(CO)C98C(=O)N(C%10=CC(O)=CC(=C%10)CCC543)CC9)C76C)C%11OC%11C(C)C(C)C.CO,Application_ds
CCOC(=O)C(C)(C)n1nc2ccc(NCCCN3CCC(OC(c4ccccc4)c4ccccc4)CC3)nn2c1=O.CC1CCCO1,Application_ds
O(C(C)C)C(N1C=2C=CC=CC2C=3C=CC=CC31)CC.CCO,Application_ds
O(C=1C=C(OC)C(=C(OC)C1C=CC2=C(OC)C=C(OC)C3=C2OC(C=4C=CC=CC4)CC3)C)C.CC1CCCO1,Application_ds
OCC12CCC(C(=CCCC(C)C)C)C2(C)CCC3C1CCC4C(C)(C)CCCC34C.CO,Application_ds
NN1CCc2ccccc2C1.O=CN(C)C,Application_ds
O=C(OCc1ccccc1)N1CCN[C@H](CCn2[nH]c(=O)c3ccccc32)C1.O,Application_ds
O=C1CCC(c2ccc(F)c(F)c2)CC1.O=CN(C)C,Application_ds
Cc1nc2cccc(Cl)c2nc1-c1cc(F)ccc1Cl.N#CC,Application_ds
O=C(OCC)CC1CCN(C(=O)C=2C=CC=CC2)CC1CCN3CCCC3C(=O)N.CC1=CC=CC=C1,Application_ds
CC(c1ccc2c(c1)C(C)(C)CCO2)[P+](c1ccccc1)(c1ccccc1)c1ccccc1.CC(C)=O,Application_ds
COc1ccc(-c2cccc3c2C2(COc4cc5c(cc42)OCCO5)C(=O)N3Cc2ccccn2)cc1.N#CC,Application_ds
O=C(NCC1CC1)Nc1ccc(OC2CCNCC2)cc1.CC(C)=O,Application_ds
CC(C)c1cc(C(=O)N2CCN(CCN(C)C)CC2)c(OCc2ccccc2)cc1OCc1ccccc1.O,Application_ds
OC1=CC=C(C=C1)CC(O)C(O)CC2=CNC=3C=CC=CC32.CC1CCCO1,Application_ds
N#Cc1ccc(Oc2ccc(Cl)c(Cl)c2)c(C=O)c1.CC1CCCO1,Application_ds
BrC1C(O)C(=C2CCC(=CCC2(C)C1C)C)C.CC(C)=O,Application_ds
O=C1C=CC(=CN1CCC2=CNC=3C=CC=CC32)C(=O)NCCC4=CC=C(OC)C(OC)=C4.CCO,Application_ds
CCCCCC(=O)/C=C/[C@H]1CCCC(=O)N1CCCCCCC(=O)OC.CC1CCCO1,Application_ds
O=C(Nc1cccc(-c2ccc(C(=O)O)cc2)c1)OCC1c2ccccc2-c2ccccc21.O,Application_ds
O=C(OC=1C=CC=2C=C(C(=O)OC2C1)C3=CC=C(OC)C(OC)=C3)C4=CC=C(OC)C=C4.O=CN(C)C,Application_ds
CC(COC1=CC=CC=C1)N(CCCl)CC1=CC=CC=C1.CO,Application_ds
N(c1ccccc1)c2ccccc2.CO,Application_ds
Cc1ccccc1N=C=O.O=CN(C)C,Application_ds
O=C1C2C(O)C(CC3=CN=C[CH-]3)CC4=CC=C(O)C(OC)=C4CC5=C(C=CC6=CC=CC(=C65)CSSCC2CC(O)C1(C=7C=C(O)C=C(C7)C8(NC)CCCC8)CC9=CC=C(O)C(OC%10CCCCC%10)=C9)CC.CCO,Application_ds
O=C1C=2C(O)=CC=CC2C(O)(OC3OC(CO)C(O)C(O)C3O)C4=CC(=CC(OC5OC(CO)C(O)C(O)C5O)=C14)C.CC1=CC=CC=C1,Application_ds
O=C(OC1CCC2(C)C(CCC3C4=C(CCC32)C(C)(C)CC4)C1)C.CCO,Application_ds
Clc1nc(N2CCOCC2)c2sc(I)cc2n1.CO,Application_ds
CC1NCCc2cc(-c3ccc(F)nc3)ccc21.CC(OCC)=O,Application_ds
  CN1C(=O)[C@@H](Nc2c(NC(=O)c3ccc(C(F)(F)F)cc3)c(=O)c2=O)C[C@H](N2CCCCCC2)c2ccccc21.CC(C)=O,Application_ds
Cc1ccn(-c2ccc(C(=O)N3C[C@@H](c4ccc(F)cc4)[C@H](N(C)C(=O)N(C)c4cc(C(F)(F)F)cc(C(F)(F)F)c4)C3)cc2)n1.CC(C)=O,Application_ds
O=C(O)C12CCC(C)(CO)CC2C3=CC4CCCC56CCC7C(C)(CO)C(OC8OCC(O)C(O)C8O)C(O)C(C(C#CCCC35C9CC=%10NC=NC%10NCC91)C%11C(NC(=O)C%12%11CCCC%12)C(C=%13N=CNC%13)CCC(O)N)C7(C%14CCCC%14)C46.CC(OCC)=O,Application_ds
OC=1C=CC2=C(C1)C(CC=3C=CC=4NC=CC4C3)CC=5C2=C6OC(CO)CCC6=C7OC(C8=CC=C(O)C(OC)=C8)C(OCNC)CC75.O,Application_ds
CCCCCCCC(=O)Cl.CO,Application_ds
O=c1[nH]c2ccc([N+](=O)[O-])cc2o1.O,Application_ds
O=C(OCC=1C=CC(OC(=O)C)C2(C)C(O)C(OC(=O)C)C(O)C3(OC3)C2C(OC(=O)C)C4(O)C(OC(=O)C4C)C1)C.CC(OCC)=O,Application_ds
COCCN1CCN(C(=O)c2ccc(/C=C/c3n[nH]c4ccccc34)cc2)CC1=O.CC1=CC=CC=C1,Application_ds
O=C(CBr)OC(=O)CBr.CO,Application_ds
Cc1noc(C)c1-c1ccc2c(=O)cc(C)n(Cc3cccc(F)c3N)c2c1.O=CN(C)C,Application_ds
O=C(OC)C(CCC=C(C)C)C1C(O)CC2(C3=CCC4C(C(=O)CCC4(C)C3CCC12C)(C)CC)C.CC(C)=O,Application_ds
NCc1cc(N)nc(N)c1.O,Application_ds
Cc1cccc([N+](=O)[O-])c1Br.CC(OCC)=O,Application_ds
  O=C(NC=C(c1ccc(F)cc1)c1ccc(F)cc1)NCc1ccccc1[N+](=O)[O-].O,Application_ds
O=C(OCC1OC23OC=4C=CC=C(O)C4C(O)(C5=C(O)C=C(C(OC1(C)C)=C52)C)C3C)C.O,Application_ds
O=C(OC)C[NH+]1[CH][CH]N2[C]([CH][CH][C]2C)[C]1CC.CC1=CC=CC=C1,Application_ds
CCNC1CCc2[nH]c3ccc(OCc4ccccc4)cc3c2C1.CO,Application_ds
O=C1C=CN(C(=O)C1=C(O)C(=CC=CC=CC2OC(C(O)C2O)C(C)C(OC)C(=CC=CCNC(=O)C(CC)C3(O)OC(C=CC=CC)C(C)(C)C(O)C3O)C)C)C.O=CN(C)C,Application_ds
O=C1OC2=C(C=C3C(OCN(C4=CC=C(C=C4)CCCC)C3)=C2C)C(=C1)C=5C=CC(OC)=CC5.O=CN(C)C,Application_ds
CC(C)[Si](OCC[C@H](C)OS(C)(=O)=O)(C(C)C)C(C)C.CC1=CC=CC=C1,Application_ds
Cc1ccnc(COc2cc(-c3cccnc3)c3c(n2)CCCC3)c1.O,Application_ds
COC(=O)CNC(=O)c1cc(Br)c(Oc2ccc([N+](=O)[O-])cc2)c(Br)c1.CC(C)=O,Application_ds
CCn1c(-c2nonc2N)nc2c(C#CC(C)(C)O)ncc(OC[C@@H]3CNCCO3)c21.N#CC,Application_ds
C=CC(O)CC(C)(C)C.O,Application_ds
O=C(C=C1CCC2(CC1)OCCO2)OCc1ccccc1.O=CN(C)C,Application_ds
C[C@@H](O)[C@@H](CO)NC(=O)[C@@H]1CSSC[C@H](NC(=O)[C@H](N)CC2=CC=CC=C2)C(=O)N[C@@H](CC2=CC=CC=C2)C(=O)N[C@H](CC2=CNC3=C2C=CC=C3)C(=O)N[C@@H](CCCCN)C(=O)N[C@@H](C(C)O)C(=O)N1.N#CC,Application_ds
CC(C)(C)N1C(=O)C(Nc2ccc(N3CCOCC3)cc2)=C(c2ccccc2)S1(=O)=O.CCO,Application_ds
CC1(N)CCC1.O,Application_ds
O=C(OCC1OC(OC(=O)C23CCC(C)(C)CC3C4=CCC5C6(C)CCC(OC7OC(COC8OCC(O)C(O)C8OC9OCC(O)C(O)C9O)C(O)C(O)C7O)C(C)(C)C6CCC5(C)C4(C)CC2O)C(OC%10OC(C)C(OC%11OCC(O)C(OC%12OCC(O)C(O)C%12O)C%11O)C(O)C%10OC%13OC(CO)C(O)C(O)C%13O)C(O)C1O)C(=CCCC(O)(C=C)C)CO.CO,Application_ds
O=C1C2=C(OC(C)(C)C3C2=CC4(OC=5C=6C=CC=CC6N(C(=O)C5C3C4)C)C)C=7C=CC=CC7N1C.O=CN(C)C,Application_ds
OC(C(C=C)C(O)(C)C)C(O)(C)C.CCO,Application_ds
COc1cc(Cl)c2c(c1)CCN2.O,Application_ds
O1C=CC=C1C(CCNCC2=CC=C(OC)C(OC)=C2)CCC(C)C.N#CC,Application_ds
Oc1ccc(O)cc1.O=CN(C)C,Application_ds
O=CC1C2C(C(=O)O)(C)CCCC2(C)C3CCC4(O)C(=C)CC13C4.CC(C)=O,Application_ds
BrC12CC3CC(CC(C3)C1)C2.O=CN(C)C,Application_ds
CC1(C)OC(=O)Nc2ccc(B(O)O)cc21.O=CN(C)C,Application_ds
CCCCCCCNCCc1ccc(Cl)cc1.O=CN(C)C,Application_ds
Cc1ccccc1CN(c1ccc(C#N)c(Cl)c1)[C@H]1CCNC1.CC1=CC=CC=C1,Application_ds
O=C(OC1C(CC=2C=CC=C(C2)CC)C(O)(C(=O)O)CC3OCCC(O)C31OC(=O)C=CC4=CC=C(O)C(O)=C4)C=CC5=CC=C(O)C(O)=C5.O,Application_ds
CNCc1cccc(-c2ccc(CC3SC(=O)NC3=O)cc2)c1.CC1CCCO1,Application_ds
Cc1nnc2sc(C(=O)NCc3ccc(OCF)cc3)c(N)c2c1C.CCO,Application_ds
CNc1ncc2cc(-c3c(C)ccc4c(Nc5cccc(OC(F)(F)F)c5)nc(C)nc34)ccc2n1.CC1=CC=CC=C1,Application_ds
O=C(OC)C=1N=C(SC1C=2C=CC=CC2)NC(=O)CNC3=CC=C4C5=C(OC)C(OC)=C(OC)C=C5CCC(NC(=O)C)C4=CC3=O.CC(OCC)=O,Application_ds
COc1ccc(S(=O)(=O)Nc2cncc(-c3ccc(-c4ccc5c(c4)CN(C)C5=O)s3)c2)cc1.N#CC,Application_ds
  O=C(NC(=S)NC=Cc1ccccc1)c1cccc(Oc2ccc(C(F)(F)F)cc2Cl)c1.CO,Application_ds
CCCn1c(=O)cc(S(=O)CCC)n(Cc2ccc(-c3ccccc3-c3nnnn3C(c3ccccc3)(c3ccccc3)c3ccccc3)cc2)c1=O.CC(OCC)=O,Application_ds
  CN(C)c1ccc(/C=C/C=N/c2ccccc2NS(=O)(=O)NC(=O)c2ccccc2Cl)cc1.CO,Application_ds
COc1ccc2[nH]nc(C(=O)O)c2c1.CO,Application_ds
  O=C(NCCN1C(=O)c2cccc3cccc(c23)C1=O)c1ccccc1Nc1c(Nc2ccc3ccccc3c2)c1=O.CCO,Application_ds
Cc1cc(C(=O)CC(=O)C(F)(F)F)ccc1-c1ccco1.CCO,Application_ds
Cc1cc(C(=O)O)ccc1Br.CO,Application_ds
COC(=O)c1cc(C(=O)c2ccc(N(C)c3ccc(Cl)cc3)cn2)ccc1Br.O,Application_ds
COCc1cncn1C1CSCc2ccccc21.CC1=CC=CC=C1,Application_ds
O=C(NC(C(=O)N(C)C(C(=O)N(C)C(C(=O)N(C)C(C(=O)N1CCCC1C(=O)N2CCCC2C(=O)CC)C(C)C)C(C)C)C(C)CC)C(C)CC)C(=CCCCC#C)C.CC(C)=O,Application_ds
O=C1OCC2=C1C(OC2)CCCCCCC(O)(C)C.CCO,Application_ds
  CC(C)(C)[C@H](NC(=S)Nc1ccc(O)cc1)C(=O)N[C@]12C[C@H]3C[C@H](C[C@H](C3)C1)C2.CC1CCCO1,Application_ds
OC=1C=C(C=C(C1)CC2CC(CC3(CCCC3)C2)C4(C=CCC(C)C4)C)CCCO.O=CN(C)C,Application_ds
COC(CCCCBr)OC.CCO,Application_ds
CN(C1COC1)C(C)(C)C=O.CCO,Application_ds
OCc1ccc(Cl)cc1.CC(C)=O,Application_ds
OCC(OC1=CC=C(C=C1OC)CCC)C.CO,Application_ds
N(C1=CC=C(OC)C=C1)=C2C=C(C=C(OCC)C3=C(OC(=C23)C)C)C=4SC=CC4.CC(OCC)=O,Application_ds
N#CC1C2C(=CC)CN3CCC4(C=5C=CC=CC5NC14O)C3C2.N#CC,Application_ds
  NC(=O)CCCNC(=S)NCCc1ccccc1.N#CC,Application_ds
COCc1nc2c(Cl)cccc2[nH]1.CC(OCC)=O,Application_ds
CC(=NN)c1cccnc1.N#CC,Application_ds
Nc1nc(-n2cc(C(=O)O)c(=O)c3cc(F)c(F)c(Cl)c32)c(F)cc1Cl.CO,Application_ds
O=C(O)c1cc(F)ccc1Br.CCO,Application_ds
CN1CCC(C(=O)c2cccc(N)c2)CC1.CC(OCC)=O,Application_ds
C=CC(C)(C)CC(=O)OC.N#CC,Application_ds
O=C1C2=C(CCC(C=C)(C)C2)C3(C)CCCC(C)(C)C3C1.CC(OCC)=O,Application_ds
CC(=O)Nc1cccc(-c2ccc(Cl)nn2)c1.CC1CCCO1,Application_ds
O=C(OC1CC2C(NC1C)CCCC2CCCCC(O)CCC)C=CC=CCCC.CC(C)=O,Application_ds
O=C(O)C(N1C(=O)C=2C=CC=CC2C1=O)CCS(=O)C.CCO,Application_ds
  CCOc1ccc(NS(=O)(=O)N[C@H](C(=O)N(CC(C)C)CC(C)C)C(C)(C)C)cc1.CC1=CC=CC=C1,Application_ds
Cc1ccc(C(=O)O)cc1-n1cc(-c2ccc(Cl)nc2)nn1.O,Application_ds
CC1Cc2ccc(Cl)cc2C(c2ccc([N+](=O)[O-])cc2)=NN1.CO,Application_ds
Cn1c(C=O)cc2ccccc21.O,Application_ds
O=C1Cc2c(cccc2-c2ccc(Br)cc2)N1.N#CC,Application_ds
O=S(=O)(NCc1ccnc2ccccc12)c1ccc(-c2ccc(Cl)cc2)s1.N#CC,Application_ds
O=C(O)C1(C)CCCC2(CO)C3C(=CCC12)CC(C=C)(C)CC3.O=CN(C)C,Application_ds
O=C(Cc1ccc(Cl)cc1)N1CC[C@H](N(Cc2ccnc3ccccc23)C(=O)C(F)(F)F)C[C@H]1Cc1ccccc1.O=CN(C)C,Application_ds
OC1=CC=C2C(=C1)CCC=3C2=C(OC)C=C(O)C3C=4C(O)=CC(OC)=C5C6=CC=C(O)C=C6CCC54.O=CN(C)C,Application_ds
COC(=O)c1cnc(C#N)c(-c2cccc3ccccc23)c1.CCO,Application_ds
CC(=O)N1CCC(Nc2nccc(-c3cnc(C)n3C(C)C)n2)CC1.O=CN(C)C,Application_ds
CC(C)[C@H](NC(=O)OCc1ccccc1)C(=O)O.CCO,Application_ds
O=C1C2=C(O)C=C(C=C2OC(C3=CC=C(O)C=C3)C1)C.CC1CCCO1,Application_ds
O=C(OC1C(O)OC(CNCC(O)C)C(O)C1OC(=O)CCCCCC)C(=CC2=CC=C(O)C(OC)=C2)CC(C=3C=CC=C(C3)CCO)CCO.O,Application_ds
O=C1OC(C2=COC=C2)CC13C(O)(C)CCC4(C)C(O)(C(=O)CCC34O)C.CO,Application_ds
  CC(C)(C)c1cc(CNC(=S)NCCc2ccccc2)cc(C(C)(C)C)c1O.CC(OCC)=O,Application_ds
COC1=C(OCCCN2CCC(CC2)C2=NOC3=C2C=CC(F)=C3)C=CC(=C1)C(C)=O.CO,Application_ds
O=C(O)CCC1(C)C(CCC2(C)C1CC=C3C4CC(C)(C)CCC4(C(=O)O)CCC32C)C(C)C.CO,Application_ds
O=C1OC(CC1C2C(O)CC3C4=CCC5CC(OC6OC(CO)C(O)C(O)C6O)CCC5(C)C4CCC32C)C7(OC7C)C(C)C.CC1=CC=CC=C1,Application_ds
CC(C)(C)OC(=O)N1CCC(NCc2cccc(-c3ccnc(Cl)n3)c2)CC1.N#CC,Application_ds
CCOC(=O)c1cnc(N2CCNCC2)c(Br)c1.CO,Application_ds
COC(=O)[C@@H](NC(=O)c1ccc(-c2ccc(OC)c(F)c2)cc1N)[C@@H](C)OC(C)(C)C.CC(C)=O,Application_ds
O=C1OC2=C(C=CC=3OCN(C4=CC=C(C=C4)C(=O)OC)CC32)C(=C1)C=5C=CC(OC)=CC5.CO,Application_ds
c1ccc(CCC2(CCc3ccccc3)OCCO2)cc1.CO,Application_ds
Cn1c(=O)cc2c3c(c(Br)ccc31)C(=O)c1ccccc1-2.CC1CCCO1,Application_ds
Cc1cnc(Cl)nc1Cc1cccc(C(F)(F)F)c1.N#CC,Application_ds
Cc1ncn(-c2cccc(Nc3ncnc4c(-c5cccs5)cccc34)c2)c1C.CC(OCC)=O,Application_ds
COC(=O)c1cnc(-c2ccc([NH3+])cc2)s1.O=CN(C)C,Application_ds
O=C(NC1CCCCCC1)C2=CC=C(OC)C(OC)=C2.CC1=CC=CC=C1,Application_ds
O=C1OC2=CC(O)=C3C(=O)C(O)=C(OC3=C2C(C=4C=CC=C(OCC5=NC=CC=C5)C4)C1)C=6C=CC(O)=C(O)C6.CCO,Application_ds
CCOC(OCC)c1nc(C2CC2)nc(Cl)c1Cl.CC(C)=O,Application_ds
O=C(c1cc(Br)ccc1F)C(F)F.O,Application_ds
FC(F)(F)c1cccc(OCCBr)c1.CO,Application_ds
CN(C)c1cccc(N2CCN(CCCCNS(=O)(=O)CC3CCCCC3)CC2)c1.CC1CCCO1,Application_ds
O=C(NC(C1=CC=C(OC)C(OC)=C1)C(C)C)N(CCCOC)CC2CCCN3CCCCC32.CO,Application_ds
O=[N+]([O-])c1ccc(Br)cn1.CC(OCC)=O,Application_ds
CC(C)(C)C(=O)Nc1cccc(Br)n1.N#CC,Application_ds
COc1cc(CN[C@H](C)c2ccccc2)nn1-c1ccc(C(F)(F)F)cc1.CC(C)=O,Application_ds
CCCCCC(=O)CP(=O)(OC)OC.O,Application_ds
O=C(C=1C(=O)CC2(O)C3OC(CC43C(=O)C=5C=C(OC)C=C(O)C5C(O)=C4C(=O)C2(O)C1O)C(O)(C)C)C.CC(C)=O,Application_ds
Cc1ccc2c(c1)c1c(n2CCC(=O)O)CN(C)CC1.O=CN(C)C,Application_ds
CN(C(=O)OC(C)(C)C)c1cc(Oc2ccc(O)c(C(C)(C)C)c2)ccc1[N+](=O)[O-].CC1=CC=CC=C1,Application_ds
O=C1OC2CC(C)C3C(OCC)CC(=O)C3(C)C(OC(=O)C(C)CC)C2C1=C.O,Application_ds
  COc1cccc([C@@H]2C(C#N)=C(N)S[C@H]2C(=O)NS(=O)(=O)N[C@H](Cc2ccccc2)C(=O)O)c1.CC(OCC)=O,Application_ds
O=C1c2cnccc2-c2c1c(Cl)nc1cc(O)ccc21.O=CN(C)C,Application_ds
O=C1C(O)=C(OC2=CC(O)=C(OC)C(O)=C12)C=3C=CC(OC)=CC3.CC1CCCO1,Application_ds
CC(C)(C)OC(=O)c1ccc(/C=C/c2ccsc2)cc1Nc1ccc(F)cc1.CC(OCC)=O,Application_ds
O=Cc1csc2ccncc12.O,Application_ds
O=S(=O)(Cl)c1cc(Br)c(Cl)s1.CC(C)=O,Application_ds
NCc1ccc(OCF)cc1.CCO,Application_ds
Cc1cnc([C@@H](Cc2c[nH]c3ccccc23)NC2CCC(c3ccccc3)(N(C)C)CC2)o1.CO,Application_ds
CC(C)OC(=O)OCCl.CC(OCC)=O,Application_ds
CC(C)[C@H](NC(=O)OC(C)(C)C)C(=O)N1CCC(O)CC1.CO,Application_ds
CC(C)(C)OC(=O)N(C[C@@H]1CN2CCC[C@@H]2CN1)[C@@H]1CCCc2ccccc21.CC(OCC)=O,Application_ds
NC(=O)c1cc(-c2ccc(Cl)cc2)cc2c(C3CCNCC3)c[nH]c12.CC1CCCO1,Application_ds
S=C=NC(C)(CC=CC(C)C)C1CC=C(C)CC1.N#CC,Application_ds
O=C1OC(CCCO)C2CC3C(C=CCC3CCCCC(C)(CC=4C=CC(N)NC4)CC=5C=CC=C6C(=O)C7(OC17C(=O)C65)CC(=C(C)CCC=8C=C(NCC8)NCNC)CO)CC2NCC.N#CC,Application_ds
O=S(=O)(Cl)c1cc2cc(Cl)ccc2n1S(=O)(=O)c1ccccc1.O,Application_ds
Cc1cc(=O)oc2cc(OCC(=O)NCCCCONC(=O)OC(C)(C)C)ccc12.CO,Application_ds
Cc1ncc([N+](=O)[O-])n1CCBr.CC(C)=O,Application_ds
Nc1ccc(Oc2ccnc3c([N+](=O)[O-])cccc23)cc1.CO,Application_ds
CC(=O)C(=Cc1ccc(Cl)cc1Cl)c1ccc(Br)cc1.N#CC,Application_ds
CCCC(NC(=O)Cc1cc(F)cc(F)c1)C(=O)Nc1ccc(C(=O)OCC)cn1.CO,Application_ds
  O=C(O)c1ccc(Nc2c(NCc3cccs3)c(=O)c(=O)c2=O)cc1.N#CC,Application_ds
COc1ccc(COc2cn(-c3cc(B(O)O)ccn3)ccc2=O)cc1.CO,Application_ds
O=Cc1cccc(F)c1NCCN1CCOCC1.CO,Application_ds
CC(C)(C)OC(=O)N1CCCC(CNc2cc(Nc3cnc(C#N)cn3)ncc2[N+](=O)[O-])C1.N#CC,Application_ds
CC(=O)c1ccc(Nc2ncc(Cl)c(CCc3ccccc3C3(C(N)=O)CC3)n2)cn1.CC1=CC=CC=C1,Application_ds
Cc1cc2c(cc1N(C)CC(C)C)N=C(c1cccc(-n3nncc3CO)c1)CC(=O)N2.CC1=CC=CC=C1,Application_ds
O=C1C(OC2OC(COC3OC(C)C(O)C(O)C3O)C(O)C(O)C2OC4OC(C)C(O)C(O)C4O)=C(OC5=CC(OC)=CC(O)=C15)C=6C=CC(O)=CC6.CC(C)=O,Application_ds
Cc1nc(-c2ccc(Cl)c([N+](=O)[O-])c2)cs1.CC1CCCO1,Application_ds
NC(=O)CN1C(=O)C(NC(=O)c2cc3cc(Cl)sc3[nH]2)Cc2ccccc21.CC(OCC)=O,Application_ds
CC(C)(C)OC(=O)n1nc(Br)c2cc(-c3ncccc3Cl)cc(Oc3ccc(S(C)(=O)=O)cc3)c21.CC1CCCO1,Application_ds
O=S(=O)(Oc1ccc2c(-c3ccc(Br)cc3)nsc2c1)C(F)(F)F.CC1CCCO1,Application_ds
CCOCC(=O)NC1CCN(CC23CC(c4ccccc42)c2ccc(Cl)cc23)CC1.CO,Application_ds
CCN1C(=O)C(C)(C)C(=O)N(C)c2cc(OCCCI)ccc21.CC1=CC=CC=C1,Application_ds
O=C(OC1C2C3C(=CC)C(O)N4C(C5=NC=6C=CC(OC)=CC6C51CC42)C3)C.CCO,Application_ds
COc1ccc(C(=O)N[C@H](C(=O)N2CCC[C@H]2C(=O)NC(C(C)C)C(O)C(F)(F)F)C(C)C)cc1.CCO,Application_ds
OC(CCl)c1ncccn1.CC1CCCO1,Application_ds
O=C(NCC1CCCN2CCCCC21)C=3C=CC4=C(C=CN4C)C3.CCO,Application_ds
CC1CC(=O)CC(C)(C)C1O.CC(OCC)=O,Application_ds
O=C(NC1COC2C1OCC2N3N=NN=C3OC4=CC=C(C=C4)N5N=CN=C5)C.N#CC,Application_ds
CC1CCCN1CCc1cc2cc(Br)ccc2n1C.O,Application_ds
CCCNc1ccc2ncc(Br)n2n1.O=CN(C)C,Application_ds
O=C(NC(C(=O)O)CCCNC(=N)N)CCCCCCCCCCC.O,Application_ds
O=CC1CCCC1.N#CC,Application_ds
O=C(NC(COC1OC(CO)C(O)C(O)C1O)C(O)C=CCCC=CC=CCCCCCCCCCCCC)C(O)CCCCCCCCCCC.CC1=CC=CC=C1,Application_ds
  C[C@H]1CC[C@H](NC(=O)NCC(F)(F)C(F)(F)C(F)(F)C(F)(F)C(F)(F)C(F)(F)C(F)(F)C(F)(F)F)CC1.CC(OCC)=O,Application_ds
O=C1C=2C=CC3(O)CC(O)(C)C(O)C(=O)C3(O)C2C(=O)C=4C=CC=C(O)C14.N#CC,Application_ds
Cc1ccc(Oc2ccc(Nc3ncnc4cccc(O[C@H](C)C(=O)N(C)CCCO)c34)cc2C)cn1.CC1CCCO1,Application_ds
C=CCc1c(-c2ccc(OC)cc2)ccc2cc(OC)ccc12.CC(C)=O,Application_ds
O=Cc1ccc(Cl)c(OC(F)(F)F)c1.CC1CCCO1,Application_ds
COCCCOc1ccc([C@H]2[C@H](OCCCOC)CN(C(=O)OCc3ccccc3)C[C@@H]2OCc2ccc3c(c2)N(CCCOC)CCO3)cc1.CC1CCCO1,Application_ds
CCCN1CCC(c2ccc(C(=O)O)cc2)CC1.O=CN(C)C,Application_ds
O=C(Cc1ccc(OCc2ccccc2)cc1OCc1ccccc1)N1CCN(Cc2ccccc2)CC1.CC(C)=O,Application_ds
CC(C)(C)OC(=O)N1CCN(CCn2cnc(-c3cc4nccc(Oc5ccc(N)cc5F)c4s3)c2)CC1.N#CC,Application_ds
CC(C)(C)OC(=O)COc1cccc(CN(Cc2ccc(-n3cccn3)cc2)S(=O)(=O)c2cccc(F)c2)c1.CC1CCCO1,Application_ds
CN(CC(O)CC(=O)[O-])S(=O)(=O)c1ccccc1[N+](=O)[O-].CC1=CC=CC=C1,Application_ds
CN(Cc1cc(Br)c(S(=O)(=O)c2cccc(F)c2)s1)C(=O)OC(C)(C)C.O=CN(C)C,Application_ds
OB(O)c1ccnc(F)c1.CC1=CC=CC=C1,Application_ds
Cc1ccc(C(=O)Cl)cc1F.CC1CCCO1,Application_ds
O=C1NC(C(=O)NC=2C=CC=CC12)CC(=O)NC3=NNC(=C3)C.CCO,Application_ds
O=C1CCCc2ccncc21.CC1CCCO1,Application_ds
CC(C)C[C@@H](COS(C)(=O)=O)NC(=O)OC(C)(C)C.CC1=CC=CC=C1,Application_ds
O=C(OCC1OC(OC2C(O)C(O)C(OC2O[C]3[CH][C]4[C](O)[CH][C](O)[CH][C]4[OH+][C]3[C]5[CH][CH][C](O)[C](OC)[CH]5)CO)C(O)C(O)C1O)C=C[C]6[CH][CH][C](O)[C](O)[CH]6.CO,Application_ds
Nc1ccc(I)cc1C(=O)O.CO,Application_ds
COc1ccc(C2CNC(=O)C2)cc1O.CCO,Application_ds
O=C(OC)C(NC(=O)C1=CC=C(C=C1)N2C=CC=C2)CCSC.N#CC,Application_ds
CN1CCN(c2nc(-c3ccc(Br)cc3)cs2)C1=O.CC(OCC)=O,Application_ds
CNC(=O)C1=CN(N=C1)C1=NC2=C(N=CN2[C@@H]2O[C@H](CO)[C@@H](O)[C@H]2O)C(N)=N1.O,Application_ds
Cc1cc(Nc2nccc(C(F)F)n2)cc(-c2cnn(CCNS(C)(=O)=O)c2)c1.CC1=CC=CC=C1,Application_ds
O=C1OCC(=C1)C2CCC3(O)C4CCC5CC(OC6OC(C)C(OC7OC(CO)C(O)C(O)C7O)C(OC)C6)CCC5(C)C4CCC23C.N#CC,Application_ds
COc1cc2nc(Cl)nc(Cl)c2c(OC2CCC2)c1OC.CCO,Application_ds
Cc1noc(C)c1Cn1cc(N2C(=O)NC(C)(C)C2=O)cn1.CC1CCCO1,Application_ds
O=C1C=2C=CC=C(O)C2C(=O)C=3C=C(C=4OC(CC4C13)C(O)(C)C)CO.CC1=CC=CC=C1,Application_ds
NCc1cc(C(F)(F)F)nn1-c1cccc(Cl)c1.CC(C)=O,Application_ds
  CCCCCC[C@H](C)NC(=O)Nc1ccc(N(C)C)cc1.CC1=CC=CC=C1,Application_ds
O=C(OCC1OC(OCC2OC(OC(=O)C34CCC(C)(C)CC4C5=CCC6C7(C)CCC(OC8OCC(O)C(O)C8OC9OC(C)C(O)C(OC%10OCC(O)C(O)C%10O)C9O)C(C)(C)C7CCC6(C)C5(C)CC3)C(O)C(O)C2O)C(O)C(O)C1OC%11OC(C)C(O)C(O)C%11O)C.O=CN(C)C,Application_ds
O=CCCCCCCCCCCC(C)C.CC(OCC)=O,Application_ds
CC(C)(O)c1cc(-c2ccc(C(F)(F)F)cc2)nc(Cl)n1.CC1CCCO1,Application_ds
Cc1[nH]c(C(=O)NC2CCN(c3nccs3)CC2)c(Cl)c1Cl.O=CN(C)C,Application_ds
O=C(OC)C1C(OC(=O)C2C(C(=O)OC3CC4N(C)C(CC4)C3C(=O)OC)C(C=5C=CC=CC5)C2C=6C=CC=CC6)CC7N(C)C1CC7.CC1CCCO1,Application_ds
N#CC1(N2CCC3(CC2)C(=O)NCN3c2ccccc2)CCCCCC1.CC1CCCO1,Application_ds
COCC(NS(=O)(=O)c1ccccc1[N+](=O)[O-])C(=O)NC(Cc1ccc2ccccc2c1)C(=O)OC.CO,Application_ds
  COc1ccc(CNC(=O)Nc2nonc2-c2ccc(Cl)cc2)cc1.CCO,Application_ds
COC(=O)c1cc(-c2ccc(C)cc2)c(O)c(C(C)(C)C)c1.N#CC,Application_ds
  CC(C)(C)NC(=O)N[C@]12CC[C@H](CC1=O)C2(C)C.O,Application_ds
CCC(=O)N[C@H]1CC[C@H](NC(=O)c2c(C)[nH]c3c(-c4cc(C(F)F)ccc4OCC4CC4)ncnc23)C[C@@H]1F.CC(OCC)=O,Application_ds
OCC1Cc2nccnc2C1.CC(C)=O,Application_ds
COc1cccc(Cl)c1C=Cc1cccn1C.O=CN(C)C,Application_ds
O=C1OC2(C=CC3C(C(=O)O)COCC32)C=C1C(O)C.O,Application_ds
O=C(C)C1CCC2C1C(CCC2(OC3OC(CO)C(O)C(O)C3O)C)C(C)C.N#CC,Application_ds
ClCCOc1ccc2ccccc2c1.O=CN(C)C,Application_ds
C[C@H]1COCCN1c1cc(C(C)(C)O)nc(Cl)n1.O=CN(C)C,Application_ds
O=S(=O)(O)OC1CC2(C(=CCC3C2CCC4(C)C(CCC34)C(C)CCC(C)C(C)(C)C)CC1O)C.CC(C)=O,Application_ds
  C[C@H](NS(=O)(=O)NC=Cc1ccccc1)c1ccc(Br)cc1.N#CC,Application_ds
COc1cc(O)c2c(=O)cc(C(=O)O)oc2c1.CCO,Application_ds
CC1(C)[C@H]2CC[C@@H](CCOCCCCCO)[C@@H]1C2.CC(C)=O,Application_ds
O=C(c1ccccc1-n1cccn1)N(Cc1ccccc1)Cc1ccc2c(c1)OCO2.CC1CCCO1,Application_ds
CCOC(=O)CN(Cc1ccccc1)Cc1cccc(OCCn2ccc3ccccc32)c1.CC(OCC)=O,Application_ds
CC(C)COc1ccc(S(C)(=O)=O)cc1C(=O)O.O=CN(C)C,Application_ds
O=C1OC(C=2C=CC=CC12)N3C(=O)CCC3C(=O)NCC4=CC=C(Cl)C=C4.CO,Application_ds
O=C(Cc1ccccc1)Nc1cnc2ccc(-c3cncc(NS(=O)(=O)c4ccccc4)c3)cc2n1.O=CN(C)C,Application_ds
CC1(C)C(=O)N(C2CCCCC2)N1Cc1cc(F)ccc1Cl.CC(C)=O,Application_ds
C[C@H](O)[C@H]1O[C@H](OCc2ccccc2)[C@@H](OCc2ccccc2)[C@@H](OCc2ccccc2)[C@@H]1OCc1ccccc1.O,Application_ds
OCC1OC(OC2C(O)C(O)C(OC2OC3C(O)C(OC(OC4CCC5(C)C6C=CC78OCC9(CCC(C)(C)CC79)C(O)CC8(C)C6(C)CCC5C4(C)CO)C3OC%10OC(CO)C(O)C(O)C%10O)C)CO)C(O)C(O)C1O.CCO,Application_ds
COc1ccc(Nc2ccn(C)n2)nc1.CC1CCCO1,Application_ds
COC(c1ccc(C(F)(F)F)cc1CO)C1CCCC1.O=CN(C)C,Application_ds
O=C1OC=2C=C3OC=C(C3=CC2C(=C1CC(=O)NCC4=CC=C5OCOC5=C4)C)C.CC(C)=O,Application_ds
O(C=1C(OC)=C(SC)C(=C2SSC=3C(SC=4C(SC12)=C(OC)C(OC)=C(SC)C4CCN(C)C)=C(OC)C(OC)=C(SC)C3CCN(C)C)CCN(C)C)C.CC1CCCO1,Application_ds
O=C1OC=2C=C(OC)C=3C(=O)C(=COC3C2C(C=4C=CC=CC4)C1)C=5C=CC(OC)=CC5.O=CN(C)C,Application_ds
O=C1CC(=O)C2C(=CC=3N=C[CH-]C3C2CCCCC=4C=CC=C(O)C4)CNC5=NC=C[C-]5CC=6C=CC=C(C6)CC7=CC(=CC(OC8CCCC8)=C7O)CC1.O,Application_ds
COc1ccc(C(=O)NCCCC(=O)N2CCc3c(OC)ccc(N4CCN(C)CC4)c3C2)cc1.CC(OCC)=O,Application_ds
O=C1N=C(N)NC1.CC(C)=O,Application_ds
CC(=O)Nc1ccc(B(O)O)cc1.O=CN(C)C,Application_ds
COc1ccc(C(NC2=N[C@](C)(c3cc(Nc4ccccc4OC)ccc3F)[C@@H](F)CO2)(c2ccccc2)c2ccc(OC)cc2)cc1.CC1=CC=CC=C1,Application_ds
O=C(O)c1cc(O)nc(O)n1.O,Application_ds
CCOC(=O)C1CCc2c([nH]c3c(C(=O)O)cc(F)c(Br)c23)C1.CO,Application_ds
CCOC(=O)c1cnc(Cl)nc1-c1ccccc1.CC(C)=O,Application_ds
OCC(O)C(O)C(O)CCC(C)C1CCC2(C)C1CCC3(C)C2CC(O)C4C5(C)CCCC(C)(C)C5C(O)CC43C.CC(OCC)=O,Application_ds
CC(=O)c1c(Cl)[nH]c2ccccc12.CO,Application_ds
C#Cc1ccc(NC(C)C)nn1.CO,Application_ds
O=C1OCC(O)C1=CCC2C(=C)CCC3C(C)(CO)C(OC4OC(CO)C(O)C(O)C4O)CCC23C.CC1CCCO1,Application_ds
O=C1OC23CC45OC6(OC7C(OC(=O)C7C)C8C(C(=O)C(C)(CC4)C86C)C)C(=O)C5C(O)CC3C(OC2(O)C1)(C)C.CC(OCC)=O,Application_ds
O=C(OC1CC2N(C)C(C1)C(O)C2)C(C)C.CC(C)=O,Application_ds
CC(C)CCNC(=O)c1ccccc1-c1ccccc1CN1C(=O)c2ccccc2C1=O.O,Application_ds
COC(=O)[C@@H]1CCN(S(=O)(=O)c2ccc(OC)cc2)[C@@H](C(=O)OC(C)(C)C)C1.N#CC,Application_ds
O=C(O)C1(C)CCC2(C)CCC3(C)C4CCC56C(OC(O)(CC7CCC(CC3(C)C2C1)C4(C)C75)C6C)CC8=CC=C(C=C8)CCOC.CC1CCCO1,Application_ds
Cc1ccc(S(=O)(=O)OCCc2ccccc2[N+](=O)[O-])cc1.CC(OCC)=O,Application_ds
CC(C)C(=O)Nc1cccc(C2CCN(CC[C@H](NC(=O)c3ccc(Oc4cc(Cl)cc(Cl)c4)[nH]3)c3ccccc3)CC2)c1.CC(C)=O,Application_ds
O=C(N)C(NC(=O)C1=CC(NC(=O)C=2SC=CC2)C(O)C(O)C1)CC(C)C.CO,Application_ds
O=C(NC1C(=O)NC(C(=O)N2CC(O)CC2C(=O)N(C)CC(=O)NC(C(=O)NCC(=O)N(C)C(C(=O)OC1C)C=3C=CC=CC3)C(C)C(C)C)CC(C)C)C4=NC=CC=C4O.CC1=CC=CC=C1,Application_ds
O=C1CCC2=CC(OC)=C(O)C(=C2)CC3=CC=CC(=C3)C[C-]4C=CN=C4NCC5=CC=6N=C[CH-]C6C(CC7C=CC=8C(O)=CC=CC8CC7)C5C(=O)C1CCO.N#CC,Application_ds
  O=C(NS(=O)(=O)Nc1ccc(Br)c(C(F)(F)F)c1)C1CCCCC1.CO,Application_ds
O=C1C(OC2=CC(OCC3=CC=C(Cl)C(Cl)=C3)=CC=C12)=CC4=CC(OC)=C(OC)C(OC)=C4.O=CN(C)C,Application_ds
Cc1ccc(Nc2ccc(Oc3ncccc3Br)cc2)nc1.CO,Application_ds
O=C(OC1C(=C)C2C(C1)CC3CCC(C)(C)C23)C.N#CC,Application_ds
Cn1cnc2cnc3ccc(Cl)cc3c21.CO,Application_ds
COc1cc([N+](=O)[O-])cc(OCCN2CCN(C)CC2)c1OC.O,Application_ds
N=C1OC=CN2C=CN=C12.N#CC,Application_ds
O=C(C=CC1=CC=C(O)C=C1)NCCC2=CC=C(O)C=C2.CC(OCC)=O,Application_ds
CC(C)(C)OC(=O)N1CCC[C@@H]1COc1ccc(Oc2ccc(-c3ccsc3)cc2)cc1.N#CC,Application_ds
Cc1ccc2nc(C=O)cn2c1.O,Application_ds
Cc1nc(NC(=O)CCBr)sc1-c1ccnc(Nc2ccc(F)cc2)n1.CC(C)=O,Application_ds
O=C1OC(C#CC#CC(O)C2OC2CCCCCCC1)CC.CC(C)=O,Application_ds
CC(C)N1CCC(Oc2ccc3oc(C(=O)N4CCS(=O)(=O)CC4)cc3c2)CC1.CC(OCC)=O,Application_ds
  CCOC(=O)[C@@H]1[C@@H]2C=C[C@@H](CC2)[C@H]1Nc1c(Nc2nc(O)cc(-c3ccccc3)n2)c(=O)c1=O.CO,Application_ds
CC(C)(C)OC(=O)c1ccc(CN2CCC(C=O)CC2)cc1.CO,Application_ds
O=C(OCCC(=C)C(=O)OCC1OC(OC(=O)C=CC2=CC=C(O)C(O)=C2)C(O)C(O)C1O)C=CC3=CC=C(O)C(O)=C3.CCO,Application_ds
COC[C@H]1O[C@@H](n2cnc3c(NCC(c4ccccc4)c4ccccc4)nc(CN[C@@H]4CC[C@@H](NS(C)(=O)=O)CC4)nc32)[C@H](O)[C@@H]1O.CC(C)=O,Application_ds
[Ag+].O=CN(C)C,Application_ds
CC(C)=C1OC(=O)N(C1=O)C1=CC(OC2CCCC2)=C(Cl)C=C1F.CC(C)=O,Application_ds
CO[C@H](c1ccc(C(F)(F)F)cc1CO)C1CCCCC1.CCO,Application_ds
O=[N+]([O-])c1ccc(-c2nc(Nc3cccnc3)c3ccc(F)cc3n2)o1.CC(C)=O,Application_ds
CCCCC#Cc1nc(CON2C(=O)c3ccccc3C2=O)cs1.CC(OCC)=O,Application_ds
O=[N+]([O-])c1ccc(N2CCSCC2)cc1.CCO,Application_ds
O=C(OCC)C1=C(OC2=CC=C(OCC3=CC=C(Cl)C=C3)C=C21)C=4C=CC(OC)=CC4.CC(C)=O,Application_ds
O=C1N[C@@H](Cc2ccccc2)CO1.O=CN(C)C,Application_ds
  COC(=O)c1c(NC(=O)N[C@@H]2c3ccccc3C[C@@H]2O)nn2ccccc12.CC(OCC)=O,Application_ds
O=C(O)c1cc(O)cc(C(F)(F)F)c1.CO,Application_ds
CCCCCCCCCCOC(=O)Cl.O,Application_ds
O=c1[nH]cc(Br)nc1Br.O=CN(C)C,Application_ds
OCC(O)CCl.CC(C)=O,Application_ds
COc1c(NCCNc2ccccn2)c(F)c(N)c2c(=O)c(C(=O)O)cn(C3CC3)c12.CCO,Application_ds
COCCOCCOCCNC(=O)CN(CC(=O)NCCOCCOCCOC)C(=O)CCC(=O)NC(=O)Cc1ccc(CCCCc2ccccc2)cc1.CC(OCC)=O,Application_ds
Cc1ccccc1I.CC1CCCO1,Application_ds
COC(=O)c1cccc(CSc2ccc(F)cc2N)c1.CCO,Application_ds
COc1ccc(CN(c2cc(Cl)nn3c(C#N)cnc23)C2CC2)cc1.N#CC,Application_ds
Clc1ccc2nc(Cl)c3nc[nH]c3c2c1.CC1=CC=CC=C1,Application_ds
O=C(O)CCCCCCC(=O)CCCCCCCCOC1OC(CO)C(O)C(O)C1O.CC(OCC)=O,Application_ds
CCNC(=O)F.CCO,Application_ds
O=C1Nc2ccc(-c3ccccc3)cc2C1=Cc1cc2cc(OCCN3CCCC3)ccc2[nH]1.O=CN(C)C,Application_ds
CC(=O)O[C@@H]1[C@@H](OC(C)=O)[C@@H](Br)SC[C@H]1OC(C)=O.CC1=CC=CC=C1,Application_ds
CCc1ccc(Br)cc1.CC1CCCO1,Application_ds
C1CCN(C2CCCNC2)CC1.CC1=CC=CC=C1,Application_ds
C[C@H](N)CNc1ccc(OC(F)(F)F)cc1.CC1CCCO1,Application_ds
N=C(NC)NC1C#CC2CC3(C=C(CC4=CC=5C=CC=CC5N4)C62CC7CCC6C8C(CC(O)C8(O)C1)C7(O)C)CCC(CC(C)C)C3.N#CC,Application_ds
COc1ccc([C@H](NC(=O)c2cc(F)c3cnc(NCC4CC4)nc3c2)c2cnn(C)c2)cc1F.O=CN(C)C,Application_ds
C1=C(C)C2CCC3(C2)C1CCC4C(C)(C)CCCC43C.O,Application_ds
O=C1CCN(Cc2ccccc2)CC1.CC(OCC)=O,Application_ds
O=C(C=CCC1=CNC=2C=CC=CC21)C.CCO,Application_ds
CON(C)C(=O)c1ccc(Cl)cc1Nc1ccccc1.CC(C)=O,Application_ds
  CC(C)(C)CC(C)(C)Nc1c(Nc2nc(C(C)(C)C)c[nH]2)c(=O)c1=O.O,Application_ds
O=C(OC1C=2C=C(OC)C(OC)=C(O)C2C3=C(OC)C=4OCOC4C=C3C(OC(=O)C)C(C)C1(O)C)C=5C=CC=CC5.CC(C)=O,Application_ds
O1C2CN3CCC=4C=5C=CC=CC5N(C4CCC(C3)(CC)C12)C.CC(OCC)=O,Application_ds
O=C(OC1C(O)C(O)C(OC1OC2=CC(O)=C3C(=O)C(OC4OC(CO)C(O)C(O)C4O)=C(OC3=C2)C=5C=CC(O)=CC5)C)C(=CCCC(O)(C=C)C)C.O,Application_ds
OCC1OC(OCC2OC(OC3C(O)C(OC4OC(C)C(O)C(O)C4O)C(OC5CC6=CCC7C(CCC8(C)C7CC9OC%10(OCC(C)CC%10)C(C)C98)C6(C)CC5)OC3CO)C(O)C(OC%11OC(CO)C(O)C(O)C%11O)C2O)C(O)C(O)C1O.O,Application_ds
COc1cc2c(cc1OC)CC(=O)N(CCCN(C)C1CCc3cc(Cl)c(Cl)cc3C1)CC2.CC1=CC=CC=C1,Application_ds
CS(=O)(=O)OC1CC(C#N)C1.CCO,Application_ds
OC(C1=CC=C2OCCN(CC3=CC=C(OC)C(=C3)C)CC2=C1)(C)CN(C)C.O=CN(C)C,Application_ds
COc1ccc(-c2cn(C(=O)OC(C)(C)C)nc2C)cc1Br.CC1CCCO1,Application_ds
CCCCOC(=O)Oc1cc(-n2c(OCC)nc(C(F)(F)F)cc2=O)c(F)cc1Cl.CC(OCC)=O,Application_ds
O=CNC1=CC=C(Cl)C=C1C.CO,Application_ds
Cn1nnn(-c2cc(N)c(F)cc2C2CC2)c1=O.CC1=CC=CC=C1,Application_ds
O=C(NCC1OC(CO)C(O)C1N(C)CC=2C=CC=CC2)C3=CC=C(F)C(Cl)=C3.CC1CCCO1,Application_ds
O=C=Nc1ccccc1F.CO,Application_ds
Nc1ccc(CCN2CCN(c3nsc4ccccc34)CC2)cc1Br.CC1CCCO1,Application_ds
O=C(OC=1C=CC=2OC(=C(C(=O)OCC)C2C1)C)C3=CC=C(F)C=C3.CC(C)=O,Application_ds
O=C1C=C2C=C3C(O)C(C)(C)CC3(O)C2(C1=C)C.CC1=CC=CC=C1,Application_ds
Nc1ccc(-c2ncnc3cc(-c4ccc(F)cc4)sc23)cc1.CO,Application_ds
Cc1ccc(S(=O)(=O)n2ccc3c(N[C@@H]4CC[C@@H]5C[C@H](Nc6cc(F)cc(Cl)c6)C(=O)N5C4)ncnc32)cc1.CCO,Application_ds
COC(=O)C(C)C(=O)NCCc1ccccc1I.N#CC,Application_ds
O=C1C=C(OC(=C1O)C(C2=CC=C(O)C(OC)=C2)CC(=O)NCCCC3=NC=4C=CC=CC4N3)C.N#CC,Application_ds
CN(C)C(=O)Cl.CC(C)=O,Application_ds
Cn1c(CN2CCC(C3COC3)CC2)nc2c(N3CCOCC3)nc(-n3c(C(C)(F)F)nc4ccccc43)nc21.O=CN(C)C,Application_ds
O=C(O)[C@H]1CC[C@@H](N2CCCC2=O)CC1.N#CC,Application_ds
CC(C)C[C@H](NC(=O)CNc1cccc2ccccc12)C(=O)N[C@H](C=O)CC(=NNC(N)=O)OC(C)(C)C.O,Application_ds
Cc1ccc(C(=O)NC2CC2)cc1B1OC(C)(C)C(C)(C)O1.CC1CCCO1,Application_ds
CS(=O)(=O)c1ccc(I)cc1.CC1CCCO1,Application_ds
  COc1ccc(CNc2c(NC#N)c(=O)c2=O)cc1.CC(OCC)=O,Application_ds
COC(=O)C1C(=NO)C(C)SC1C.CC(OCC)=O,Application_ds
OCC1OC2(OC3CC4C5CC=C6CC(OC7OC(CO)C(O)C(O)C7OC8OC(C)C(O)C(O)C8O)CCC6(C)C5CCC4(C)C3C2C)CC1.CC1CCCO1,Application_ds
COc1ccc(COc2ccc(OCCN(CC(F)(F)F)c3ccc(C#N)c(C(F)(F)F)c3)cn2)cc1.O,Application_ds
O=C1C2=CC=C(O)C=C2OC=3OC(C)(CCC=C(C)CCC=C(C)C)C(C31)C.CO,Application_ds
Oc1ccc(OCc2ccccc2)c(OCc2ccccc2)c1.CC(C)=O,Application_ds
CCCO[C@@H]1CNCC[C@@H]1NC(=O)c1cc(Cl)c(C)[nH]1.CC1=CC=CC=C1,Application_ds
Oc1ccc(Cl)nc1.N#CC,Application_ds
O=C(OC)C1=CCCC2C3(C(=CC(OC4OC(CO)C(O)C(O)C4O)C12C)C(=O)OC(C5=COC=C5)C3)C.CC1CCCO1,Application_ds
O=C(OCC)CS(=O)(=O)Cl.CC1=CC=CC=C1,Application_ds
O=C(OC(C)(C)C)COC1=CC=C2C(=O)C(OC2=C1)=CC=3C=CC=C(OC)C3OC.CC1CCCO1,Application_ds
CC(C)(C)OC(=O)C=C(CCCCCCc1ccc2c(n1)NCCC2)OS(=O)(=O)C(F)(F)F.CC1CCCO1,Application_ds
C#CC[C@H](NC(=O)OC(C)(C)C)C(=O)OC1CCCC1.CC1=CC=CC=C1,Application_ds
Oc1ccc(CCNCC(O)COc2ccccc2)cc1.CC1CCCO1,Application_ds
C=1C=CC2=C(C1)C=CC=C2CCCCCCCCCC.CC(OCC)=O,Application_ds
O=C1OC=2C=C(OCC(=O)NC(C(=O)O)CSCC=3C=CC=CC3)C=CC2C=4C=CC=CC14.O=CN(C)C,Application_ds
O=C1C=C(OC2=C(OC3OC(CO)C(O)C(O)C3O)C(OC)=CC(O)=C12)C=4C=CC(O)=C(O)C4.CCO,Application_ds
CCCS(=O)(=O)N1CCNCC1.CC(OCC)=O,Application_ds
O=C1OC2=C(C=CC(OC(=O)C3CCN(C(=O)OCC=4C=CC=CC4)CC3)=C2C)C(=C1)CCCC.CC(OCC)=O,Application_ds
CC1(C)Cc2cc(C(=O)O)ccc2NC1c1cccc(NC(=O)c2ccccn2)c1.CC(C)=O,Application_ds
O=C1C=C(N2CCOCC2)CC(C)C31OC=4C(Cl)=C(OC)C=C(OC)C4C3=O.O,Application_ds
Cc1cc(O)c(C(C)(C)C)cc1C=O.CC(OCC)=O,Application_ds
COC(=O)c1c(-c2cccc(C#N)c2)c(Cl)n2c1CNCC2.CC1=CC=CC=C1,Application_ds
O=C(O)c1ccc2cc(Br)ccc2c1.CC(C)=O,Application_ds
O=C(O)CC[N+](=O)[O-].CC1CCCO1,Application_ds
CC(C)C(=O)Nc1cccc(C2CCN(CCCC(Oc3ccc(Cl)cc3)c3ccc(Cl)cc3)CC2)c1.CC1CCCO1,Application_ds
O=CC1=CC=C(N1)C(=O)CCCCCCCCC=CCC=CCC=CCC=CCC=CCC.CC(OCC)=O,Application_ds
CCNC(=O)Nc1ccc(-c2nc3c(c(N4CCOCC4)n2)CCNC3)cc1.CC1CCCO1,Application_ds
CC(C)(C(N)=O)C(O)(Cn1cncn1)c1ccc(Cl)cc1Cl.O=CN(C)C,Application_ds
  Cc1cccc(C(=O)CCCNc2c(Nc3ccc([N+](=O)[O-])cn3)c(=O)c2=O)c1.CC1=CC=CC=C1,Application_ds
O=C1OC23C(=CCC14C2CCC5C6(C=CC(C)(C)C6CCC54C)C)C(O)CC3C(=C)C.CC(C)=O,Application_ds
NC1CCN(C(c2ccccc2)c2ccccc2)C1=O.O=CN(C)C,Application_ds
CNC(=O)c1ccc2cc(C(=O)c3cn(C(c4ccccc4)(c4ccccc4)c4ccccc4)cn3)ccc2c1.CC1CCCO1,Application_ds
O=C1NC(C(=O)NC=2C=CC=CC12)CCC(=O)NC=3C=CC=4N=C(NC4C3)C.N#CC,Application_ds
O=C1NCCCC[C@H]1NC(c1ccccc1)(c1ccccc1)c1ccccc1.CCO,Application_ds
O=C1NC(CC2=CNC=3C=CC=CC32)C4C(C)C5(OC5C6C=CCC(C)CC(=O)C7OC7C(=O)C164)C.N#CC,Application_ds
CC#CC1=NC(=NC(=C1)C)NC2=CC=CC=C2.CCO,Application_ds
N=1C(=CN2C1SC=3C=CC=CC32)C=4C=CC(=CC4)C=5C=CC=CC5.CC1CCCO1,Application_ds
  S=c1c(NCCN2CCOCC2)c(NCN2CCOCC2)c1=S.CO,Application_ds
OC1(C=2C=CC=CC2)C=3C=CC=CC3NC4NCCN41.CC1CCCO1,Application_ds
Cc1ccc(NS(=O)(=O)c2ccc(NC(=O)[C@@](C)(O)C(F)(F)F)c(Cl)c2Cl)nc1.CC1=CC=CC=C1,Application_ds
CCC(Oc1ccc(Cl)c(C(F)(F)F)c1)C(=O)NCc1ccncc1.N#CC,Application_ds
CC(C)(C)OC(=O)N1CCc2c(n(CC(=O)O)c3cc(Cl)c(Cl)cc23)CC1.N#CC,Application_ds
CC(C)OC(=O)c1cccnc1N1CCN(Cc2cccc(Br)c2)CC1.CCO,Application_ds
Cn1c(-c2cc(N3CCN(C(=O)OC(C)(C)C)CC3)ccc2F)nc2ccccc21.CC(C)=O,Application_ds
  COC(=O)[C@@]1(c2ccccc2)NC(=S)C(C=O)(C(=O)Nc2c(NC(=O)c3ccc(F)cc3)c(=O)c(=O)c2=O)[C@@H]1c1ccccc1.CO,Application_ds
O=C1C(O)=C(C(=O)C(O)=C1C2=CNC=3C=CC(=CC32)CC=C(C)C)C4=CNC=5C=CC(=CC54)CC=C(C)C.CC1=CC=CC=C1,Application_ds
  CCOP(=O)(OCC)[C@H](Nc1c(NC(=O)[C@@H]2SC(N)=C(C#N)[C@H]2c2cccs2)c(=O)c(=O)c1=O)c1ccccc1.CO,Application_ds
Cc1csc(C(O)CNC(C)C)c1C.CC(OCC)=O,Application_ds
O=C1N2C(C=3C=CC=C(OC)C3)C=4NC=5C=CC=CC5C4CC2C(=O)N(C1)CCOC.O,Application_ds
CCNC(=O)CCCC(=O)O.CC(C)=O,Application_ds
NC(=O)COc1ccc(CN2CCN(c3ccc4nnc(C(F)(F)F)n4n3)CC2)cc1.CC(OCC)=O,Application_ds
Fc1cccc(-c2cccc3[nH]ccc23)c1F.CC(C)=O,Application_ds
O=C(O)C1CCc2cc(C3CCCCC3)ccc2O1.CC(OCC)=O,Application_ds
O=C1C(n2cc(-c3ccc(Br)cc3)nn2)CCc2c(F)cccc2N1CC(F)(F)F.CC(C)=O,Application_ds
CC(C)(C)OC(=O)N1CCC2(CC1)CC(=O)c1cc(Br)ccc1O2.CC(OCC)=O,Application_ds
Clc1nc(N2CCOCC2)c2sc(-c3ccc(NCCN4CCOCC4)cc3)cc2n1.CC(C)=O,Application_ds
O=C(Nc1ccc(Oc2ccc(F)cc2)cc1)[C@@H]1C[C@@H](Cc2c(F)cc(F)cc2F)CN1.O,Application_ds
COC(=O)c1ccnc(-c2ccc(C(C)(C)C)s2)c1.N#CC,Application_ds
c1cncc(-c2cccs2)c1.CC(C)=O,Application_ds
Nc1ccccc1SC1CCCCC1.CO,Application_ds
CCSC1CCSc2c(Cl)cc(C(=O)O)c(C)c21.CC(C)=O,Application_ds
O=C(OC1C(OC(=O)C2(OC2C)C)C3C(=C)C(=O)OC3C4C(O)(C)CCC(O)C14C)C(=CC)C.CC(OCC)=O,Application_ds
CC(C)(C)OC(=O)COc1cc(NC(=O)OC(C)(C)C)c([N+](=O)[O-])cc1-c1ccc(F)cc1.N#CC,Application_ds
CN1CCN(c2ccc(-c3n[nH]c4ccc(C=C5C(=O)Nc6ccccc65)cc34)cn2)CC1.O,Application_ds
O=C1C=C(OC=2C(O)=CC=C(O)C12)C=3C=CC=CC3O.CC(C)=O,Application_ds
O=C(O)/C=C\n1cnc(-c2cc(C(F)(F)F)cc(C(F)(F)F)c2)n1.CC1CCCO1,Application_ds
CS(=O)(=O)OC[C@H]1CCN(C(=O)OCc2ccccc2)[C@@H](c2ccc(F)c(F)c2)C1.O,Application_ds
COC(=O)CCCN.CC1=CC=CC=C1,Application_ds
CON=C(C(C)=NN)c1ccccc1.CCO,Application_ds
OC1C(=C)C(=CC=C2CCCC3(C)C2CCC3C(C)CCC=CC(O)(CC)CC)CC(O)C1.CC(C)=O,Application_ds
Cc1nnsc1C(=O)O.CO,Application_ds
N#Cc1cccc(COCCO)c1.CC(C)=O,Application_ds
O=C(OCC)CCCCCC=CCC(O)C=CC=CCC=CCC=CCC.CO,Application_ds
COc1cc(OC)cc(C(=CC#N)c2ccc(OC)c(OC)c2)c1.CC(OCC)=O,Application_ds
  CCCCc1cc2cc(C(F)(F)F)cc(NC(=O)N[C@@H](CC(C)C)C(=O)OC)c2[nH]1.CO,Application_ds
O=C(N[C@H]1C[C@@H](n2cnc3c(NCC(c4ccccc4)c4ccccc4)nc(Cl)nc32)[C@H](O)[C@@H]1O)C1CCC1.CC1=CC=CC=C1,Application_ds
O=C(C)CCCCCCCCCCCCC1=CC=C2OCOC2=C1.CC(C)=O,Application_ds
CNC(=O)c1cc(N)nc(N)c1.CC1=CC=CC=C1,Application_ds
O=C1C=2C(OC=3C(OC)=C(OC)C(OC)=C(OC)C13)=CC(OC)=CC2OC4OC(COC5OCC(O)C(O)C5O)C(O)C(O)C4O.CCO,Application_ds
O=C(O)CN1C=NC=C1.CC(C)=O,Application_ds
O=C(O)CCC(=CCCC(=CCCC1(OC=2C(=C(C(O)=C(C2CC1)C)C)C)C)C)C.CCO,Application_ds
COc1ccc(C2COCCO2)c2sc(N)nc12.O=CN(C)C,Application_ds
Cc1cc(NC(=O)c2cc(C)nn2C)cc(Oc2ccc3nc(NC(=O)C4CC4)nn3c2)c1.CC1=CC=CC=C1,Application_ds
CCOC(=O)c1cc(-c2cnc(Oc3ccccc3)nc2)[nH]n1.N#CC,Application_ds
COc1c(C(C)(C)CC(=O)C(=O)O)ccc(Cl)c1F.CC(OCC)=O,Application_ds
CC(C)C[C@H]1CN(C(=O)c2cc(-c3ccc(Cl)cc3F)on2)[C@@H](CC(C)C)C(=O)N1.CO,Application_ds
O=C1C=CC=C2N1CC3CN(C(=O)C=4C=CC=C5NC=CC54)CC2C3.O=CN(C)C,Application_ds
O=S1(=O)CCN2C(=N1)C1(c3ccc(Oc4ccccc4)cc3)CCC2CC1.CC(C)=O,Application_ds
O=S(=O)(c1ccncc1)C1(c2cc(N3CCOCC3)nc(Cl)n2)CC1.O=CN(C)C,Application_ds
NC(=O)c1c(N)sc2c1CCCC2.CO,Application_ds
O=C(Cl)C=Cc1ccccc1.CC1=CC=CC=C1,Application_ds
CC(C)(C)OC(=O)N1CC2CN(c3nc(-c4ccc([N+](=O)[O-])cc4)nc4c3cnn4CC(F)(F)F)CC(C1)O2.N#CC,Application_ds
FC(F)(F)c1ccc(Br)cc1.N#CC,Application_ds
CSc1ccc(OC(C)c2ccnc3ncnn23)cc1.CC1=CC=CC=C1,Application_ds
CCCc1nc2c(N)nc3ccccc3c2n1CC1(O)CCC1.O,Application_ds
O=C1Nc2ccc(C(=O)O)cc2C1=Cc1[nH]cc2c1CCOC2=O.CO,Application_ds
O=C(OC1C2=CC(O)=C(C(O)=C2)C(CCCC)CCCCC(C)C(OC(=O)N)C3=CC(O)=C(C(O)=C3)C(CCCCBr)CCCCC1C)N.O=CN(C)C,Application_ds
CSc1ccc(Cc2c(C(F)(F)F)[nH][nH]c2=O)cc1.N#CC,Application_ds
CNC1CCOCC1.CC(OCC)=O,Application_ds
Cc1cc(O)cc(OCc2ccccc2)c1.O,Application_ds
Cc1ccc(C(=O)Nc2ccccc2)cc1.CO,Application_ds
O=C(O)CNC(=O)C(NC(=O)CCC(N)C(=O)O)CSC1(C=2OC(=O)C3C(=CCC(C23)CC1)CCCO)CCC.CC(OCC)=O,Application_ds
O=C(C=C(C=CC=C(C=CC=1C(=CC(OC)=C(C1C)C)C)C)C)NCC.CO,Application_ds
CN1CCC(Oc2ccc(B3OC(C)(C)C(C)(C)O3)cc2Cl)CC1.CC1CCCO1,Application_ds
O=C(O)C1=CC(=CC[NH+]2C3=CC(O)=C(OC4OC(COC(=O)CC(=O)O)C(O)C(O)C4OC5OCC(O)(CO)C5O)C=C3CC2C(=O)[O-])CC(N1)C(=O)O.N#CC,Application_ds
O=C(OC)CC(C1=CC=C(O)C=C1)C=2C(=O)C(O)=C(C(=O)C2O)C(C3=CC=C(O)C=C3)CC(=O)OC.CC(C)=O,Application_ds
O=C1C=2C=C3C=CC=4OCOC4C3=CC2C=5C=CC=6C=C7OCOC7=CC6C5N1C.CC(OCC)=O,Application_ds
CC(=O)c1cnc2ccc(Br)cc2c1Nc1cccc(CCN(C)C)c1.CC(OCC)=O,Application_ds
Oc1ccc(Br)cc1.CC(OCC)=O,Application_ds
FC(F)(F)C(OCOC(C(F)(F)F)C(F)(F)F)C(F)(F)F.N#CC,Application_ds
CC(C)c1ccc(S(=O)(=O)Cl)cc1.N#CC,Application_ds
O=[N+]([O-])c1ccc(-n2c3ccccc3c3ccccc32)cc1.CC1CCCO1,Application_ds
O=C(OC)C1CC23C4=C(CCC41)CCC5CN6CC(C)C(C=CC52C)C63O.CC(OCC)=O,Application_ds
O=C(O)CCCCCCCCC(O)CCCCCC.CC1CCCO1,Application_ds
OC1=CC=C(C=C1OC)C2OC3=C(OC)C=C(C=C3C2CO)C(O)C(O)COC4OC(CO)C(O)C(O)C4O.CC1CCCO1,Application_ds
Cc1ccc2c(c1)nc(N)c1ncc(CCc3ccc(C(=O)N(C)CCN(C)C)cc3C)cc12.CCO,Application_ds
O=Cc1ccc(-c2ccc3occc3c2)cc1.O=CN(C)C,Application_ds
CC1(C)CN(Cc2cccnc2)c2ccc(OC(=O)NCC3CCCCC3)cc21.O,Application_ds
OC1=CC(OC)C2(O)C1C3C4CCC56CCC(CC=7C=CC=C(C7)NCC(O)C)C6C=CCC2(C4)C35C.CC1CCCO1,Application_ds
CC(C)(C)OC(=O)N1C[C@@H]2C[C@H]1CN2c1cc(N)ncn1.CCO,Application_ds
CCCC[Sn](CCCC)(CCCC)c1cnc(-c2ccc(C(F)(F)F)cc2)nc1.O,Application_ds
Cn1c(Oc2ccc(Br)cc2)nc2cccnc21.O,Application_ds
O=C(NCC1OCCC1)C(N2C(=O)N3CCC=4C=5C=CC=CC5NC4C3(C2=O)C)CC(C)C.CC1CCCO1,Application_ds
NC1COCCn2c1nc(-c1ccncc1)cc2=O.CC1=CC=CC=C1,Application_ds
CC(=O)OC1NC(=O)C1N.CC(OCC)=O,Application_ds
CN(C)CCc1c[nH]c2ccc(OCc3ccccc3)cc12.CC1=CC=CC=C1,Application_ds
  O=C(O)[C@H](Cc1c[nH]cn1)NS(=O)(=O)NS(=O)(=O)c1ncccc1OCC(F)(F)F.CC1CCCO1,Application_ds
O=C(C=CCCC)CCC1=CC(OC2CCCC2)=C(O)C(=C1)C3C4C(OC)CCC53C(=CC4CCN=C(N)N)CCC(C)C5.CO,Application_ds
O=C(CNc1nccs1)N1CCNCC1.O,Application_ds
O=C1c2ccccc2C(=O)c2cc(-c3ccccc3)ccc21.CC(C)=O,Application_ds
O=C([O-])C1=C2CC3C4C#CCN=C(NC)[NH+]5CCC(CNCCO)C3(C5)C2(CC1(O)COC)C(C)C4.O,Application_ds
CC(C)(C)OC(=O)N1CCN(c2cc(CN=[N+]=[N-])cc(-c3ccnc(NC4CCCCC4)c3)n2)CC1.CC1CCCO1,Application_ds
Cc1cc(/C=C/C(=O)NC(c2cccc(C(F)(F)F)c2)C(F)(F)F)sc1C(=O)O.CC1CCCO1,Application_ds
O=C([O-])CCCCCCCCCCCCCCCOC(=O)C1C2CCC3CC4(OC(C=CCC4)CC)NC(NC51OC(C)CCC5)[NH+]32.CC(C)=O,Application_ds
O=C1CCC2CC(CNC2C1)CCC3CCC4(C#CC(C5=CC(O)=C(OC)C=C5CCC4=O)CC(O)C(O)C)C(O)C3.CC1=CC=CC=C1,Application_ds
O=C(OC1(C#CC(OOC(C)(C)CCC)(C)C)CC2CC1C(C)C2(C)C)C(=C)C.CC1CCCO1,Application_ds
O=C1C=C2C(=CC=C1NC(C)CCC=3C=CC=CC3)C4=C(OC)C(OC)=C(OC)C=C4CCC2NC(=O)C.CC1=CC=CC=C1,Application_ds
CCOC(=O)C[C@@H](/C=C/Cc1ccccc1)c1ccc(OC2CCCCO2)cc1.CO,Application_ds
O=CC1(C)C(OC(=O)C)C(OC(=O)C=2C=CC=CC2)C(OC(=O)C)C34C5N(C)C(C(OC(=O)C)C67C(OC(=O)C)C(=C)C(C(OC(=O)C=8C=CC=CC8)C56)C(OC(=O)C)C73)C14.CCO,Application_ds
O=C(NC=1C=CC=CC1OC)N2CC3OCC(=O)N(CC4=NC=CC=C4)C3C2.O=CN(C)C,Application_ds
O=C1OC=2C=C(C(O)=CC2C(=C1)CN3CCN(C)CC3)C.N#CC,Application_ds
COC[C@@H](N)C(=O)N(Cc1ccccc1)C(c1ccccc1)(c1ccccc1)c1ccccc1.CO,Application_ds
COC(=O)c1c(C)n(C(C)C(=O)N2CCCC2)c2ccccc12.CCO,Application_ds
O=C1C=2C(OC)=C(OC)C=CC2C3=NC=CC=4C=5C=C(OCC(=O)NCCC(C)C)C=CC5N1C34.O,Application_ds
COc1cnc(-c2nn(Cc3c(Cl)ccc(C(=O)O)c3Cl)c3ccccc23)nc1Nc1ccncc1.CC1CCCO1,Application_ds
CC1=C(NC(=O)C2=CC(NC(=O)NC3=CC=CC(=C3)C(=O)NC3=C(C)C=CC(=C3)C(=O)NC3=C4C(C=C(C=C4S(O)(=O)=O)S(O)(=O)=O)=C(C=C3)S(O)(=O)=O)=CC=C2)C=C(C=C1)C(=O)NC1=C2C(C=C(C=C2S(O)(=O)=O)S(O)(=O)=O)=C(C=C1)S(O)(=O)=O.O=CN(C)C,Application_ds
O=C(O)C1NC(=O)C2NC(=O)C(NC(=O)C3NC(=O)C(NC(=O)C(NC(=O)C(NC)CC(C)C)C(O)C4=CC=C(OC5=CC3=CC(OC6=CC=C(C=C6)C2O)=C5OC7OC(CO)C(O)C(O)C7OC8OC(C)C(O)C(N)(C)C8)C(Cl)=C4)CC(=O)N)C=9C=CC(O)=C(C9)C%10=C(O)C=C(O)C=C%101.CC(OCC)=O,Application_ds
COc1ccc(NC(=O)c2ccc(-c3cc(C(=O)Nc4nccs4)ccc3C)nc2)cc1.O=CN(C)C,Application_ds
OCC1CCC(C)C(CCCCC)C1(C)CCC2=COC=C2.CC(C)=O,Application_ds
ClC(Cl)(Cl)Cl.CC1=CC=CC=C1,Application_ds
FC(F)(F)c1nc(Cl)cc(OC2CCC3(CC2)OCCO3)n1.O,Application_ds
O=C(C=1C(O)=C(C(O)=C2C1OC3=CC4=C(C(=O)C32C)C(=NN4C=5N=C(Cl)N=C6NC=NC65)C)C)C.CC1=CC=CC=C1,Application_ds
CNCc1ccc(OC)c([N+](=O)[O-])c1.CC1CCCO1,Application_ds
O=C(Nc1ccccc1)N1CCc2cc(-c3ccncc3)ccc21.CO,Application_ds
CC(C)CN(c1cc(-n2c(C(F)F)nc3ccccc32)nc(N2CCOCC2)n1)[C@@H]1CC[C@@H](NC(=O)OC(C)(C)C)CC1.CC1CCCO1,Application_ds
O=Cc1cc2c(cn1)OCCC2.CC(OCC)=O,Application_ds
O=C1NC(O)=C(C(=O)N1C=2C=CC=CC2)C3C=4NC=5C=CC=CC5C4CCN3CC.CCO,Application_ds
COc1ccccc1[C@@H]1CCNC(=O)O1.O,Application_ds
Cn1c(C#N)ccc1-c1ccc(N)c(OC(F)(F)F)c1.CC(C)=O,Application_ds
O=C(OC=1C=2C(=CC=C3C=C4C=CC=CC4=CC32)NC1CO)C5OC6(O)C(O)C7(CC8C9CC%10C(O)C%11(CCC%12CC%13CCC%14C(C%15=CC(O)=CC=C%15C%12%11C%13%14)CSSCC%10NC)C9OC5C86O)C%16(CCCC%16)CCC%177CCCC%17.CC(OCC)=O,Application_ds
O=CNc1nc(C(=NOCCBr)C(=O)O)cs1.CC(OCC)=O,Application_ds
O=C(O)C(=CCCC(=CCO)C)C.O=CN(C)C,Application_ds
O=S1(=O)c2cccc3cccc(c23)N1CCCN1CC=C(c2c[nH]c3ccc(F)cc23)CC1.O,Application_ds
O=C(OCC1C2=CC=C3C=4C(OC)=CC(O)=CC4CC56C3=C2OC1C7=C8C=CC9NC%10CCCC(CSSCC9OC8=C(O)C(=C7CC#CC=%11NC(N)C=CC%11CC(CC5)C6)CNC%12CCC(=O)CC%13%12CCCC%13)C%10)C.CC1=CC=CC=C1,Application_ds
COC(=O)c1ccc(N2CCC23COC3)c(OCC2CC2)n1.CC(OCC)=O,Application_ds
CC(=O)NCCC(C)(C)c1ccc(N)cc1.CCO,Application_ds
O=C(C1=CC=C(OC)C=C1C)C2=C(O)C(=O)N(CCN(C)C)C2C3=CC(OC)=C(OC)C(OC)=C3.CCO,Application_ds
O=C(O)C(C)C1(O)OC(C(C(=O)C(C)C2(O)OC(O)(C(=CC2C)CC(C)C)C(O)C3OC(C)(CC3)C4OC(CC4C)C5OC(O)(C)C(C)C(OC)C5C)C)C(C)C(OC)C1(O)C.N#CC,Application_ds
O=C(O)C1CCNC1.O=CN(C)C,Application_ds
C[Si](C)(C)N=C=S.CO,Application_ds
O=C(O)C1=CC=C2OC(CC2=C1)C3(O)CCC4C(C)(CCC(Br)C4(C)CC=CC(O)(C)C)C3.CC1CCCO1,Application_ds
Brc1c2ccccc2c(-c2ccc(C=Cc3ccccc3)cc2)c2ccccc12.CCO,Application_ds
CCOC(=O)C1=C(C)NC2=C(C1c1cccc(Cl)c1Cl)S(=O)(=O)CCNC2.O,Application_ds
O=[N+]([O-])c1ccc(CO)cc1.CC1CCCO1,Application_ds
O=C(C1=CC(OC)=C(OC)C=C1OC)CC(=O)C2=CC(OC)=C(OC)C(OC)=C2OC.CC1=CC=CC=C1,Application_ds
COC(=O)CC1NCCc2c1ccc(F)c2Br.CC1=CC=CC=C1,Application_ds
O=C(OCC)C=1OC=2C=C3OC4C(C=CCC4(O)C)C3=C(OC)C2C(C1)=CC[NH+]5C=CNC5.CO,Application_ds
COc1cc(O)ccc1-c1nc2c(c(C3CCCCC3)nn2C)c(=O)[nH]1.N#CC,Application_ds
COC(=O)[C@H](N)CC(C)C.O,Application_ds
CCOC(=O)CSc1nccc(NCc2ccc(Cl)cc2)n1.O=CN(C)C,Application_ds
O=C1C=2C=C(OC)C=C(OC)C2C(=O)C3=C(O)C(=CC(O)=C13)C.CC1CCCO1,Application_ds
CC(C)Oc1ccc(B(O)O)cc1Cl.CC(C)=O,Application_ds
O=C1CC[C@H](CO)N1.CC1CCCO1,Application_ds
  COC(=O)[C@@]1(c2ccccc2)NC(=S)C(C=O)(C(=O)NS(=O)(=O)Nc2cc(C(C)(C)C)nn2-c2ccccc2)[C@@H]1c1ccccc1.N#CC,Application_ds
  Cc1ccc(NC(=O)Nc2cc(C(C)(C)C)nn2C)c(O)c1.CCO,Application_ds
O=C(CBr)c1ccc(Cl)c([N+](=O)[O-])c1.CC(OCC)=O,Application_ds
CS(=O)(=O)c1cccc(B(O)O)c1.CC(C)=O,Application_ds
O=C(O)CC(=O)OCC1OC(OC2=CC(O)=CC3OC(=C(OC4OC(C)C(OC5OC(CO)C(O)C(O)C5O)C(OC(=O)C=CC6=CC=C(O)C=C6)C4O)C=C23)C=7C=C(OC8OC(COC(=O)C=CC9=CC=C(O)C(O)=C9)C(O)C(O)C8O)C(O)=C(OC%10OC(COC(=O)C=CC%11=CC=C(O)C(O)=C%11)C(O)C(O)C%10O)C7)C(O)C(O)C1O.CC1CCCO1,Application_ds
  Cc1ccc2c(C(=O)N3CCC(N4CCC[C@]5(CCN(C(C)C)C5=O)C4)CC3)c(Nc3c(N[C@H](C)c4cccc5ccccc45)c(=O)c3=O)sc2n1.CC(C)=O,Application_ds
CCN(CCCCc1coc2ccccc12)C1COc2cccc(OC)c2C1.CO,Application_ds
CCCCCCCCCCC[P+](c1ccccc1)(c1ccccc1)c1ccccc1.N#CC,Application_ds
COC(=O)c1cc(B2OC(C)(C)C(C)(C)O2)cnc1SC.O,Application_ds
Cc1cc(Cl)c(NC(=O)CBr)c(Cl)n1.CC(OCC)=O,Application_ds
COc1ccc(OC(CCCN2CC3CC(C2)CN(C(=O)OC(C)(C)C)C3)c2ccc(C#N)cc2)cc1OC.CCO,Application_ds
  CN(CCO)[C@@H]1CCCC[C@H]1NS(=O)(=O)NCCC(=O)O.O,Application_ds
CC1CC(c2c[nH]c3c(C(N)=O)cc(Br)cc23)CC(C)S1(=O)=O.CC(C)=O,Application_ds
OC1CCC(NC1C)CCCCCCCCCCC=2C=C(CN3C2CCC3)CCCCCCCCCCC4NC(C)C(O)CC4.CC(C)=O,Application_ds
O=C(OCC12C(OC(=O)C)CC34C(=NCC3C)C52C6=C(CCC6C(C(=O)OC)C5)CCC1C4O)C.O=CN(C)C,Application_ds
O=C1OC2=C(C=C(C=C2C)C)C(=C1)C=3OC=4C=CC(Cl)=CC4C3.CC(OCC)=O,Application_ds
CCOC(=O)c1cc(F)cc([N+](=O)[O-])c1.CCO,Application_ds
O=C(O)CCc1conc1-c1ccc(Cl)c(Cl)c1.O,Application_ds
CCCCCCCCCCCCCCCCNc1ccc(CC(=O)Cl)cc1.CC(OCC)=O,Application_ds
O=C(OC)N1C=2C(OC)=CC=CC2C34CCN5C6OC7C(O)(C(=O)OC)C14CCC7(C(OC)C6)C53.CO,Application_ds
CCCOc1ccc(C(C)(C)C)cc1.CC(OCC)=O,Application_ds
O=C(OC)CC(C1=CC=C2OCCOC2=C1)C=3C(O)=CC(O)=C4C(=O)C(O)=C(OC43)C=5C=CC(O)=C(O)C5.CC1=CC=CC=C1,Application_ds
O=C(C1=CC=C(OC)C=C1OC)CCN2CCCCC2.CO,Application_ds
O=S(=O)(Cl)c1ccc(F)c(I)c1.CCO,Application_ds
O=C=NS(=O)(=O)c1ccc(Cl)cc1.O=CN(C)C,Application_ds
COC(=O)[C@@H](N)C(C)C.CC(C)=O,Application_ds
  CC(C)(C)C(=O)NCCCNC(=O)N[C@@H](C(C)(C)C)P(=O)(Oc1ccccc1)Oc1ccccc1.CC1=CC=CC=C1,Application_ds
Cc1nc(-n2nc(-c3ccc(F)cc3)[nH]c2=O)ccc1Oc1ccnc(-c2cnn(C)c2)c1.CO,Application_ds
O=C1OC2C(C1=C)CCC(O)(C)C3CC(OC4OC(COC(=O)CC5=CC=C(O)C=C5)C(O)C(O)C4O)C(=C)C23.CC(C)=O,Application_ds
Nc1cccc(OCCCOc2ncnc3scc(-c4ccc(F)cc4)c23)c1.CC1=CC=CC=C1,Application_ds
CCc1nc2c(C)cc(C)nc2n1C(C)c1ccc2c(c1)CCc1ccccc1/C2=C\C#N.O=CN(C)C,Application_ds
O=C1C(OC2OC(COC3OC(C)C(O)C(OC4OCC(O)C(O)C4O)C3O)C(O)C(O)C2OC5OC(C)C(O)C(O)C5O)=C(OC=6C=C(O)C=C(O)C16)C=7C=CC(O)=CC7.O=CN(C)C,Application_ds
OC12CCNC(CC=3C=CC=CC3)C2CCCC1.CC(OCC)=O,Application_ds
CC(=O)NCCCCC(CC1(C(=O)N[C@H]2CC[C@@H](C(=O)O)CC2)CCCC1)C(=O)OC(C)(C)C.CO,Application_ds
CC(C)(C)OC(=O)N1[C@@H]2C[C@@H]2C[C@H]1C(=O)NC1CCCCC1.CC(C)=O,Application_ds
O=C(O)CC(C=C1C(=O)C2(C)CCC1C2(C)C)C(=O)O.N#CC,Application_ds
NC(=O)c1c(F)ccc(O)c1F.CCO,Application_ds
O=C1C2=CC=C3OC(C(=C)C)CC3=C2OC4COC5=CC(OC)=C(OC)C=C5C14.CO,Application_ds
O=C1Nc2ccc(S(=O)(=O)N3CC[C@H]3COc3ccccc3)cc2C1=O.CO,Application_ds
CC(C)(C)OC(=O)Oc1cccc(C=O)c1.CC1=CC=CC=C1,Application_ds
O=C(Nc1ccc(O)cc1)c1ccccc1Nc1ccc(F)cc1.O,Application_ds
CC(C)(C)OC(=O)N[C@H]1CCCC[C@H]1Nc1nc(Cl)c2c(c1F)CN(C(=O)OC(C)(C)C)C2=O.CO,Application_ds
COC(=O)c1ccc2c(C3CCCCC3)c(-c3ccccc3N)[nH]c2c1.N#CC,Application_ds
O=C(N[C@@H]1Cc2ccccc2[C@H]1CN1CCSCC1)c1cc2cc(Cl)sc2[nH]1.N#CC,Application_ds
O=S1CCN(c2nc(N3CCNCC3)nc3c(NCCO)ncnc23)CC1.CC(C)=O,Application_ds
CN(C)CCCNS(=O)(=O)c1ccc(Nc2ncc(C#N)c(N)n2)cc1.CC1=CC=CC=C1,Application_ds
C[C@]12CC[C@H](OC(=O)COc3ccccc3)CC1=CC[C@@H]1[C@@H]2CC[C@]2(C)C(=NO)CC[C@@H]12.N#CC,Application_ds
O=C(NC(C(=O)NC(CC=1C=CC=CC1)C(O)C(=O)N2CSCC2C(=O)NC(C)(C)C)CSC)COC3=CC=CC=4C=NC=CC34.O,Application_ds
O=C1NC=CC=2C=CC(OC(C=3C=CC=CC3)C(NC(=O)C(NC)CC=4C=CC=CC4)C(=O)NC1C(C)CC)=CC2.CC(OCC)=O,Application_ds
O=C1C=C(OC(=C1O)C(C=2C=CC=CC2)CC(=O)N3CC=4NC=5C=CC=CC5C4CC3)C.CC(C)=O,Application_ds
Cc1c(-c2ccc3c(ccn3C)c2)nc2cc(F)cc(F)c2c1Cl.CC(C)=O,Application_ds
O=C(OCC12C=CC3(CCC4C(C)(C)CCC(OC(=O)C)C4(C)C3CC1O)C2)C.CC1CCCO1,Application_ds
CC(C)(C)[Si](C)(C)O[C@@H]1COC[C@H]1Oc1ccc(-c2c(C#N)c(N)nc(SCc3csc(-c4ccc(Cl)cc4)n3)c2C#N)cc1.CCO,Application_ds
COC(=O)[C@@H]1[C@H](O)CCN1S(=O)(=O)c1ccc(C#N)c(Cl)c1C.CC(C)=O,Application_ds
COC(=O)C(Br)c1ccc2c(c1)OCO2.O=CN(C)C,Application_ds
CC(CC(=O)O)NC(=O)OCc1ccccc1.CC1=CC=CC=C1,Application_ds
COc1nc2ccccc2cc1C(=O)CN.CC1=CC=CC=C1,Application_ds
CCOC(=O)c1c(O)c2ccc(Cl)cc2n(CC)c1=O.CC1=CC=CC=C1,Application_ds
O=C1NC(C(=O)N(C)C(C(=O)NC(C(=O)NC(C(=O)NC(C(=O)N(C)C(C(=O)NC1CC2=CC=C(O)C(=C2)[NH+]([O-])O)CC(C)C)CC3=CN(C=4C=CC=CC43)C(C)(C)C5OC5)CC=CC)CC(C)C)CC(C)C)C.CC1CCCO1,Application_ds
O=CC12OCSSCC(C=3C=CNC3)C(CNCC2(O)C(OC4=CC=C5C(=O)C(=COC5=C4)C=6C=CC(O)=CC6)OC(C(=O)O)C1O)C(C)CC=C7C=CC(C=8C=CC=CC78)C.O=CN(C)C,Application_ds
NCCNc1ccccc1.O,Application_ds
NC(=O)c1c(Cl)c(-c2ccccc2)n2c1CNCC2.N#CC,Application_ds
O=C(CC(=O)CCCC(O)CCC=1C=CC=C(O)C1C=2C=CC=3C=C(O)C=CC3C2)CCC4=CC=C(O)C(OC)=C4.CC(OCC)=O,Application_ds
CNC(=O)Nc1ccc(-c2nc(Cl)nc(N3CC4CCC(C3)O4)n2)cc1.CC1=CC=CC=C1,Application_ds
BrCC12CCC3(C)C(Br)CCC(O)(C)C3C2CC=CC1C(C)C.CC1CCCO1,Application_ds
CC(OC1=C(Cl)C(C)=C(Cl)C=C1)C(=O)NC1=CC=CC=C1.CC1CCCO1,Application_ds
O=C1C=C2C(=CC=C1NC(C(=O)N3CC4=CC(OC)=C(OC)C=C4CC3)C(C)CC)C5=C(OC)C(OC)=C(OC)C=C5CCC2NC(=O)C.CC(C)=O,Application_ds
O=C1OC(C=2C(Cl)=C(O)C(Cl)=C(OC=3C(O)=CC(O)=C(Cl)C3CCC)C12)CC.N#CC,Application_ds
CCOC(=O)[C@@H]1O[C@H]1C(=O)[O-].O,Application_ds
NCc1ccc(C(=O)Nc2ccccc2N)cc1.CC1=CC=CC=C1,Application_ds
O=C(O)CC1C(=O)OC23CC(CBr)(CCC4C2CC4(C)C)CCC13.O=CN(C)C,Application_ds
C[C@H](N)C(=O)N[C@@H](C)C(=O)Nc1ccccc1.CC(OCC)=O,Application_ds
CC(C)(C)OC(=O)N1CCC(COCc2cc(Br)cc(C(F)(F)F)c2)(c2cccnc2)CC1.CO,Application_ds
Clc1cc(-c2cccnc2)c2c(n1)CCCC2.CC(OCC)=O,Application_ds
COc1ccc(CS[C@@H]2C[C@@H](CNCc3cc(F)ccc3F)N(C(=O)OC(C)(C)C)C2)cc1.N#CC,Application_ds
O=C1OC=2C(OC)=C(OCC=C(C)CC=CC(OO)(C)C)C=CC2C=C1.CC1=CC=CC=C1,Application_ds
C=CCNc1c(C(=O)C(F)(F)F)c(C#N)nn1-c1c(Cl)cc(C(F)(F)F)cc1Cl.CO,Application_ds
CC(=O)Oc1c(Cl)cc(Cl)cc1S(=O)(=O)Cl.O=CN(C)C,Application_ds
OCc1cc(-c2cccs2)[nH]n1.CC1=CC=CC=C1,Application_ds
O=C(O)Cc1ccc(Nc2ncc(Br)c(Nc3ccccc3)n2)cc1.N#CC,Application_ds
COc1ccc(CBr)c2oc(Br)c(-c3ccccc3F)c12.CC1=CC=CC=C1,Application_ds
NCCc1coc(-c2ccc(F)cc2)n1.CC1CCCO1,Application_ds
O=C(C=1C=CC=CC1)N2CCN(C(=O)C3CCNCC3)C(C(=O)NC4C(=O)NCCC4)C2.CC(OCC)=O,Application_ds
c1ccc(-n2c3ccccc3c3ccccc32)cc1.O,Application_ds
OC1CCC2(C)C(CCC3(C)C2CCC4C5C(C)C6(OC6CC5(C)CCC43C)C)C1(C)C.O,Application_ds
O=C(O)C(N=C(O)C(N=C(O)C(N)CCP(=O)(O)C)C)CC(C)C.N#CC,Application_ds
Brc1ccc2ccn(Cc3ccccc3)c2c1.O=CN(C)C,Application_ds
COC(=O)c1ccc(-n2c(C)cc(O)cc2=O)c(Cl)c1.N#CC,Application_ds
O=C1OC2=CC(=CC(OCC(=O)NCC=3C=CC=CC3OC)=C2C4=C1CCC4)C.CC1=CC=CC=C1,Application_ds
O=C(O)c1cccc(-c2cnc3c(c2)N(Cc2cc(Cl)ccc2C(F)(F)F)CCN3)c1.CC(OCC)=O,Application_ds
O=P(O)(O)OCC1OC(COP(=O)(O)O)C(O)C1O.O=CN(C)C,Application_ds
O=C(CCl)N1CCCc2ccccc21.CC(C)=O,Application_ds
CCOC(=O)CNCc1ccccc1.O=CN(C)C,Application_ds
O=C(Nc1ccc(OC(F)(F)Cl)cc1)c1cnc(Cl)c(I)c1.O=CN(C)C,Application_ds
  CC(C)c1cccc(C(C)C)c1NC(=S)N[C@]12CC[C@H](CC1=O)C2(C)C.CO,Application_ds
C[Si](C)(C)CCOCn1cc(-c2ccc(O)cc2)c2c(NC3CCCC3)nc(Cl)nc21.O,Application_ds
C[C@@H](OCc1cccc(F)c1)C(F)(F)F.CC(OCC)=O,Application_ds
Cc1onc(-c2cccc(Br)c2)c1-c1csc(C2CCNCC2)n1.CC(C)=O,Application_ds
O=CC1=CCCC(=CC2OC(=O)C(=C2C3OC13)C)C.N#CC,Application_ds
  CC(C)(C)[C@H](Nc1c(NCCSCc2[nH]cnc2Br)c(=O)c(=O)c1=O)C(=O)N1CCC[C@@H]1c1cc2cccc3ccc4cccc1c4c32.CCO,Application_ds
CCOCc1nc2c(N)nc3cc(O)ccc3c2n1CC(C)(C)O.CC(C)=O,Application_ds
Cc1cc(C2CC2)cnc1N1CCN(C(=O)c2ccc(N3CCCS3(=O)=O)cc2C#N)CC1.CC(C)=O,Application_ds
O=C1C=C(OC12C(=O)C3=CC(O)=C(O)C=C3OC2)C.N#CC,Application_ds
COC(=O)[C@H]1[C@H](N)[C@H](c2ccccc2)N(C(=O)OCc2ccccc2)[C@@H]1C.CC(C)=O,Application_ds
CSc1cc(C)nc(S(C)=O)c1NC(=O)CBr.CC1=CC=CC=C1,Application_ds
O=C(C=CC1=CC=C(O)C=C1)C=2C(O)=C(C(O)=C(C2O)CC=C(C)C)CC=C(C)C.CC(C)=O,Application_ds
O=C(OCC)C1=NN(C2=CC=C(Cl)C=C2)C3=CC(=NN(C(=S)N13)C)C.CC1CCCO1,Application_ds
C(=Cc1ccc(-n2ccnc2)cc1)c1ccccc1.N#CC,Application_ds
O=C(O)COC=1C=C(C2=C(C1C)CC(CC2)C(C(=O)NC(C)C)C)C.CC(C)=O,Application_ds
CC(C)(CN)c1coc(-c2ccc(Cl)cc2)n1.N#CC,Application_ds
O=C(OC=1C=C(OC(=O)C)C=C(OC2=C(OC(=O)C)C=C(OC(=O)C)C=3OC4=CC=5OC6=CC(OC(=O)C)=CC(OC(=O)C)=C6C5C(OC(=O)C)=C4OC23)C1)C.CC(C)=O,Application_ds
CN1C(=O)COc2ccc(B3OC(C)(C)C(C)(C)O3)cc21.O,Application_ds
CCOC(=O)c1noc([C@H](CCCC2CCCCC2)CC(=O)OC(C)(C)C)n1.CC(C)=O,Application_ds
O=C(O)c1cccc(-c2cccc3cc(C(=O)N[C@H]4CN5CCC4CC5)oc23)c1.O=CN(C)C,Application_ds
O=CC(=CCC=C(C)C1CCC2CCC=C3C(=O)OCC3C12)C.CO,Application_ds
O=C(OCC1OC(OC2C(OC(OC(=O)C)C(OC(=O)C)C2OC(=O)C)C)C(OC(=O)C)C(OC(=O)C)C1OC(=O)C)C.CC(OCC)=O,Application_ds
Cc1ccc(NC(=O)c2cccc(C3(C#N)CC3)c2)cc1Oc1ccc([N+](=O)[O-])cc1.CCO,Application_ds
O=C(OC1C(C)C2(O)C(C=C(CO)CC3(O)C(=O)C(=CC32)C)C4C1(OC(=O)CCC=CCCCCC)C4(C)C)C=5C=CC=CC5.O=CN(C)C,Application_ds
  CC(C)(C)c1ccc(C(=O)NC(=S)NC(=O)[C@H]2CC2(C)C)cc1.CC1=CC=CC=C1,Application_ds
O=C([C]1[CH][CH][C]([CH][CH]1)[C]2[CH][CH][CH][CH][CH]2)C[NH+]3[CH][CH][C]([CH][CH]3)C.O=CN(C)C,Application_ds
Cc1cc(F)ccc1[C@@H]1[C@@H](O[C@H](C)c2cc(C(F)(F)F)cc(C(F)(F)F)c2)OC[C@@H]2CN(C(C)C)C[C@H]21.CC(OCC)=O,Application_ds
NCCc1ccccc1Cl.N#CC,Application_ds
O=C1OC2(C=3C=CC=C(C13)CCCN)C4CCCCC5=CC=CC(=C5)CC6CC7=C8CCC92C(OC(=O)C749)=C(O)C%10CCC%11N(CC%12CC%11CN%13C%14=C(C=CC%13%12)CC(C)C6C%148)C%10CC%15CCCCC%15.O=CN(C)C,Application_ds
O=S(=O)(Oc1ccccc1)c1cccc(Br)n1.O=CN(C)C,Application_ds
O=C(NCCCCCN(O)C(=O)CCC(=O)NCCCC[NH+]([O-])CCCCC)CCC(=O)N(O)CCCCCN.CO,Application_ds
O=c1ccoc(CO)c1O.O=CN(C)C,Application_ds
O(C=1C=C2C=3C=4OCOC4C=C5C3C(N(C)CC5)CC2=C6OCOC16)C.N#CC,Application_ds
C=Cc1ccccn1.CO,Application_ds
CC(C)(O)c1ccn2c(-c3ccc(F)c(-c4cc5ccccc5o4)c3)cnc2c1F.N#CC,Application_ds
O=C(OC)C1(C)CCCC2(C)C1CCC34OOC(C(=C3)C(O)(C)C)CC42.O,Application_ds
ClC=1C(Cl)=C(C(Cl)=C(Cl)C1O)C(C2=C(Cl)C(Cl)=C(O)C(Cl)=C2Cl)(C)C.CC(OCC)=O,Application_ds
ICCCC1c2ccccc2C=Cc2ccccc21.O,Application_ds
N#Cc1c(F)cccc1C(=O)c1ccnc(Br)c1.CO,Application_ds
CCN(CC)C1CCCCN(CC(=O)N2c3ccccc3C(=O)Nc3cccnc32)C1.CCO,Application_ds
OCC1(OC(OC)C2C(=C)CC(O)C=C(C)CCC21)C=CC=C(C)C.O,Application_ds
O=C1C=2C(=O)CC3(C=4C=CC=CC4CCN3C2CC(C)C1)C.CCO,Application_ds
Cc1c(Cl)c(C(F)(F)F)nn1CC(=O)O.CC(OCC)=O,Application_ds
OB(O)c1cc(F)c(F)cc1F.CO,Application_ds
OCc1cccc2c(O)cccc12.CC(C)=O,Application_ds
O=C1C(=COC=2C1=CC=C(O)C2CN(C)CC=3C=CC=CC3)C=4C=CC=CC4.CCO,Application_ds
O=CCC1C#CC(CC2CC3(CC(O)=C4OC(=O)C5=C4CCC6C7C(C=8C=C(O)C=CC8C=9C=CC=C(C9)CNCCC%10=CC(=CC(=C%10)C(NCC1(O)C)C2C3)CNCCC)=C%11C(=O)OC(=CC(CC=%12C=CC=CC%12)CCO)C%11(CC7)C56)C%13CCNC(NC)C%13)C%14(O)CCCCC%14.CO,Application_ds
COc1cc2c(cc1N)CCN(CC(=O)N1CCOCC1)CC2.O=CN(C)C,Application_ds
O=C(C[C@@H]1CCCNC1)Nc1ccc2cc1CCc1cncc(c1)Nc1ncc(Cl)c(n1)N2.CC(OCC)=O,Application_ds
O=C1C(=C=CC(C(=C)C)C1)C.CC1CCCO1,Application_ds
Cc1nc2cc(Cl)c(-c3ccc(C(=O)Nc4ccccc4F)[se]3)cc2o1.CO,Application_ds
CC(C)C[C@H]1CN(C(=O)c2cc3ccccc3o2)[C@@H](CC(C)C)C(=O)N1.CCO,Application_ds
O=C1OC(C2=COC=C2)C3(C)CCC4C56COC(=O)C7(CCCC7)C6OC(C)(C)C5C(=O)C(O)C4(C)C83OC18.CC1CCCO1,Application_ds
  O=c1c(NCN2CCOCC2)c(Nc2ccc(Cl)cc2)c(=O)c1=O.CC1CCCO1,Application_ds
OC1CC(=CCC(C=CCC2(OC12)C)(C)C)C.CC(OCC)=O,Application_ds
Nc1ncnc2c1c(-c1cccc(OCC34CCC(CC3)O4)c1)cn2C1CC(C=O)C1.CC1=CC=CC=C1,Application_ds
Nc1ccc2nc(S)sc2c1.CC1CCCO1,Application_ds
COC(=O)CNC(=O)[C@@H](C)NC(=O)OC(C)(C)C.CC1CCCO1,Application_ds
O=C(OC1C(O)C(O)C(OC1OC=2C(=O)C=3C(O)=CC(O)=CC3OC2C=4C=CC(O)=C(O)C4)COC5OC(C)C(O)C(O)C5O)C.CC1=CC=CC=C1,Application_ds
OCC1OC(OC(C)(C)C2CCC3(C)C(O)C(O)CC(=C)C3C2)C(O)C(O)C1O.CC1=CC=CC=C1,Application_ds
O=c1[nH]c2ccccc2n1C1CCN(C2CCC(c3ccc(F)cc3)(c3ccc(F)cc3)CC2)CC1.N#CC,Application_ds
  CCN(CC)C[C@H](Cc1ccccc1)NC(=O)NC1CCN(Cc2ccccc2)CC1.CC(C)=O,Application_ds
O=C(NC1C2=CC(OC)=C(OC)C=C2CC1)CCC3=CNC=4C=CC=CC43.O,Application_ds
O=C1C(=C)C2CCC3C1(C(O)CC4C(C)(CO)CCC(O)C34CO)C2O.N#CC,Application_ds
O=C1CCC(n2cc(-c3ccnc(NC(=O)C4CC4)c3)c(-c3ccccc3)n2)=NN1.CC(C)=O,Application_ds
CC(C)(C)OC(=O)N[C@H]1CCCC[C@H]1Nc1nc(Cl)c2c(c1F)CN(C(=O)OC(C)(C)C)C2=O.CC(C)=O,Application_ds
O=C(C1CC1)N1CCN(c2cc3c(cc2F)nc(COc2ccccc2)n3Cc2ccc(OC(F)(F)F)cc2)CC1.CC1=CC=CC=C1,Application_ds
O=C(O)C=1C(OC)=C(C(OC(=O)C=2C(OC)=C(C(OC(=O)C=3C(=O)C4(C)CC5=C(OC4(O)C(O)(C3C)C)C(=C(OC)C(C(=O)OC=6C(=C(OC)C(C(=O)O)=C(C6C)C)C)=C5C)C)=C(C2C)C)C)=C(C1C)C)C.CO,Application_ds
CCNC(=O)[C@@H]1CCCN1C(=O)[C@H](C)N.CC(C)=O,Application_ds
Cc1ccn2ccnc(N3CC[C@H](N)C3)c12.CO,Application_ds
O=C(NCC=1SC=CC1)CCC2N(C)C3CCN(CC(C)(C)C)C3C(=O)NC2.CO,Application_ds
COc1nc(/C=C/C(=O)O)ccc1-n1cnc(C)c1.CC(C)=O,Application_ds
O=C(CC=1C=CC2=C(OC)C=C3C=C(C=CC3=C2C1)CC=C(C)C)CC(=O)CC(OC)CCCCC.CC(C)=O,Application_ds
Clc1ccnc2cc(Br)sc12.N#CC,Application_ds
CCOc1c(C)c(N2CCN(c3ccc(OC)c(C)c3)CC2)c(C)c2c1OC(C)C2.O=CN(C)C,Application_ds
  Cc1cc(-c2ccccc2)nc(Nc2c(NC(c3cc4ccccc4c4ccccc34)c3cc4ccccc4c4ccccc34)c(=S)c2=S)n1.CCO,Application_ds
  Cc1cc(NC(=O)Nc2nc3nc(N)ncc3cc2-c2c(Cl)cccc2Cl)c(C(C)C)cc1O.CO,Application_ds
O=C(N1CCNCC1)C(F)(F)F.CO,Application_ds
CCOC(=O)c1cn([C@H](CO[Si](C)(C)C(C)(C)C)C(C)C)c2nc(OC)c(Br)cc2c1=O.N#CC,Application_ds
  CCCCCC[C@H](C)Nc1c(NC(=O)c2ccccc2Cl)c(=S)c1=S.O=CN(C)C,Application_ds
O=C(NC(C(=O)NC(C(=O)NC(C(=O)O)CO)C)CC(C)C)C.O,Application_ds
CN1C[C@@H]2C[C@@H]1N(c1ccc(I)cn1)C2.CC1=CC=CC=C1,Application_ds
CCOc1ccc2c(c1-c1ncnc3c(C(=O)NC4CCNCC4)c[nH]c13)OCO2.CC1=CC=CC=C1,Application_ds
O=C(O)C(c1ccccc1Cl)N1CCN2CCC[C@@H]2C1.CC1CCCO1,Application_ds
O=C(OCCCCCCCCCCCCCCCCCC)C=CC1=CC=C(OC)C(O)=C1.N#CC,Application_ds
O=C(O)C1=CC=C(OC(=O)CC(C)C)C(=C1)CC=C(C)C.O=CN(C)C,Application_ds
  Cc1ccc(C)n1[C@@H]1CCCC[C@H]1Nc1c(NC(=O)c2ccc(Br)cc2)c1=O.CC(OCC)=O,Application_ds
O=C(OC1C(=C2C(OC(=O)C(=CC)C)C3C(=C)C(=O)OC3CC2(C)C(O)C1)C)C(=CC)C.N#CC,Application_ds
O=C1C(OC2=CC(OCC3=CC=C(C=C)C=C3)=CC=C21)=CC=4C=CC=C(OC)C4OC.CO,Application_ds
CC(Oc1ccc(Oc2ncc(Cl)cc2Cl)cc1)C(=O)Cl.O,Application_ds
O=C1CC2CC(=O)CC2C1.O,Application_ds
CC(=O)Nc1ccccc1C=C1c2ccccc2CCc2ccccc21.O=CN(C)C,Application_ds
O=C1C=CC=C2N1CC3CC2CN4C5=CC=C(C=C5CC(C(=O)NCC6=NC=CC=C6)C43)[NH+]([O-])O.CO,Application_ds
OCC=C(C)CCC1C(C)CCC2C(C)(C)CCCC12C.CC(OCC)=O,Application_ds
CCCCCCCNCCc1ccc(Cl)cc1.CO,Application_ds
COc1cc2c(-c3cc4cccnc4n3S(=O)(=O)c3ccc(C)cc3)cn(C)c2cc1OCCN1CCC(O)CC1.CCO,Application_ds
  Cc1occc1C(=O)NS(=O)(=O)NCc1ccccc1[N+](=O)[O-].CC1CCCO1,Application_ds
  C/C=C/[C@H](NC(=O)Nc1cccc(C)c1C)[Si](C)(C)C.CC1=CC=CC=C1,Application_ds
C#CC1(CO)CC1.O,Application_ds
CC(C)(C)OC(=O)NCCO[Si](C)(C)C(C)(C)C.CC(OCC)=O,Application_ds
Fc1ccc2nc(Cl)sc2c1.CO,Application_ds
c1ccc2c(c1)NC1CCCC21.N#CC,Application_ds
O=C1NCN(c2ccccc2)C12CCN(Cc1cccc3ccccc13)CC2.CC1=CC=CC=C1,Application_ds
O=C1OC2C=C(C)CCC=C(C)C(OC(=O)C(C)C)C(O)C2(O)C1=C.CC1=CC=CC=C1,Application_ds
  CC(C)(C)[C@H](NC(=O)NC[C@@H]1CCC2=NN(c3ccccc3)[C]N21)C(=O)NCc1ccccc1.CCO,Application_ds
  O=c1c(Nc2nc3c(Cl)cccc3s2)c(N[N+](=O)[O-])c(=O)c1=O.CCO,Application_ds
O=C1C=C2C(=C3C=CC4(C)C(CCC4(O)C)C3CC2)CC1.CC1CCCO1,Application_ds
CCOC(=O)CCC1CCNCC1.CC(OCC)=O,Application_ds
OC1CCC2(COC)CN(CC)C3C4(O)C(OC)C2C13C5(O)CC6C(OC)CC4(O)C5C6OC.N#CC,Application_ds
O=C(O)C(N1C(=O)C=2C=CC=CC2C1=O)CC=3C=CC=CC3.CC1CCCO1,Application_ds
CCN(Cc1ccccc1Cl)C(=O)c1ccc(-c2cc(-c3nnc(C)o3)ccc2C)cc1.CCO,Application_ds
CCOC(=O)C1(CCCn2c(=O)ccc3ccc(OC)cc32)CCNCC1.CO,Application_ds
O=C(O)c1cc(-c2ccc(F)cc2)on1.CC1CCCO1,Application_ds
OC1COC(OC2CCC34CC54CCC6(C)C7C(C)CC8OC7(OC8C(O)(C)C)C(O)C6(C)C5CCC3C2(C)C)C(O)C1O.CC(OCC)=O,Application_ds
O=C1N(C(=O)CC1)CCC2(CCOC(C2)C(C)C)CCC(C)C.CC(OCC)=O,Application_ds
O=C(O)CN1C(=O)C(NC(=O)c2cc3cc(Cl)sc3[nH]2)Cc2ccccc21.N#CC,Application_ds
O=C1OC2=C(OC3=C1C(=CC(O)=C3C)C(=CC)C)C(=C(Cl)C(O)=C2C)C(=CC)C.O,Application_ds
O=C(c1ccc(OCCCBr)cc1)c1oc2ccccc2c1-c1ccccc1.O=CN(C)C,Application_ds
  CN(C)[C@@H]1CCCC[C@H]1Nc1c(N[C@@H](c2ccccc2)P(=O)(Oc2ccccc2)Oc2ccccc2)c(=O)c(=O)c1=O.CO,Application_ds
COc1cc(Cl)c(/C=C/C(C)=C(F)/C=C/C(C)=C/C(=O)O)c(Cl)c1C.CC(C)=O,Application_ds
O=C(OC)CCCCCCCCCCCCCCCCCCCCCCCCCCCCCO.CC(OCC)=O,Application_ds
Cc1cnn(C(=O)OC(C)(C)C)c1.CO,Application_ds
CN(C)CCc1cn(C(=O)OC(C)(C)C)c2ccc(OCc3ccccc3)cc12.CC1CCCO1,Application_ds
Fc1ccc2c(c1)CCC2Nc1ccc2cc(Nc3cccc(C(F)(F)F)n3)ccc2n1.O=CN(C)C,Application_ds
OC=1C=CC(=CC1C2=CC(=CC=C2OC34CCC(O)C(C)(CCC5C3CC5(C)C)C4)CC=C)CC=C.CC1CCCO1,Application_ds
CCNC(=O)N1CCC(c2cc(-c3ccc4sc(Cc5ccccc5)nc4c3)c3c(N)ncnn23)CC1.CC(OCC)=O,Application_ds
O=C(O)C1N(C(=O)COC2=CC=C3C(=O)C(OC3=C2)=CC=4C=CC=C(OC)C4)CC=5C=CC=CC5C1.O,Application_ds
  COC(=O)c1c(NC(=O)N[C@@H]2c3ccccc3C[C@@H]2O)nn2ccccc12.CC1CCCO1,Application_ds
CP(C)(=O)CCl.CC1CCCO1,Application_ds
CC(C)(C)OC(=O)N1CCC(Nc2cccc3cnccc23)C1.N#CC,Application_ds
O=C(C(O)CO)C1(C)C(C=CC2CC(O)(C)CCC21)C.CC1=CC=CC=C1,Application_ds
COC(=O)c1c(CS(=O)(=O)c2ccccc2)ccc(-c2ccsc2)c1OC.CC1=CC=CC=C1,Application_ds
FC(F)(F)C=1N=C(N=C(C=2C=CC(OCC=3C=CC=CC3Cl)=CC2O)C1C4=CC=C(OC)C(OC)=C4)N.O,Application_ds
O=C(NC(CO)C(O)C=CCCC=CCCCCCCCCC)CCCCCCCCCCCCCCCCCCC.O,Application_ds
  CC(C)c1cc(C(C)C)c(C(NS(=O)(=O)NC(=O)[C@H]2CC2(C)C)c2c(C(C)C)cc(C(C)C)cc2C(C)C)c(C(C)C)c1.CC(C)=O,Application_ds
CCOC(=O)C(Cc1ccc(OCCc2ccc(OC(=O)NCc3ccccc3)cc2)cc1)OCC.O=CN(C)C,Application_ds
COCC1COc2cc3ncnc(Nc4cc(C)cc(C)c4)c3cc2O1.CC(OCC)=O,Application_ds
O=C(C1=CC=C(O)C=C1O)CC2=CC=C(OC(C)C)C=C2.CC1=CC=CC=C1,Application_ds
COC(=O)c1ccc(OCCN(C(=O)C=CCBr)c2cc3ccccc3o2)cc1.CC1=CC=CC=C1,Application_ds
CCOC(=O)C1(NC(=O)c2cccc(C)c2C2=CCCC2)Cc2ccc(F)cc2C1.CCO,Application_ds
CC(c1ccc(Br)cc1)N1CCOCC1.CC1=CC=CC=C1,Application_ds
C[C@@H](N)c1ccc(C(F)(F)F)cc1.CC(OCC)=O,Application_ds
CC1=CC(=O)C2=CC=CC=C2C1=O.CC(OCC)=O,Application_ds
C[C@H]1CN(Cc2ccccc2)C(=O)[C@H](C)N1c1nc2c(C(=O)N[C@@H]3CN4CCC3CC4)cccc2o1.O,Application_ds
O=C(O)c1ccc(Nc2nc(NCc3ccc(O)cc3)nc(OCC(F)(F)F)n2)cc1.N#CC,Application_ds
N=1C(N)=C(C=2NC=3C=CC=CC3C2C1C)C.CC(OCC)=O,Application_ds
Cc1cc(O)ccc1F.O,Application_ds
CCN1C(=O)CCCc2c1ccc(Nc1ncc(Cl)c(Nc3ccccc3-n3cccn3)n1)c2OC.CC(OCC)=O,Application_ds
CN(C(=O)Oc1ccc(S(=O)(=O)NCCC2CCCCC2)cc1)c1ccccc1.O,Application_ds
COc1ccc(CNc2nccs2)cc1.O,Application_ds
CC(C)NN=Cc1ccccc1.N#CC,Application_ds
CCC(=O)N(c1ccccc1)C1(C(=O)O)CCN(Cc2ccccc2)CC1.CC(C)=O,Application_ds
CCN(CC)C(=O)c1ccc(CCCCOS(C)(=O)=O)cc1.CC1=CC=CC=C1,Application_ds
  Cc1ccc(C)n1[C@@H]1CCCC[C@H]1Nc1c(Nc2ccc3ccc4cccc5ccc2c3c45)c(=O)c(=O)c1=O.O,Application_ds
O=C(C1=CC(Br)=C(O)C(Br)=C1)C2=C(C=3C=C(Br)C(O)=C(Br)C3)C(C4=CC(Br)=C(O)C(Br)=C4)=C(C(=O)C5=CC(Br)=C(O)C(Br)=C5)N2CCC6=CC=C(O)C=C6.CC(C)=O,Application_ds
c1ccc(COC[C@H]2O[C@@H](c3ccc4cc[nH]c4c3)[C@H](OCc3ccccc3)[C@@H](OCc3ccccc3)[C@@H]2OCc2ccccc2)cc1.CCO,Application_ds
O=C1C=CC2(ON=C(C(=O)NCCCCNC(=N)N)C2)C=C1Br.CC(OCC)=O,Application_ds
O=C1N2C3NC=4C=CC=CC4C3(C(O)C52SSC1(C(=O)C)N(C5=O)C)C67C=8C=CC=CC8NC7N9C(=O)C%10(SSC9(C(=O)N%10C)C6O)C(=O)C.N#CC,Application_ds
O=C1C=2C=CC=CC2C(O)=C1C=3N=NC(C=4C=C(Br)C=C(Br)C4O)C(C3)C=5C=CC=CC5.CC(OCC)=O,Application_ds
CCN(CC)CCN(C)S(=O)(=O)c1c(Cl)ccc(N)c1O.CC(OCC)=O,Application_ds
O=C(O)C(=C(O)C1(O)C2=CCC3=C2C4C5C(CCCCC6C(=O)C7=C8C(O)(C=C(C3)C4(O)C8(C)C65C)C(C=CC=9C=CC=CC9)C%10C(C(=O)CCC7%10C)(C)C)C1CN=C(N)N)C.N#CC,Application_ds
Nc1ccccc1NC(=O)Nc1ccccc1.CCO,Application_ds
O=C(O)c1cc2sccc2[nH]1.CC(C)=O,Application_ds
CC(C)N1Cc2c(NCc3cc4ccccc4cn3)nc(Cl)nc2C1=O.CO,Application_ds
COCCS(N)(=O)=O.N#CC,Application_ds
COc1c(C)cc(C(=O)c2c(-c3ccc(OCCBr)cc3)oc3ccccc23)cc1C.CCO,Application_ds
Cc1ccc(NC(=O)c2cccc(C(F)(F)F)c2)cc1C(=O)Nc1cnc(Nc2ccc(S(=O)(=O)CCCN3CCCC3)cc2)nc1.O,Application_ds
  O=C(Nc1ccccc1NS(=O)(=O)Nc1nccs1)c1ccccc1.CC(C)=O,Application_ds
CC(C)(CC(=O)O)Cc1ccc(OCCCNc2ccccn2)c(Br)c1.CC1CCCO1,Application_ds
CC(=O)CCCCC[C@H]([NH3+])C(=O)NCCc1c(-c2ccccc2)[nH]c2ccccc12.CO,Application_ds
  CO[C@H](c1ccccc1)[C@H](C)Nc1c(NC(c2ccc3ccccc3c2)c2ccc3ccccc3c2)c(=S)c1=S.N#CC,Application_ds
O=C1NC(=O)N(C(=O)C1=CNN2CCCCC2C=3C=NC=CC3)C.N#CC,Application_ds
NCc1cc2ccc(OCC3CC3)cc2[nH]1.CC1=CC=CC=C1,Application_ds
COC(=O)c1ccccc1S(N)(=O)=O.CC1CCCO1,Application_ds
COc1ccc([N+](=O)[O-])cc1NC(=O)NC(C(=O)Nc1ccc(Br)cc1)c1ccccc1.O=CN(C)C,Application_ds
Brc1ccc(-c2ccccc2)nc1.O=CN(C)C,Application_ds
ClCc1ncccc1OCc1ccccc1.O=CN(C)C,Application_ds
COc1ccc(-c2cn[nH]c2)cc1.CCO,Application_ds
NCCc1ccc(Cl)cc1.N#CC,Application_ds
O=C(N1CCOCC(OC2=CC=C(C=C2)C(F)(F)F)C1)C3CCC3.CCO,Application_ds
O=C1N2C=3C=C(O)C=CC3C=4C=CN=C(C42)CC1.CC1CCCO1,Application_ds
Cc1nc(C(=O)O)c(-c2ccccc2)s1.CO,Application_ds
O=C1C2=C(C=3C=CC=CC3N2C)CC4N(C)CC(=CC)C(C1)C4CO.N#CC,Application_ds
CC(C)c1ccccc1C(=O)Cl.CC(OCC)=O,Application_ds
O=C1C=C2CCC(O)C(C)C2(C)CC1=C(C)C.N#CC,Application_ds
N#Cc1cc([N+](=O)[O-])ccc1Cl.CC1CCCO1,Application_ds
O=c1[nH]c2c(O)ccc([C@@H](O)CNCCCSCCCOCCc3ccccc3)c2s1.O,Application_ds
CCCC[Sn](CCCC)(CCCC)c1cnn(C(C)C)c1.CC(OCC)=O,Application_ds
O=c1[nH]c2ncc(-c3cn(S(=O)(=O)c4ccccc4)c4cc(F)ccc34)cc2o1.CO,Application_ds
  CCN(CCNc1c(Nc2nc(C)cc(-c3ccccc3)n2)c(=S)c1=S)c1ccc(/N=N/c2ccc([N+](=O)[O-])cc2)cc1.CC1CCCO1,Application_ds
CC(C)C(Cl)=C(C#N)C#N.CC(C)=O,Application_ds
O=C1C(NCC(O)C)=C2C3C(C=CC(C=4C=CC(N)NC4)CC53CC(O)C(O)CC15)CC6(C)C(CCC26O)C(O)(C)C7(O)CCCCC8C7OCC8C.CC(OCC)=O,Application_ds
c1cnc(N2CCOCC2)cn1.CC(C)=O,Application_ds
NC(=S)Nc1ccc(Br)nc1.CC(OCC)=O,Application_ds
OC1OC(C2=CC=C(OC)C(OC)=C21)C3C4=C(OC)C=5OCOC5C=C4CCN3C.CC(C)=O,Application_ds
  COc1ccc(OC)c(NC(=O)NCCC(C)C)c1.CC1=CC=CC=C1,Application_ds
O=C(NC(CO)C(O)C(O)CCCCCCCCCCCCCC)C(O)CCCCCCCCCCCCCCCCCCCCCCC.N#CC,Application_ds
Cc1onc(-c2ccccc2)c1-c1cn(-c2ccccc2C(=O)NC2CCC2)cn1.O=CN(C)C,Application_ds
Brc1ccc(CCOCc2ccccc2)cc1.CCO,Application_ds
CCCOc1cc(F)cc(CC(N)C(O)[C@H]2CO[C@@H](OCC(C)(C)C)[C@H](C)N2C(=O)OC(C)(C)C)c1.O=CN(C)C,Application_ds
Nc1nnn[nH]1.CCO,Application_ds
COC(=O)c1ccc(C)c(-n2cc(Br)nc(NC3(c4ccccc4OCc4ccccc4)CCC3)c2=O)c1.CCO,Application_ds
CC(C)(C)c1cc(C=C(C#N)C(=O)OC2CCC(C(C)(C)C)CC2)cc(C(C)(C)C)c1O.CC(C)=O,Application_ds
O=C1C=2C(OC)=C(OC)C=CC2C3=NC=CC=4C=5C=C(OC(C(=O)NCC=6C=NC=CC6)C)C=CC5N1C34.CC1=CC=CC=C1,Application_ds
Cc1cc(C2CCCN2C)ccc1-c1ccc(C=O)cc1.O,Application_ds
O=S(=O)(c1ccc(B(O)O)cc1)C1CC1.CO,Application_ds
CNC(=O)[C@H](CC(C)C)NC(=O)c1ccc(C2CC2)c(OCC2CCCO2)n1.CC(C)=O,Application_ds
Cc1cc(C)nc(N2CC3CN(C(=O)c4ccccc4-c4cccs4)CC3C2)n1.CC(C)=O,Application_ds
CCOC(=O)c1c(C)nn(C2CCCCC2)c1C.O=CN(C)C,Application_ds
OCC1OC(OC2C(O)C(OC3OC(CN)C(O)C(O)C3N)C(N)CC2N)C(O)C(O)C1O.CC(C)=O,Application_ds
COC(=O)c1cc([N+](=O)[O-])ccc1OC(c1ccccc1)c1ccc(Cl)cc1Cl.CC1=CC=CC=C1,Application_ds
O=C1C2=CC=C(O)C(OC)=C2C(=O)C3=C(OC)C=4OCOC4C=C13.CC1=CC=CC=C1,Application_ds
c1ccc(OCCC2CCNCC2)cc1.CCO,Application_ds
CCCCC(=O)NC1CCN(CCNC(=O)c2nn(C(C)C)c3ccccc23)CC1.O,Application_ds
Cc1cc(NCc2ccc3oc(-c4ccccc4C#N)c(Br)c3c2)n2nccc2n1.CC(C)=O,Application_ds
Cc1onc(-c2ccccc2)c1CBr.CO,Application_ds
COC(=O)[C@H](CC(C)C)NC(=O)Nc1n[nH]c(=S)s1.CC(OCC)=O,Application_ds
O=C(O)c1cccc(S(F)(F)(F)(F)F)c1.CC(OCC)=O,Application_ds
O=CC1=CC=C(OCOC)C(OCOC)=C1.CC1CCCO1,Application_ds
O=C(OC1CC(OC(=O)C)(C(=O)NC(C(=O)OC)CCSC)CC(OC(=O)C)C1OC(=O)C)C.CC(OCC)=O,Application_ds
CC[Si](CC)(CC)c1cc(Br)nc(C(=O)C(F)F)c1F.CC1=CC=CC=C1,Application_ds
COC(=O)[C@@H](CI)C(=O)OC(C)(C)C.CCO,Application_ds
O=C(NC(NC(=S)Nc1cccnc1)C(Cl)(Cl)Cl)c1ccc(Cl)cc1.CC1=CC=CC=C1,Application_ds
O=S(=O)(O)OCCC=CCC=CCC=C.CC(C)=O,Application_ds
CC(CSC(F)(F)F)C(=O)O.O=CN(C)C,Application_ds
CC(C)(C)OC(=O)Nc1cccc(Cl)n1.O=CN(C)C,Application_ds
O=C1NC=2C(Cl)=CC=CC2C13N4CCCC4C(C(=O)C=5OC=CC5)C63C(=O)NC=7C=CC=CC76.CC(OCC)=O,Application_ds
  C=CCOC(=O)N[C@@H]1CCCC[C@@H]1Nc1c(Nc2ccccc2C#CC(=O)OCC)c1=O.O,Application_ds
O=C1OC=2C=C(OCC(=O)N(C)C3CCS(=O)(=O)C3)C=CC2C=C1.N#CC,Application_ds
  Cc1cc(CNS(=O)(=O)Nc2cc(Cl)c(OC(F)(F)[C@@H](F)C(F)(F)F)cc2Cl)cc(C(=O)c2ccccc2)c1.CC1CCCO1,Application_ds
O=C(Oc1ccc(Cl)cc1)N1CCCc2cc(OCCCCCBr)ccc21.N#CC,Application_ds
COC(=O)C(C)Oc1cc(C)ccc1COc1ccc(N=C=S)c(F)c1.O=CN(C)C,Application_ds
NC1=C(Cl)C(=O)C2=C(C=CC=C2)C1=O.CC(C)=O,Application_ds
Cc1cc(Cl)c2cccc(O)c2n1.CC1CCCO1,Application_ds
  CN(CNc1c(N[C@@H]2CCc3ccccc32)c(=S)c1=S)[N+](=O)[O-].O,Application_ds
O=C1OC2=C(C=CC(OCC(=O)C=3C=CC=CC3)=C2C)C(=C1)C=4C=CC(OC)=CC4.CC(OCC)=O,Application_ds
C=CC(=O)N1CCN(C)CC1.O,Application_ds
Cc1cccc(COc2cccc(O)c2)c1OCC#N.CC(OCC)=O,Application_ds
C[C@H](N)CNc1ccc(OC(F)(F)F)cc1.CC(OCC)=O,Application_ds
CCOC(=O)c1cn2c3c(c(Br)c(F)c(F)c3c1=O)OC[C@@H]2C.CC1CCCO1,Application_ds
C=CCOC1CN(C(=O)OC(C)(C)C)CCC1=O.CC(OCC)=O,Application_ds
O=c1c(Cc2cncnc2)cn2c3c(cc(O)cc13)Sc1ccc(Br)cc1-2.CO,Application_ds
  Fc1nc(F)c(F)c(Nc2c(Nc3ccc(Br)cc3)c(=S)c2=S)c1F.CC(C)=O,Application_ds
CC[C@H](C)n1cc(C(=O)NCc2ccc(S(C)(=O)=O)cn2)c(=O)c(Br)c1C.CC1=CC=CC=C1,Application_ds
O=C(O)CC1(CC(=O)NCC2N3CCC(C2)C(C3)CC)CCCC1.O,Application_ds
  Cn1ccnc1CNc1c(Nc2c(Cl)c(Cl)cc(Cl)c2Cl)c1=O.O,Application_ds
O=C(NC)C(N1CCCC1C(=O)N2CCN(C)CC2)CC=3C=CC=CC3.O,Application_ds
O=C(OCC)C=1C=2C(=CC=C(OC)C2[NH+]([O-])O)N(C1C)C.CC(OCC)=O,Application_ds
  N#CC1=C(N)S[C@H](C(=O)NC(=O)NC(=O)C(Cl)(Cl)Cl)[C@H]1c1ccc(Cl)cc1.N#CC,Application_ds
O=CC1CC2SSCC3=CCC(OC(=O)C(=CC)C)(C)C4(OC5=CC=6OC(=O)C(=CC6C=C5C4)C7(CCCC7)C(CO)CCCO)C3C8=CC(=NC=C8CC(=O)N9CC(C1NC)C92)N.O,Application_ds
Cc1cc(I)cc2c(=O)oc(=O)[nH]c12.O=CN(C)C,Application_ds
CO[C@@H]1[C@H](O)[C@@H](CO)O[C@H]1n1ccc(=O)[nH]c1=O.O=CN(C)C,Application_ds
CC(NC(c1ccc(Cl)cc1)c1cccc([N+](=O)[O-])c1)c1cc(F)cc(F)c1.O=CN(C)C,Application_ds
OCC1=C2CC(C)(CO)CC2C(C)C(O)CC1CO.CC(C)=O,Application_ds
O=[N+]([O-])c1cccc2[nH]c(Cl)nc12.CCO,Application_ds
COC(=O)COc1ccc(CCC(C)=O)cc1.CC1CCCO1,Application_ds
CC(C)c1ccc(CCN)cc1.CO,Application_ds
C[N+]1(Cc2ccccc2)CCN(c2nc3ccccc3o2)CC1.CCO,Application_ds
COc1ccc(OC(F)(F)F)c(B2OC(C)(C)C(C)(C)O2)c1.CC(OCC)=O,Application_ds
O=C(OCC(O)COC(=O)C1C(=CCC2C(C)(C)CCCC12C)C)C.CCO,Application_ds
OC1=CC=C2C(=C1)CCC3C2CCC4(C)C(CCC34)C(C)CCC(=C)C(C)C.CC(OCC)=O,Application_ds
OCC=CC1=CC=C(OC2OC(CO)C(O)C(O)C2O)C(OC)=C1.CC(OCC)=O,Application_ds
CC(C)(C)OC(=O)N1CCNCC1c1ccccc1.O=CN(C)C,Application_ds
COc1ccc2c(c1)c(CC(C)CC(N)=O)c(C)n2Cc1ccc(Br)cc1.CCO,Application_ds
CCOC(=O)c1cn(CC)c2nc(N3CCN(CCO)CC3)ncc2c1=O.O,Application_ds
O=C(OC1C(=O)OC(C(O)C(=O)OC)C1O)C2=CC(O)=C(O)C(O)=C2.CC1CCCO1,Application_ds
Nc1ccc(O)cc1Cl.CC1=CC=CC=C1,Application_ds
CCc1ccc(-c2cc(C(=O)N3C[C@H](CC(C)C)NC(=O)[C@@H]3CC(C)C)no2)cc1.CC1CCCO1,Application_ds
Cc1ccc(C2c3c(C)c(Br)c(C)c(C)c3OC2(C)C)cc1.O=CN(C)C,Application_ds
O=C1OC=2C(=CC=C(O)C2CN3CCCC3)C=C1C=4C=CC(OC)=CC4.N#CC,Application_ds
O=C(OC)C(NC(=O)C=1C=C(N=C2C=CC(=CC21)C(C)C)C3=CN=CC=C3)C.O,Application_ds
Cn1c(Br)nc(Cl)c1Cl.CC(OCC)=O,Application_ds
O=C(NC=1C=CC=CC1)NC2=CC=C(C=C2)C3OCC(=O)N(CC=4SC=NC4C)C3CO.CC1=CC=CC=C1,Application_ds
O=C(Cc1cc(F)cc(F)c1)N[C@@H](Cc1cc2ccccc2[nH]1)C(=O)O.CC(OCC)=O,Application_ds
Cc1nc(CCc2c(-c3ccc(F)cn3)noc2C)sc1C(=O)O.CC(C)=O,Application_ds
CCOC(=O)c1cc(C(C)(C)C)nn1Cc1ccc(C(F)(F)F)cc1Cl.O=CN(C)C,Application_ds
CON(C)C(=O)c1cccc(Br)c1.O=CN(C)C,Application_ds
O=C1OC(C(OC)=C1C)=C2OC3CCCN4C=CC=C4C3C2C.CC(C)=O,Application_ds
C[C@H]1CN(S(=O)(=O)c2ccc(C(F)(F)F)cc2)CCN1C(=O)c1ccc(C#N)nc1.CC1=CC=CC=C1,Application_ds
O=C1C=CC2(O)C(=O)C1(C)C(C3=CC=C(O)C=C3)CC2.CC(C)=O,Application_ds
CN1CCN(C(=O)c2cccc(B3OC(C)(C)C(C)(C)O3)c2)CC1.CC1CCCO1,Application_ds
Cc1cnc(N[C@@H]2CC[C@H](NC(=O)c3ccc(F)c(Cl)c3)CC2)cc1N1CCOCC1.N#CC,Application_ds
O=C1NCCc2cc(Cl)c(Cl)cc21.O,Application_ds
CCOC(=O)Nc1ccccc1OC(F)(F)F.O,Application_ds
O=CNc1ccccc1.CO,Application_ds
CC(C)CCC(CC(O)C(Cc1ccccc1)NC(=O)c1cnc2ccccc2n1)S(=O)(=O)c1ccccc1.O=CN(C)C,Application_ds
S1SC(SC1)CC(C)C.O,Application_ds
O=S(=O)(Cl)c1cccc(-c2ccccc2)c1.CO,Application_ds
O=C1C=2C=C(C=3OC(C=CC3C2OC(C4=CC=C(OC)C(OC)=C4)C1)(C)C)CC=C(C)C.CO,Application_ds
O=C(C1=CC=C(C=C1)N(C)C)N2CCN(C(=O)C3=CC=C(C=C3)N(C)C)C(C(=O)NC4C(=O)NCCC4)C2.CCO,Application_ds
CCOC(=O)c1sc(N2CCOCC2)nc1C.O,Application_ds
OCC=C1CN2C3CC45C(=NC=6C(OC)=CC(OC)=CC64)OCC3C1CC25.O=CN(C)C,Application_ds
COC(=O)Cc1ccccc1OCC(C)=O.O,Application_ds
CC(C)c1ccc(C(=O)O)cc1.CC1=CC=CC=C1,Application_ds
Nc1ccc(Cl)cc1N1CCN(CCC(F)(F)F)CC1.CC(OCC)=O,Application_ds
C[C@]1(CS(=O)(=O)Cl)NC(=O)NC1=O.CCO,Application_ds
COC(=O)c1cc(O)cc([N+](=O)[O-])c1.CCO,Application_ds
  CCCCc1cc2cc(C(F)(F)F)cc(NC(=S)Nc3cccc4c(OCC(C)C)cc(C(=O)NCc5c(F)c(F)c(F)c(F)c5F)nc34)c2[nH]1.O,Application_ds
CN1CCC(NC(=O)[C@@H]2CC[C@H](NC(=O)c3ccc(-c4cccc(F)c4)nc3)C2)CC1.CO,Application_ds
O=C1CCC2(C)C3CCC4(C)C(CCC4(C)C3CCC2C1(C)C)C(O)(C)CCC=C(C)C.CC1CCCO1,Application_ds
OC=1C=C(O)C=C(C=CC2=CC=C(O)C(OC3OC(CO)C(O)C(O)C3O)=C2)C1.CO,Application_ds
O=C(OC1C(OC(OC2C3OC(CO)C(O)C2OC4OC(COC5OC(CO)C(O)C(O)C5OC(=O)CCCCCCCCCC(OC6OC(C)C(O)C(O)C6O3)CCCCC)C(OC(=O)C(C)CC)C(OC(=O)C(C)CC)C4O)C(O)C1OC(=O)C(C)C(O)C)C)C(=CC)C.O,Application_ds
Nc1ncccc1Br.CC(C)=O,Application_ds
COc1ncc(-c2cc(-c3nnc(CN4C[C@H](C)O[C@H](C)C4)o3)c3cnn(S(=O)(=O)c4ccccc4)c3c2)cc1N.CC(C)=O,Application_ds
OC1=CC=C2OC(=CC(=NC3=CC=C(OC)C=C3)C2=C1)C=4C=CC(OC)=CC4.CC1CCCO1,Application_ds
O=C(O)c1c(Cl)ccc(Cl)c1Cl.N#CC,Application_ds
O=C(O)c1ccc(Br)cc1NC1(Cc2cccc(Cl)c2)C(=O)Nc2cc(Cl)ccc21.CC(OCC)=O,Application_ds
FC=1C=CC(=CC1)C=2ON=C(C2)CC3(NCC=4OC(=CC4)C)COC3.CC(OCC)=O,Application_ds
  CCOC(=O)CNC(=S)NCCCn1ccnc1.CC1CCCO1,Application_ds
CC(Br)c1nc2ccc(F)cc2nc1Cl.CO,Application_ds
O=C(OC)CCCC=CCCC=CCCCCCCCCCC=CCCCCCC.CC1CCCO1,Application_ds
CC1(O)CCN(Cc2ccc(CCn3ccc(OCc4ccccn4)cc3=O)cc2)CC1.CCO,Application_ds
O=C1C(OC2=CC(OCC(=O)C)=CC=C21)=CC3=CN(C=4C=CC(OC)=CC34)C.N#CC,Application_ds
CCCC(CCC)C(=O)NC(=O)[C@@H](N)CC(C)C.O=CN(C)C,Application_ds
OB(O)c1ccc(N2CCOCC2)cc1.CC1=CC=CC=C1,Application_ds
CC(C)Sc1ccccc1N.CCO,Application_ds
  CC(C)[Si](OCCNC(=O)NCC(N)=O)(C(C)C)C(C)C.N#CC,Application_ds
CNC(=O)C1=CN(N=C1)C1=NC2=C(N=CN2[C@@H]2O[C@H](CO)[C@@H](O)[C@H]2O)C(N)=N1.N#CC,Application_ds
Cc1ccc(=O)n(-c2cccc(C(F)(F)F)c2)c1.CCO,Application_ds
OCC1COC2(OC3CC4C5CC=C6CC(OC7OCC(O)(COC8OC(C)C(O)C(O)C8O)C7OC9OC(C)C(O)C(O)C9O)CCC6(C)C5CCC4(C)C3C2C)CC1.CC1=CC=CC=C1,Application_ds
CC1CCN(C(=O)n2c(=O)oc3cc(Br)cnc32)CC1.O,Application_ds
O=C1OC(=CCCc2ccccc2)C(=O)N1CCCCSc1cccc2nccn12.CC(C)=O,Application_ds
CCOc1cc(N2CCC(N(CC)C(=O)OCc3ccccc3)CC2)ccc1-c1nc2c(C)nn(C3CCCCC3)c2c(=O)[nH]1.CCO,Application_ds
CS(=O)(=O)Nc1cccc(Nc2ncc(-c3ccc4cnccc4c3)o2)c1.O,Application_ds
CCCC[Sn](CCCC)(CCCC)CCCC.CC(C)=O,Application_ds
CN1CCN(CCOc2ccc(Br)c(Cl)c2Cl)CC1.O=CN(C)C,Application_ds
O=COC1=CC=CC(N)=C1C.CC1=CC=CC=C1,Application_ds
O=[N+]([O-])c1c(C(O)c2ccc(F)c(F)c2)ccc2cccnc12.O=CN(C)C,Application_ds
COc1cc2nccc(Oc3ccc(C)cc3C(=O)C3CCCC3)c2cc1OC.CC1CCCO1,Application_ds
O=C(OCCC)C1=CC=C(OC2=COC=3C(=CC=C(O)C3CN4CCOCC4)C2=O)C=C1.O=CN(C)C,Application_ds
[O-][n+]1ccc2c(-c3ccc(F)cc3)cccc2c1.O,Application_ds
O=C(O)CCNC(=O)OCc1ccccc1.O=CN(C)C,Application_ds
Fc1ccc2c(c1)OCC21CCNCC1.CC1CCCO1,Application_ds
CSc1nc(Cl)c([N+](=O)[O-])c(Oc2cc(C#N)ccc2OCc2ccccc2)n1.CC(OCC)=O,Application_ds
Cc1c(-c2ccnn2-c2ccc(C#N)cc2)cc(C(=O)NCCCCN2CCCC2)c(=O)n1-c1cccc(C(F)(F)F)c1.CC1=CC=CC=C1,Application_ds
COc1ccc2ccc(OS(=O)(=O)C(F)(F)F)cc2c1.O=CN(C)C,Application_ds
O=C1C=C(OC=2C=C(C(=CC12)C)C)C=3C=CC=4OCCOC4C3.CO,Application_ds
CC(=O)NCC(C)(C)S(=O)(=O)c1ccc2c(c1)nc(CC(C)(C)C)n2CC1CC1.CC(OCC)=O,Application_ds
COc1nc(C)cnc1NS(=O)(=O)c1cccc(Cl)c1C.CC(OCC)=O,Application_ds
COc1ccc(C(=O)O)c(OC)c1OC.CCO,Application_ds
CCc1nc(NCC(C)O)c2c(n1)c(C)nn2C.O=CN(C)C,Application_ds
CN(C)CCOC(C1=CC=CC=C1)C1=CC=CC=C1C.CC1CCCO1,Application_ds
COC(=O)c1cc2cc[nH]c(=O)c2c2cc(-c3cccc(C=O)c3)ccc12.CC1=CC=CC=C1,Application_ds
O=C(CC(=O)C1C=CC=2N=C[CH-]C2C1CCCCC=3C=CC=C(O)C3)CCC4=CC=C(O)C(OC5CCCC5)=C4.CC(OCC)=O,Application_ds
O=C(O)CCCC(=O)c1ccc(F)cc1.CC1CCCO1,Application_ds
O=C(O)C1=C(O)C=C(OC(=O)C2=C(O)C=C(OC)C=C2CCC(=O)CC)C=C1CCCCC.O,Application_ds
O=S(OC1=C(CCCC)C(C)=NC(NCC)=N1)(N(C)C)=O.CC1=CC=CC=C1,Application_ds
C1=C2CC(NC)CCC2(C)C3CCC45CN(C)CC5CCC4C3(C)C1.N#CC,Application_ds
COc1ccc(C(=O)Nc2cnc3c(c2)CN(Cc2ccccc2)CC3)cc1Br.CCO,Application_ds
OC12C(=C(C)CCCC1(C)C)CCC(C)C2OC.CC1CCCO1,Application_ds
O=C1OCC2OC(O)C(OC(=O)C3=CC(O)=C(O)C(O)=C3OC=4C=C5C(=O)OCC6OC(O)C(O)C(OC(=O)C7=CC(O)=C(O)C(O)=C7)C6OC(=O)C8=CC(O)=C(O)C(O)=C8C5=C(O)C4O)C(OC(=O)C9=CC(O)=C(O)C(O)=C9)C2OC(=O)C%10=CC(O)=C(O)C(O)=C%10C%11=C(O)C(O)=C(O)C=C1%11.O=CN(C)C,Application_ds
COc1ccc(C(=O)N2CCCC2=O)cc1.CC1=CC=CC=C1,Application_ds
O=CC1C(=CCC2C3(C)CCC4C(C)(C)CCCC4(COC(=O)C)C3CC(OC(=O)C)C12C)C(=O)C.N#CC,Application_ds
CCOC(=O)c1cccnc1NOCc1ccccc1.N#CC,Application_ds
O=C(OCC)N1CCN(CC1)CC2C(=O)OC3CC4(C(=C(C)CCC4)CC32)C.O=CN(C)C,Application_ds
COC(=O)[C@H](C)NC(=O)C(CSC(C)=O)Cc1ccccc1.N#CC,Application_ds
CCOC(=O)N1CCC(=O)C(OC)C1.O,Application_ds
Nc1cccnn1.CO,Application_ds
O=C(NC1CC(CN2N=NC(=C2)CN3CCS(=O)(=O)CC3)C(O)C1O)C4=NOC(=C4)C.O=CN(C)C,Application_ds
CC(C)(C)C(=O)OC1=C(c2ccccc2C(F)(F)F)S(=O)(=O)Cc2cccnc21.O,Application_ds
O=Cc1cn(S(=O)(=O)c2ccccc2)c2ncccc12.CCO,Application_ds
OC1CCC2(C)C3CCC4(C)C(CCC4(C)C3CCC2C1(C)C)C(C)CCC=C(C)C.CC(OCC)=O,Application_ds
Cc1nc(Cl)c(F)c(N2CCN3CCOC[C@@H]3C2)n1.CC1=CC=CC=C1,Application_ds
O=C1OCC(C1)C2CCC3(C4=CCC5C(C)(C)C(O)CCC5(C)C4CCC23C)C.CC(C)=O,Application_ds
O=C(OC1C(=O)OC2CC3C(=CC(=O)C(O)C3(C)C4C(O)C(O)C5(OCC24C15)C)C)C=C(C)C.CC(OCC)=O,Application_ds
O=C1C(OC)=C(OC)NC(=C1C)CC=C(C)CC=CC(=CC(C)C(O)C(=CCC)C)C.N#CC,Application_ds
O=C(OCC(Cl)C#CC=1SC(C#CC#CC)=CC1)CC(C)C.CC1=CC=CC=C1,Application_ds
N#Cc1ccc(Oc2cc(N)cc(Oc3ccc(C#N)cc3)c2)cc1.CCO,Application_ds
  Cc1ccc(-n2nc(C(C)(C)C)cc2Nc2c(NCCCP(C)(C)=O)c2=O)cc1.CO,Application_ds
CN(c1cc(OC(F)(F)F)cc2cc(C(=O)O)[nH]c12)S(=O)(=O)c1cccs1.CC(OCC)=O,Application_ds
Cc1cc(O)ccc1N.CCO,Application_ds
CC(C)Oc1ccc(CCC(=O)Cl)cc1.N#CC,Application_ds
O=C1C=C(C)C(O)CC1C(C)CC=CC(OO)(C)C.CO,Application_ds
CC(c1ccc(-c2ccccc2)c(F)c1)c1csc(N)n1.CC(OCC)=O,Application_ds
Cc1c(F)c(F)c(F)c(F)[n+]1[O-].CC1=CC=CC=C1,Application_ds
CCO[Si](OCC)(OCC)C(C)Br.CC(C)=O,Application_ds
CCc1c(F)cccc1N1CCNCC1.CC(OCC)=O,Application_ds
O=C(O)c1ccc(-c2cc3ccc(O)cc3cc2O)cc1.CC(C)=O,Application_ds
O=C1OC=2C3=C(Br)C(O)=C(Br)C2C(C(=C)C)CCC(=CCCC41OC4C3)CO.CC1CCCO1,Application_ds
CC(=O)SCC(=O)NCCCCCNC(=O)Nc1ccccc1.N#CC,Application_ds
O=C(OCC(COC(=O)C)CCN1C=NC2=CNC(=N)N=C21)C.CC1CCCO1,Application_ds
O=C(NC=1C=CC=CC1OC)C(C(F)(F)F)(C(F)(F)F)C(F)(F)F.CC(OCC)=O,Application_ds
Nc1ccc2[nH]ncc2c1.CC(C)=O,Application_ds
CCCN(CCC)CCc1ccc2c(c1)N(S(=O)(=O)c1cccc3ccccc13)CCO2.CCO,Application_ds
Nc1cnn(-c2ccccc2)c(=O)c1Cl.CC1CCCO1,Application_ds
COc1cc2c(Cl)ncnc2cc1OCCCN1CCN(C)CC1.CC1CCCO1,Application_ds
COC(=O)[C@H](N)Cc1ccccn1.CC1=CC=CC=C1,Application_ds
CCOC(=O)C1=C2CN(C)C(=O)C3=C(C=CC(F)=C3)N2C=N1.CO,Application_ds
  C=C[C@H]1CN2CC[C@H]1C[C@@H]2[C@H](Nc1c(NC(=O)c2ccc3ccccc3c2)c1=O)c1ccnc2ccc(OC)cc12.CC(OCC)=O,Application_ds
COc1cc(Cl)ccc1C#CCCO.CC1=CC=CC=C1,Application_ds
CC(C)=CCCC(C)=CCCC(C)=CCCC(C)=CC(=O)n1ccnc1.CC1=CC=CC=C1,Application_ds
CC1(C)C[C@@]2(N=C(N)OCC2(F)F)c2cc(NC(=O)c3ccc(C#N)cn3)ccc2O1.N#CC,Application_ds
Cc1[nH]cnc1C=O.CCO,Application_ds
O=C1C2=C(OC(C)C1)OC3(C)CCC4(O)C(C(=O)C5OC5C4(C)C)(C)C3C2.CCO,Application_ds
O=C1OC(C)(C)C(C(=O)NC=2C=CC=3N=CN(C(=O)C3C2)C(C)C)C1.CC(C)=O,Application_ds
O=CC1OC(=O)C2=CC(O)=C(O)C(O)=C2C3=C(O)C(O)=C(O)C=C3C(=O)OC1C4OC(=O)C5=CC(O)=C(O)C(O)=C5C6=C(O)C(O)=C(O)C=C6C(=O)OCC4OC(=O)C7=CC(O)=C(O)C(O)=C7.CO,Application_ds
CN(C)CCCC1c2ccccc2CCc2cc(O)ccc21.CO,Application_ds
O=C(O)C(NC(=O)C(C)CC)CC1=CNC=2C=CC=CC21.CC1CCCO1,Application_ds
N=1C=CC=2C=3C=CC=CC3NC2C1CCC(C)C.CC1CCCO1,Application_ds
COc1ccc(I)c(Sc2nc3c(N)ncnc3[nH]2)c1.CC1=CC=CC=C1,Application_ds
COCCCNC(=O)c1ccc(Cn2c(=O)c3ccccc3n(Cc3ccc(Br)cc3)c2=O)cc1.CC1CCCO1,Application_ds
COCCCN1C(=O)C(C)(C)c2ccc(CBr)cc21.CCO,Application_ds
O=C1N2CC=3NC=4C=CC=CC4C3CC2C(=O)N(CC=5C=CC=CC5)C1.CC(OCC)=O,Application_ds
OC1C2=CC(OC)=C(OC)C=C2C34C(=CCN3C1)CCC(OC)C4.O=CN(C)C,Application_ds
O=C1C=C(OCC=C)C(C=2C=C3C(C(O)=CC(=C3CC=C(C)C)C)=C(O)C12)(CC=C(C)C)CC=C(C)C.O,Application_ds
O=C1NCC(N2CC(NCC=3OC(=CC3)CO)CC12)CCC(=O)N4CCN(C)CC4.CC(C)=O,Application_ds
NC(=O)c1cccc(C=O)n1.CCO,Application_ds
Cc1cccc2c(=O)[nH]c(N3CCN[C@H](CO)C3)cc12.CC1CCCO1,Application_ds
CC(N)C(Cc1ccc(Cl)cc1)c1ccc(Cl)cc1.CC(OCC)=O,Application_ds
Cc1ccccc1-c1ncnc(-c2ccccc2)c1C.CC(C)=O,Application_ds
CCc1ccc(-c2c(-c3ccccc3)oc3ncnc(OC(C)CCCCC(=O)OC)c23)cc1.CCO,Application_ds
O=C(NC1=CC=C2N(C1=O)CC3CN(C(=O)CC(C)(C)C)CC2C3)NC(C)C.O=CN(C)C,Application_ds
CCS(=O)(=O)N1CC=C(c2cnc(N)c(-c3nc4cc(C)ccc4[nH]3)n2)CC1.CC(OCC)=O,Application_ds
Nc1cc(Cl)ccn1.CC1CCCO1,Application_ds
Cc1nc(N)c(C#C[Si](C)(C)C)nc1Br.CC1=CC=CC=C1,Application_ds
O=C(OC1C=C2C(OC)OC(OC)C3CCC4C(C)(C)C1CC234)C(=CC)C.CCO,Application_ds
  O=C(CC(=O)c1ccccc1C#Cc1ccccc1Nc1c(N[C@H](Cc2ccccc2)C(=O)O)c(=S)c1=S)c1ccccc1.CC(C)=O,Application_ds
N1=C(SC=2C=CC=CC12)SCC=3C=CC=C(C3)C.N#CC,Application_ds
O=C(O)C(=C)C1CCC2(O)C=CC(=O)C(C)C2(C)C1.CC1CCCO1,Application_ds
CC(C)(C)OC(=O)NNC(=O)Cc1ccc(C#Cc2csc(C3CCN(C(=O)OC(C)(C)C)CC3)n2)cc1.CO,Application_ds
CCCNC(=O)C1(CCCCN2CCN(c3nc4ccccc4n3C)CC2)c2ccccc2-c2ccccc21.CO,Application_ds
Nc1cc(C(F)(F)F)cc(C(F)(F)F)c1.N#CC,Application_ds
CC(C)(C)OC(=O)Nc1ccc(N2CCC[C@@H](C(=O)N3CCCC3)C2)nc1N.O=CN(C)C,Application_ds
CCCc1nn(C)c2c(=O)n(CCCNc3ccc(SC(C)(C)C(=O)OCC)cc3)c(C)nc12.CC1CCCO1,Application_ds
CC(=O)NCc1ccccn1.CCO,Application_ds
COC(=O)c1ccc(OC)c2occc12.N#CC,Application_ds
O=CC12CC34CCC5CC(C6=CC=CC(=C6)C7(C=8C=CC=C(C8)CC9CCC%10(C#CC%11=CC=CC(=C%11CC(NC)C%12CC%13CC%14(O)C(O)(C(O)C%15CC%16C(C=CCC%16C%17CCCC%17)CC(C3O)C%151O)C2CCC%14(C%10)C%13C%18=CC(=O)OC%18%12)CO)C9)CCCC7)CCC54.CC(OCC)=O,Application_ds
CCOCCn1c(N2CCCN(CCC3(Cc4ccc(F)cc4)CCN(Cc4cc(OC)c(OC)c(OC)c4)C3=O)CC2)nc2ccccc21.CO,Application_ds
Cc1cc(-c2cnn(CC(C)(C)O)c2)cc(C)c1Br.CO,Application_ds
  CCO[Si](CCCNC(=S)N[C@@H](CC(C)C)C(=O)OC)(OCC)OCC.CC(C)=O,Application_ds
CCOC(=O)c1ccc(-c2cc(C)c(OCCOS(C)(=O)=O)c(C)c2)cc1.CC1=CC=CC=C1,Application_ds
O=C(OCC12C(=O)CC3(C(=CC(O)C4C5(C)CCC(OC(=O)C)C(C)(C)C5CCC43C)C2CC(C)(C)CC1)C)C.CCO,Application_ds
N#Cc1ccc(-n2c(C(=O)N3CCC3)nc3cccnc32)cc1F.O=CN(C)C,Application_ds
Cn1cncc1C(O)(c1ccc(Cl)nc1)c1ccc2c(c1)c(-c1cccc(Cl)c1)cc(=O)n2CC1CC1.CC(OCC)=O,Application_ds
O=C1C2=CC=C3OC(C)(C)CCC3=C2OC4COC5=CC=6OCOC6C=C5C14O.O=CN(C)C,Application_ds
NC1(C(=O)NC2(c3ncc(I)cn3)CC2)CC1.CC(C)=O,Application_ds
O=C(O)c1cccc(SCc2cnccn2)c1.CO,Application_ds
CCOc1cc(Cc2cnc(N)nc2N)cc(O)c1-c1ccc(OC)cc1.CC(C)=O,Application_ds
  Cc1cnc(NC(=S)N[C@H](C)c2nc3ccc(F)cc3s2)s1.CC(C)=O,Application_ds
O=S(=O)(Nc1nc(-c2ccccc2)cs1)c1ccc(-c2ccccc2)cc1.N#CC,Application_ds
Fc1ccc(/C=C/c2nc(CCl)co2)c(F)c1.O=CN(C)C,Application_ds
CCOC(=O)N[C@H]1CCc2c(S(=O)(=O)Nc3ccccc3)ccc(OC)c2C1.CC1=CC=CC=C1,Application_ds
O=C(NCCc1cccs1)c1cc(Cl)ccc1Cl.N#CC,Application_ds
CSc1nccc(C#CCC(C)C)n1.N#CC,Application_ds
CCCCCCCCCCCCCCCCCCCCCC(=O)O.O=CN(C)C,Application_ds
C[C@@H](Oc1cc(-n2cnc3cc(-c4ccnc(F)c4)ccc32)sc1C(N)=O)c1ccccc1Cl.CCO,Application_ds
NS(=O)(=O)c1ccc(N[C@H](CCN2CCOCC2)CSc2ccccc2)c(S(=O)(=O)C(F)(F)F)c1.CCO,Application_ds
O=C(NCCN1CCOCC1)C2=CC=C(OC3=COC4=CC(OC)=CC=C4C3=O)C=C2.CC(OCC)=O,Application_ds
CCCCCCCC(=O)OC1=C(OCC(O)CO)C(=O)O[C@@H]1[C@@H](O)CO.CC(C)=O,Application_ds
O=CC12CCC(OC3OC(C)C(OC4OC(CO)C(O)C(O)C4O)C(OC)C3O)CC2(O)CCC5C1CCC6(C)C(C7=CC(=O)CC7)CCC56O.O=CN(C)C,Application_ds
C#C[C@H]1O[C@@H](n2cnc3c(Cl)ncnc32)[C@H](OC(C)=O)[C@@H]1OC(C)=O.CC1=CC=CC=C1,Application_ds
O=C1NC(C(=O)NC1=CC2=CN=CN2)C(C)CC.O=CN(C)C,Application_ds
O=C1OC=2C=C(OCC3=CC=C(F)C=C3)C=CC2C(=C1CCC(=O)O)C.CC(C)=O,Application_ds
CC(=O)SCC(C(=O)O)C(C)c1ccccc1.CC1CCCO1,Application_ds
N#Cc1c(F)cccc1[Zn+].CC(C)=O,Application_ds
  O=c1c(Nc2ccc(/N=N/c3ccccc3)cc2)c(Nc2ccc3cc4ccccc4cc3c2)c(=O)c1=O.N#CC,Application_ds
O=CCCCCCCCCCCCCCCCCCCCCCCCCC.CCO,Application_ds
CC(C)(C)OC(=O)CC(=O)c1cccc(-c2cncnc2)c1.CC1CCCO1,Application_ds
CCOC(=O)COC1=C(C=C(C(=C1)C2=NN(C(=C2Cl)OC(F)F)C)F)Cl.N#CC,Application_ds
Clc1ncnc2c1CCN(Cc1ccccc1)C2.CCO,Application_ds
Cc1ccc(C(=O)Cl)cc1[N+](=O)[O-].N#CC,Application_ds
O=C(CC(C)C1C(=O)CC2(C)C3CCC4C(C)(C)C(O)CCC54CC35CCC12C)C6OC6(C)C.O,Application_ds
CCOC(=O)N1CC(C(=O)O)Oc2ccc(C#N)cc21.CC1=CC=CC=C1,Application_ds
CN(C)Cc1c(OCC2CC2)ccc2c(CCC3CCNCC3)noc12.CC1=CC=CC=C1,Application_ds
CCOC(=O)C(C)CS.CC1=CC=CC=C1,Application_ds
  Cc1ccc(Nc2c(Nc3nonc3CO)c2=O)c(C(=O)O)c1.N#CC,Application_ds
O=C(O)C(CCCCl)c1ccc(F)cc1.CCO,Application_ds
O=C1OC=2C=C(OCC3=CC=C(C=C3)C(C)(C)C)C=CC2C(=C1CCC(=O)O)C.CCO,Application_ds
O=C(OCC1OC(O)C(OC2OCC(O)C(O)C2OC3OC(CO)C(O)C(OC4OCC(O)C(O)C4O)C3O)C1O)C=CC5=CC=C(O)C(OC)=C5.CC1CCCO1,Application_ds
O=C1C=CC2(CCC(CSSCC3=CC4=C(C#CCC=5NC=CC5C(=O)CC4C6=CC(=CC=C6O)CCOC7=CC(=CC=C7O)CC1)C=C3C(N)N)C2)CCC(CCCCC)CC(O)C.CCO,Application_ds
  O=c1c(Nc2cccc(C#Cc3ccccc3)n2)c(NC(CO)CO)c(=O)c1=O.CC(C)=O,Application_ds
COC(=O)N1CC[C@@H]2[C@H]1CCC[C@]2(C#Cc1cccc(C)c1)OC(=O)c1ccncc1.CC1CCCO1,Application_ds
CC(C)(C)OC(=O)N(CCOS(C)(=O)=O)Cc1cc(F)cc2cc[nH]c12.N#CC,Application_ds
NCc1ccc(Cl)nc1.CC1CCCO1,Application_ds
O=C(OC)CCCC=C1SCC(NC(=O)C=2C=CC=CC2)C1=NO.CCO,Application_ds
C1CCC(C2CCNCC2)CC1.CC(OCC)=O,Application_ds
COc1cc(F)c([N+](=O)[O-])cc1N.O=CN(C)C,Application_ds
O=S(=O)(O[Na])C(CC=CC(O)C1=CC=C(O)C=C1)CC2C3=CC=C(OCN=C(N)N)C=C3CCC2C.O,Application_ds
Cn1cnc(-c2ccc(Cn3cc(C(=O)N[C@H]4CCCC[C@@H]4O)c4ncccc43)cc2)c1.CC(OCC)=O,Application_ds
C#Cc1cccc(S(=O)(=O)C(F)(c2nnc(C)o2)C2Cc3[nH]c4ccc(Cl)cc4c3C2)c1.CC(C)=O,Application_ds
O=C(O)C(N=C(O)CN=C(O)CC(OC(=O)CCCCCCCCCCCC(C)C)CCCCCCCCCCCCC)CO.O,Application_ds
CCC(Br)C(=O)c1ccc(Cl)cc1.CC(OCC)=O,Application_ds
Cc1ccc(OC(C)c2ccc(C(=O)O)cc2)cc1.CC1CCCO1,Application_ds
Cc1ccc(S(=O)(=O)n2ccc3nc(NNC(=O)[C@@H]4CC[C@@H](NC(=O)OC(C)(C)C)C4)cnc32)cc1.O=CN(C)C,Application_ds
Fc1cc(I)c(Cl)cn1.O,Application_ds
COc1cc2c(Nc3ccc(Cl)cc3F)ncnc2cc1OCCN1CCNC1=O.CO,Application_ds
CN(C)S(=O)(=O)Nc1cccc(C=C2c3ccccc3CCc3ccccc32)c1.CC(C)=O,Application_ds
O=C(C=C1NCCC2=CC=3OCOC3C=C12)C=4OC(Br)=CC4.CC1=CC=CC=C1,Application_ds
COc1cc(OC)c2c(=O)[nH]c(-c3cc(C)c(OC[C@@H]4CCC(=O)N4)c(C)c3)nc2c1.CC1CCCO1,Application_ds
O=C(OC)C=1C(O)=CC=CC1O.CC(C)=O,Application_ds
O(C=1C=CC=CC1C2(CCOC(C2)C(C)C)CCN)C.CCO,Application_ds
O=C(OC1CC2N(C)C(CC2)C1)C(O)C=3C=CC=CC3.CC(OCC)=O,Application_ds
Cc1c(N)ccc(C#N)c1C(F)(F)F.CC(OCC)=O,Application_ds
  Cc1cc(=O)[nH]c(Nc2c(NC(=O)c3cccc(C(F)(F)F)c3)c2=O)n1.CC1=CC=CC=C1,Application_ds
CC(C)C[C@H](N)C(=O)NCc1ccc(C#N)cc1.CC(OCC)=O,Application_ds
Cc1ccc(C)c2c1NC(=O)C2CC(=O)N[C@@H](Cc1cc(F)cc(F)c1)c1nc(C#CC(C)(C)O)ccc1-c1ccc(Cl)c2c(NS(C)(=O)=O)nn(C)c12.CCO,Application_ds
  CC[C@](CC1CCCCC1)(NS(=O)(=O)N[C@@H]1[C@@H](CC2CCCCC2)[C@H]2CC[C@]1(C)C2(C)C)C(=O)OC.O,Application_ds
NC(=O)c1ccc(Br)c(Cl)c1.N#CC,Application_ds
O=Cc1ccc(-c2cc3ncnc(Nc4ccc5[nH]ccc5c4)c3s2)cc1.O=CN(C)C,Application_ds
O=C1C=2C(O)=C(C(O)=C(C2OC(C1)CCCCCCCCCCCCCCCCC)C)C.CC1CCCO1,Application_ds
c1ccc2c(c1)NCCc1cccn1-2.CC1=CC=CC=C1,Application_ds
CCc1cccc2nc(SCc3ccc(C(=O)c4ccc([N+](=O)[O-])cc4)cc3)n(C)c(=O)c12.CC(OCC)=O,Application_ds
COC(=O)c1cccc2nc([C@H](C)NC(=O)OCc3ccccc3)c(I)n12.O=CN(C)C,Application_ds
CC(=O)NCc1ccc(C2=NOC(c3cc(Cl)cc(Cl)c3)(C(F)(F)F)C2)cc1.O,Application_ds
CCOc1ccn(-c2ccc(F)cc2)c(=O)c1C(=O)Cl.O=CN(C)C,Application_ds
Cc1cccc2c1c(Cc1ccc(/C=C/CC(=O)O)cc1)cn2[C@@H]1O[C@H](COCc2ccccc2)[C@@H](OCc2ccccc2)[C@H](OCc2ccccc2)[C@H]1OCc1ccccc1.CC(OCC)=O,Application_ds
Nc1cccnn1.O=CN(C)C,Application_ds
COC(=O)C(CC1CC1)[C@@H]1c2ccccc2C[C@H]1N.CC(C)=O,Application_ds
Cn1ccnc1-c1cc2nccc(Oc3ccc(N)cc3F)c2s1.O,Application_ds
OCCc1cccc2c1CCO2.N#CC,Application_ds
OC1=CC(=C)N2N=NC=C12.O,Application_ds
Cc1cc(C=O)cc2c3ccccc3n(C)c12.N#CC,Application_ds
O=C(Nc1nccs1)[C@H](CC1CCCCO1)c1ccc(Cl)c(Cl)c1.CC(C)=O,Application_ds
O=CC1=CC=2C=CC=CC2NC1=O.CC(OCC)=O,Application_ds
O=C1C(=C(O)C=2C=CC=CC2N1CC=3C=CC=CC3)CC=4C=CC=CC4.CC1=CC=CC=C1,Application_ds
O=C1OC2=CC=C3C(=O)C(OC3=C2C(C4=COC=5C=CC=CC5C4=O)C1)=CC6=CN(C=7C=CC(OC)=CC67)C.CC(C)=O,Application_ds
O=C1OC=2C=C(OCC(=O)NCC=3C=NC=CC3)C=CC2C(=C1)C=4C=CC(OC)=CC4.CCO,Application_ds
[CH2-][NH2+]C12CCC3=C4C(CC(C)C(CCC1C)C42)CC(C)(C)C3.O=CN(C)C,Application_ds
CCOC(=O)n1nc(N)c2c1C(C)(C)N(C(=O)OC(C)(C)C)C2.O,Application_ds
C=C(C)C(=O)NC1=CC(C(=O)O)C(O)(C(C)=O)C=C1.CC(OCC)=O,Application_ds
O=CC1=CCCC2(C)C(O)C(O)C(CC12)C(C)C.O=CN(C)C,Application_ds
Fc1cc(C#Cc2ccc(-c3ccc(Cl)cc3)cn2)ccc1OCCN1CCCC1.CC1=CC=CC=C1,Application_ds
O=C(NC1=CC(F)=C(Br)C(F)=C1)C.CC1CCCO1,Application_ds
Cc1c(Nc2ccc(Br)cc2F)c(N)c2n(c1=O)CCN2C(=O)OC(C)(C)C.CC(OCC)=O,Application_ds
CCC(CC)(c1ccc(OCC(O[Si](C)(C)C(C)(C)C)C(C)(C)C)c(C)c1)c1cc(C)c(CNCC(=O)OC)s1.CC(OCC)=O,Application_ds
CCCCCCC(CCC)OC1OC(CO)C(O)C(O)C1O.CCO,Application_ds
COc1nc(N)nc2c1ncn2[C@@H]1O[C@H](COC(C)=O)[C@@H](O)[C@@H]1O.CC1CCCO1,Application_ds
O=C1OCCN1c1ccc2nc(Nc3cc(Cc4ccccc4)nc(N[C@@H]4CC[C@@H](O)CC4)n3)sc2n1.O=CN(C)C,Application_ds
Cc1cnc(N2CCC(N(C(=O)c3ccc(-c4cnco4)nc3)C3CC3)CC2)cn1.N#CC,Application_ds
C.CO,Application_ds
O=C1OC(CCCC)C2(O)C1=CC(=O)CC2.CCO,Application_ds
  COC(=O)[C@H](C)Nc1c(NC(=O)c2ccc(-c3ccccc3)cc2)c1=O.CC1CCCO1,Application_ds
O=C(NC1=NC=CS1)CCC(=O)N2CC=3C=4C=CC=CC4NC3CC2.O,Application_ds
Cc1ccc(=O)[nH]n1.CCO,Application_ds
O=C1OC=2C=C(OC)C(OC3OC(CO)C(O)C(O)C3O)=CC2C=C1.N#CC,Application_ds
O=C(O)Cn1nnnc1-c1cccc(C(F)(F)F)c1.CC(OCC)=O,Application_ds
COc1ccc(C2=NN(C3CCN(C(=O)[C@H](NC(=O)c4c(C)[nH]c5c(-c6c(OCC7CC7)ccc7c6OCO7)ncnc45)[C@H](C)c4ccccc4)CC3)C(=O)[C@@H]3CCCC[C@H]23)cc1OC.O,Application_ds
O=C1NC=2C=CC=CC2C=C1C3=NC=4C(N3)=C5C(OC=C5C)=C6C=CC7=C(C=CC=C7C)C46.CC1CCCO1,Application_ds
CC(O)c1ccc(-c2cc(C(=O)NC(C)(C)C)nn2-c2cccnc2)nc1.CC1=CC=CC=C1,Application_ds
O=C1OCC2C1=CC(O)C3C(C)(C)CCCC23C.O,Application_ds
CCc1nc2c(C)cc(C)nc2n1C(C)c1ccc2c(c1)CCc1ccccc1/C2=C\C#N.CCO,Application_ds
  COCCNc1c(Nc2c(C)n(C)n(-c3ccccc3)c2=O)c1=O.CO,Application_ds
  CC(C)Nc1c(NC[C@@H]2C[C@@H]3C[C@H]2[C@H]2[C@H]4C=C[C@H](C4)[C@@H]32)c(=O)c1=O.CC1CCCO1,Application_ds
O=C(NC1=CC=C(C=C1)CN2CC(F)C(OCC3=NC=4C=C(C(=CC4N3)C)C)C2)C.O=CN(C)C,Application_ds
Cc1ccc(C=O)cc1OCCI.CC(C)=O,Application_ds
O=C(NC(COC1OC(CO)C(O)C(O)C1O)C(O)C=CCCCCCCCCCCCCCCCCC)CCCCCCCCCCCCCCCCC.O,Application_ds
O=CC1=COC2=C(OC)C3=CC=CC(=C3C(C=O)=C12)C.CC(C)=O,Application_ds
COc1ccccc1-n1c(=O)c2cnc(SC)nc2n1C.O=CN(C)C,Application_ds
O=C1C2=CC=3C=4C=CC=CC4NC3C(C=CN2C(=O)C5(O)N1C67N(C=8C=CC=CC8C6(O)C5OC)C(C)(C)C7CO)(C)C.CO,Application_ds
O=C(Cn1nc(-c2ccc(Cl)cc2)n(C2CC2)c1=O)NC1(c2cccc(Cl)c2)CCC1.CCO,Application_ds
CCC1=CCC(C)(C)c2ccc(N(CC)c3ccc(C(=O)O)cn3)cc21.CC(C)=O,Application_ds
COCCC1=CC=C(OCC(O)CNC(C)C)C=C1.O,Application_ds
C[C@H]1CCC[C@@H](C)N1Cc1ccc(B2OC(C)(C)C(C)(C)O2)cc1.CCO,Application_ds
N#CC(CC[N+]1([O-])CCC(C(=O)O)(c2ccccc2)CC1)(c1ccccc1)c1ccccc1.O=CN(C)C,Application_ds
O=C1OC2OC3OC2(C1)C(O)CC4C3CCC5C4(C)CCC6C(C(=O)O)(C)CCCC65C.N#CC,Application_ds
O=C(OC)C(NC(=O)C)C(=O)C1=CC=C(O)C=C1.CC(OCC)=O,Application_ds
CN(CC1=CC2=C(NC(C)=NC2=O)C=C1)C1=CC=C(S1)C(=O)N[C@@H](CCC(O)=O)C(O)=O.CCO,Application_ds
COC(=O)Cc1ccc(N2CCCC2)cc1.N#CC,Application_ds
O=C(O)CCC1C2=NC(=CC=3NC(C=C4N=C(C=C5NC=6C(C(=O)C(O)(C(=O)OC)C62)=C5C)C(=C4C)CC)=C(C=C)C3C)C1C.CCO,Application_ds
  CCCCCC(=O)NS(=O)(=O)Nc1cccc(Cl)c1Cl.N#CC,Application_ds
CCC(CC)c1cc(C)nn2c(-c3sc(I)cc3OC)c(C)nc12.CO,Application_ds
  CCOC(CNc1c(NS(=O)(=O)c2cnccc2Nc2cccc(C)c2)c1=O)OCC.CC1=CC=CC=C1,Application_ds
CCOC(=O)CCc1c[nH]c2ccccc12.CCO,Application_ds
CCc1ccc(OCC2CC2)c(-c2ncnc3c(C(=O)N[C@@H]4CNC[C@H]4O)c(C)[nH]c23)c1.CC(OCC)=O,Application_ds
Cn1ncc2cc(Oc3ccc(F)cc3CN)ccc21.O=CN(C)C,Application_ds
COc1ccc(Cl)cc1N.O,Application_ds
O=[N+]([O-])c1cc(O)cc(Br)c1.CC(C)=O,Application_ds
O=C(OCC1N2CCC(C1)C(C3=CC(=NN3C)C4CCCC4)C2)NC=5C=CC=CC5.CC(C)=O,Application_ds
O=C1C=C2C(=CC=C1NC(C(=O)NC3=CC=C(C=C3)N4CCCS4(=O)=O)C(C)C)C5=C(OC)C(OC)=C(OC)C=C5CCC2NC(=O)C.CCO,Application_ds
O=c1[nH]nc2ccc(OCCCN3CCC(OC(c4ccccc4)c4ccccc4)CC3)nn12.CO,Application_ds
O=C(OC=1C=C(OC)C(=C(OC(=O)C)C1C(=O)CCC)CC=2C(=O)C(C(OC(=O)C)=CCC)=C(OC(=O)C)C(C2OC(=O)C)(C)CC=C(C)C)C.CC1CCCO1,Application_ds
O=C(OC1C(=C)C2CCC3(O)C4(C)C(OC(=O)C5(OC5C)C)CCC(C(=O)OC)(C)C4CC(OC(=O)C(C)C)C13C2)C.CC1CCCO1,Application_ds
CC(C)c1ccc(C=O)cc1.CC1CCCO1,Application_ds
CCOC(=O)c1c(C[P+](c2ccccc2)(c2ccccc2)c2ccccc2)nc2sccn12.O=CN(C)C,Application_ds
O=CC1=C(OC=2C(=C(OC)C3=C(OC(C3)C(O)(C)C4CCCC4)C2CO)C1=C5CC(C(=O)C(CO)C5)C=6C=CC=7NC=CC7C6)C(=O)OCC.CC(C)=O,Application_ds
C[C@@H]1CN(CC(=O)N2CC(C)(C)c3cnc(Cc4ccc(F)cc4F)cc32)[C@@H](CCl)CN1C(=O)OC(C)(C)C.CC(C)=O,Application_ds
O=C(O)C(NC(C(=O)O)CCC(=O)N)C.O,Application_ds
Cc1c(C)n(-c2cccnc2)c2ccc(Br)cc12.CC(C)=O,Application_ds
O=C(C=CC=1C=CC=CC1F)C2=CC=C(OCC)C=C2.CCO,Application_ds
O=C([O-])c1ccc2c(c1)OC(c1ccccc1)(c1ccccc1)O2.O,Application_ds
O=C1C(OC)=C(OC2=C3C=CC(OC3=CC=C12)(C)C)C=4C=CC=CC4.CC1=CC=CC=C1,Application_ds
CC(C)=Cc1cccc(N)c1C#N.O=CN(C)C,Application_ds
CCOC(=O)C1CC2(CCN(C(=O)OC(C)(C)C)CC2)CN1.CCO,Application_ds
COC1=C(OC)C(=O)C(Cc2ccc(OCc3cccnc3)c(C(=O)Nc3cc(OC)c(OC)c(OC)c3)c2)=C(C)C1=O.CC(OCC)=O,Application_ds
O=C1OC23C(=CCC14C2CCC5C6(C=CC(C)(C)C6CCC54C)C)C(O)CC3C(=C)C.O,Application_ds
C#CCOC(=O)c1ccc(OC(CC)CCC=C(C)CC)cc1.CC(C)=O,Application_ds
O=c1[nH]c2c(n3ccnc13)Cc1ccccc1-2.CO,Application_ds
COc1ccc(Nc2nc3cc(Cl)c(Cl)cc3[nH]2)cc1.CO,Application_ds
COC(=O)[C@@H](OC(C)(C)C)c1c(C)cc2nc(-c3ccnc(N4CCN(C(=O)N(C)C)CC4)n3)sc2c1-c1ccc(Cl)cc1.CC1=CC=CC=C1,Application_ds
CC1=CC(NS(=O)(=O)C2=CC=C(N)C=C2)=NO1.CCO,Application_ds
O=C(OC1CC(O)(C)C2C(O)C3C(OC(=O)C3C)CC(=C)C12)C.CC1CCCO1,Application_ds
O=[N+]([O-])c1cccc(/C=C/c2cncc(Cl)c2)c1.CO,Application_ds
COc1ccc2c(Cc3c(Cl)cncc3Cl)nnc(C(N)=O)c2c1.O=CN(C)C,Application_ds
COc1cc(C(N)=O)c([N+](=O)[O-])c(F)c1OC.CC(C)=O,Application_ds
O=C(Nc1nc(CC(=O)N2CCN(Cc3ccccc3)CC2)cs1)c1ccc(Cl)cc1.CO,Application_ds
O=C1C2=CC=CC(=C2C(=O)C=3C(O)=C4C(=C(O)C13)CC(O)(C(=O)CO)CC4OC5OC(C)C(O)C(N)C5)C.O=CN(C)C,Application_ds
Cc1c(C(=O)OCc2ccccc2)sc(N)c1C(=O)OC(C)(C)C.CC(OCC)=O,Application_ds
O=C(CCC1CCCC1)Nc1c(Cl)ccc2nc(Cl)ccc12.CCO,Application_ds
CCOC(=O)c1c(Nc2ccccc2[N+](=O)[O-])sc2cc(OC)ccc12.CO,Application_ds
CC(C)(C)c1ccc2nc3sc(C(=O)N[C@H](CN=[N+]=[N-])c4ccccc4)cc3cc2c1.CC1=CC=CC=C1,Application_ds
COC(=O)c1ccc(B2OC(C)(C)C(C)(C)O2)cc1C.O,Application_ds
  CC(C)CN(CC(C)C)C(=O)[C@@H](NC(=S)N[C@H](c1ccccc1)[C@H](N)c1ccccc1)C(C)(C)C.CCO,Application_ds
O=C(C1CCC(Nc2ccccc2F)CC1)N1CCN(C2CCCC2)CC1.CC1CCCO1,Application_ds
Oc1noc(-c2cccnc2)c1Cl.CC(OCC)=O,Application_ds
Nc1ncc(-c2nc(N3CCOCC3)c3scc(-c4ccccc4)c3n2)cn1.CC1=CC=CC=C1,Application_ds
CC(C)(C)OC(=O)CNCC1CCCO1.CC1=CC=CC=C1,Application_ds
CCC(CC)Oc1cc(-c2nc(CNC(=O)c3ncccc3C)co2)ccc1OC.CC1CCCO1,Application_ds
COc1ccc(S(=O)(=O)N2Cc3ccccc3CC2C(=O)O)cc1.CC1CCCO1,Application_ds
O=C(OC1C(=C)C2CCC3(O)C4(C)C(OC(=O)C5(OC5C)C)CCC(C(=O)OC)(C)C4CC(OC(=O)C(C)C)C13C2)C.CO,Application_ds
C1=CC=C(C=C1)NC(=O)C2=CC3=CC=CC=C3C(=C2O)N=NC4=C(C=CC(=C4)Cl)Cl.CC1CCCO1,Application_ds
COc1cc2c(cc1OC)-c1cc(Cl)nc(=O)n1CC2.CCO,Application_ds
CC(C)C(Cl)=C(C#N)C#N.CC1=CC=CC=C1,Application_ds
  CN(C(=O)OC(C)(C)C)c1nc2c(I)c(Nc3c(NC(=O)c4c(F)cccc4F)c3=O)ccc2s1.CC1CCCO1,Application_ds
CCOc1cc(CN2CCC(Nc3cc(C#N)ccn3)CC2)ccc1C.CC1=CC=CC=C1,Application_ds
CNC(=O)CCl.CCO,Application_ds
N#CCC(N)=S.N#CC,Application_ds
O=C(OC1OC2OC3(OOC24C(CC3)C(C)CCC4C1C)C)CCC(=O)NC(C(=O)NC(C(=O)O)CC=5C=CC=CC5)CC(C)C.CC(OCC)=O,Application_ds
C\1C(NC(=C/C1=C/C=[N+]2C(CC3=CC(=C(C=C32)O)OC4C(C(C(C(O4)CO)O)O)OC5C(C(C(C(O5)C(=O)O)O)O)O)C(=O)[O-])C(=O)O)C(=O)O.CC(C)=O,Application_ds
  COc1ccc(Nc2c(NC(=O)[C@@H]3SC(N)=C(C#N)[C@H]3c3cccs3)c(=O)c(=O)c2=O)cc1Cl.CCO,Application_ds
Nc1ccncn1.O,Application_ds
COc1ccc(CNN)cc1.CC1=CC=CC=C1,Application_ds
Clc1nccc(Nc2ccccn2)n1.CC(C)=O,Application_ds
CCOC(=O)C(CC(C)C)c1nc(-c2ccccc2)cs1.N#CC,Application_ds
CCOC(=O)[C@@H]1CC2(CCN(c3cc(O[C@H](c4ccc(Cl)cc4-n4ccc(C)n4)C(F)(F)F)nc(N)n3)CC2)CN1C(=O)OCc1ccccc1.CC(OCC)=O,Application_ds
O=C(NCC1OC(CO)C(O)C1N2CCCC2COC)C3CCCC3.O,Application_ds
Clc1ccc2c(c1)CCNC2.CC1=CC=CC=C1,Application_ds
COC(=O)[C@H](N)[C@@H](C)c1c[nH]c2ccccc12.CC1=CC=CC=C1,Application_ds
COc1ccc(CNc2c3c(nc4ccc(C#N)cc24)CCN(C(C)=O)C3)cc1Cl.O=CN(C)C,Application_ds
CN1CCN(C)CC(C)(NCc2ccccn2)C1.O=CN(C)C,Application_ds
O=C(C1=NC=C2C3=C1C(OC)OC3C4(C)CCC5(C(=C(CC5)C(C)C)C4C(O)C2)C)CO.CC(C)=O,Application_ds
CC1=CC(=C(C=C1)C)OCC2=CC=CC=C2C(=NOC)C(=O)NC.N#CC,Application_ds
CC(O)C1CC1.CC1=CC=CC=C1,Application_ds
O=C(Cl)c1ccccc1.CC(OCC)=O,Application_ds
O=C(OC12CC(C)C3(O)C(C=C(C)CC4(O)C(=O)C(=CC43)C)C1C2(C)C)C(C)C.CC(OCC)=O,Application_ds
CS(=O)(=O)C1=C(C=CC(=C1)C(F)(F)F)C(=O)C1=C(ON=C1)C1CC1.CC1=CC=CC=C1,Application_ds
O(C1=CC=C(OC)C=C1CC=C(C)C)C2=CC(OC)=CC(=C2OC3=CC(OC)=CC=4C=CC(OC34)(C)C)CC=C(C)C.O=CN(C)C,Application_ds
  Cc1cccc(Nc2c(Nc3nnc(-c4ccncc4)s3)c(=O)c2=O)c1N1C(=O)CC(c2ccccc2)(c2ccccc2)C1=O.CC1CCCO1,Application_ds
O=C1OC2=C(C=C3C(OCN(CC=4C=CC=CC4OC)C3)=C2C)C5=C1CCCC5.O=CN(C)C,Application_ds
Nc1ncc(C(F)F)cc1[N+](=O)[O-].CC1=CC=CC=C1,Application_ds
CCOc1nc(C(C)(C)C)ncc1C1=N[C@@](C)(c2ccc(Cl)cc2)[C@@](C)(c2ccc(Cl)cc2)N1C(=O)N1CCN(CCO)CC1.N#CC,Application_ds
Cn1c(-c2ccc(Cl)cc2)c(CCC(=O)N2CCC(O)(Cc3ccccc3)CC2)c2cc(N3CCOCC3)ccc21.N#CC,Application_ds
COC(=O)c1nccnc1NC(=O)c1ccc(F)cc1.CCO,Application_ds
COc1ccc2c(c1)CCn1c-2cc(OCc2ccc(Oc3cccc(C(F)(F)F)c3)c(OC)c2)nc1=O.N#CC,Application_ds
O=C(Cl)c1cccc(I)c1.CC1=CC=CC=C1,Application_ds
  CCc1nn(C)c(C(=O)NS(=O)(=O)NC[C@@H]2CCCN2)c1Cl.CCO,Application_ds
O=C(CCC1=CC=CC(=C1)C2=CC(O)=CC(=C2)CNC)C34CC(CO)C(C(=C)C3(C)C5CCCC5)C4(O)OC.N#CC,Application_ds
Nc1nc2ccc([N+](=O)[O-])cc2o1.CO,Application_ds
C=Cc1ccc([Mg+])cc1.CC(OCC)=O,Application_ds
OC=1C=CC2=C(C1)C(CC=3C=CC=4NC=CC4C3)CC=5C2=C6OC(CO)CCC6=C7OC(C8=CC=C(O)C(OCCO)=C8)C(OCNC)(CNC)CC75.O=CN(C)C,Application_ds
O=C1NC(=O)C(N1)(C1=CC=CC=C1)C1=CC=CC=C1.CO,Application_ds
Fc1ccnc(Cl)c1.O,Application_ds
N#Cc1ccc(Oc2ccc([N+](=O)[O-])cc2Br)cc1.CC(C)=O,Application_ds
  CC[C@@H](COC(=O)Nc1ccccc1)NC(=S)Nc1ccc(F)cc1.CC(OCC)=O,Application_ds
COC(=O)[C@H]1CCC[C@@H](C(=O)Nc2cc(-c3ccc4ncn(CC5CCOCC5)c4c3)c(Cl)cn2)C1.CC(OCC)=O,Application_ds
O=C1NC2CSC(CCCCC(=O)NC3=CC=CC4=C3C=CN4C)C2N1.CO,Application_ds
CCC(Br)C(=O)c1ccc(C(=O)OC)cc1.CO,Application_ds
CCN(CC)CCCCNCc1cc(C)cc(C)c1.CC(C)=O,Application_ds
  O=C(NCCCCCc1cnc[nH]1)NC1CCCCC1.O,Application_ds
O=CC(=CC(=O)O)CCC1C(=CC(=O)C2C(C)(C)CCCC12C)C.CC(C)=O,Application_ds
O=C(O)C12CCC3(C(=CCC4C5(C)CCC(O)C(C)(C)C5CCC43C)C2C(O)C(C)(C)CC1)C.CCO,Application_ds
Clc1nc(Cl)c2oc(-c3ccccc3)cc2n1.CO,Application_ds
O=C(NC1C(C=2SC=CC2)N(CC=3C=CN=CC3Cl)CCC1(O)C)C=4C=CC=CC4.CC1CCCO1,Application_ds
O=C1C2=C3CC4CC(CO)C(C)C3(C1)C4(C)CCSSC5(CCCCC5)C(N=C(N)N)CCC2.CC1CCCO1,Application_ds
COC1=N[C@](CCBr)(CC2CC2)C(OC)=N[C@@H]1C(C)C.CO,Application_ds
O=C(NCC1CCCN2CCCCC21)C=3N=C(SC3C(C)C)N4C=CC=C4.CO,Application_ds
N#Cc1ccc(F)c2ccccc12.CC(OCC)=O,Application_ds
CC(C)C(=O)Nc1ccc(-c2sc3c(c2CN(C)Cc2ccccc2)c(=O)c(OC(=O)C(C)C)cn3Cc2c(F)cccc2F)cc1.CC(OCC)=O,Application_ds
O=C(N)CC(O)C1NC(=O)C(NC(=O)C2N(C(=O)C(NC(=O)C(NC(=O)CCCCCCCCCCCCCCC)CC(O)C(O)NC(=O)C3N(C1=O)CC(C)C3O)C(O)C)CC(O)C2)C(O)C(O)C4=CC=C(O)C(OS(=O)(=O)O)=C4.O,Application_ds
CC(C)(C)SSC(CN=[N+]=[N-])C[C@H](N)C(=O)O.O,Application_ds
Fc1cnc(Nc2cccc(C(F)(F)F)c2)nc1Nc1ccc2c(c1)OCCO2.O,Application_ds
CC(C)(C)OC(=O)N1CCC[C@@H](N)C1.N#CC,Application_ds
CC(C)N1CCN(C(=O)[C@H]2CCNC2)CC1.CO,Application_ds
O=C(O)C(O)C(OS(=O)(=O)O)C(O)C(O)C(OC(CC1=NC=2C(O)=NC(=N)NC2N=C1)C(O)C(O)C(OS(=O)(=O)O)C(O)C(=O)O)CC3=NC=4C(O)=NC(=N)NC4N=C3.O=CN(C)C,Application_ds
C=C(C)C(=O)OCCCCC#Cc1ccc2c3ccc4c5c(ccc(c6cccc1c62)c53)C(=O)N(c1c(C(C)C)cccc1C(C)C)C4=O.O=CN(C)C,Application_ds
N1=COC=2N=CN(C=C)C12.CO,Application_ds
C[C@@H](O[Si](C)(C)C(C)(C)C)[C@H](CO[Si](C)(C)C(C)(C)C)Cn1cnc2c(NC(=O)c3ccccc3)ncnc21.CC(C)=O,Application_ds
O=C1OC2C(O)C=C3CCN(C)C3C2C4=CC=5OCOC5C(OC)=C14.CO,Application_ds
COC(=O)[C@@H](NC(=O)c1cc2ccccc2cc1N)[C@@H](C)OC1CCC1.O,Application_ds
CSc1ccc(C(=O)O)cc1[N+](=O)[O-].CC1CCCO1,Application_ds
Cn1n[n+](COc2ccc3ccccc3c2)cc1-c1ccccc1.CC(C)=O,Application_ds
O=S(=O)(C=1C=CC=CC1)N2CC3N(CCN(C3)C4CCOCC4)C(C)(C)C2.CO,Application_ds
O=C1CCC(c2ccccc2)(c2ccccc2)C2CN(C(=O)Cc3cccnc3)CC12.O,Application_ds
CC(=O)OCC=C(C)CS(=O)(=O)c1ccccc1.CCO,Application_ds
O=C(O)c1cc2ccccc2cn1.N#CC,Application_ds
O=C(O)/C=C/c1ccc(OCCOC2CC2)cc1Oc1ncc(C(F)(F)F)cc1Cl.N#CC,Application_ds
  N#CC(C#N)=C(C(=C(C#N)C#N)c1ccc(NC(=S)Nc2ccc([N+](=O)[O-])cc2)cc1)c1ccccc1.CC(C)=O,Application_ds
COC(=O)Cc1ccccc1N.O=CN(C)C,Application_ds
COC(CC1CO1)(c1ccc(F)cc1)C1CC1.CC(OCC)=O,Application_ds
  COc1ccc(NC(=O)NS(=O)(=O)c2ccc(Cl)cc2)cc1OC.CC(C)=O,Application_ds
O=C(NC1=CC(=CC=C1OC)C)C(NC(=O)C2CCN(C(=O)C(N)CC(C)C)CC2)C.CC(C)=O,Application_ds
COc1c(OC(F)F)ccc(Br)c1OCC(C)C.N#CC,Application_ds
O=C(O)C(=S)CC1CCCC(CC(=S)C(=O)O)C1.CC(OCC)=O,Application_ds
O=C1Nc2ccc(Cl)cc2C1=Cc1ccc(-c2ccc(OCCN3CCOCC3)cc2)o1.CCO,Application_ds
N1=CC(=NC2=CC=CC=C12)C3=CC(=CC(=C3)C4=NC5=CC=CC=C5N=C4)C6=NC7=CC=CC=C7N=C6.CO,Application_ds
Cc1c(C(=O)CC2(OS(C)(=O)=O)CCN(C(=O)OC(C)(C)C)CC2)ccc2c1COC2=O.N#CC,Application_ds
CC(C)c1cccc2c1OC(C(C)C)CN2.CO,Application_ds
O=C(OCC1(C)CC2=CC3=C(C(=O)COC3)C(=C2C1)C)C.CO,Application_ds
O=C(OC12CCC3=CC(=C(O)C=4OC56C=CC(C43)CC6CCC5)CN7C(=O)CC8(C7)C(C=9C=CC=CC9)CCC8CN=C(N)NC%10(SSCC%11CCC(CC%12%11CCCC%13%12CC(CCCO)CC%13O)C(CC1)C(O)C2)CCCC%14%10CCCC%14)C.CC1CCCO1,Application_ds
Cn1cc(Br)nc(Nc2cnn(C3CC3)c2)c1=O.O=CN(C)C,Application_ds
CCOc1nnc(C(C)Oc2ccc(Oc3ccccn3)cc2)s1.N#CC,Application_ds
CC(C)(C)OC(=O)NCCC[C@@H](Cc1ncn2c1CCc1ccccc1-2)C(=O)O.O=CN(C)C,Application_ds
O=Cc1sccc1Sc1cccs1.O,Application_ds
O=C1C=CC=C2C(=C1)C(=CCC2)C.CC1=CC=CC=C1,Application_ds
  O=C(NC(=S)NC[C@@H]1CCCN1)c1ccc(-c2ccccc2)cc1.CC1CCCO1,Application_ds
Cc1c(Cl)nc2c(Cl)c(F)cc(F)c2c1Cl.N#CC,Application_ds
O=C(N(C)CC=1C=CC=CC1)CC2CCNCC2CC3=NOC(=C3)CSC=4C=CC=CC4.CC1CCCO1,Application_ds
C#Cc1cccc(-c2nc(CCC)nn2C)c1.O,Application_ds
CCC(=O)Nc1ncc(CN2CCN(c3ccccc3)CC2)c2nc(-c3ccco3)nn12.O,Application_ds
CC(C)(C)OC(=O)N[C@@H](C[C@H](Cc1cn(CCOS(C)(=O)=O)nn1)C(=O)OC(C)(C)C)C(=O)OC(C)(C)C.CO,Application_ds
O=C1C2=C(O)C(=C(O)C=C2OC(C3=CC=C(O)C=C3O)C1)C4C=C(CCCC(O)(C)C)CC(C5=CC=C(O)C=C5O)C4C(=O)C6=CC=C(O)C=C6O.CCO,Application_ds
CC(C)(C)OC(=O)N[C@@H](C[C@H](Cc1ccc(Br)cn1)C(=O)OC(C)(C)C)C(=O)OC(C)(C)C.CO,Application_ds
O=C1C(OC2=CC(O)=CC(OC3OC(CO)C(O)C(O)C3O)=C12)=CC4=CC=C(O)C(O)=C4.O,Application_ds
CCOCCOc1ncc2cc(C(=O)Nc3cc(C(=O)OC)ccc3Cl)c(=O)[nH]c2n1.CC(C)=O,Application_ds
NC(=S)NC(=S)Nc1ccccc1.CO,Application_ds
CC(C)OC(=O)[C@H](OCc1ccccc1)C(C)(C)COS(=O)(=O)CCCN=[N+]=[N-].CCO,Application_ds
O=C(OCC1CCC2C(C=CC(O)(C)C2C(=O)CCO)C1)C.CC(OCC)=O,Application_ds
COCCCNc1nc(Nc2ccc(F)c(Cl)c2)ncc1-c1nc(-c2ccncc2)cs1.CO,Application_ds
COc1cc2nc(Cl)nc(-c3ccc(C(C)C)cc3)c2cc1OC.CCO,Application_ds
Brc1cccc2c1ccc1cc3ccccc3cc12.CC1CCCO1,Application_ds
OCCCBr.CO,Application_ds
O=C(O)C=CC1=CC(OC)=C(O)C(=C1)C2COC3=CC=C(OC)C=C3C2OS(=O)(=O)O.CC(OCC)=O,Application_ds
CCn1nc(C2CCN(C(=O)OC(C)(C)C)CC2)nc1-c1cnc(N)c(-c2nnc(C(C)(C)C)o2)n1.N#CC,Application_ds
Cc1ccc2nc(N3CCS(=O)c4ccccc4C3)cc(NCCO)c2c1.N#CC,Application_ds
O=C(Nc1ccc(Cl)cc1)OCCC1Cn2cc([N+](=O)[O-])nc2O1.CC1=CC=CC=C1,Application_ds
O=C1CCCN1CCCCl.O=CN(C)C,Application_ds
CCCCCCOc1ccc(C(=O)O)cc1.CC(OCC)=O,Application_ds
O=C1OC2=C(C=CC(O)=C2CNC(C(=O)O)CC=3C=CC=CC3)C(=C1C)C.CC(C)=O,Application_ds
C1=CC=C(C=C1)CCN=C(N)N=C(N)N.Cl.O=CN(C)C,Application_ds
FC(F)(F)c1ccc(I)cc1.CC(C)=O,Application_ds
CC(C)(C)OC(=O)N[C@H]1Cc2ccccc2[C@H]1Oc1ccc(OCc2ccccc2)cc1.CC1=CC=CC=C1,Application_ds
COC(=O)c1c(O)c2cc(Cl)cn2n(Cc2cccnc2)c1=O.CO,Application_ds
CS(=O)(=O)c1cccc(N)c1.CC(C)=O,Application_ds
CC(C)(C)c1ccc(C(=O)O)cc1.CC(OCC)=O,Application_ds
  Cc1cc(C)c(C(=O)Nc2c(NC(=O)Oc3ccccc3)c2=O)c(C)c1.CC1CCCO1,Application_ds
C=CC(C)(C)C(O)c1c(C)noc1-c1ccc(-c2ccc(C3(C(=O)OCC)CC3)cc2)cc1.CC(OCC)=O,Application_ds
COCCOCCOc1cc2nncc(Cl)c2cc1OC.CC(C)=O,Application_ds
NC(=O)c1cc(Br)ccc1Nc1nc(Nc2cccc(CN3CCCC3)c2)ncc1Cl.O,Application_ds
O=C1OC2(OC)C(=C1)C(C(=O)OC)C3(C)CCC(C)C3(C)C2.CC(C)=O,Application_ds
Cc1cc(N)ncc1C(=O)N1CC2CCC(C1)N2C(=O)OC(C)(C)C.CC(OCC)=O,Application_ds
O=C(O)C(=O)N1CC2C3=CC=C(NC(=O)NC4CCCCC4)C(=O)N3CC(C1)C2.CO,Application_ds
N#CCCNc1ccccc1.N#CC,Application_ds
CCCNc1nc(C)cc(C(=N)NO)n1.N#CC,Application_ds
O=C1C=C(O)N=C(SCC(=O)N2CC3C4=CC=CC(=O)N4CC(C2)C3)N1.CO,Application_ds
O=C1OC=2C=CC=CC2C=3OC(=O)CC(C4=CC=C(OC)C(OC)=C4OC)C13.CCO,Application_ds
OB(O)c1ccc(OCc2ccccc2)c(F)c1.CC(C)=O,Application_ds
O=Cc1c(F)ccc(OCC(F)(F)F)c1Cl.CC1=CC=CC=C1,Application_ds
N[C@@H]1CCNC1.CCO,Application_ds
  COc1ccc(Nc2c(NCC(=O)O)c(=S)c2=S)cc1.N#CC,Application_ds
C=CCS(=O)c1ncc(Cl)cn1.CC1CCCO1,Application_ds
C=CCOc1cccc(C=O)c1.CC1=CC=CC=C1,Application_ds
CCOC(=O)c1cnc(C(F)(F)F)s1.CO,Application_ds
CCOC(=O)c1cc(Oc2cnc(N)cn2)c2cn(CC)nc2c1.CC1=CC=CC=C1,Application_ds
O=C1OC2=C(C=CC(OC(C(=O)NC(C(=O)O)CC=3C=CC=CC3)C)=C2C)C(=C1)CC.O,Application_ds
CC(C)(C)OC(=O)NCCCCCC(=O)Oc1c(F)c(F)c(F)c(F)c1F.CC1CCCO1,Application_ds
N1C(=C(C(=C1C)CC)C)C.CC(OCC)=O,Application_ds
O=C(OC)C1(OC2=CC=3OCOC3C(OC)=C2C(=O)C(C(=O)N4CCCC4NC(=O)C(C)C)C1C=5C=CC=CC5)C6=CC=C(OC)C=C6.CC(OCC)=O,Application_ds
CC1NCCn2nccc21.O,Application_ds
O=C1CC2(CCC2)N1.O=CN(C)C,Application_ds
Cc1cc(N2C[C@H](C)O[C@H](C)C2)ccc1C(=O)O.O=CN(C)C,Application_ds
ClC=1C=CC(=CC1)C2=NOC(=N2)C3N(CC=4C=CC=CC4)CC=5N=CNC5C3.CC1CCCO1,Application_ds
CCc1nc(Cl)nc(Cl)c1C.CO,Application_ds
O=C1N(C(=O)C2(N3CC(O)CC13)CN(CC=4C=CC=CC4)C2)CCCC.CC(OCC)=O,Application_ds
O=C1C=C2C3(C)CCC4C(C)(C)CCCC4(C)C3CCC2(C)C5CC(C)(C)CCC15C.O,Application_ds
CC1=C(C2=CC3=NC(=CC4=C(C(=C([N+]4=[Fe])C=C5C(=C(C(=N5)C=C1[N-]2)C=C)C)C=C)C)C(=C3CCC(=O)[O-])C)CCC(=O)O.CC1=C(C2=CC3=NC(=CC4=C(C(=C([N+]4=[Fe])C=C5C(=C(C(=N5)C=C1[N-]2)C=C)C)C=C)C)C(=C3CCC(=O)[O-])C)CCC(=O)O.CC1=C(C2=CC3=NC(=CC4=C(C(=C([N+]4=[Fe])C=C5C(=C(C(=N5)C=C1[N-]2)C=C)C)C=C)C)C(=C3CCC(=O)[O-])C)CCC(=O)O.CC1=C(C2=CC3=NC(=CC4=C(C(=C([N+]4=[Fe])C=C5C(=C(C(=N5)C=C1[N-]2)C=C)C)C=C)C)C(=C3CCC(=O)[O-])C)CCC(=O)O.CC1=C(C2=CC3=NC(=CC4=C(C(=C([N-]4)C=C5C(=C(C(=N5)C=C1[N-]2)C=C)C)C=C)C)C(=C3CCC(=O)O)C)CCC(=O)[O-].CC1=C(C2=CC3=NC(=CC4=C(C(=C([N-]4)C=C5C(=C(C(=N5)C=C1[N-]2)C=C)C)C=C)C)C(=C3CCC(=O)O)C)CCC(=O)[O-].CC1=C(C2=CC3=NC(=CC4=C(C(=C([N-]4)C=C5C(=C(C(=N5)C=C1[N-]2)C=C)C)C=C)C)C(=C3CCC(=O)O)C)CCC(=O)[O-].CC1=C(C2=CC3=NC(=CC4=C(C(=C([N-]4)C=C5C(=C(C(=N5)C=C1[N-]2)C=C)C)C=C)C)C(=C3CCC(=O)O)C)CCC(=O)[O-].[Fe+5].[Fe+5].[Fe+5].[Fe+5].O,Application_ds
CC[Si](C#C[C@H](C)COCc1ccccc1)(CC)CC.CC1=CC=CC=C1,Application_ds
O=C1CC(O)C2(C(=CCC3C2CCC4(C)C(CCC34C)C(C)CCCC(C)C)C1(C)C)C.O,Application_ds
  CCOC(=O)C[C@]1(NC(=S)Nc2nc3c(Cl)cccc3s2)C(=O)N(C)c2ccccc21.N#CC,Application_ds
O=C1OC(C)CC(O)=C1.CO,Application_ds
Nc1ccc(Oc2ccccc2)cc1.CC1=CC=CC=C1,Application_ds
CC(=O)OCCCc1cc2c3c(nc4ccc(/C=C/C(=O)N5CCOCC5)cc4c3c1)-c1ccccc1N2C.CC1CCCO1,Application_ds
O=C(OC(C)(C)CCC(=O)C(O)(C)C1C(O)CC2(C)C3C=CC=4C(=C(O)C(OC5OC(CO)C(O)C(O)C5O)=CC4C3(C(=O)CC12C)C)C)C.N#CC,Application_ds
Fc1ccc(CBr)nc1.O,Application_ds
OC1=CC=C(O)C(O)=C1.CC1=CC=CC=C1,Application_ds
O=C1C=2C(=NC(=NC2C)N)C=3C=CC=CC3N1C=4C=CC=CC4.CC1CCCO1,Application_ds
CCCCN(CCC)C(=O)Cn1nc(C(=O)C(C)(C)C)c2ccc(OC)cc21.CCO,Application_ds
CN(Cc1nc(-c2ccccc2F)c(Sc2cccc(Br)c2)s1)C(=O)OC(C)(C)C.O,Application_ds
  CC(C)(C)C(=O)Nc1c(Nc2cccc(/N=N/c3cccc([N+](=O)[O-])c3)c2)c(=O)c(=O)c1=O.CC1=CC=CC=C1,Application_ds
COCCCN1CCOc2ccc(CO[C@H]3CN(S(=O)(=O)c4ccc(C)cc4)[C@@H](CC(C)(C)OC(=O)N(C)C)C[C@@H]3c3ccc(OC)cc3)cc21.CC(OCC)=O,Application_ds
CC(C)(C)OC(=O)N1CCCNCC1.O=CN(C)C,Application_ds
  COc1cc(N[C@@H](C)CCCNc2c(N[C@@H](c3ccccc3)[C@H](C)N(C)C)c(=O)c2=O)c2ncccc2c1.CC1=CC=CC=C1,Application_ds
O=CCC1CCCC(NCCNCC(C(O)N)C(O)C2(C=CC3C4C(O)C(OC5OCC(O)C(O)C5O)C(C)(CO)C6CCC7(C)C(C(C#CC8CCCC98C(=O)NC2C39)C=C%10C%11CC(C)(CO)CCC%11(C(=O)O)C%12CNC=%13N=CNC%13CC%12C%107C)C64C)C=%14N=CNC%14)C1.CC1CCCO1,Application_ds
COc1cnccc1-c1cccc2c(N)c3c(nc12)CN(C1CCC1)C3=O.CC1=CC=CC=C1,Application_ds
O=C(O)C1OC(OC2=CC=3OC(=CC(=O)C3C(O)=C2OC45C=6C=CC=C(O)C6CCCC5CCC4)C=7C=CC(OCCC8=CC=C(N)N8)=CC7)C(O)C(O)C1(O)CC9NCNC9.CC1CCCO1,Application_ds
CCc1ncnc(NCCCCCCO)c1Cl.O,Application_ds
OC1CC2=CCC3C(CCC4(C)C(CCC34)C(C)CCC(C)C(C)(C)C)C2(C)CC1O.O=CN(C)C,Application_ds
O=C(NCc1ccc(F)cc1)C1(CCCCBr)c2ccccc2Oc2ccccc21.CC1CCCO1,Application_ds
Cc1c[nH]nc1C#Cc1c(-c2ccccc2)noc1C.CCO,Application_ds
CCOC(=O)c1nn(C)c(-c2cnc(OC)cc2OC)c1C.N#CC,Application_ds
  CC(=O)Nc1ccc(NC(=O)N[C@H](C(=O)N2CCC[C@@H]2C(c2ccccc2)c2ccccc2)C(C)(C)C)cc1.N#CC,Application_ds
CC(C)(C)OC(=O)N1CCN(Cc2c(O)ccc3c2O/C(=C\c2n[nH]c4ncccc24)C3=O)CC1.CCO,Application_ds
  Cc1ccccc1-n1nc(C(C)(C)C)cc1NS(=O)(=O)NC(C)C.CCO,Application_ds
O=C1NCC(=O)C1=C(O)C=CC(=CC(C)C(O)C(C)C(O)CC(O)C(C(=O)C)C)C.O=CN(C)C,Application_ds
CS(=O)(=O)c1ccc(-c2ccc(O)c(F)c2)nc1.N#CC,Application_ds
OC[C@@H]1COCCN1.CC(C)=O,Application_ds
OC1CC(=CC2C(CCC(O)(C)C12)C(C)C)C.N#CC,Application_ds
NCc1ccc(C(F)(F)F)cc1.CO,Application_ds
COc1ccc(-c2nc(OC)oc2-c2ccc(OCCOS(C)(=O)=O)cc2)cc1.CC(C)=O,Application_ds
NC1CCCCC1.CC(C)=O,Application_ds
COC(=O)c1cc(NC(C)=O)cc(N2CCCC2=O)c1.O,Application_ds
O=C1OCC2N1C=3C=CC=CC3CN(C(=O)C=4C=CC=CC4OC)CC2.O=CN(C)C,Application_ds
O1C2C1(C)CCC3C(C(=C)CC42CCCC4)CC3(C)C5CCCCC5.O,Application_ds
CN1[C@H](COS(C)(=O)=O)CCC12CC2.CC(OCC)=O,Application_ds
COc1ccc2c(C)cc(N[C@H]3C[C@H]4C[C@H](N(Cc5ccccc5)C(=O)OCc5ccccc5)[C@@H]3C4)nc2c1.N#CC,Application_ds
Cc1ccccc1-c1ccncc1NC1COC1.CCO,Application_ds
O=C1N2C(C=3C=CC=CC3)C=4NC=5C=CC=CC5C4CC2C(=O)N(C1)CCC6=CC=C(OC)C=C6.CCO,Application_ds
CC1=C2NC(=O)C3=C(N=CC=C3)N(C3CC3)C2=NC=C1.CC1=CC=CC=C1,Application_ds
Nc1nnc2cc(Br)ccn12.O,Application_ds
C#CCCCCC#CC(O)/C(Br)=C/c1ccccc1.CCO,Application_ds
CC(C)(C)Cc1ccc(C(=O)Cl)cc1.CC(OCC)=O,Application_ds
C[C@H](Cc1ccc(Sc2ccc(C=O)cc2)cc1)NC(=O)C(F)(F)F.CC(OCC)=O,Application_ds
O=C(C1=CC=C(Cl)C=C1)CC(=O)C2=CC(=CC=C2O)C.CC(C)=O,Application_ds
OC1=CC=C(C=C1OC(CC(C=2C=C(N)NCC2)CC3=CC=CN3)C(O)CCO)C4C=CC5C#CC(CCCCC(O)C5C(O)C4)C(C)CC=6C=CC=CC6.CC(C)=O,Application_ds
CC(=O)c1ccc(C2CC(C)(C)CC(C)(C)C2)c(N2CCNCC2)c1.O=CN(C)C,Application_ds
N#CC1=CC=C(C=C1)C(=O)NC2COC(CN(C)CCCC)C2O.CC1CCCO1,Application_ds
O=C(O)c1nn(-c2ccc(Cl)cc2Cl)c2c1SCc1cc(Cl)ccc1-2.N#CC,Application_ds
N#CC1=CC=CC(=C1)S(=O)(=O)NC2COC(CN3CCCC3COC)C2O.CC1=CC=CC=C1,Application_ds
CS(=O)(=O)c1ccc(-n2ncc(C(=O)NC(=N)N)c2C2CC2)c(Cl)c1.N#CC,Application_ds
O=C(OC1(C(=O)OC2C3C(C(=O)C=C3C)=C(C)CC(OC(=O)CC)C21)C)C(=CC)C.N#CC,Application_ds
Cc1cc(OC(C)C)ccc1CBr.N#CC,Application_ds
O=C(NC(C1=CC=C(OC)C=C1)C(C)C)N2CCCC3=CC4CC(CN5CCCCC54)C32.CC1CCCO1,Application_ds
CSc1cccc(N=C=O)c1.CC(OCC)=O,Application_ds
O=C1C=2C=CC=CC2C3=C1C=4C=CC(OC)=C(OC)C4C(=O)N3CCC(=O)NC5=CC=C(C=C5)NC(=O)C.CC(OCC)=O,Application_ds
CC(=O)CCC(=O)CN1C(=O)c2ccccc2C1=O.CC(OCC)=O,Application_ds
C#CCOc1cccnc1C.N#CC,Application_ds
CC(C)(C)OC(=O)NCC(=O)Nc1ccccc1C(=O)c1cnc2ccccc2c1.CO,Application_ds
Clc1ccc(-c2c3ncnc(Cl)c3nn2-c2ccccc2Cl)cc1.CO,Application_ds
O=C(CCC1=CC=C(O)C(OC[NH+]2C=C3C=CN=C3C2)=C1)CC(O)C4C=CC(C)CC4.CC(OCC)=O,Application_ds
O=C1C(CCC(O)c2ccc(F)cc2)C(c2ccc(OCc3ccc(CBr)cc3)cc2)N1c1ccc(F)cc1.CC(OCC)=O,Application_ds
OC=1C(OC)=C(OC)C=2C=3C=CC=CC3C=C4C2C1CCN4C.CC(OCC)=O,Application_ds
O=C(NC1=CC=CC2=C1N=NN2C3OC(CO)C(O)C(O)C3O)C.CO,Application_ds
O=C(O)C(N(C(=O)C(N(C(=O)C(NC(=O)C(NC(=O)C1=NC2=CC=CC=C2N=C1)CO)C)C)CSC(SC)C(C(=O)N(C)C(C(=O)O)C(C)C)N(C(=O)C(NC(=O)C(NC(=O)C3=NC4=CC=CC=C4N=C3)CO)C)C)C)C(C)C.CC1=CC=CC=C1,Application_ds
Cc1sc2nc(-c3cnccn3)nc(NCc3ccc(Cl)c(Cl)c3)c2c1Cl.CC(OCC)=O,Application_ds
CC(C)(C)OC(=O)NCc1cccnc1.CC1=CC=CC=C1,Application_ds
CC1(C)Cc2c(c(N3CCOCC3)nc3oc4c(NCCN5CCOCC5)ncnc4c23)CO1.O=CN(C)C,Application_ds
CCOC(=O)CO.CO,Application_ds
N#CCc1ccc2c(c1)OCCC2NC(=O)CC(NS(=O)(=O)c1cccc(C(F)(F)F)c1)c1ccccc1.O=CN(C)C,Application_ds
O=C(OC(C=CC(C)CO)C(C)C1CCC2(C3=C(CCC12C)C4(C)CCC(O)C(C)(C)C4CC3)C)C.CC(C)=O,Application_ds
O=C(O)C12CCC(C)(CO)CC2C3=CCC4C(C)(CCC5C(C)(CO)C(OC6OCC(O)C(O)C6O)C(O)C(CC7CNC(=O)C7CCO)C45C)C3(C)CC1.O,Application_ds
Cc1cc(F)ccc1B(O)O.N#CC,Application_ds
Fc1ccc2ccccc2c1.CC1=CC=CC=C1,Application_ds
C[Si](C)(C)CCOCn1nc(NC(=O)Nc2ccccc2)c2cc(-c3ccccc3)c(Cl)cc21.N#CC,Application_ds
N#Cc1nc(-c2ccc(OCCN3CCCCC3)cc2)cs1.CC(OCC)=O,Application_ds
Fc1cccc(CNc2cccc(-c3cc(F)ncc3Cl)n2)c1.CC(OCC)=O,Application_ds
CCOC(=O)C(F)(F)Br.CC1CCCO1,Application_ds
O=C1C2=C(O)C=3C=CC(OC3C(=C2OC(C4=CC=C(O)C=C4)C1)CC=C(C)C)(C)C.N#CC,Application_ds
O=C(OCC1OC(OC2C(O)C(O)C(OC2OC=3C(=O)C=4C(O)=CC(O)=CC4OC3C=5C=C(O)C(OC6OCC(OC7OC(C)C(O)C(O)C7O)C(O)C6O)=C(O)C5)C)C(OC8OC(CO)C(O)C(O)C8O)C(O)C1O)C=CC9=CC=C(O)C=C9.N#CC,Application_ds
Fc1ccc(CNc2nc(-c3ccno3)nc3sc(Cl)cc23)cc1.N#CC,Application_ds
C#Cc1ccc(CNC(C)C)cc1.CC1CCCO1,Application_ds
CC1(C)NN(C2CCCCC2)C1=O.CC(OCC)=O,Application_ds
O=C(OC1C(O)C2C(=O)C3=C(O)C(=CC=C3C(=O)C2C4(O)C(OC5OC(C)C(O)C(OC)C5)C=C(C)CC14O)C6OC(C)C(O)C(OC7OC(C)C(OC8OC(C)C(O)C(OC9OC(C)C(O)C(OC)C9)C8)C(O)C7)C6)C.CC(C)=O,Application_ds
O=[N+]([O-])c1cccc([N+](=O)[O-])c1Cl.N#CC,Application_ds
N#CCOC1=CC=C2C(=O)C(C=3C=CC(OC)=C(OC)C3)=C(OC2=C1)C.CC1=CC=CC=C1,Application_ds
Cc1ccc(N[C@H](C(=O)O)C(C)C)c(F)c1.CC1CCCO1,Application_ds
N=1N=C2C=CN=CN2C1.N#CC,Application_ds
CSc1cc(Br)cc(OCc2ccccc2)c1.O,Application_ds
[NH4+].CC(C)=O,Application_ds
C=CC(=O)N1c2ccccc2C[C@H]1C(=O)N(C)C.CC(C)=O,Application_ds
OC1CCC2(C)CN(CC)C3C45OCOC65CC(OC)C7CC(C6C7O)C13C2C4OC.CC1CCCO1,Application_ds
CO[C@@H](C)C(=O)O.CO,Application_ds
O=C1C=2C=CC=CC2C3C=4NC=5C=CC=CC5C4CC(C(O)=NCC=6SC=CC6)N13.CC(C)=O,Application_ds
O=C1C=C(C=C(O)C2=C(OC(=C12)C)C)C=3C=CC(OC)=CC3.CC1CCCO1,Application_ds
O=C(c1ccc(Br)cc1)C(F)(F)F.CC1CCCO1,Application_ds
CN1[C@@H]2CC=C[C@@]1(OC(=O)NC(c1ccccc1)c1ccccc1)CC2.O=CN(C)C,Application_ds
Cc1cc(C#N)ccc1-c1cnn(-c2ccc(C(=O)NCC3CCCO3)cn2)c1O.CC1=CC=CC=C1,Application_ds
CC(C)CC(C(=O)Nc1ccn(C[C@@H]2COC(C)(C)O2)n1)n1ncc(I)cc1=O.CC(C)=O,Application_ds
OC1CCN(Cc2ccccc2)CC1.N#CC,Application_ds
O=C1CC2CCC(C1)N2Cc1ccccc1.CC1CCCO1,Application_ds
O1C=2C=CC=CC2CC3CCC4(OC=5C=CC=CC5CC4CC(C=CCC13C)(C)C)C.CC(C)=O,Application_ds
C#CC1CC1.CO,Application_ds
COc1ccc(C2=NN(C3CCNCC3)C(=O)C3(CCCC3)C2)cc1OC.CO,Application_ds
Nc1cccc2c1C(=O)N(C1CCC(=O)NC1=O)C2=O.CC1=CC=CC=C1,Application_ds
Cc1csc2c1c(OCOC(=O)C(C)(C)C)c(C(=O)N(C)c1ccccc1)c(=O)n2C.CCO,Application_ds
OC=1C=CC=2C=3N=C4NN=CC4=C(C=5C=CC(=CC5)C(C)C)C3OC2C1O.CC1CCCO1,Application_ds
O=C(OC(C)(C)C(C=CC(C)C1CCC2C3CC(O)C4(O)CC(O)CC(O)C4(C)C3CCC12C)C)C.CC1CCCO1,Application_ds
CCN(CC)CCCCl.CC(C)=O,Application_ds
COC(=O)[C@H](Cc1ccc(O)cc1)NC(=O)[C@H](C)NC(=O)Cc1cc(F)cc(F)c1.O,Application_ds
CCOC(=O)c1cc2cc(-c3ccc(C(C)(C)C)cc3)ccc2n1-c1ccc(OC(C)C)cc1.O=CN(C)C,Application_ds
  CCCCCCCC(=O)Nc1c(Nc2ccc(F)c(Cl)c2)c(=O)c1=O.CC(C)=O,Application_ds
O=C(OC)C1N(C(=O)C2=CC=C(F)C=C2)CC3=C(N=CN3CC=4C=CC=CC4)C1.O,Application_ds
COCOc1cccc(C(C)O)c1.CO,Application_ds
CC(C)(C)OC(=O)NCC(=O)Nc1ccc2c(c1)SC(=C(C(N)=O)c1nccc(C(F)(F)F)n1)N2.CC(C)=O,Application_ds
CNC[C@H]([C@@H](O)C1CCCC1)N1C(=O)c2ccccc2C1=O.CC(OCC)=O,Application_ds
CC(=O)CC(C)=O.CC1=CC=CC=C1,Application_ds
O=C(OC1=CC=C(C=C1)C2OC2COC(=O)CC(C)CC)CC(C)C.CCO,Application_ds
O=C(OC1CC2=C(O)C=3C(=O)C=C(OC3C4=C2OC1(C)C5CC6=CN=C7NC(C)CCC7=C6CCC5C8C=9C(=NC=CC9C4C(C%10=CC(O)=CC=C%10CC8)CO)N)CO)C(=CC)CNCC.O=CN(C)C,Application_ds
O=C(NCCC1=CNC=2C=CC=CC21)C=3C=C(N=C4C=CC=CC43)C=5C=CN=CC5.CC1CCCO1,Application_ds
CC(C)(C)OC(=O)N1C[C@H]2C[C@@H]1CN2c1ccc(Cl)nc1.O,Application_ds
O=C(NC(COCC1CCNCC1)c1ccc(F)cc1)c1ccc2c(Cl)c[nH]c2c1.CCO,Application_ds
OCC(=CCCC1(C)C2CCC1(C)C(O)C2)C.N#CC,Application_ds
C[C@H]1C[C@@H](N)CCN1C(=O)OC(C)(C)C.CO,Application_ds
O=S1(=O)NCc2cc(Br)ccc21.CCO,Application_ds
  COC(=O)c1ccccc1S(=O)(=O)NC(=S)NC(=Nc1cc([N+](=O)[O-])ccc1Cl)c1ccccc1.CO,Application_ds
[O-][NH+](O)C1=CC=CC(=C1)C2=NOC(=N2)C3N(CC=4SC=CC4)CC(O)C3.O,Application_ds
CCN1CCC(NC(=O)c2cc(OC)c(N)cc2F)CC1.O,Application_ds
OB(O)c1cccnc1.CC(C)=O,Application_ds
CCCC(=O)c1ccc(OCCCC(=O)OCC)c(OC)c1.CC1CCCO1,Application_ds
CC1CC2(CCC1=O)OCCO2.CC(C)=O,Application_ds
C#Cc1ccc(N)nc1.O=CN(C)C,Application_ds
CCc1cc2c(N3CCN(C(=O)c4cc(N(C)C)nc(N(C)C)n4)CC3)nc(SCC(=O)OC)nc2s1.N#CC,Application_ds
O=CN1CC[C@]23CC(=O)CC[C@H]2[C@H]1Cc1cc(O)cc(O)c13.O=CN(C)C,Application_ds
O=C1OC2=CC(OC)=C(C=C2C=C1)C3=C(O)C=CC=4C=CC(=O)OC43.CCO,Application_ds
COc1c(OCCCS(=O)(=O)N2CCOCC2)ccc2c1N=C(N)N1CCN=C21.N#CC,Application_ds
CC(C)(C#N)c1ccc(C(=O)CCCCl)cc1.O=CN(C)C,Application_ds
O=C(Nc1ccc(Cl)cn1)c1cc(Cl)[nH]n1.CC(C)=O,Application_ds
O=C(O)C1CCN(c2cccc(C(F)(F)F)c2)CC1.CO,Application_ds
Cc1c(C=C2C(=O)Nc3ccc(F)cc32)[nH]c2c1C(=O)N(CCN1CCCCC1)CCC2.CC1=CC=CC=C1,Application_ds
O=C1OC2CC(C)C34C(=C(C)C(C3OC(=O)C)C5(C(=O)OC6CC(=C)C(=CC65)C(C)CCCO)C4)CC2C1=C.CC1CCCO1,Application_ds
O=c1oc(-c2cc(Cl)cc3c2OCCC3)nn1C1CCN(C2Cc3ccccc3C2)CC1.CC(OCC)=O,Application_ds
O=C1C=C2C3CC4(C)CCC#CC(O)C3(CC4)C(O)CC2(C)C56CCCCC7(CCC(O)C(C)(CO)C7CC5)C16.CCO,Application_ds
CCOC(=O)c1cn2c3c(c(Br)c(F)cc3c1=O)OC[C@@H]2C.CC(C)=O,Application_ds
  O=c1c(NC(=S)c2ccccc2)c(Nc2nnc(-c3ccc(C(F)(F)F)cc3)s2)c1=O.CCO,Application_ds
COC(=O)Cc1ccc(OCc2ccc(-c3ccccc3)cc2)cc1.N#CC,Application_ds
O=C1OC=2C=C(OCC(=O)NCC(=O)NCC(=O)O)C=CC2C3=C1CCC3.CO,Application_ds
COc1ccc(Nc2cccc(-n3cccn3)n2)cc1OC.CCO,Application_ds
COc1ccc(-c2cc(Cl)cc3c2N(C)C(CN=[N+]=[N-])CO3)c(C)c1.CC(C)=O,Application_ds
CS(=O)(=O)N[C@@H]1CC[C@@H](CCN2CCCCC2c2coc3cccc-3c2)CC1.CC(OCC)=O,Application_ds
COc1cc(Br)ccc1N1CCNCC1.O=CN(C)C,Application_ds
O=C(O)C1NC(C2=CC=C3OCOC3=C2)C=4NC=5C=CC=CC5C4C1.CCO,Application_ds
Fc1ccc2nc(C[C@@H]3CCCCN3)c(Cl)n2c1.CC(C)=O,Application_ds
F[C]1[CH][CH][C]([CH][CH]1)C[NH+]2[CH][CH][CH][C]3[C]4[CH][CH][CH][CH][C]4[CH][CH][C]32.CC(C)=O,Application_ds
O=C(OCC(OC(=O)CCCCCCCCCCCCCCCCCC)COP(=O)(O)OC1C(OC2OC(CO)C(O)C(O)C2O)C(O)C(O)C(O)C1OC3OC(CO)C(O)C(O)C3O)CCCCCCCCCCCCCCC.CCO,Application_ds
COc1ccc(C(=O)Nc2ccc(C(C)(C)CN)cc2)cc1OC.CCO,Application_ds
COc1cc(N2CCOCC2)ccc1Nc1nc(C(=O)N2CCOCC2)c2nc[nH]c2n1.CO,Application_ds
O=CCC(O)COC1=C(OC2OC(CO)C(O)C(O)C2(O)CCO)C(=CC=3C(=O)C4=CC=C(C=C4C(=O)C13)CO)CC=5C=CC=CC5[NH+]6C7=NC([NH-])=NC(=O)C7=NC6.N#CC,Application_ds
COC(=O)c1ccc(CBr)cc1C(=O)OC.CC(C)=O,Application_ds
CN(CCCc1nc2cc(Cl)c(Cl)cc2[nH]1)CCC1(O)CC2CCC1C=C2c1ccccc1.O,Application_ds
Cc1ccc(NC(=O)c2cccc(C(C)(C)C#N)c2)cc1NC(=O)c1cccc(Br)n1.CC1CCCO1,Application_ds
CCc1c(Oc2ccc(C#N)cc2)c(OC)nn1CC(N)=O.CO,Application_ds
O=C1C=C2C3(O)CCC45C#CCC6(NC(O)C7OC(C(CO)C7C6)C(O)(O)C4(O)C)C(=O)N8CC8CC#CC2(CCC35C)C9(C)CCC(OCCCOC)CC19.CC(OCC)=O,Application_ds
CCOC1=CC=CC=C1NC(=O)C2=CC3=CC=CC=C3C(=C2O)N=NC4=CC=C(C=C4)C(=O)N.N#CC,Application_ds
c1ccc2cc(OCCCNC3CCCCC3)ccc2c1.N#CC,Application_ds
CCCCCCC(=O)Oc1ccc2cc(-c3nnc(CCCCCC)s3)ccc2c1.O=CN(C)C,Application_ds
CC(N)c1oc(=O)c2ccccc2c1-c1cn[nH]c1.N#CC,Application_ds
Cc1[nH]cnc1C=O.CO,Application_ds
CN1C(C2=CC=C(Cl)C=C2)S(=O)(=O)CCC1=O.CCO,Application_ds
CNC1=CC(=O)C(Nc2ncnc3cc(OC)c(OC)cc23)=CC1=O.N#CC,Application_ds
O(C1=CC=C(OC2COCCN(CC3=CNC=4C=CC=CC43)C2)C=C1)C.CC1CCCO1,Application_ds
O=C(c1cc([C@H]2CCCN2c2cccc(F)c2)c2oc(N3CCOCC3)cc(=O)c2c1)N1CCOCC1.CCO,Application_ds
O=C1C=COC(=C1OC(=O)C(C)C)C.CCO,Application_ds
O=C(c1ccccc1)N1CCN(c2ccc(OCc3ccccc3)c(Nc3ccccc3)c2)CC1.O=CN(C)C,Application_ds
CC(C)COC(=O)c1ccc(OCC(=O)c2ccc3c(c2)C(C)(C)CCC3(C)C)cc1O.O,Application_ds
BrC1C(OC2CC(OC12)C(Br)CC)=CCC=CC#C.O=CN(C)C,Application_ds
CCNC1(C(N)=O)CN(c2nc(-c3ccc(Cl)cc3)c(-c3ccc(Cl)cc3)c3nn(C)c(=O)n23)C1.CC(C)=O,Application_ds
C[C@@H](Nc1nc(Cl)ncc1Br)C(C)(C)O.CC(OCC)=O,Application_ds
CCOC(=O)Nc1cc(OC2CCCC2)c(Cl)cc1F.CC1CCCO1,Application_ds
O=S(=O)(NC1CN(C)C(C2=NC(=NO2)C=3C=CN=CC3)C1)C.CC1CCCO1,Application_ds
CCCC[Sn](CCCC)(CCCC)/C(=C/[C@H]1CCC(=O)N1Cc1ccc(OC)cc1OC)c1ccc(C(C)(C)C)cc1.CO,Application_ds
COc1cncnc1N1CCN(CCCc2c[nH]c3ccc(NC(=O)C(F)(F)F)cc23)CC1.CC1CCCO1,Application_ds
  COC(=O)[C@@H](Cc1ccccc1)Nc1c(Nc2cc(C(C)(C)C)nn2-c2ccccc2)c(=S)c1=S.O=CN(C)C,Application_ds
OC1=CC=C(C=C1)C2OC=3C(=CC=C(O)C3C)CC2.N#CC,Application_ds
CCOc1cc2c(Nc3cc(OC)c(Cl)cc3Cl)c(C#N)cnc2cc1OCCCC1CCN(C)CC1.CC1=CC=CC=C1,Application_ds
Cc1noc(-c2ccc(Br)cc2)c1CC(F)(F)CCc1ccccc1.CC1=CC=CC=C1,Application_ds
CCOC(=O)c1sc2nc(CN3CCN(C(=O)OC(C)(C)C)CC3)[nH]c(=O)c2c1C.CC(OCC)=O,Application_ds
Cc1ccnc(C=Cc2nn(C3CCCCO3)c3cc(Nc4ccccc4C(=O)NCC#CC4CC4)ccc23)c1.CC(C)=O,Application_ds
O=C1C(=CC2C(CCC(O)(C=CCC(=CC1O)C)C)C2(C)C)C.O,Application_ds
C=Cc1ccc(OC)cc1.O=CN(C)C,Application_ds
CC(=O)c1ccc2c(c1)CCCN2C(=O)OC(C)(C)C.N#CC,Application_ds
CCOC(=O)c1csc(NC(=O)c2cc(OC)c(OC)c(OC)c2)n1.O,Application_ds
CCOc1cc(O)cc(CO)c1.N#CC,Application_ds
O=C(CCl)Nc1ccc2c(c1)COC2=O.CC(C)=O,Application_ds
O=C1OC2=C(C=CC(OCC=3C=CC=4C=CC=CC4C3)=C2C)C(=C1CC(=O)N5CCC6(O)CCCCC6C5)C.CC(OCC)=O,Application_ds
CC(C)(C)OC(=O)C1CN(Cc2ccc(-c3noc(-c4onc(-c5ccccc5)c4C(F)(F)F)n3)cc2F)C1.CO,Application_ds
OCCCCCCc1ccccc1.CC1=CC=CC=C1,Application_ds
Cn1c(NCC[C@H](N)c2ccccc2)nc(-c2ccncc2)c(-c2cccc(C(F)(F)F)c2)c1=O.O=CN(C)C,Application_ds
CCOC(=O)c1csc(Br)c1.O=CN(C)C,Application_ds
CCSc1ncc(C(=O)N(C)OC)c(N)n1.O=CN(C)C,Application_ds
Clc1nc2ccccc2n2cnnc12.N#CC,Application_ds
c1ccc(C(c2ccccc2)N2CCNCC2)cc1.N#CC,Application_ds
C=C1CC23CCC1C3(C)CCCC2(C)C.CC1=CC=CC=C1,Application_ds
O=C(OC1=CC=C(Cl)C=C1)OC2CC3=CCC4C(CCC5(C)C(CCCCCCCC)CCC45)C3(C)CC2.N#CC,Application_ds
O=C1OC(C(=O)N(C)C(C(=O)OC(C(=O)N(C)C(C(=O)OC(C(=O)N(C)C1CC=2C=CC=C(F)C2)C(C)C)CC=3C=CC=C(F)C3)C(C)C)CC=4C=CC=C(F)C4)C(C)C.CCO,Application_ds
O=S1(=O)NC2CN(CC=3SC=CC3)CC2OC4=NC=CC=C41.CC(OCC)=O,Application_ds
O=S1CCN(c2nc(Cl)nc3c(SCc4cccc5ccccc45)ncnc23)CC1.O=CN(C)C,Application_ds
O=C1C=CC2=C(N1)CC3C=C(C)CC2(N)C3C=C.CC1CCCO1,Application_ds
O=C(OC)C(C(=O)OC)=C1SC=2C(=O)C=3C=CC=CC3C(=O)C2N1C=4C=CC=CC4.CO,Application_ds
COc1ccccc1-n1c(=O)c2cnc(SC)nc2n1C.CC(OCC)=O,Application_ds
N#CC1=C(OC=2C=C(N(C(=O)C2C1C3=CC(OC)=C(OC)C(OC)=C3)CC4=CC=C(OC)C(OC)=C4)C)N.CC(C)=O,Application_ds
O=C1OC(C(OC)=C1CO)=C2OC3=CCC4N5C(CC(CC=6C=CC=CC6)CC5C3C2CO)C(O)CC7CCCC7CSSC4.CCO,Application_ds
O=C1OCC23C(OC(C)(CCC(C)C4CCCC4)C3C(=O)C(O)C5(C)C2CCC6(C)C(OC(=O)C7OC765)C=8C=COC8CCCCCCC9NCNC9)C1.N#CC,Application_ds
CNCc1ccc(F)nc1.CO,Application_ds
Cc1nc(-c2ccc3cc(NC(=O)C4CC4)ncc3c2)cs1.CO,Application_ds
O=C(N1CCCCC1)C2C=CC(C3=CC=C4OCOC4=C3)C(C5=CC=C6OCOC6=C5)C2C(O)=NCC(C)C.O,Application_ds
CC1=CC=CC=C1C(=O)NC1=CC(C)=C(C=C1)C(=O)N1CCC[C@@H](O)C2=C1C=CC(Cl)=C2.CCO,Application_ds
CC1=NN(C(=O)\C1=N/NC1=C(O)C(=CC=C1)C1=CC=CC(=C1)C(O)=O)C1=CC=C(C)C(C)=C1.O=CN(C)C,Application_ds
COc1cc(N2CCCN(S(C)(=O)=O)CC2)ccc1[N+](=O)[O-].O=CN(C)C,Application_ds
O=C([O-])C1OC(O[C]2[CH][C]3[OH+][C]([CH][C](O)[C]3[C](O)[C]2OC)[C]4[CH][CH][C](OC)[CH][CH]4)C5(O)C=CC(C6=NC=N[CH+]6)C1(O)C5O.CCO,Application_ds
O=C(O)CC(=O)Nc1nc(-c2ccccc2)cs1.CC(OCC)=O,Application_ds
Cc1ccc(S(=O)(=O)OCCCCCCO)cc1.N#CC,Application_ds
OB(O)c1ccc(N2CCOCC2)cc1.CC1CCCO1,Application_ds
Cc1ccccc1-c1ncnc(-c2ccccc2)c1C.CC1=CC=CC=C1,Application_ds
O=C(O)c1cc2cc(Cl)ccc2nc1Cl.CO,Application_ds
  CCOc1ccc(C(=O)Nc2c(Nc3ccccc3NC(=O)c3cccc(N)c3)c2=O)cc1Cl.CC1=CC=CC=C1,Application_ds
Cc1cc(Nc2nc(Cl)cc3nc(C(C)C)cn23)n[nH]1.CC1CCCO1,Application_ds
CN1CC(CCCCN2CCN(c3ccccc3)CC2)OC1=O.CC1=CC=CC=C1,Application_ds
Cc1cc(Cl)cnc1C(N)=O.O=CN(C)C,Application_ds
CC(=O)NC(CSC(=O)c1ccc(C)cc1)C(=O)O.CO,Application_ds
O=C1NC=2C=CC=CC2C13CCNC3C=4C=CC=C(OC)C4.CCO,Application_ds
Cc1nc[nH]c1/C=C1\C(=O)Nc2ccc(F)c(C#CCN3CCCCC3)c21.CC1=CC=CC=C1,Application_ds
CCCC1NCCN(Cc2ccc3c(N)ncnc3c2)C1=O.CO,Application_ds
O=C(O)c1ccccc1-c1ccc(CSCCOc2ccccc2)cc1.CC1CCCO1,Application_ds
CC(=O)N1C[C@H](N)C(=O)N(C(C)C)c2ccccc21.CC(OCC)=O,Application_ds
N#Cc1cccnc1-n1c(/C=C/c2ccccc2)nc2ccccc21.CC(OCC)=O,Application_ds
CC1(C)CCC(=O)NC1.CO,Application_ds
NC(=O)c1ccc(B(O)O)cc1.O=CN(C)C,Application_ds
CC(=O)Cn1c(=O)c2c(ncn2Cc2ccccc2)n(C)c1=O.CC(C)=O,Application_ds
CC(C)(C)OC(=O)N1CCC(N(C(=O)CBr)c2ccc(C(F)(F)F)cc2)CC1.O=CN(C)C,Application_ds
CC(C)NC(=O)CN(Cc1cccc(Br)n1)C(=O)OCc1ccccc1.CC1=CC=CC=C1,Application_ds
CN(C)c1ccc(C(=O)CBr)cc1.CO,Application_ds
O=C(OC1=CC=C2OC(=O)C(C=3C=CC(Br)=CC3)=C(C2=C1)C)C4=CC(OC)=C(OC)C(OC)=C4.O,Application_ds
  Cc1ccc(C)c(Nc2c(Nc3ccc(C(=C(C#N)C#N)C(=C(C#N)C#N)c4ccccc4)cc3)c(=S)c2=S)c1.CC(OCC)=O,Application_ds
CC1CCCN1CCc1nc2ccc(Br)cc2s1.CC1=CC=CC=C1,Application_ds
CS(=O)(=O)c1ccc(/C(=C\C2CCCCC2)C(=O)O)cc1[N+](=O)[O-].N#CC,Application_ds
O=C(O)C=CC(O)(C)C1CCC2C3CC=C4CC(OC(=O)C)CCC4(C)C3CCC21C.CC(OCC)=O,Application_ds
FC(F)(F)c1ccnc(Nc2cccc(Br)c2)n1.O=CN(C)C,Application_ds
O=[N+]([O-])c1cccc(Cl)c1CCO.CC(C)=O,Application_ds
O=C1C=CC=C2N1CC3CN(CC4=C(O)C=C(C=5C(=O)C(=COC54)C=6C=CC(OC)=CC6)C)CC2C3.N#CC,Application_ds
  O=C(CCl)NS(=O)(=O)NC1([C@H]2CCCS2(=O)=O)CCCCC1.CO,Application_ds
O(C1=CC=C2C(=C1OC)C[NH+]3CCC4=CC=5OCOC5C(OC)=C4C3C2)C.CCO,Application_ds
CCOC(=O)c1cc(C#N)c(N2CCC(C(=O)O)CC2)nc1CN1CCCCC1=O.N#CC,Application_ds
O=C1CC(C=CC(C)(COC2OC(CO)C(O)C(O)C2O)C1)C.CC(C)=O,Application_ds
Cc1cc(C(=O)O)ncc1C(c1cc(F)ccc1F)S(=O)(=O)c1ccc(F)cc1.CC(C)=O,Application_ds
ClC1=CC=C(N)C=C1C.CC(OCC)=O,Application_ds
CC(Nc1cccc(Cl)c1F)c1cc(C(=O)N(C)C)cc2c(=O)cc(N3CCOCC3)oc12.CC1CCCO1,Application_ds
COc1ccc(CCl)cc1C.CC(C)=O,Application_ds
COC(=O)COc1cn(S(=O)(=O)c2ccc(OC)cc2)c2ccc(Br)cc12.N#CC,Application_ds
O=C1C(OC2=CC(OCC=C(C)C)=CC=C21)=CC3=CC(OC)=C(OC)C=C3OC.CC(C)=O,Application_ds
N#Cc1n[nH]c2ccc(N)cc12.O,Application_ds
CC(C)(C)c1cccc2c1CCC(C)(O)C2(CCOC(=O)N(c1ccccc1)c1ccccc1)O[SiH](c1ccccc1)c1ccccc1.N#CC,Application_ds
O=C1C(=C(OC(=O)C)C(=O)C2=C1C(O)CC3C2(C)CCCC3(C)C)C(C)COC(=O)C.CC(C)=O,Application_ds
COc1cc2nccc(Oc3ccc(C)nc3-c3nccs3)c2cc1OC.CO,Application_ds
O=C(OC(C)C1CCC2(O)C3CC=C4CC(OC5OC(C)C(OC6OC(C)C(OC7OC(C)C(OC8OC(CO)C(O)C(O)C8O)C(OC)C7O)C(OC)C6)C(OC)C5)CCC4(C)C3CC(CC(=O)C=9C=CC=CC9)C12C)C.CCO,Application_ds
CCCCCCCCCCC[P+](c1ccccc1)(c1ccccc1)c1ccccc1.CO,Application_ds
O=C1NC(C(=O)NC=2C=CC=CC12)CCC(=O)NC3=NC=4C=CC=CC4N3.CC(C)=O,Application_ds
O=C(N1CCN(C=2N=C(N)C=3C=C(OC)C(OC)=CC3N2)CC1)C4OC=5C=CC=CC5OC4.N#CC,Application_ds
CCn1cc(NC(=O)Cc2ccc(OCc3ccccc3)cc2OC)c(C)n1.CC1=CC=CC=C1,Application_ds
CCOC(=O)c1cn2ncc(C#N)c(Cl)c2c1OC.CC(C)=O,Application_ds
O=C(OC1CC2C(C=CCC2(C)C)(C)C3CCC4(C)C(C5=COC=C5)CCC4C13C)C.O,Application_ds
  Cc1ccc(-c2ccccc2)n1[C@@H]1CCCC[C@H]1Nc1c(Nc2c(F)c(F)nc(F)c2F)c1=O.O=CN(C)C,Application_ds
CC1(C)NC(=O)N(Cc2ccccc2)C1=O.CCO,Application_ds
CNCc1csc(C(C)C)n1.CC(C)=O,Application_ds
C1=CC=C(C=C1)C2=C3C(=C(N2)O)C(=NC3=O)C4=CC=CC=C4.CC1CCCO1,Application_ds
O=C1C2=NC=3C=CC=CC3C(=O)N2C=4C=CC=C(O)C14.CO,Application_ds
O=C(OC(C(=O)OCC)C)C.O,Application_ds
O=C(C1=C(O)C=2C(OC3OC(CO)C(O)C(O)C3(O)CO)=CC(OC)=CC2C=C1C)C.CC1=CC=CC=C1,Application_ds
Cc1ccc(Cn2ccc3ccc([C@@H]4O[C@H](COCc5ccccc5)[C@@H](OCc5ccccc5)[C@H](OCc5ccccc5)[C@H]4OCc4ccccc4)cc32)cc1.O=CN(C)C,Application_ds
N#Cc1cnc(Cl)s1.CC1CCCO1,Application_ds
O=C1OC2(C3=CC(=O)C4C5(C)CCC(=O)C(C)(C)C5CCC4(C)C3(C)CC2)C(C)C1.O=CN(C)C,Application_ds
CC(C)(C)OC(=O)NCc1cccc(C2CCNCC2)c1.O,Application_ds
O=C1OC(C=2C(O)=C(C=C3C(=O)C(N)=CC(=O)C32)C)=C(C=C1C)C.CC1=CC=CC=C1,Application_ds
c1cnc(N2CCNCC2)nc1.CC(C)=O,Application_ds
Cc1ccc(I)c(C(=O)O)c1.CCO,Application_ds
O=C1NC(=O)N(C=2NC3=C(C(=O)C4(OC=5C(Cl)=C(OC)C=C(OC)C5C4=O)C(C)C3)C(C6=CC(F)=C(F)C(F)=C6)C12)C.O=CN(C)C,Application_ds
FC1=CC=C(C=C1)C2NN=C(C=3C=C(Cl)C=CC3O)C2.CO,Application_ds
O=C1C(OC2OCC(OC3OC(CO)C(O)C(O)C3O)C(O)C2O)=C(OC4=CC(OC)=CC=C14)C=5C=C(OC)C(O)=C(OC)C5.O,Application_ds
O=C1OC(CC2=C(O)C(OC)=CC(O)=C12)CC3OC(C)CCC3.O=CN(C)C,Application_ds
O=C(OC1C(C)C2(O)C(C(OC(=O)C)C1(OC(=O)C)C(=C)C)C(OC(=O)C)C3(OC4(C(O)C(C)CC24)C3OC(=O)C=5C=CC=CC5)C)C=6C=CC=CC6.CC(OCC)=O,Application_ds
O=C(OCC1OC(N2C=NC=3C(=NC=NC32)N)CC1OC(=O)C=4C=CC=CC4)C=5C=CC=CC5.CCO,Application_ds
  CC(C)(C)[C@H](NC(=O)Nc1ccccc1/N=C/c1ccc(Cl)cc1)C(=O)N1CCC[C@@H]1c1ccccc1.CO,Application_ds
CC(C)(C)OC(=O)N1CCN2C(=O)c3c(cc(Br)cc3C(F)(F)F)[C@@H]2C1.CC(C)=O,Application_ds
Cc1cc(Nc2ncnc3ccc(C=NN)cc23)ccc1Oc1ccccc1.CC(C)=O,Application_ds
O=C1NC(C2=NC(C(=O)NC(C3=NC(=CS3)C(=O)NC(C4=NC1=CS4)C(C)C)C(C)C)C(O2)C)C(C)C.N#CC,Application_ds
O=C1OC2(C=3C=CC=C(C13)CCCN)C4CCCCC=5C=CC=C(C5)CC6=CC7=C8CCC92C(OC(=O)C749)=C(O)CC(N%10CC%11CN%12C%13=C(C=CC%12C(C%10)C%11)CC(C)C6C%138)C.CCO,Application_ds
Cc1c(CN2CCN(c3nccnc3-c3ccc(Cn4cccn4)cc3)CC2)cnn1C.O=CN(C)C,Application_ds
  CCCCCCNC(=S)Nc1cc(C)[nH]n1.CC(OCC)=O,Application_ds
O=C(C)C1C2N3C(CC2)CC(C)C(O)(C=4C=CC=CC4)C3CC1(O)C.CO,Application_ds
N[C@H]([C@@H](O)C1=CC(O)=C(O)C=C1)C(O)=O.CC1=CC=CC=C1,Application_ds
CC(=O)N1c2ccccc2[C@H]2[C@@H](CCN2C(=O)[C@H]2CCCC[C@H]2NC(=O)c2ccccc2)[C@@H]1c1ccccc1.O,Application_ds
[H][C@@]12C[C@@H]([C@H](OC(C)=O)[C@@]1(C)CC[C@@]1([H])[C@@]2([H])CC[C@@]2([H])C[C@H](OC(C)=O)[C@H](C[C@]12C)N1CCCCC1)[N+]1(C)CCCCC1.N#CC,Application_ds
CCOC(=O)c1cc(C#N)c(N2CCC(C(=O)O)CC2)nc1C.CC1=CC=CC=C1,Application_ds
O=Cc1ccc(OC(=O)c2ccccc2)cc1.CC(C)=O,Application_ds
NCC1CCCCN1.CC(C)=O,Application_ds
O=C(OC1CC2N(C)C(CC2)C1)C(C)C(O)C.O=CN(C)C,Application_ds
CCOC(=O)c1cc2cc(Oc3ccc(S(C)(=O)=O)cc3)cc(OCC3CCOCC3)c2[nH]1.N#CC,Application_ds
O=C1C=C(OC=2C=C3OC(CCNC)(CCC4CNC(=O)C4)C(OOCC(O)C(O)C(O)C(O)CO)CC3=CC12)C.O,Application_ds
CCOc1cccc(CNCC(OCC)OCC)c1O.CC1=CC=CC=C1,Application_ds
O=C(Cl)c1cccc(Cn2nc(-c3nc(-c4ccc(OC(F)(F)F)cc4)no3)ccc2=O)c1.N#CC,Application_ds
Cc1c(S(=O)(=O)O)ccc(C#N)c1Cl.CO,Application_ds
  COc1ccnc(NS(=O)(=O)N[C@@H]2CCCC[C@H]2n2cncc2-c2ccccc2)n1.CO,Application_ds
CC(C)(C)OC(=O)N[C@@H](Cc1ccccc1)C(=O)N1CC2=NNC(=O)c3cccc4[nH]c(c2c34)C1.CC1=CC=CC=C1,Application_ds
  O=c1c(Nc2c(F)c(F)cc(F)c2F)c1Nc1cccc2cccnc12.CCO,Application_ds
O=C1C=C(OC=2C=3C(=O)C=4C(O)=CC=CC4C(=O)C3C=C(C12)CO)C(=CCC)C.O,Application_ds
OC1=CC=C(C=C1O)C2OC3=CC(=CC=C3OC2CO)C4OCC5C(OCC45)C6=CC=C(O)C(O)=C6.CC(OCC)=O,Application_ds
CC1(C)OCc2cc(C3CN(CCc4ccc5c(c4)O[C@H](COCc4ccc(Cl)nc4Cl)CO5)C(=O)O3)ccc2O1.CCO,Application_ds
  CCO[Si](CCCNS(=O)(=O)N[C@@H]1C(=O)N(C[C@]23C[C@H]4C[C@H](C[C@H](C4)C2)C3)c2ccccc2N(c2ccccc2)C1=O)(OCC)OCC.CC(OCC)=O,Application_ds
COC(=O)c1ccc(SC(Cn2ccnc2)c2ccc(F)cc2)cc1.CC1CCCO1,Application_ds
O=C(F)C1(F)C(F)(F)C(F)(F)C(F)(F)C(F)(F)C1(F)F.CC(C)=O,Application_ds
Nc1ccc(C(=O)O)cc1Cl.CC(C)=O,Application_ds
CC(C)Nc1nc2c(Cl)cc(Cl)cc2[nH]1.CCO,Application_ds
O=C(Nc1ccc(OC(F)(F)Cl)cc1)c1cnc(N2C[C@H](O)[C@@H](O)C2)c(Br)c1.CC(OCC)=O,Application_ds
CN1[C@H]2CC[C@@H]1C[C@@H](C2)OC(=O)[C@H](CO)C1=CC=CC=C1.CC1=CC=CC=C1,Application_ds
Nc1ncc(Br)cc1-c1ccc(F)cc1F.O=CN(C)C,Application_ds
O=C(O)C1=COC(OC2OC(CO)C(O)C(O)C2O)C(C=C)C1CCOC(=O)C3=CC(O)=C(O)C(O)=C3.CC(C)=O,Application_ds
O=C(OC1CC(C(O)(C)C)C(C)(C(O)CC(=O)OC)C2CC(=C)C3(C(=O)C(OC(=O)C3C12C)(C(=O)OC)C)C)C.CO,Application_ds
CC(COc1ccc(N2N=C3c4ccccc4SCC3CC2=O)cc1)N(C)C.CO,Application_ds
OCOC1=CC=C(C=C1OCO)C2OC(C3=CC=C(OCO)C(OCO)=C3)C(C)C2C.CC1=CC=CC=C1,Application_ds
C#Cc1ccc(-c2ccc(Cl)cc2)cn1.CC(OCC)=O,Application_ds
CCc1ccnc(NC(=O)c2ccc(-c3nc([C@@H]4CCCN4C(=O)/C=C/COC)n4ccnc(N)c34)cc2)c1.CC1CCCO1,Application_ds
O=C(O)C(NC(=O)C(NC(=O)C(N1C(=O)NC=2C=CC=CC2C1=O)CC3=CNC=4C=CC=CC43)C)C(C)C.CO,Application_ds
  CC(C)(C)c1cc(NC(=O)Nc2ccc(CCO)cc2)n(-c2ccccn2)n1.CC1CCCO1,Application_ds
O=Cc1ccc(Oc2ccccc2)cc1Br.CC1CCCO1,Application_ds
O=C(C=1C(=O)CC2(O)C3OC(CC43C(=O)C=5C=C(OC)C=C(O)C5C(O)=C4C(=O)C2(O)C1O)C(O)(C)C)C.CO,Application_ds
O=CCCNC(C(=O)O)C(=O)OCC1OC(OC2=CC=C3C(=O)C(=COC3=C2)C=4C=CC(O)=CC4)C(O[NH+]5C=C6N=CC=C6C5)C(O)C1O.O=CN(C)C,Application_ds
OCCCSc1ccncc1.N#CC,Application_ds
C[Sn](C)(C)c1cc2nccc(Cl)c2s1.CC(OCC)=O,Application_ds
C1(=C2CCC(C)C2C3C(CC1)C3(C)C)C.CC(OCC)=O,Application_ds
O=C1C=NC=2NNC=CC12.N#CC,Application_ds
O=C(NCCC(=O)NC1=NC(=CS1)C)N2CC=3NC=4C=CC=CC4C3CC2.O,Application_ds
O=C1CCC2=CC=C(O)C(OCO)=C2C#CCC=3C=C4C5=C(OC(O)C(C5)C6CN=C(N)NC(CSSC6CCC(C4)C(O)C1)C(C)C)C3OCNC.O=CN(C)C,Application_ds
O=C(NC1CCCCC1)N2CCN(CC2C(=O)NC(C(=O)OC)C)S(=O)(=O)C.O=CN(C)C,Application_ds
CC(C)(N)CCO.O=CN(C)C,Application_ds
CC1CNC1.CC(C)=O,Application_ds
OC1CCC2C(C)(CCC3C4(C=C(C5=CCC(C)(C)CC5C4(C)CCC32C)C)C)C1C.O=CN(C)C,Application_ds
COc1cc(C)c(C=C2C(=O)Nc3ccc(Br)cc32)cc1C(C)C.CC(OCC)=O,Application_ds
c1ccc(-c2cnccn2)cc1.N#CC,Application_ds
CCOC(=O)Cn1ccc2ccc(O)cc21.CC(C)=O,Application_ds
Cc1nn(Cc2ccc(Cl)cc2C(F)(F)F)c2ccc(C=C3SC(N4CCN(C(=O)OC(C)(C)C)[C@@H](CO)C4)=NC3=O)cc12.N#CC,Application_ds
CC(C)(C)c1ccc(CBr)cc1.O,Application_ds
COc1ccc(Cn2nc(I)c3c(Oc4ccc(NC(=O)c5ccnn(-c6ccc(F)cc6)c5=O)cc4F)ccnc32)cc1.CCO,Application_ds
CC(C)(C)OC(=O)N1CCC(CC(=O)O)C1.CO,Application_ds
COc1ccc2c(c1)c(CCN1CCCCC1CC1CCCCC1)c(C)n2C(=O)c1ccc(Cl)cc1Br.CO,Application_ds
O=C1C=C(OCC)C(=O)C2=C1CC3(C(=C)C2CC4(C(=C)CCCC34)C)C.CC(OCC)=O,Application_ds
CC1(CO)COC1.CCO,Application_ds
CN(C)CCNC(=O)Cc1ccc(OCc2ccc(-c3ccccc3)cc2)cc1.CO,Application_ds
O=C(Cl)Cc1ccccc1.CCO,Application_ds
O=C(O)CC1=CC(OC)=C(O)C(OC)=C1.CC1=CC=CC=C1,Application_ds
  COC(=O)[C@@H](Nc1c(NC(=O)c2ccc(-c3ccc(Cl)cc3C(F)(F)F)o2)c(=O)c1=O)C(C)C.CC(C)=O,Application_ds
CCN(CCC(C)C)C1=CC2=C(C=C1)C(C3=C(O2)C=C(C(=C3)NC4=CC=CC=C4)C)(C5=CC=CC=C5C(=O)O)O.CCO,Application_ds
COCN(c1cccc(-c2nn(C3CCCCO3)cc2B2OC(C)(C)C(C)(C)O2)c1F)S(=O)(=O)c1cc(F)ccc1F.CC1CCCO1,Application_ds
  CC(=O)CC(C)(C)Nc1c(N[C@H](C[C@@](O)(C[C@@H](O)c2ccccc2)c2ccccc2)c2ccccc2)c(=O)c(=O)c1=O.CC(C)=O,Application_ds
Cc1cnc2c(ccn2-c2c(/C=C/C(=O)O)c(C)nn2C)c1.CC1CCCO1,Application_ds
N#Cc1ccc(N2CCNC(=O)C2)cc1Cl.CO,Application_ds
CC1=CC(=C(C=C1Cl)N=NC2=C(C(=CC3=CC=CC=C32)C(=O)NC4=CC=CC=C4OC)O)S(=O)(=O)O.CC1=CC(=C(C=C1Cl)N=NC2=C(C(=CC3=CC=CC=C32)C(=NC4=CC=CC=C4OC)[O-])[O-])S(=O)(=O)O.[Ba+2].CC1CCCO1,Application_ds
O=C1OCC2N1C=3C=CC=CC3CN(C(=O)C4=NC=CN=C4)CC2.CC(C)=O,Application_ds
  NC(=O)CNC(=S)NC(=O)CCl.CC(OCC)=O,Application_ds
OC=1C=2C=CC=CC2C(O)=C3C4=NC5=CC(=CC=C5OC4=CC(=NCCN6CCCC6)C13)C.CC1CCCO1,Application_ds
Fc1cc(Br)c(C2OCCO2)cc1F.CCO,Application_ds
CN(C)C(=O)NC1=CC(=CC=C1)C(F)(F)F.O,Application_ds
O=C1OC(C)CC=CC=CC=CC=CC(OC2OC(C)C(O)C(N)C2O)CC3OC(O)(CC(O)CC=CC=C1)CC(O)C3C.O=CN(C)C,Application_ds
O=C1C(C)C2(O)CCC2(C)C3(O)CC(C)(CO)CC13.O=CN(C)C,Application_ds
Cc1c2cc(-n3ccc(O)cc3=O)ccc2nn1C.CC(OCC)=O,Application_ds
C=CC1(C[C@H]2COC(C)(C)N2C(=O)OC(C)(C)C)CC1.N#CC,Application_ds
CCOC(=O)NCCN1CCC(Nc2nc3ccccc3n2Cc2cscn2)CC1.CC(C)=O,Application_ds
O=C(C=1C(O)=CC=CC1O)CCCCCCCCCCCCCCC.CC(C)=O,Application_ds
OCCS(O)(=O)=O.OCCS(O)(=O)=O.NC(N)=C1C=CC(=C\C=C2\C=CC(=CC2=O)C(N)=N)C=C1.CO,Application_ds
O=[N+]([O-])c1cnc(Cl)nc1.CCO,Application_ds
O=C(Nc1ccc2c(c1)CCN(C1CCC1)CC2)c1ccc(-c2ccncc2)cc1.CCO,Application_ds
O=C(OC1OC2COC(=O)C=3C=C(O)C(O)=C(O)C3C4=C(O)C(O)=C(O)C=C4C(=O)OC2C(OC(=O)C5=CC(O)=C(O)C(O)=C5)C1O)C=CC=6C=CC=CC6.CC(OCC)=O,Application_ds
COc1ccc(CN(c2ccccc2)c2cc(Cl)nn3c(C#N)cnc23)cc1.CC(OCC)=O,Application_ds
C[C@H](O)[C@H](CO)NS(=O)(=O)c1ccc(Cl)cc1.CC1=CC=CC=C1,Application_ds
O=C1C2=CC=C(OCC(=O)NC=3C=CN=CC3)C=C2OC(=C1C=4C=CC=CC4)C.CC1CCCO1,Application_ds
O=C1C(O)C2=CC(=C(O)C=C2C3(C)CCCC(C)(C)C13)C(C)C.CC1=CC=CC=C1,Application_ds
CCOC(=O)CCc1ccc(OC)cc1Br.CCO,Application_ds
Cc1oc(CCBr)nc1-c1ccccc1.CC1=CC=CC=C1,Application_ds
OC1CC(C)C23CCC(O)(C)C4CCC(C)(CC1C2(C)C)C43.O,Application_ds
O=C(O)c1ccc(Br)cc1Cl.CCO,Application_ds
O=C(O)CCC1(O)C(=O)C2(C)CCC1C2(C)C.CC1=CC=CC=C1,Application_ds
CC1(C)Oc2ccc(Nc3nc(Cl)ncc3F)nc2NC1=O.N#CC,Application_ds
CON(C)C(=O)c1cncn1C.CC(OCC)=O,Application_ds
N#Cc1cccc(CN2C(=O)C3(COc4cc5c(cc43)OCCO5)c3ccccc32)c1.CC(OCC)=O,Application_ds
CC(Nc1ncnc2c(C(N)=O)cccc12)c1cccc(N)c1.CC1=CC=CC=C1,Application_ds
CC(C)C[C@@H](C(=O)NN1C(=O)NC2(CCN(C)CC2)C1=O)[C@H](CCCc1ccccc1)C(=O)OC(C)(C)C.CO,Application_ds
O=C1C(OC=2C=CC=CC2OCC)=C(OC3=CC(OCC(=O)C4=CC=C(OC)C=C4)=CC=C31)C.CC1=CC=CC=C1,Application_ds
NC[C@H]1CC(=O)N(c2ccc3c(c2)NC(=O)CO3)C1.CC(OCC)=O,Application_ds
O=C1C(=NC=2C(Br)=CC(Br)=CC12)C=3C=CC=4C=C5C=CC=CC5=CC4C3O.CC(C)=O,Application_ds
COC(=O)c1cc(Cl)cc2c1NC(c1cccc(N3CCOCC3)c1)C(C)(C)C2.CC1CCCO1,Application_ds
COc1cc(OC)c(Cl)c(NC(=O)c2csc3c(NC(=O)Nc4cccc(C(F)(F)F)c4)ncnc23)c1Cl.O,Application_ds
O=C1OC2(C=3C=CC=C(C13)CCCN)C(CCC4CCCCC4)C56C=CCCC26C(OC5=O)=CC7CCC8CCC9C=CC=CC98C7.CCO,Application_ds
O=C(Cc1ccccn1)N1CCc2cc([N+](=O)[O-])ccc21.CC1CCCO1,Application_ds
O=C1C2=C(N(C(=O)CC2C3=CC=C(OC)C=C3)C)CC(C)(C)C1.CC(OCC)=O,Application_ds
N#Cc1ccc(CO)nc1.N#CC,Application_ds
O=C(O)c1cc(I)cc(F)c1NC1CCC(O)CC1.CO,Application_ds
O=S1(=O)c2ccccc2S(=O)(=O)N1CCCCN1CCN(c2ncccn2)CC1.N#CC,Application_ds
O=C(N)C=1C(=O)C(N(C)C)C2C(O)C3C(C(=O)C2(O)C1O)=C(O)C=4C(O)=CC=CC4C3C.O,Application_ds
CCOC(=O)C(C)(C)C1CCNCC1.CO,Application_ds
O=C1C=CC=2C=CC(OC3=CC(=CC=C3OC)C4NCCCN1CCCCN(C(=O)C)CCCNC(=O)C4)=CC2.CC1CCCO1,Application_ds
c1ccc(CSc2nsc(OCc3cncnc3)n2)cc1.CC1CCCO1,Application_ds
OCC1(C)C(N(C)C)CCC23CC43CCC5C(C(O)CC5(C)C4C=CC12)C(NC)C.CC1CCCO1,Application_ds
O=C1C=C(OC=2C=C3OC(C)(CC=4C=CC=5C=CC=CC5C4)C(O)CC3=C(O)C12)CO.CCO,Application_ds
O=C1OC2C(O)C(=CCO)C3=CCCN1C32.O=CN(C)C,Application_ds
CCCN(CCC)CCCc1cc(Cl)ccc1OCCc1ccccc1.O,Application_ds
CC[C@]1(C(=O)N2C[C@@H]3C[C@H]2CN3C(=O)OC(C)(C)C)CC[C@@H](N[C@H]2CCOC[C@H]2OC)C1.CC1CCCO1,Application_ds
O=C1OC(O)(C=2C1=C(OC)C=C(OC)C2C)C.CC(OCC)=O,Application_ds
CN(C)CC=C1CCN(CCOc2ccccc2)CC1.CCO,Application_ds
FC(F)(F)c1n[nH]c2c1COCC2.CC(OCC)=O,Application_ds
c1cc(CCOC2CCCCO2)nc(NC2CCCC2)c1.CO,Application_ds
O=C(OC)CC=1C2=NC(=CC3=NC(=CC4=NC(=CC5=NC(=C2)C(=C5CCC(=O)OC)CC(=O)OC)C(=C4CC(=O)OC)CCC(=O)OC)C(=C3CC(=O)OC)CCC(=O)OC)C1CCC(=O)OC.CC1CCCO1,Application_ds
NNC(=O)c1ccc(-c2csc(N=C(N)N)n2)o1.CCO,Application_ds
O=C(O)C=1C=C(OCC=2C=CC=CC2)C=C(OCC=3C=CC=CC3)C1.CC(C)=O,Application_ds
O=C(O)CCc1ccc(O)cc1.CCO,Application_ds
O=C(OC)N1C=2C=CC=CC2C34C5C(=O)C6C(O)C14CCC76CCCN(C5)C37.O=CN(C)C,Application_ds
CN(C)C1=C(C)N(C)N(C1=O)C1=CC=CC=C1.CO,Application_ds
  C[C@@H](Nc1c(Nc2nonc2-c2ccc(Cl)cc2)c(=O)c(=O)c1=O)C(C)(C)C.CO,Application_ds
O=C1NC(C(=O)NC=2C=CC=CC12)CCC(=O)NC=3C(=NN(C3C)C(C)C)C.O=CN(C)C,Application_ds
O=C1C(=C(OC(=C1C)C(C)C(OC(=O)C)C(C)C(OC(=O)C)C(=CC(C=2OC(=C(C(=O)C2C)C)C(C)C(OC(=O)C)CC)C)C)CC)C.N#CC,Application_ds
O=C1OC(C=C1CCCCCC(O)C2OC(CC2)C3OC(CC3O)C(O)CCCCCCCCCCCCCCCCC)C.O=CN(C)C,Application_ds
OC=1C=C2C(=CC1OC3CC(C4=CCNC(N)=C4CSSCC(CO)C3O)CC5=CC=CN5)C6C(=CC7C#CC8(CCCCC(O)C7C(O)C6)CC(C=9C=CC=CC9)CCC8CO)C(C2)CC.CC(C)=O,Application_ds
CCOC(=O)c1cc2ccccc2n1N=Cc1ccc(F)cc1.CO,Application_ds
O=CC1=CC=C(OCC#C)C=C1.CC1=CC=CC=C1,Application_ds
O=C1C=2C=CC=CC2C(=O)C1C=3C=CC=CC3.CC(C)=O,Application_ds
COC(=O)c1ccc2c(c1)OC(C)C(=O)N2.CC(OCC)=O,Application_ds
OCC=CC1=CC=C(OC)C(OC2OC(CO)C(O)C(O)C2O)=C1.CCO,Application_ds
Nc1ccc(F)cc1-c1ccc(Cl)c(F)c1.CC1CCCO1,Application_ds
CCOC(=O)CCC(=O)Cl.O=CN(C)C,Application_ds
ClC1C(O)C2CC3OCC1(O)C2C(O3)OC4OC(CO)C(O)C(O)C4O.CCO,Application_ds
CCOC(=O)c1nc2ccc(F)cc2c(=O)[nH]1.CC(C)=O,Application_ds
O=C1OC=2C=C(O)C(O)=CC2C(=C1C)C.CC1=CC=CC=C1,Application_ds
O=CC(Cc1ccccc1)NC(=O)OCc1ccccc1.N#CC,Application_ds
CCOC(=O)[C@H](CSCCc1ccccc1)NC(=O)C(CSC(C)=O)Cc1ccccc1.CC(OCC)=O,Application_ds
O=CC1CC(CC21CC3C=C4C=5C=C(O)C(OC)=CC5C(CC(=O)CC(OC(=O)CC#CCC=6C=7C=CC=CC7NC46)CCC8=CC=C(O)C(OCCO)=C8)C3C9CCC(O)CC92)C(N%10C=%11C=CNC%11C=C%10C=%12C=CC=C(O)C%12)CCCO.N#CC,Application_ds
CC1(O)CN(C(c2ccccc2)c2ccccc2)C1.CC1=CC=CC=C1,Application_ds
O=C1C(OC)=C(OC2=CC(OC)=C(OC)C=C21)C=3C=CC(OC)=CC3.N#CC,Application_ds
O=c1ccoc(CO)c1OCc1ccccc1.CC(OCC)=O,Application_ds
O=C1C(=COC=2C1=CC=C(O)C2CN3CCCC(C)C3)C=4C=CC=CC4.O=CN(C)C,Application_ds
O=C(OCC)CCC(O)(C)CC(=O)OCC.O,Application_ds
O=C(NCCO)c1ccc([N+](=O)[O-])cc1.O=CN(C)C,Application_ds
  CO[C@H](c1ccccc1)[C@H](C)NC(=S)Nc1nc(-c2ccc(C)cc2)n[nH]1.N#CC,Application_ds
O=C1C2=C(O)C=CC(=C2OC3(C(=O)OC)C1=C(O)CC(C)C3O)C4=CC=C5OC6(C(=O)OC)C(C(=O)C5=C4O)=C(O)CC(CO)C6O.CC1=CC=CC=C1,Application_ds
Cc1cc2c(c(C)c1O)C(=NO)CC1(CCC1)O2.CO,Application_ds
CC(C)NC(=O)COc1cccc(-c2nc(N)cc(Cl)n2)c1.CC1CCCO1,Application_ds
NCC1N=C(c2ccccc2F)c2ccccc2NC1=O.N#CC,Application_ds
COC(=O)c1cc(I)ccc1O.CC1=CC=CC=C1,Application_ds
O=C(OCC(OC(=O)CCCCCCCCCCCCCCCCCC)COP(=O)(O)OC1C(OC2OC(CO)C(O)C(O)C2O)C(O)C(O)C(O)C1OC3OC(CO)C(O)C(O)C3O)CCCCCCCCCCCCCCC.O,Application_ds
COc1c([N+](=O)[O-])cc2oc(C(=O)O)cc2c1Cl.N#CC,Application_ds
C=Cc1c(N)c(C(=O)OCC)cc(C(F)(F)F)c1CN1CCC[C@H](N(C)C(=O)OC(C)(C)C)C1.CC1CCCO1,Application_ds
CCCSP(=O)(OCC)Oc1cccc(C=O)c1.N#CC,Application_ds
CCOC(=O)c1cccc(-c2ccnc(NCCc3ccc(O)cc3)n2)c1.O=CN(C)C,Application_ds
O=C(O)C1=CC(=CC[NH+]2C3=CC(O)=C(OC4OC(CO)C(O)C(O)C4OC5OCC(O)(COC(=O)C=CC6=CC=C(O)C(OC)=C6)C5O)C=C3CC2C(=O)[O-])CC(N1)C(=O)O.CO,Application_ds
Cc1ccc(-c2ccccc2C(=O)Nc2ccc3c(c2)CCN3C(=O)Cc2ccnc(-n3c(C)ccc3C)n2)cc1.CC1=CC=CC=C1,Application_ds
CCC[C@H](NC(=O)[C@H]1C[C@H](Oc2cc(-c3ccccc3)nc3cc(OC)ccc23)C=C1C(=O)N[C@H](C(=O)N[C@H](C(=O)OC)C1CCCCC1)C(C)C)C(=O)OC(C)(C)C.CC1=CC=CC=C1,Application_ds
O=C(OC)C1=CC(OC)=C2C3=C1C(C=C(C)C)CC(C)C3CCC2C.CC(C)=O,Application_ds
COc1ccc(Br)cc1C1CCN([C@@H]2C[C@@H]3CC[C@H]2C3)CC1.CO,Application_ds
O=C1C2=C(OC(C)C1C)CC3N(C)C2CC3.O=CN(C)C,Application_ds
Cc1c(OCCN2CCN(C)CC2)cn2ncnc(Oc3ccc(NC(=O)c4cccn(-c5ccc(F)cc5)c4=O)cc3F)c12.CCO,Application_ds
  CC[C@@H](COC(=O)Nc1ccccc1)NC(=O)N/C(N)=N/S(=O)(=O)c1ccc(C)cc1.CC(C)=O,Application_ds
O=C1OC=2C=C3OC=C(C3=CC2C(=C1CC(=O)NCC(=O)NC(C(=O)NC(C(=O)O)CC=4C=CC=CC4)CC(C)C)C)C.O,Application_ds
O=C(NCCc1cccs1)c1cc(Cl)ccc1Cl.CC1=CC=CC=C1,Application_ds
  Cc1ccccc1-n1nc(C(C)(C)C)cc1Nc1c(Nc2ccc([N+](=O)[O-])cc2)c(=S)c1=S.N#CC,Application_ds
Cc1ccc(Oc2cccc(CNC(=O)c3cccnc3N)c2)cc1.O,Application_ds
CCOc1nc(C(C)(C)C)ncc1C1=N[C@@H](c2ccc(Cl)cc2)[C@@H](c2ccc(Cl)cc2)N1C(=O)N1CCN(CCCS(C)(=O)=O)CC1.O,Application_ds
O=C1OCC(=C1CC(O)C)CC=CC=CC.CCO,Application_ds
Cc1nc2cc(OC[C@H](O)CN3CCN(Cc4nc(-c5cccc(F)c5)no4)CC3)ccc2s1.CC1=CC=CC=C1,Application_ds
Cn1nc(-c2ccc(C(F)(F)F)cc2)c(Br)c1C(C)(C)O[SiH2]C(C)(C)C.CC(OCC)=O,Application_ds
O=C(NC1=CC=C(C=C1)C(O)C2N(C(=O)COC2)C)C3=CC=C(OC)C=C3.CCO,Application_ds
CCOC(=O)N1c2ccc(OC)nc2[C@@H](NCc2cc(C(F)(F)F)cc(C(F)(F)F)c2)C[C@H]1CC.O=CN(C)C,Application_ds
FC(F)(F)C(OC=1N=C(N=C(N1)NC2=CC=C(C=C2)C)OC(C(F)(F)F)C(F)(F)F)C(F)(F)F.CC1=CC=CC=C1,Application_ds
CN(C[C@@H](CCN1CC(N2CCC(O)CC2)C1)c1ccc(F)cc1)C(=O)c1cc(C(F)(F)F)cc(C(F)(F)F)c1.CC1=CC=CC=C1,Application_ds
O=C(NC)C(F)(F)F.O=CN(C)C,Application_ds
  CC(C)CCNC(=O)Nc1ncc([N+](=O)[O-])s1.CC1CCCO1,Application_ds
O=C1C=C(C=CN1CC)C(F)(F)F.O=CN(C)C,Application_ds
CC(C(=O)NC(C(=O)N1CCC2NCC(OCc3ccc(F)cc3)C21)C(C)(C)C)N(C)C(=O)OCc1ccccc1.CCO,Application_ds
O=C(O)C1OC(OC2=CC=C3C(OCC4C5=CC=C(OC)C(OC)=C5OC34)=C2)C(O)C(O)C1O.CC1CCCO1,Application_ds
Cc1cc2cccc(C(C)C)c2n1C.CC(OCC)=O,Application_ds
CC(C)Oc1ccc(S(C)(=O)=O)cc1C(=O)N1CCN(c2nc3c([N+](=O)[O-])cccc3s2)CC1.O=CN(C)C,Application_ds
O=COC1C=2C(=O)C(=C(O)C(=O)C2C3(C)CCCC(C)(C)C3C1)C(C)C.CC(C)=O,Application_ds
O=C(NC1=CC=C(C=C1)C(O)C2N(C(=O)COC2)CC3=CC=C(OC)C=C3)C4=CC=C5OCOC5=C4.CO,Application_ds
CP(C)(=O)c1ccc(Nc2ncc(C(F)(F)F)c(NC34CC5CC(CC(C5)C3)C4)n2)cc1.CC1=CC=CC=C1,Application_ds
N#CC1(NC(=O)[C@@H]2C[C@@H](S(=O)(=O)c3ccccc3Cl)CN2C(=O)Oc2ccc(F)cc2)CC1.CC1=CC=CC=C1,Application_ds
N[C@@H](CC(=O)O)c1ccccc1.CC(C)=O,Application_ds
O=C1OC(C(OC(=O)C)C=C1)C(OC(=O)C)C(OC(=O)C)C(OC(=O)CCl)CCCC.CC(C)=O,Application_ds
Cc1nc(-c2ccc(-c3ccc(C(=O)O)cc3)c(C)c2)no1.CC1=CC=CC=C1,Application_ds
Cc1ccc(C(=O)c2c[nH]c3ccccc3c2=O)cc1C.CO,Application_ds
CCOC(=O)/C=C/c1ccc(OCc2ccccc2)cc1C.N#CC,Application_ds
COc1ccc(Cl)c(N2CCN[C@H](C)C2)n1.O=CN(C)C,Application_ds
O=C1CCC(=O)N1CC1CCNCC1.O,Application_ds
COCCOC(=O)C1=C(C)NC(C)=C(C1C1=CC(=CC=C1)[N+]([O-])=O)C(=O)OC(C)C.O,Application_ds
N(=C(C)CC)N(C=1C=CC=CC1)CCC(C)CCCC(=C)C.N#CC,Application_ds
O=C1OC=2C=CC(Cl)=CC2C(=C1C=3C=CC=CC3Cl)C.CC1CCCO1,Application_ds
O1CC(C)C(C)C(C)C1(N2C3=C4NC=5C(C4=C6C(=C3C=7C2=C(C(=C(C7C)C)C)C)C(N(C)C6C)C)=C(C(=C(C5C)CN8C(C9=C%10C=%11C(=C(C(=C(C%11C)C)C)C)N%12C%10=C%13C(C=%14C(=C(C(=C(C%14C)C)CN%15C(C%16=C%17C=%18C(=C(C(=C(C%18C)C)C)C)N(C%17=C%19C(C=%20C(=C(C(=C(C%20C)C)C)C)N%19C)=C%16C%15C)C)C)C)N%13C%21(OC%12(C)C(C)C%21C)C)=C9C8C)C)C)C)C.CC1CCCO1,Application_ds
CC(C)(C)OC(=O)COc1cccc2c1CCCC2NS(=O)(=O)c1ccc(-c2cc(F)ccn2)cc1.CC1=CC=CC=C1,Application_ds
  C[C@H](Nc1c(NC(=O)COc2ccc(Cl)cc2Cl)c1=O)c1ccc(Br)cc1.CO,Application_ds
Nc1ccc(-c2ccccc2C(F)(F)F)cc1[N+](=O)[O-].N#CC,Application_ds
O=C(OC1CCC2(C)C3CC=C4C5CC(C)(C)CCC5(CC)CCC4(C)C3(C)CCC2C1(C)C)CCCCCCCCCCCCCCC.CO,Application_ds
CC(C)N=C=O.O,Application_ds
O=C1OC2C=C(C)C3CCC(O)(C)C3CC2C1C.CC1CCCO1,Application_ds
CCOC(=O)N1CCC(C)(N2CCC(n3c(=O)[nH]c4cc(F)c(F)cc43)CC2)C1.CC(C)=O,Application_ds
Nc1ccc(Cl)c(C(=O)O)c1.O=CN(C)C,Application_ds
CC(C)(C)OC(=O)NCc1nc2cc(Br)ccc2n1CCO.CC1=CC=CC=C1,Application_ds
Nc1ccc(N2CCOCC2=O)cc1.O,Application_ds
O=C1OC2C(C1=C)CCC3(OC3)C4CCC(CO)C24.CC(OCC)=O,Application_ds
OC1=CC=C2C(C=CC=3C2=C(OC)C=C(O)C3CC4C=5C(OC4C6=CC=C(O)C(OC)=C6)=CC(OC)=C7C8=CC=C(O)C=C8CCC75)=C1.O,Application_ds
O=C(Nc1nnn[nH]1)c1cc([N+](=O)[O-])ccc1O.CC(C)=O,Application_ds
Cc1ccc2c(n1)oc1c(-c3cc(-c4ccc(F)c(F)c4)ccn3)cccc12.N#CC,Application_ds
CCn1cc(Br)nc(Br)c1=O.CC(C)=O,Application_ds
Nc1ccc(Cl)cn1.CO,Application_ds
ON=Cc1ccc(-n2cncn2)c2ccccc12.CC1=CC=CC=C1,Application_ds
CCSCCNCC(=O)OC(C)(C)C.CO,Application_ds
  O=c1c(NCS(=O)(=O)O)c1Nc1ccccc1SCc1ccccc1.CO,Application_ds
Clc1cc(Cl)c(Br)c(Cl)c1.CO,Application_ds
O=C(OC1C(=C)C2CCC3C4(C)CCCC(C)(CO)C4CC(O)C13C2O)C.N#CC,Application_ds
O=C1OC2=CC(O)=C3C(=O)C(O)=C(OC3=C2C(C=4C=CC=C(OCC(=O)OC)C4)C1)C=5C=CC(O)=C(O)C5.O=CN(C)C,Application_ds
CC1(C)OB(c2ccc3nc(N)nc(C(=O)N4Cc5ccccc5C4)c3c2)OC1(C)C.CO,Application_ds
CCCCCc1c(-c2ccccc2)n(Cc2ccccc2)c2ccc(-c3ccc(OCC#N)cc3)cc12.CC1=CC=CC=C1,Application_ds
CCOc1cc(C(F)(F)F)ccc1C1=NC(C)(c2ccc(Cl)cc2)C(C)(c2ccc(Cl)cc2)N1C(=O)Cl.CO,Application_ds
Cc1cccc2c(=O)[nH]c(N3CCN(CCCCN4CCN(C)CC4)CC3)cc12.CC(C)=O,Application_ds
O=C(OC1CC2(OC(=CC2=O)C(=CC3OC(=O)C(COC)C31)CO)C)C(=C)C.N#CC,Application_ds
O=C(O)CC(=O)Nc1nc(-c2ccccc2)cs1.CC1CCCO1,Application_ds
FC(F)(F)c1ccc(-c2cc3[nH]c(C(F)(F)C(F)(F)F)nc3cc2Cl)c(C(F)(F)F)c1.CCO,Application_ds
CC(C)(C)OC(=O)n1ccc2cc(OCCCCBr)ccc21.CCO,Application_ds
Cc1oc(-c2cccnc2)nc1CCl.CC(C)=O,Application_ds
CC(C)(C)[Si](C)(C)Oc1ccc2c(c1)CCC1C2CC[C@@]2(C)C1CC[C@@H]2OC(=O)CO.N#CC,Application_ds
OC=1C=C2OC=3C=C(OC)C(=C(O)C3C(=CCC=C(C)C)C2=CC1OC)CCC=C(C)C.CC1=CC=CC=C1,Application_ds
CC(=O)NCCn1ccc2c1-c1ccc(Cl)cc1CC2.CCO,Application_ds
O=C(OC1=CC=C(C=C)C=C1)C2=CC=C(O)C(N)=C2SCC(NC(=O)C)C(=O)OC.O=CN(C)C,Application_ds
CC(C)C(C)(c1ccc(-c2cc(CBr)no2)cc1)c1ccc(OCc2ccccn2)cn1.O,Application_ds
FC1=CC=CC(Cl)=C1COC=2C=CC(=C(O)C2)C3=NC(=NC(=C3C4=CC=C(OC)C=C4)C)N.CC1=CC=CC=C1,Application_ds
O=C(O)C1OC(OC2CCC3(C)C(CCC4(C)C3CCC56OC(O)C7(C(O)CC54C)C(OC(=O)CCC)C(OC(=O)C(=CC)C)C(C)(C)CC67)C2(C)C)C(OC8CC(CO)C(O)C(O)C8O)C(OC9OC(CO)C(O)C(O)C9OC%10OC(O)C(O)C(O)C%10O)C1O.CC(C)=O,Application_ds
N#CC1=CC=CC(=C1)C=2C=CC(=O)N3C2C4CN(C(=O)C5=CC=C(F)C=C5)CC(C3)C4.CC1CCCO1,Application_ds
C[C@H](CO)Nc1nc(Nc2ccc(S(C)(=O)=NC(=O)NC3CCCC3)cc2)ncc1-c1cccs1.CC1CCCO1,Application_ds
O=C(O)C12CCC(=C)C(C)C2C3=CCC4C5(C)CC(O)C(OC6OC(CO)C(O)C(OC7OCC(O)C(O)C7O)C6O)C(C)(C)C5CCC4(C)C3(C)CC1.CC(C)=O,Application_ds
O=C1OC2=CC=C3C(=O)C(OC3=C2C(C4=CC=C(OC(C)C)C(OC)=C4)C1)=CC5=CC=C(OC)C=C5.CC1CCCO1,Application_ds
C1=CC2=CC=C1N=NC3=C4C=CC5=C3C=CC(=C5)S(=O)(=O)O[Al](O4)OS2(=O)=O.N#CC,Application_ds
O=C(O)C(O)CC.CC(C)=O,Application_ds
CCOC(=O)c1c(N2CCN(C(=O)c3cccs3)CC2)c2cc(Cl)cnc2n(CC(=O)c2ccccc2)c1=O.CC1CCCO1,Application_ds
O=C(O)c1ccc(-c2nn(-c3ccccc3)cc2Sc2ccc(Cl)cc2)cc1.O,Application_ds
Cc1onc(-c2ccc(F)cn2)c1COc1ccc(C(=O)NC(C)(C)CO)nc1.CO,Application_ds
O=S(=O)(Oc1ccccc1)c1cccc(-c2ccsc2)n1.CC(OCC)=O,Application_ds
Cc1[nH]nc(-c2nc3cc4c(cc3[nH]2)C(C)(C)C(=O)N4)c1N.N#CC,Application_ds
CCOc1cc2[nH]ncc2cc1N.N#CC,Application_ds
Cc1cc2c(o1)c(C(=O)O)cc1nc(Nc3c(Cl)cncc3Cl)[nH]c12.CC1CCCO1,Application_ds
CC(C)(C)OC(=O)CC(=O)c1cccc(-n2ccnc2)c1.CC1=CC=CC=C1,Application_ds
O=C1OC(C(=C1)C)C(O)C(O)C(=C)CCC2C(O)(C)CC(O)C3C(C)(CO)CCCC23C.O,Application_ds
OCCn1ncc2cc(C#Cc3ccc(-c4ccc(Cl)cc4)cn3)ccc21.CC(OCC)=O,Application_ds
CCN1CCN(Cc2ccc(NC(=O)c3ccc(C)c([N+](=O)[O-])c3)cc2C(F)(F)F)CC1.N#CC,Application_ds
Nc1ncnc2c1c(-c1ccccc1)cn2-c1cccc(C(=O)O)c1.O=CN(C)C,Application_ds
Cc1cn(-c2ccc(Nc3nc4c(s3)CCCC4c3ccc(OC(F)(F)F)cc3)cc2F)cn1.CCO,Application_ds
N#Cc1c(N)sc2ccccc12.N#CC,Application_ds
N#Cc1ccc(N2CCC[C@@H](CO)C2)c2ccccc12.O=CN(C)C,Application_ds
COc1ccc(Cl)cc1-c1cc(Nc2ccc(C#N)cc2)nc(N)n1.CC(OCC)=O,Application_ds
O=C1OC(C(=C)C)CC=2C1=CC(O)=C3NC=4C=CC=CC4C32.CCO,Application_ds
COC(=O)c1ccc(Sc2ccc(C=O)c(C)n2)cc1.N#CC,Application_ds
O=C(OC1CC2=CCC3C(CCC4(C)C(CCC34)C(C)CCC(CC)C(C)C)C2(C)CC1)CCCCCCCCCCCCC.N#CC,Application_ds
O=C(NCC(F)F)C1CC1.N#CC,Application_ds
N#Cc1ccc(N2CCc3ccccc3C2)c2ccccc12.CC1=CC=CC=C1,Application_ds
O=C1OCCN1C1CCNCC1.CC1=CC=CC=C1,Application_ds
O=C(OC)C1CC23CCC41NC=5C=CC=CC5C64CCN(C(=O)C7OC72)C63.O,Application_ds
Fc1cc(Br)ccc1C1OCCO1.O=CN(C)C,Application_ds
O=C(Nc1nnn[nH]1)c1cc([N+](=O)[O-])ccc1O.CC(OCC)=O,Application_ds
OC1=CC=C2C(=C1OC3=CC=C(C=C3)CC4C5=CC(OC)=C(OC)C=C5CCN4C)C=6C(O)=C(OC)C=C7C6C(N(C)CC7)C2.CC1CCCO1,Application_ds
FC(F)(F)Cn1cc(Br)cn1.O=CN(C)C,Application_ds
O=C1OC(C(C)CC(C)C2OC2(C(=O)CC)C)C(C)C(O)C(C=CC(OC3OC(C)C(O)C(OC(=N)O)C3)CCCC=C(C)C4OC(O)(CC=C4C)C1)C.CC(C)=O,Application_ds
Cc1ccccc1-n1nnc2c(Cl)ncnc21.CC1CCCO1,Application_ds
O=C(OCCC1=CC=C(O)C=C1)CCCCCCCCCCCCCCCCCCCCCC.CC(OCC)=O,Application_ds
CCNC(=O)c1noc(-c2cc(Cl)c(OCc3ccccc3)cc2OCc2ccccc2)c1-c1cccc(N2CCN(C)CC2)c1.CC1=CC=CC=C1,Application_ds
COC(=O)c1ccnc(CC2CCC(F)(F)CC2)c1.O,Application_ds
Cc1cc(OCC2CCN(C(=O)OC(C)(C)C)CC2)cc(OS(=O)(=O)c2cccc(Cl)c2)c1.CC1=CC=CC=C1,Application_ds
N#Cc1ccc(N(Cc2cc(Cl)ccc2Cl)[C@H]2CCNC2)cc1Cl.CC1CCCO1,Application_ds
Nc1ccc2nc(N[C@@H]3CCc4ccccc43)ccc2c1.CCO,Application_ds
CN(C)C1(CNC(=O)c2ccc(Nc3nc(N)c(C(=O)c4c(F)cccc4F)s3)cc2)CCCC1.CCO,Application_ds
COc1ccc(C(=O)NC(CO)CO)cc1/C=C/c1ccc(OC(F)(F)F)cc1.N#CC,Application_ds
O=C(O)CC(NC(=O)CCCCC)C(=O)NC1C(=O)NC(C(=O)NC2C(=O)C(N(C(=O)N(C)C(C(=O)NC(C(=O)OC1C)C(C)C)CCC3=CC=C(O)C=C3)CC=4C=CC=CC4)C(O)CC2)CCCCC(=N)N.CC1=CC=CC=C1,Application_ds
Cc1cc(N)c2cnn(-c3ccc(F)cc3F)c2c1.N#CC,Application_ds
  CNC(=O)c1cc(Oc2ccc(Nc3c(NCCCl)c(=O)c(=O)c3=O)c(F)c2)ccn1.O=CN(C)C,Application_ds
Fc1cc(Cl)cnc1F.O=CN(C)C,Application_ds
CC1c2c(nc(-c3ccc(NC(=O)NC4CC4)cc3)nc2N2CCOC[C@@H]2C)CS1(=O)=O.CO,Application_ds
CCCCCCO.CCO,Application_ds
O=C(NCCC1=CNC=2C=CC(OC)=CC21)C3=CC=CC(=C3)N4C(=O)N5CC=6C=CC=CC6CC5C4=O.CC1=CC=CC=C1,Application_ds
Cc1c(/C=C2\C(=O)Nc3cccc(-c4cccc(F)c4F)c32)[nH]c2c1C(=O)N(CCN1CCCCC1)CCC2.O,Application_ds
OC1=CC=CC(=C1)CC2=CC(OC3CCCC3)=CC4=C2OCC(C4O)C5COC6=CC=C(OC)C=C6C5O.CCO,Application_ds
C[C@@H](c1cc(F)cc(F)c1)N1CCN[C@H](C)C1.O,Application_ds
  O=C(Nc1ccc(O)cc1)Nc1cc2ccc(O)cc2oc1=O.CC(C)=O,Application_ds
CCOC(=O)CCCOc1cccc(CCCCCCOc2cc(Br)cc(CO)c2)c1CCC(=O)OCC.CCO,Application_ds
O=C(NC(CO)CCSC)C1=CC=2C=C(OC)C(OC)=CC2N1C.N#CC,Application_ds
CCOC(=N)CCOC.O=CN(C)C,Application_ds
O=CN(C=CC(C)C(OC(=O)C)C(C)C(O)CCC(C)C(OC)CC1OC(=O)CC(O)CCCC(=O)CC(C=2N=C(OC2)C=3N=C(OC3)C=4N=C(OC4)C=CCC(OC)C1C)C)C.O=CN(C)C,Application_ds
O=C1OC(=CC(=CC#CC2=COC=C2)C)C(=C1)C.CC(C)=O,Application_ds
O=CCCc1nc2cc3c(cc2[n+]([O-])n1)CCO3.CC1=CC=CC=C1,Application_ds
[O-][N+](=O)OC[C@@H](O[N+]([O-])=O)[C@H](CO[N+]([O-])=O)O[N+]([O-])=O.N#CC,Application_ds
N#Cc1ccc(F)c(Cc2cccc(Br)n2)c1.CC1=CC=CC=C1,Application_ds
  O=S(=O)(Nc1cc(Cl)c(OC(F)(F)C(F)F)c(Cl)c1)Nc1c(F)c(F)nc(F)c1F.CC1CCCO1,Application_ds
N[C@H]1CC[C@@H](O)CC1.N#CC,Application_ds
O=C(O)C(C)CC(=O)CC(C)C1CC(=O)C2(C)C3C(=O)CC4C(C(=O)CCC4(C)C3C(=O)CC12C)(C)C.N#CC,Application_ds
CC(C)(C)CNC(=O)c1ccc2cncc(Br)c2n1.O=CN(C)C,Application_ds
O=C(CCCN1CCC(C(O)(c2ccccc2)c2ccccc2)CC1)c1ccc(Br)cc1.CCO,Application_ds
O=C(O)CCC(OP(=O)(O)OCC1OC(OCC(O)C(O)C(O)CC2=CC=C(C=C2)NC(C)C3NC=4C(=O)NC(=NC4NC3C)N)C(O)C1O)C(=O)O.O,Application_ds
O=C1C=2C(O)=C(C(O)=C(C2OC(C3=CC(O)=C(O)C(=C3)CC=C(C)C)C1)CC=C(C)C)CC=C(C)C.CC1=CC=CC=C1,Application_ds
O=C1C(=C(C=CC(=CC=CC(=CC=CC=C(C=CC=C(C=CC2=C(C)CC(OC3OC(CO)C(O)C(O)C3O)CC2(C)C)C)C)C)C)C(C)(C)CC1O)C.CO,Application_ds
O=C1C(=CC=C2N1CC3CN(CC2C3)C4CCN(C)CC4)C=5C=CC=CC5CN6CCOCC6.CO,Application_ds
[H][C@@]12CC[C@@]3(CCC(=O)O3)[C@@]1(C)CC[C@@]1([H])[C@@]2([H])[C@@]([H])(CC2=CC(=O)CC[C@]12C)SC(C)=O.CCO,Application_ds
CN1CCN(c2ccnc(Cl)n2)CC1.CC(C)=O,Application_ds
O=C(OC1C(O)C2C(=COC(OC3OC(CO)C(O)C(O)C3O)C2C1CO)C(=O)OC)C=CC4=CC=C(O)C(O)=C4.O=CN(C)C,Application_ds
O=C(OC)CC=1C2=NC(=CC3=NC(=CC4=NC(=CC5=NC(=C2)C(=C5CCC(=O)OC)CC(=O)OC)C(=C4CC(=O)OC)CCC(=O)OC)C(=C3CC(=O)OC)CCC(=O)OC)C1CCC(=O)OC.N#CC,Application_ds
O=C(O)C1OC(OC2C(O)C(O)OC(C)C2O)C(O)C(O)C1O.CC1=CC=CC=C1,Application_ds
Oc1ccccc1F.CC(OCC)=O,Application_ds
CCOC(=O)C1CNc2cc(Cl)ccc2O1.N#CC,Application_ds
  C=CCN(CC=C)[C@@H]1CCCC[C@H]1Nc1c(Nc2ccc(N(c3ccc(OC)cc3)c3ccc(OC)cc3)cc2)c(=O)c1=O.O=CN(C)C,Application_ds
Cc1ccc2c(c1)c1c(n2-c2cccc(-c3cn[nH]c3)c2)CCN(C)C1.O,Application_ds
CCCC(C(=O)OC)c1c(C)nc(N2CCN(C)CC2)nc1-c1ccc(C)cc1.N#CC,Application_ds
O=C1C=2C=C(C=CC2NC(=O)C3N1CCC(NC(=O)C4NCCC4)C3)C=5C=CC=CC5F.O=CN(C)C,Application_ds
CC(C)(C)OC(=O)NC(CCN1CCC2(CC1)CCN(Cc1ccc(Br)cc1)C2=O)c1ccccc1.O,Application_ds
  CC[C@@H](C)Nc1c(Nc2c(C)cccc2C(C)C)c(=O)c1=O.CC1=CC=CC=C1,Application_ds
Cc1ccc(C(C)C)c(N2C(=O)CS/C2=N\C(=O)NCCc2ccc(-c3ncn(-c4ccc(OC(F)(F)F)cc4)n3)cc2)c1.CC1CCCO1,Application_ds
CCCCCCCCCCC(CCC)OS(=O)(=O)O.CC1=CC=CC=C1,Application_ds
NC1Cc2cccc3ncn(c23)C1.O=CN(C)C,Application_ds
COc1cc2cc(-c3cccc(NC(C)=O)c3)nc(C)c2cc1OC.N#CC,Application_ds
COC(=O)COc1ccc(C=C2CCN(C(=O)OCc3ccccc3)CC2)cc1[N+](=O)[O-].CC1=CC=CC=C1,Application_ds
COc1ccc(COc2ccc(C=O)cc2O)cc1.O=CN(C)C,Application_ds
CCN(CC)C(CO)c1cccc2ccc(OS(=O)(=O)C(F)(F)F)nc12.CCO,Application_ds
O=C(OCC1OC(OC(=O)C=2C=CC=CC2)C(OC(=O)C=3C=CC=CC3)C(OC(=O)C=4C=CC=CC4)C1OC5OC(COC(=O)C=6C=CC=CC6)C(OC7OC(CO)C(O)C(O)C7O)C(OC(=O)C=8C=CC=CC8)C5OC(=O)C=9C=CC=CC9)C=%10C=CC=CC%10.CCO,Application_ds
O=C1OCC=2C(OC3OC(C)C(OC4OC(CO)C(O)C(O)C4O)C(O)C3OC(=O)C)=C5C=C(OC)C(OC)=CC5=C(C=6C=CC=7OCOC7C6)C12.O,Application_ds
  C=CCN(C)c1ccc(Cl)c(S(=O)(=O)Nc2c(NC(=O)OCC)c(=O)c2=O)c1.N#CC,Application_ds
CC(C)(O)COCc1cccc(Nc2nn(C(CC#N)C3CC3)cc2C(N)=O)c1.CC(OCC)=O,Application_ds
CCO[C@@H](Cc1ccc(OCc2nc(-c3ccccc3)oc2C)cc1C(F)(F)F)C(=O)OC.CC1CCCO1,Application_ds
  COc1cc(N[C@@H](C)CCCNS(=O)(=O)N[C@@H]2CCc3ccccc32)c2nccc(C)c2c1Oc1ccc(Cl)c(Cl)c1.O,Application_ds
O=C1C=C2C(CCC3(C)C(CCC23O)C(O)(C)C(O)CCC(O)(C)C)C4(C)CCC(O)CC14.CC(C)=O,Application_ds
CC1=CC=CC=C1NC(=O)C2=CC3=CC=CC=C3C(=C2O)N=NC4=CC(=C(C=C4Cl)Cl)Cl.CC(C)=O,Application_ds
O1C=2C=C3C=4C=5OCOC5C=C6C4C(NCC6)CC3=CC2OC1.CCO,Application_ds
O=C1C=2C=CC=C(O)C2C(=O)C3=C(O)C=C(C(=C13)C=4C(O)=CC(OC5OCC(O)C(O)C5O)=C(C(=O)C)C4O)C.CC1CCCO1,Application_ds
O=S(=O)(Cl)NC1CCC1.N#CC,Application_ds
OCC1CCN(c2nnc(-c3ccc(-c4cnc(N5CCC(OC6CCCCC6)CC5)nc4)cc3)s2)CC1.O=CN(C)C,Application_ds
Cc1ccc2c(c1)c1c(n2-c2ccccc2-c2ccc(C)nc2)CCN(C)C1.CO,Application_ds
N#CC(=O)c1cccc(Cl)c1Cl.CC1=CC=CC=C1,Application_ds
CC(C)(C)NC(=O)N1CCn2c(c(C(N)=O)c(Br)c2C2CC2)C1.CC1CCCO1,Application_ds
O=C(C1=CC=C(C=C1)N(C)C)N2CCNC(C(=O)NC3C(=O)NCCC3)C2.CO,Application_ds
CN(C)CCCN1C(=O)S/C(=C\c2ccc3c(ccn3Cc3ccc(C#N)cc3C(F)(F)F)c2)C1=O.CCO,Application_ds
O=C(O)CCC(=O)OCc1ccccc1.CC(OCC)=O,Application_ds
COc1ccccc1Oc1c(NS(=O)(=O)c2ccc(C)cn2)nc(C)nc1OCCNS(=O)(=O)c1ccccc1.CC1CCCO1,Application_ds
CC(C)(C)OC(=O)N1CCC(COc2noc3cccc(OCC4CCC4)c23)CC1.CCO,Application_ds
O=C1OC2=C(C=CC(OCC(=O)NC(C(=O)O)CCC)=C2C)C(=C1)C=3C=CC(OC)=CC3.CO,Application_ds
CN1C(C(=O)Nc2cccccc2=O)=C(O)c2ccccc2S1(=O)=O.CC1=CC=CC=C1,Application_ds
O=C(C=CCCC#CC#C)NCCC=1C=CC=CC1.N#CC,Application_ds
  CC(=O)OC[C@H]1C[C@@H](NC(=S)NC=O)[C@H](OC(C)=O)[C@@H](OC(C)=O)[C@@H]1OC(C)=O.CC1=CC=CC=C1,Application_ds
COC(=O)c1ccc2c(ccn2S(=O)(=O)c2ccccc2)c1.CO,Application_ds
C=C(C)C(=O)O.CC1CCCO1,Application_ds
Cn1nc(NC(=O)C(F)(F)F)c2c(Cl)ccc(-c3ccc(C#CC(C)(C)O[Si](C)(C)C(C)(C)C)nc3[C@H](Cc3cc(F)cc(F)c3)NC(=O)OC(C)(C)C)c21.N#CC,Application_ds
O=C1NC(NC=2C=CC=CC12)C=3OC=CC3.CC(C)=O,Application_ds
O=C(O)C(NC(=O)N)C1=CC=C(O)C=C1.CO,Application_ds
O=C(OCC(OC(=O)CCCCCCCCCCCCCCCCCCC)COP(=O)(O)OCCN)CCCCCCCCCC=CCCCCCCCC.O=CN(C)C,Application_ds
Cn1cncc1C(O)(c1ccc(Cl)nc1)c1ccc2[nH]c(=O)cc(-c3cccc(Cl)c3)c2c1.N#CC,Application_ds
NC(=O)c1[nH]c2ccccc2c1-c1ccc(N)cc1.CC(OCC)=O,Application_ds
CCOC(=O)c1nc(C#N)c2nc(-c3ccccc3)sc2c1O.CC1=CC=CC=C1,Application_ds
CCCCCc1nc(C(F)(F)F)ccc1CN.CC1CCCO1,Application_ds
CC(CSC(F)(F)F)C(=O)O.CC(C)=O,Application_ds
O=C(Nc1cnc(OCC2CC2)c(-c2ccc(Cl)cc2)c1)c1ccncc1.CC1CCCO1,Application_ds
CN(CCCCNC(=O)OCc1ccccc1)Cc1ccc(CN(Cc2ncc[nH]2)Cc2nccn2C)cc1.CC1CCCO1,Application_ds
CNC(=O)NC1(c2ccccc2)CCN(CCC2(c3ccc(F)c(F)c3)CN(C(=O)c3ccccc3)CCO2)CC1.CO,Application_ds
COc1cnc(-n2c(=S)[nH]c3cc(C(=O)NCc4ccc(Cl)cc4)ccc3c2=O)nc1.CC1=CC=CC=C1,Application_ds
OC1C=C(C)CCC1.O,Application_ds
O=C(O)CC1NC(=O)C(NC(=O)C(NC(=O)CC(NC(=O)C(NC(=O)C(N)CCNC(=O)CNC(=O)C(NC1=O)CO)CC(=O)N)CC(OC2OCC(O)C(O)C2O)CC(O)CC(N)CCCCCCCCC)CO)C(O)C3=CC=C(O)C=C3.N#CC,Application_ds
O=C1OC2C(=C1C)CC3C(C)CCC(=O)C3(C)C2.CCO,Application_ds
O=C(NC(C(=O)N1CCC2(NCCC=3NC=NC32)CC1)CCSC)C4=CC=C5OCOC5=C4.O=CN(C)C,Application_ds
CCOC(=O)c1ccc(-c2ccccc2)[nH]1.CC1=CC=CC=C1,Application_ds
COc1ccc(C=O)nc1Br.O,Application_ds
Fc1ccc(-c2nn3ccccc3c2Br)cc1.O,Application_ds
COc1ccc2c(c1)C(c1ccc(Cl)cc1)=N[C@@H](CC(=O)O)c1nnc(C)n1-2.CC(C)=O,Application_ds
CCCCCCCCOc1ccc(C(=O)Oc2ccc(C(=O)OC(CF)CCCCCCCC)cc2)cc1.CCO,Application_ds
O=C(OC=1C=C(C=2OC3(CC2C1OC(=O)C)C(C)CCC4C5(C)CCC(=O)C(C)(C)C5CCC43C)C)C.CC(OCC)=O,Application_ds
O=C1OC=2C(O)=C(O)C=CC2C(=C1CC(=O)OC)C.N#CC,Application_ds
C=C(C)C(C)Oc1cc(OCC#CCC)ncn1.CC1CCCO1,Application_ds
O=C1C=C2CCC3C(CCC4(C)C(C(=O)CO)CCC34)C2(C)CC1.O,Application_ds
O=C1OC2=C(C=C3C(OC=C3C=4C=CC=5OCOC5C4)=C2C)C(=C1CC=6C=CC=CC6)C.CC(C)=O,Application_ds
O=C(OC)C=1C=CC=CC1OCC(=O)NCC(=O)N(C)C.CC1=CC=CC=C1,Application_ds
O=C1OC(C(=C)C)CCC(O)(C)C(Br)CCC2(C)C(Br)CC=C(C)C2CC3=CC1=CC=C3O.CC1=CC=CC=C1,Application_ds
O=C(NCCOC)CC1CCN(C(=O)CCCCC)CC1CC.CCO,Application_ds
CN(CC(O)CO)C(=O)c1c(I)c(C#N)c(I)c(C(=O)NCC(O)CO)c1I.CO,Application_ds
COc1ccc(CCC2COC(CBr)(c3ccc(Cl)cc3Cl)O2)cc1.O=CN(C)C,Application_ds
CCN[C@@H]1C[C@H](C(=O)NCC2(CCCCOC)c3ccccc3Oc3ccccc32)CN(C(=O)OC(C)(C)C)C1.O,Application_ds
O=C(O)C1CCN(c2ccc(C(F)(F)F)cn2)CC1.N#CC,Application_ds
O=C(OC1CC=C(C)C2C(O)C34OC4(C(=O)OC3C=C(C)C(OC(=O)CCCCCCC)C(O)C(OC(=O)C)C12C)C)C.CC(OCC)=O,Application_ds
N#Cc1cc(C=O)ccc1Oc1ccc(Cl)nc1.CC(C)=O,Application_ds
O=C1CCC2(C)C(C1)CCC3C4CCC(C(=O)CO)C4(C)CC(O)C32.CC1=CC=CC=C1,Application_ds
O=C(OC1C(O)C(O)C(OC1C=2C(O)=CC(O)=C3C(=O)C=C(OC32)CC(C)C)CO)C4=CCC(CC4)C(O)(C)C.CCO,Application_ds
COC(=O)c1cccc(F)c1OS(=O)(=O)C(F)(F)F.N#CC,Application_ds
CCC=CCCC=O.CCO,Application_ds
CCCCCCCCCCCCCCCCSCC(COC(c1ccccc1)(c1ccccc1)c1ccccc1)OC.CC(OCC)=O,Application_ds
C=CC(O)c1ccccc1OCc1ccccc1.N#CC,Application_ds
COCCCOc1cc2nccc(Cl)c2cc1S(=O)(=O)C(C)(C)C.O=CN(C)C,Application_ds
O=C1OC=2C=C(OCC(=C)C)C=CC2C(=C1CCC(=O)NCC3=CC=C(OC)C(OC)=C3)C.CC(OCC)=O,Application_ds
NC(c1ccc(Br)cc1)c1ccc(F)cc1F.CO,Application_ds
C[Si](C)(C)CCS(=O)(=O)N=S(=O)(CCO)c1ccc(N)cc1.CO,Application_ds
Cc1noc(C)c1-c1cnc2c(I)c[nH]c2c1.CC1CCCO1,Application_ds
O=C(C=CC1=CC(OC)=C(O)C=C1CC2=CNC(N)C=C2CCC=3C=CC=C(C3)CCC=4C=CC=CC4)CC(=O)CC5CC6(CC7C8NCC=CC8CC9CNCCC97)C%10CC(NCC(O)C%11CCCCC%11)C6CCC5C%10.CC(C)=O,Application_ds
COc1ccccc1-c1ccc(/C=C/C2C3C(=O)N(C)C(=O)C3C3CCCCN23)nc1.CC1CCCO1,Application_ds
COC(=O)c1sc2cc(C3CN(C(=O)OCc4ccccc4)C3)cnc2c1NC(=O)OC(C)(C)C.CC(OCC)=O,Application_ds
O=C(C1=CN=C2C=CC(F)=CC2=C1O)N3CCCC4=CC5CC(CN6CCCCC65)C43.O,Application_ds
Nc1cc(Br)cc(F)c1N.O=CN(C)C,Application_ds
CC(=O)c1cccc(B(O)O)c1.CC(C)=O,Application_ds
O=C(CC(C1=CC=C(O)C(OC)=C1)CCC=2C=CC=CC2)C(CCCCC)C(O)CC3(C4=CC=C(O)C(O)=C4)CCCCC3.CC(OCC)=O,Application_ds
CCOC(=O)C1(CI)CCN(C(=O)c2ccccc2OC)C1.CC1CCCO1,Application_ds
O=C1N2C3=CC(=CC=C3CC2(SC)C(=O)N(C)C1(SC)CO)[NH+]([O-])O.CCO,Application_ds
O=C1NC(C(=O)N1CC2=CC=C3OCOC3=C2)CCC(=O)NC4C=5NC=6C=CC=CC6C5CCC4.CCO,Application_ds
CCC(=O)C(Cc1nccn1Cc1ccccc1)C(=O)CC.CC1CCCO1,Application_ds
O=C(NCC1OC(CO)C(O)C1N(C)CC=2C=CC=CC2)C3=CC=C(F)C(Cl)=C3.CC(OCC)=O,Application_ds
CCCNC(=O)N1C[C@@H](c2ccc(F)cc2)[C@H](N(C)C(=O)N(C)c2cc(C(F)(F)F)cc(C(F)(F)F)c2)C1.CC(OCC)=O,Application_ds
Cc1ccc(NC(=O)[C@@H](O)COC(C)C)nc1.CC1CCCO1,Application_ds
O=c1[nH]nc(Cl)c2cc(N3CCN(c4cnccn4)CC3)ccc12.CCO,Application_ds
O=C1C=CC(C=CC2=CC=C(Cl)C=C2)=C3N1CC4CN(C(=O)C5=CC=C(OC)C=C5)CC3C4.CC(C)=O,Application_ds
OB(O)C1=CCCC1.O,Application_ds
OC1=CC=C(C=C1)CCCCC(OC2OC(COC3OC(C)C(O)C(O)C3O)C(O)C(O)C2O)CCC4=CC=C(O)C=C4.CO,Application_ds
O=C1C2=C(C=3C=CC=CC3N2CC(O)CN(CC=C)CC=C)CCN1C.CO,Application_ds
O=C1NN=C(C=2C=CC=CC12)CC(=O)NCCC3=CNC=4C=CC(OC)=CC43.CCO,Application_ds
FC(F)(F)c1cccc(N2CCN3CC[C@@H](Oc4ccc(Cl)cn4)[C@H]3C2)n1.CC(C)=O,Application_ds
ICCCI.CC1=CC=CC=C1,Application_ds
COC(=O)COc1c(C(=O)Nc2nccs2)sc(Br)c1Br.CC(C)=O,Application_ds
NC(Cc1ccc(F)cc1)C(O)c1ccc(C(F)(F)F)cc1.CO,Application_ds
OC1=CC=C2OC(C)(CCC=C(C)CC=C(C)C)CCC2=C1.CCO,Application_ds
  O=C(NCCO)NCCc1ccc(O)cc1.CO,Application_ds
O=C(OC1C(OCC2=COC(OC(=O)CC(C)C)C3C2CCC3(O)COC(=O)C)OC(CO)C(O)C1O)C=CC4=CC=C(O)C=C4.CC(C)=O,Application_ds
O=C(O)C12CC1CN(c1ccc(F)cc1)C2=O.CC(C)=O,Application_ds
CS(=O)(=O)OCC1CN(c2ccc3c(c2)OCCCC3=O)C(=O)O1.N#CC,Application_ds
COc1cc(C(=O)N[C@H]2CCCN(C)C2)ccc1Nc1ncc2c(n1)N(C1CCCCC1)CC(F)(F)C(=O)N2C.O,Application_ds
  CN(C)Cc1ccc(CSCCNC(=S)NC[C@@H](O)c2ccccc2)o1.CC1=CC=CC=C1,Application_ds
CC[Si](CC)(CC)OC(CI)c1ccc(OCc2ccccc2)c(NS(C)(=O)=O)c1.CC(OCC)=O,Application_ds
COc1ccc(CN(c2cc(OC)nc(SCc3cccc(F)c3F)n2)S(=O)(=O)N2CCC2)cc1.CC1=CC=CC=C1,Application_ds
Cc1nn(CC(F)(F)CO)c(-c2ccc(F)cc2)c1-c1ccc2c(c1)NC(=O)CO2.O,Application_ds
CC1(C)CC(=O)c2ccc(-c3ccccc3)cc21.CC(OCC)=O,Application_ds
OCC1OC(OC2COC(OC3CCC4(C)C(CCC5(C)C4CCC67OCC8(CCC(C)(C)CC68)C(O)CC75C)C3(C)C)C(O)C2O)C(OC9OC(C)C(O)C(O)C9O)C(O)C1O.O=CN(C)C,Application_ds
COC(=O)NCCCn1nc(C(C)NC2CC2)cc1-c1ccccn1.CO,Application_ds
CC(C)(C)OC(=O)N[C@H]1CSC[C@@H](Cc2cc(F)c([N+](=O)[O-])c(F)c2)[C@@H]1O.CC1CCCO1,Application_ds
O=C1C=C(OC2=CC(OC3OC(CO)C(O)C(O)C3OC4OC(CO)C(O)C(O)C4OC5OC(CO)C(O)C(O)C5O)=CC(O)=C12)C=6C=CC(O)=C(OC)C6.CC(OCC)=O,Application_ds
CC(=O)Nc1ncc(-c2cccc3ccccc23)o1.O=CN(C)C,Application_ds
O=C(O)[C]1[CH][CH][CH][NH+]([CH]1)C2OC(COP(=O)([O-])OP(=O)(O)OCC3OC(N4[CH][N][C]5[C]([N][CH][N][C]54)N)C(O)C3O)C(O)C2O.CC(OCC)=O,Application_ds
O=C(O)C(=CC(O)C(CN=C(N)N)C(C)C1CC(O)C2(C3=C4C(=O)CC12CCCCCC45CCC(=O)C(C)(C)C5C(C=CC=6C=CC=CC6)C3O)C)C.CO,Application_ds
O=C(C=CC1=CC=C(OC)C(O)=C1)NCCC2=CNC=3C=CC=CC32.N#CC,Application_ds
Nc1ncc(Br)c(N2CCC(Cc3ccccc3)CC2)c1[N+](=O)[O-].O,Application_ds
OCC1OC(OC2C(O)C(O)C(OC2C)OC3C(O)C(O)C(OC3CO)OC4C(O)C(OC5OC(C)C(O)C(O)C5O)C(OC6CC7=CCC8C(CCC9(C)C8CC%10OC%11(OCC(C)CC%11)C(C)C%109)C7(C)CC6)OC4CO)C(O)C(O)C1O.CC(C)=O,Application_ds
N#Cc1cccc(I)c1.O,Application_ds
CN(C)C(=O)c1ccc(NC(=O)[C@H]2C[C@@H](O[Si](C)(C)C(C)(C)C)CN2C(=O)OC(C)(C)C)c(F)c1.CC1=CC=CC=C1,Application_ds
CNC(=O)c1cccc(F)c1Nc1nc(Nc2ccc3c(c2)CCN(C(=O)C2COCCO2)CC3)ncc1Cl.CC(C)=O,Application_ds
CCCn1c(C)c(-c2ccncc2)c2cc(OC(C)(C)C(=O)O)ccc21.CC(C)=O,Application_ds
O=C(Cl)C12CC3CC(CC(C3)C1)C2.CC1CCCO1,Application_ds
O=C(OC)C=1OC2=C3C=CC(OC3=CC(OC)=C2C(=O)C1)(C)C.CC(C)=O,Application_ds
COc1ccc(C(=O)c2ccccc2F)c(O)c1Cl.CC(OCC)=O,Application_ds
O=C(C1=C(O)C(=C(O)C(C1=O)(CC=C(C)C)CC=C(C)C)C2CC(C(=C)C)CCC2(O)C)C(C)CC.CO,Application_ds
Nc1cc(-c2cn(C3=NNC(=O)CC3)nc2-c2ccccc2)ccn1.CC(C)=O,Application_ds
O=C(c1ccc(Cl)nn1)N1CCN(S(=O)(=O)c2ccc3cc(Cl)ccc3c2)CC1.CC(C)=O,Application_ds
O=C(OC1OC=C(C(OC(=O)C)C(OC(=O)C)C=C(C)C)C2CCC3(OC3C(O)CC(=C)C12)C)C.CC1=CC=CC=C1,Application_ds
O=C1C=CC=C2N1CC3CN(C(=O)CCCN)CC2C3.CC1CCCO1,Application_ds
O=C(Cl)CN1C(=O)c2ccccc2C1=O.CO,Application_ds
COC(=O)c1ccccc1O.CC1CCCO1,Application_ds
CCCC(CCC)C(=O)NC(=O)[C@@H](N)CC(C)C.CC(OCC)=O,Application_ds
O=C(O)C(NS(=O)(=O)O)CC1=CC(Br)=C(OCCCNC(=O)C2=NOC3(C=C(Br)C(OC)=C(Br)C3O)C2)C(Br)=C1.CC(OCC)=O,Application_ds
COC(=O)c1cccc(-c2ccccc2OC)c1.CC(OCC)=O,Application_ds
Nc1ccc(-c2cccc(OC(F)(F)F)c2)cc1.CC(C)=O,Application_ds
CN(C)[C@@H]1CN[C@H](C(N)=O)C1.CO,Application_ds
CC(=O)Nc1ccc2c(c1)CC/C(=C\C1CCCC1)C2=O.CC(C)=O,Application_ds
c1cc(COc2nsnc2N2CCNCC2)ccn1.CCO,Application_ds
N=c1ccn(-c2ccccc2)nc1.CCO,Application_ds
COCC(=O)OC(C(C)F)C1=NC=CC=C1S(=O)(=O)NC(=O)NC1=NC(OC)=CC(OC)=N1.CC(C)=O,Application_ds
CC(C)(C)OC(=O)N1CC[C@H](O[Si](C)(C)C(C)(C)C)[C@H]1C(=O)O.CC1=CC=CC=C1,Application_ds
CC(C)(C)OC(=O)N1CNC(=O)C1.CC1CCCO1,Application_ds
[H][C@@]12OC(=O)[C@@]34OC3C[C@@](O)(C3[C@@H](C1OC3=O)C(C)=C)[C@@]24C.[H][C@@]12C[C@@]3(O)C4[C@@H](C(OC4=O)[C@@]4([H])OC(=O)[C@]1(O2)[C@@]34C)C(C)(C)O.O=CN(C)C,Application_ds
CC(C)=CCn1c(Cl)nc2c1c(=O)[nH]c(=O)n2C.CC(OCC)=O,Application_ds
O=C1C=CC=C2N1CC3CN(C(=S)NC(=O)C4=CC=CC(=C4)C)CC2C3.CC1=CC=CC=C1,Application_ds
Cc1cc([N+](=O)[O-])ccc1N1CCNCC1.CC1CCCO1,Application_ds
CN(C)C(=O)c1cc2cnc(Nc3ccc(C(=O)N4CCC5COCC(C4)N5C(=O)OC(C)(C)C)cn3)nc2n1C1CCCC1.CC(C)=O,Application_ds
  COC(=O)c1ccccc1S(=O)(=O)Nc1c(NC(c2ccccc2)(c2ccccc2)[C@@H]2OC(C)(C)O[C@H]2C(c2ccccc2)c2ccccc2)c(=O)c(=O)c1=O.O,Application_ds
COC=C(C(=O)OC)c1c(OC)ncnc1Oc1cccc(COc2ccccc2C#N)c1.O,Application_ds
CSc1c(-c2nnc(C(C)(C)C)s2)nn(-c2ccc(Cl)cc2Cl)c1-c1ccc(Cl)cc1.O,Application_ds
O=C(O)c1cn(C2CC2)c2cc(N3CCNC(C(F)(F)F)C3)c(F)cc2c1=O.O,Application_ds
CCCCC1=NC2(CCCC2)C(=O)N1Cc1ccc(-c2ccccc2C#N)cc1.CC1=CC=CC=C1,Application_ds
COc1nc(NCCN(C)C(=O)OC(C)(C)C)nc(OC)c1N.CC1=CC=CC=C1,Application_ds
CCCc1c(OCc2cccc(C(=O)OC)n2)ccc(C(C)=O)c1O.CC(C)=O,Application_ds
O=C1C=CC(NC(=O)C(NC(=O)C(NC(=O)CC(O)C(NC(=O)C(NC(=O)C(NC(=O)CCCCCCCCC)CO)C(C)C)CO)CO)C(C)C)COC(=O)C(N(C(=O)C(N1)C(C)C)C)CC2=CC=C(O)C=C2.CC1CCCO1,Application_ds
N#Cc1ccc(B(O)O)cc1F.O=CN(C)C,Application_ds
O=C1CC(CCCN2CCN(c3ccc(F)cc3)CC2)S(=O)(=O)c2ccccc21.CC(C)=O,Application_ds
CC(C)OC(=O)Nc1cc(F)cc(F)c1.CC(OCC)=O,Application_ds
O=C(O)C1=CC(=CC2=C1OC=C2C)C(=C)C.CC(C)=O,Application_ds
O=C1CCN(Cc2ccc(Cl)cc2)CC1.CC(C)=O,Application_ds
COc1ccc([N+](=O)[O-])cc1N1CCC(N2CCN(C)CC2)CC1.O,Application_ds
CC1(C)C(=O)N(CCCCl)c2ccccc21.CO,Application_ds
COc1ccc(Sc2ccsc2)cc1.CCO,Application_ds
C=Cc1ccc(-c2c(-c3ccccc3)oc3ncnc(NCCCCCC(=O)OC)c23)nc1.O,Application_ds
O=C(OCC1C(OC=2C=CC=CC2OC)OCC1COC=3C=CC=CC3OC)C4=CC=C(O)C(OC)=C4.CC1=CC=CC=C1,Application_ds
CSCc1cncc(Br)c1.N#CC,Application_ds
CN(CC(Cc1ccc(Cl)c(F)c1)C(=O)O)C(=O)OC(C)(C)C.CC(C)=O,Application_ds
Cc1cc(F)c(N)nc1-n1cc(C(=O)O)c(=O)c2cc(F)c(F)c(Cl)c21.O,Application_ds
COc1cccc(CN([C@H]2CCN(Cc3cccc(C#N)c3)C2=O)S(=O)(=O)c2ccc3ccc(OC)cc3c2)c1.N#CC,Application_ds
Cn1c(C(=O)NOC[C@H]2COC(C)(C)O2)c(Nc2ccc(I)cc2F)c2cnccc21.N#CC,Application_ds
  O=c1c(Nc2c(F)cc(F)cc2F)c(NS(=O)(=O)c2ncccc2OCC(F)(F)F)c1=O.O,Application_ds
  CC[C@@H](C)Nc1c(Nc2ccccc2C#Cc2cc([N+](=O)[O-])ccc2O)c(=S)c1=S.CC(OCC)=O,Application_ds
CCC1=CC=CC(C)=C1N(C(C)COC)C(=O)CCl.O=CN(C)C,Application_ds
[O-][NH+]1[C]2[CH][CH][CH][C](O)[C]2[N][C]3[CH][CH][CH][C](O)[C]31.CC1CCCO1,Application_ds
Cc1cc(NCCO)c2nn(C)cc2n1.O,Application_ds
Cc1ccc(NC(=O)c2cccc(C(C)(C)C#N)c2)cc1Oc1ccc2nc(NC(=O)c3cocn3)nn2c1.O=CN(C)C,Application_ds
CCCCCCC(=O)O.CC(OCC)=O,Application_ds
CCCCOC(=O)N1CCN(C(=O)[C@H](CCC(=O)OC(C)(C)C)NC(=O)c2cc(OCC(=O)O)n(-c3ccccc3)n2)CC1.CCO,Application_ds
CC(Oc1ccc(Oc2ccc(Cl)cc2)cc1)C(=O)O.CO,Application_ds
Ic1ccc2ncnc(OCc3ccccc3)c2c1.N#CC,Application_ds
O=C(OC)C1=COC(OC2OC(CO)C(O)C(O)C2O)C3C1C=CC3(O)C.N#CC,Application_ds
CC1(C)OB(c2ccc3c(c2)CNC(=O)N3)OC1(C)C.O=CN(C)C,Application_ds
CNC(=O)CCSCc1csc(NC(N)=NCC(F)(F)F)n1.CO,Application_ds
CC(C)(C)OC(=O)N1CCCC(N(CCCO)c2cccc(Cl)c2)C1.CC1=CC=CC=C1,Application_ds
O=C(O)C(N1CCNCC1)CC(=O)C=2C=CC=CC2.N#CC,Application_ds
[H][C@]1(O[C@H](CO)[C@@H](O)[C@H](O)[C@H]1O)C1=CC=C(C)C(CC2=CC=C(S2)C2=CC=C(F)C=C2)=C1.CCO,Application_ds
CC(O)c1ccc(C(C)(C)C)cc1.O=CN(C)C,Application_ds
O=C(OC1C2=C(OC(=C2C)C)C(=O)C3CCC(O)(C)C(C)C13C)C(C)C.CC(C)=O,Application_ds
O=C(O)CCC1NC(=O)C(NC(=O)C2NC(=O)C(NC(=O)C(NC(=O)C3NC(=O)C(NC(=O)C(NC(=O)CNC(=O)C(NC(=O)C(N)CSC3)CO)CC4=CNC=5C=CC=CC54)C(C)C)C(SCC(NC1=O)C(=O)NCC(=O)NC6C(=O)NC(C(=O)NC(C(=O)NC(C(=O)NC(C(=O)NC(C(=O)O)CS(=O)C6C)C)CSC2C)C(C)CC)C(C)C)C)CC(C)C)C(C)CC.O,Application_ds
CC(=N)N.CC(OCC)=O,Application_ds
O=S([O-])OO.CC(C)=O,Application_ds
O=C(OC1OC(CO)C(O)C(O)C1O)C2(C)C(O)CCC3(C)C4CC=C5C6CC(C)(C)CCC6(C(=O)OC7OC(CO)C(O)C(O)C7O)C(O)CC5(C)C4(C)CCC23.CC(C)=O,Application_ds
CC[C@H](C)[C@H](NC(=O)OC(C)(C)C)C(=O)NCCc1ccccc1.N#CC,Application_ds
COc1cc(C(=O)O)cc(-c2ccccc2)n1.CC(OCC)=O,Application_ds
O=C1C=C(OC(=C1O)C(C2=CC=3C=CC=C4C3N(C2=O)CC4)CC(=O)OC)COC.O=CN(C)C,Application_ds
O=C(OC1CC2C(O)(CC=C3CC(OC4OC(C)C(OC5OC(C)C(OC6OC(C)C(OC7OC(C)C(O)C(OC)C7O)C(OC)C6)C(OC)C5)C(OC)C4)CCC32C)C8(O)CCC(O)(C(=O)C)C18C)C=9C=CC=CC9O.O=CN(C)C,Application_ds
O=C(OCC1OC(OC(=O)C2=CC(O)=C(O)C(O)=C2)C(OC(=O)C3=CC(O)=C(O)C(O)=C3OC4=C(O)C=C5C(=O)OCC6OC(OC(=O)C7=CC(O)=C(O)C(O)=C7)C(O)C(OC(=O)C=8C=C(O)C(O)=C(O)C8C5=C4O)C6O)C(OC(=O)C9=CC(O)=C(O)C(O)=C9)C1OC(=O)C%10=CC(O)=C(O)C(O)=C%10)C%11=CC(O)=C(O)C(O)=C%11.CC(C)=O,Application_ds
O=C(OC)C(NC(=O)C1N(C(=O)NC2CCCCC2)CCN(C(=O)C)C1)CC3=CC=C(OC)C=C3.CCO,Application_ds
Fc1cccc(S)c1.CC(OCC)=O,Application_ds
O=Cc1cccc(Cl)c1O.CC1CCCO1,Application_ds
NNC(=O)c1ccc(OCF)cc1.CCO,Application_ds
OCC1OC(OC2CCC3(C)C(C=CC4C5CCC(C(C)CCC(CC)C(C)C)C5(C)CCC43)C2)C(O)C(O)C1O.CO,Application_ds
N(=NC1=CC=C(C=C1)C)NC2=CC=C(C=C2)C.CO,Application_ds
CN1C(=O)CCc2cc(B3OC(C)(C)C(C)(C)O3)cc(Cl)c21.CO,Application_ds
Cn1cc(C(=O)NCCC2CCN(S(=O)(=O)NC(=O)NC34CC5CC(CC(C5)C3)C4)CC2)c(=O)n(C)c1=O.CC(OCC)=O,Application_ds
O=C1CCC2=CC=C(O)C(OC)=C2C#CCC=3C=C4C5=C(OC(O)C(CCN=C(N)N)C5CCCC4CC(O)C1)C3O.CCO,Application_ds
CC(C)(C)OC(=O)NN[C@@H](CC(N)=O)C(=O)OCc1ccccc1.CC(C)=O,Application_ds
CS(=O)(=O)NC1CN(C(=O)c2nc3c(C(F)(F)F)cc(-c4ccoc4)cn3c2Cl)CC1c1ccccc1.CC1=CC=CC=C1,Application_ds
O=C(O)C(CCCCCC1C=CC(CCCCC)CC1O)C(O)CC(CNC)C2(O)CC(CC=3C=C(N)NCC3)CC2CC4=CC=C(N4)C=5C=C(O)C=C(O)C5CC=6C=CC=CC6.CC1CCCO1,Application_ds
CC1(C)OCC(CN2C(=O)C(NC(=O)c3cc4cc(Cl)ccc4[nH]3)Cc3ccccc32)CO1.CC1CCCO1,Application_ds
CNC(=O)C(C)Oc1ncn(-c2cccc(Cl)c2)n1.CC1=CC=CC=C1,Application_ds
COC(=O)[C@@H]1CCCN1C(=O)[C@H](CC(C)C)Nc1nc(CCl)ns1.CCO,Application_ds
CCOC(=O)CCc1c[nH]nc1C(CC)CC.CC(OCC)=O,Application_ds
O=C(OC1CC(=O)CC(C#CCNC2=NC=CC(=C2)CCC3=C(C=NC3)CC4(C=CC=CC4C)CC1)C5=CC=C(O)C(OC)=C5)C.CO,Application_ds
O=C1NC(=O)N(C(O)=C1C2OCC3=CN=C(C(O)=C32)C)C4=CC=C(Br)C=C4.CC1=CC=CC=C1,Application_ds
CNC(C)(C)[C@H](NC(=O)c1ccc(C#CC#CC[C@H](O)CO)cc1)C(=O)NO.CC(OCC)=O,Application_ds
O=c1cc(-c2ccc(O)cc2)oc(N2CCOCC2)c1.CCO,Application_ds
OC=1C(O)=C2C(=CC1C(C)C)C3OC(OC)C24CCCC(C)(C)C4C3O.CC(C)=O,Application_ds
O=C1N2CC(C3=CC=C(Cl)C=C3)C=4C=5C=CC=CC5NC4C2(C(=O)N(CC=6OC=CC6)C1)C.N#CC,Application_ds
Clc1ccc(C2(COC3CCCCO3)CO2)cc1.N#CC,Application_ds
O=C(OC1C2C3(OC(=O)C)COC3CC(OC(=O)C)C2(C)C4(O)C(=O)OC(C)(C)C51C4=C(C)C(OC(=O)C)C5)C=6C=CC=CC6.CC(OCC)=O,Application_ds
O=C(C(=CN1CCOCC1)C(=O)C)C.O=CN(C)C,Application_ds
Cn1nnc(-c2ccc(Br)cn2)n1.CO,Application_ds
C/C=C1\[C@H]2C=C(C)C[C@@]1(N)c1ccc(=O)[nH]c1C2.CC(C)=O,Application_ds
O=C(N1CCC1)CC(C=2C=CC=CC2)C3=CC4=CN5C=C4C(=C3)COC6=CC(=CC=C6O)CCC(O)CC(OCC=7C=CC(N)NC75)CCC8(CC)CCCC8.CO,Application_ds
Cc1ncc(N)cc1I.CC1CCCO1,Application_ds
O=C1Cc2ccc(O)cc2N1.CC1=CC=CC=C1,Application_ds
O=CC12CC3(CCC(CCCCC)C3)C(O)C4CCC(CC(CC5(O)C1CCC67CCC#CC8=CC=CC(=C8CC(NC)C9CC(CC56O)C7C%10=CC(=O)OC%109)CO)C42O)C(C)C%11CCCC%11.O=CN(C)C,Application_ds
C=1C=C2CC(CCC(=CCCC1C)C)C(C)CC2(C)C.CC(C)=O,Application_ds
Cc1cccc2c1c(Cc1ccc(/C=C/CC(=O)O)cc1)cn2[C@@H]1O[C@H](COCc2ccccc2)[C@@H](OCc2ccccc2)[C@H](OCc2ccccc2)[C@H]1OCc1ccccc1.CCO,Application_ds
COc1ccccc1N1CCN(CCCOS(C)(=O)=O)CC1.CO,Application_ds
CNc1cc(CC(C)C)ccc1-c1ccccc1S(=O)(=O)Nc1onc(C)c1C.CC(C)=O,Application_ds
O=S(=O)(N)C1=CC(F)=C(F)C=C1Cl.CC1CCCO1,Application_ds
CS(=O)(=O)Nc1cc(C(F)(F)F)ccc1-c1cc(Oc2ccc3cccnc3c2)ncn1.CCO,Application_ds
CC1(C)Cc2cc(C(=O)O)ccc2NC1c1cccc(N2C(=O)OC[C@@H]2Cc2ccccc2)c1.CC1=CC=CC=C1,Application_ds
Clc1cccc(Cl)n1.CC(OCC)=O,Application_ds
COc1cc(B2OC(C)(C)C(C)(C)O2)c(OCC2CC2)cc1F.CC(OCC)=O,Application_ds
O=C(O)c1ccc2cncc(Br)c2n1.O,Application_ds
OCC1OC(OCC(O)C2(C)CC3=CCC4C(C)(C)CC(O)CC4(C)C3CC2)C(O)C(O)C1O.CO,Application_ds
O=C(CO)N1C2CCC1CC(Nc1ccc3[nH]ncc3c1)C2.O,Application_ds
N#CC(Br)(Br)C(=O)N.CCO,Application_ds
  O=C(/C=C/c1ccccc1)Nc1c(Nc2cc(Cl)c(F)c(Cl)c2F)c1=O.N#CC,Application_ds
CCOC(=O)c1cc2cc(C)ccc2[nH]1.O,Application_ds
O=C(OCC(OC(=O)CCCCCCCCCC=CCCCCCCCC)COP(=O)(O)OC1C(O)C(O)C(O)C(O)C1O)CCCC=CCC=CCC=CCC=CCCCCC.N#CC,Application_ds
CCOP(=O)(OCC)C(Nc1ccc(CCCBr)cn1)P(=O)(OCC)OCC.CC1=CC=CC=C1,Application_ds
OC1=CC=C2NC3=C(C2=C1)C(=C4C=NC=CC4=C3C)C.CO,Application_ds
O=C(CCc1cnoc1-c1ccccc1)Nc1cnccn1.CCO,Application_ds
CCCCCC(Br)C(=O)OCC(C)=O.N#CC,Application_ds
FC1=CC=C(Cl)C(F)=C1CN.CC(OCC)=O,Application_ds
O=C(N)CCC(C(=O)NC(CC=1C=CC=CC1)C(O)CC(=O)NC(C(=O)NCC(=O)N(C)C(C(=O)N2CCCC2C(=O)OC)CC=3C=CC=CC3)C(C)CC)N(C(=O)C(NC(=O)C(O)C)C(C)CC)C.CCO,Application_ds
  CSc1cccc(Nc2c(Nc3nonc3-c3ccc(Cl)cc3)c2=O)c1.CC1=CC=CC=C1,Application_ds
O=C1C=2C=CC=CC2C3=C1C=4C=CC(OC)=C(OC)C4C(=O)N3CC(O)COCC=5OC=CC5.O,Application_ds
COc1ccccc1COCCCOc1ccc(C2CCN(C(=O)OC(C)(C)C)CC2O)cc1.CC(OCC)=O,Application_ds
CC1CC2(CCC1=O)OCCO2.CC1CCCO1,Application_ds
CC(C)C[C@@H]1NC[C@@H](c2cccs2)NC1=O.O=CN(C)C,Application_ds
Nc1ccc(Cl)cn1.O=CN(C)C,Application_ds
CCCCCCCc1ccc(C(=O)O)cc1.CO,Application_ds
O=C(OCC)CC=1C=C(C(=CC1NC(=O)C)NC(=O)C)CC(=O)OCC.O,Application_ds
O=C1OC(=CC(O)=C1C(C2=CC=3C=C4OCOC4=CC3NC2=O)CC(=O)OC)C.CC1=CC=CC=C1,Application_ds
COc1ccc(-c2cc(C(F)(F)F)nn2-c2ccc(CNS(C)(=O)=O)cc2)cc1.CO,Application_ds
COc1cc(C)ccc1Oc1ccccc1C#N.O=CN(C)C,Application_ds
CCC(C)Oc1ccc(NC(=S)NCc2ccco2)cc1.CC(C)=O,Application_ds
  NC(=O)CNc1c(Nc2ccc3cccnc3c2O)c(=O)c(=O)c1=O.CC(C)=O,Application_ds
CCO/N=C(\c1ccc(Br)cc1)C1CCN(C2(C)CCNCC2)CC1.CC(C)=O,Application_ds
CC1CCC(C(=O)O)CN1C(=O)OC(C)(C)C.CCO,Application_ds
Cc1ccc([C@@H](C)Nc2ncnc3c2ncn3[C@@H]2O[C@H](CO)[C@@H](O)[C@H]2O)cc1.CC1CCCO1,Application_ds
O=C1OC=2C=C(OC)C=CC2C(=C1)C(C(=O)OC)CC=3C=CC=CC3.CC1CCCO1,Application_ds
O=C(OCC(OC(=O)CCCCCCCC=CCCCCCCCC)COP(=O)(O)OC1C(O)C(O)C(O)C(OP(=O)(O)O)C1O)CCCC=CCC=CCC=CCC=CCCCCC.CC(OCC)=O,Application_ds
O=C1OC2=C(C=CC(OC(=O)C(NS(=O)(=O)C3=CC=C(C=C3)C)C)=C2C)C(=C1CC=4C=CC=CC4)C.CO,Application_ds
COC(=O)C(NC(=O)c1ccc(Cl)cc1)C(=O)OC.CO,Application_ds
CC(c1ccccc1)C1(OC(=O)C(C)(C)C)C(=O)NC(=O)NC1=O.O=CN(C)C,Application_ds
O=C1c2c(-c3ccccc3F)noc2CCC1CCCCl.CO,Application_ds
CCCCSc1c(CCC)c(=O)oc2ccc(Br)cc12.CC1=CC=CC=C1,Application_ds
FC(F)(F)c1ccc(Nc2nc(Br)c3cc(-c4ncccc4C(F)(F)F)cnn23)cc1.CC(C)=O,Application_ds
  COc1ccc(C(=O)NS(=O)(=O)NC2CCN(Cc3ccccc3)CC2)cc1.CC(C)=O,Application_ds
CCC(C)NC.CO,Application_ds
CCOC(=O)c1ccc(Cl)cc1.O=CN(C)C,Application_ds
O=C1C=C(C)C2C3C1C2(C)CCC3C(OC4OC(COC5OCC(O)(CO)C5O)C(O)C(O)C4O)(C)C.CC(C)=O,Application_ds
CN(Cc1cc2c(=O)c(C(=O)NCc3ccc(Cl)cc3)cn(C)c2s1)C[C@@H](O)c1ccccc1.CC(OCC)=O,Application_ds
CC(C)NCCS(=O)(=O)NCC(C)(C)C.CC(C)=O,Application_ds
O=C1OOC(C2=C(CC1)C3(C)CCC(C)C(C)(CC=4C=C(OC)C=C(C4O)C)C3CC2)(C)C.CC(C)=O,Application_ds
O=C1OC(C=2OC=CC2)C3(C(=O)C1(C)C)CCCCC3.CC(OCC)=O,Application_ds
Cn1c(=O)n(-c2ccc(C(C)(C)C#N)nc2)c2c3cc(Br)ccc3ncc21.CC(OCC)=O,Application_ds
OC(COCCCCCCCCCCC=CCCCC)COC1C(O)C(O)C(O)C1O.N#CC,Application_ds
CC(=O)NC(N)=S.O,Application_ds
CCNC(=O)Oc1cnn(C(C)(C)C)c1.O,Application_ds
CC(Cc1ccc(OCCCO)cc1)NCC(O)c1cccc(C(F)(F)F)c1.CC1CCCO1,Application_ds
O=C(NC1=NC=C(C=C1)NC(=O)C)C.CC(OCC)=O,Application_ds
  COC[C@@H]1O[C@@H](C(=O)OC)C[C@H]1NC(=S)Nc1nnc(-c2ccccc2F)s1.CC(OCC)=O,Application_ds
COc1cc(OC)c2c(=O)[nH]c(-c3ccc(OCCN4CCOCC4)c(-c4ccc(S(C)(=O)=O)cc4)n3)nc2c1.CCO,Application_ds
CCS(=O)(=O)N1CCC(CNC(=O)c2ccc(C(F)(F)F)cc2Cl)(CC2CCCO2)CC1.CO,Application_ds
CN(C\C=C\C#CC(C)(C)C)CC1=CC=CC2=CC=CC=C12.O,Application_ds
Cc1nnc(C(F)(C2Cc3[nH]c4ccc(Cl)cc4c3C2)S(=O)(=O)c2cccc(Br)c2)o1.O=CN(C)C,Application_ds
Cc1ccc(-c2ccccc2C(=O)O)cc1.CC(OCC)=O,Application_ds
COc1cccc2cc(C(=O)Nc3cccc(-c4ccccc4S(=O)(=O)N4CCOCC4)c3)c(=O)oc12.CO,Application_ds
O=C(Cc1c(Cl)cccc1Cl)NC[C@H]1O[C@@H](n2cc(CCCl)c(=O)[nH]c2=O)C[C@@H]1O.CC(OCC)=O,Application_ds
CCOCCOCCC(=O)Nc1ccc2c(c1)C(C)(c1ccccc1)CC(C)(C)N2C(C)=O.CC(OCC)=O,Application_ds
O=[N+]([O-])c1cccc(CNc2nc(Cl)nc3sc4c(c23)CCCC4)c1.CC1=CC=CC=C1,Application_ds
CCS(=O)(=O)c1cc(Cl)cnc1C(=O)N(C)c1ccc(SC(F)(F)F)cc1.CCO,Application_ds
CCOC(=O)C1=C(CN2CCOCC2CC(=O)O)NC(c2ncns2)=NC1c1ccc(F)cc1Br.CO,Application_ds
O=C1CCC2C3N(C)CCC42C5=C(OC14)C(O)=CC=C5C3.O=CN(C)C,Application_ds
CC1(C)OB(c2ccc(NC(=O)NC3CC3)cc2F)OC1(C)C.O,Application_ds
COc1ccc(S(=O)(=O)Nc2cccc3c2Nc2ccccc2CN3C(C)=O)cc1.O=CN(C)C,Application_ds
O=C(N)C=1C(=O)C2(O)C(=O)C3=C(O)C4=C(O)C=C(OC)C5=C4C(=C3C(O)C2(O)CC1O)CC56C(=CCCC6(C)C)C.O=CN(C)C,Application_ds
CCOC(=O)c1c(C=NO)c2cc(F)ccc2n1Cc1cccc2ccccc12.O=CN(C)C,Application_ds
O=C1OC=2C=CC=CC2C=3OC(=O)CC(C4=COC5=CC=C(OC)C=C5C4=O)C13.CC1=CC=CC=C1,Application_ds
  CC(C)(C)c1cc(CNc2c(NCCCn3ccnc3)c(=S)c2=S)cc(C(C)(C)C)c1O.N#CC,Application_ds
C#Cc1cccc(C)c1.CC(C)=O,Application_ds
O=C1C(=COC2=C(OC)C(O)=CC=C12)C=3C=CC(OC)=C(O)C3.CO,Application_ds
OCC(=CCCC(O)(C)C1CCC2(C)C1CCC3C4(C)CCC(OC5OC(CO)C(O)C(O)C5OC6OCC(O)C(O)C6O)C(C)(C)C4CC(O)C32C)C.O=CN(C)C,Application_ds
CC(C)[Si](C(C)C)(C(C)C)n1ccc2ccc(N3CCN(C)CC3)nc21.O=CN(C)C,Application_ds
O=C(OCCCC1OC1C=CC#CC#CC=CC)C.CC1CCCO1,Application_ds
O=C1C=C(OC2=CC(=CC=C12)NC(=O)C)C=3C=CC(OC)=CC3.CCO,Application_ds
CCOC(=O)C(C)OC(=O)C1=C(C=CC(OC2=C(Cl)C=C(C=C2)C(F)(F)F)=C1)[N+]([O-])=O.CC1CCCO1,Application_ds
CC(C)(C)c1cccc(C(=O)Cl)c1.CC(OCC)=O,Application_ds
CCCOc1cc(F)cc(NC(=O)N2CCN(S(=O)(=O)c3ccc(Nc4ccnc5cc(Cl)ccc45)cc3)CC2)c1.CC1=CC=CC=C1,Application_ds
O=C1OC2=CC(=CC(OCC=3C=CC=CC3OC)=C2C(=C1)CCC)C.O=CN(C)C,Application_ds
O=Cc1ccccc1-c1cnccn1.O,Application_ds
Nc1ccc2ncnc(Nc3cc(Cl)c(Cl)cc3F)c2c1.O=CN(C)C,Application_ds
NNC(=O)C1=CC=NC=C1.CC(C)=O,Application_ds
O=C1OC2=C(C=C(OC)C=3C(O)=CC=C(C23)C4OC(C)C(OC(=O)C)C(N(C)C)C4O)C=5C(OC)=CC(=CC15)C(O)C.CCO,Application_ds
CC(=CBr)c1cccc(F)c1.CC(C)=O,Application_ds
OCC1OC(OCC2OC(OCC(C)CCC3(OC)OC4CC5C6CCC7CC(OC8OC(CO)C(OC9OC(CO)C(O)C(O)C9OC%10OC(CO)C(O)C(O)C%10O)C(O)C8O)CCC7(C)C6CCC5(C)C4C3C)C(O)C(O)C2O)C(O)C(O)C1O.CC1CCCO1,Application_ds
O=C(OC1CC2(C)C3C=CC4C(C)(CO)C(NC(=O)C=5C=CC=CC5)CCC64CC36CCC2(C)C1C(N(C)C)C)C.O,Application_ds
O=C(O)c1cccc(C(=O)Nc2ccc(N3CCCCC3)cc2-c2cc(C(=O)NCc3cccc(C(F)(F)F)c3)ccn2)c1.CC1CCCO1,Application_ds
Clc1cccc(CBr)c1.O=CN(C)C,Application_ds
OC1CCC2(C)C(C1)C(O)CC3(O)C2CCC4(C)C(CC(O)C34)C(C)CCC(OC5OC(COC6OCC(O)C(O)C6O)C(O)C5O)C(C)C.CC(OCC)=O,Application_ds
CCOC(=O)C1=C(NC(=O)[C@H]2CC[C@@H](N3CCN(c4ccc(F)cc4)CC3)C2)CCC2(CC2)C1.O,Application_ds
O=C1COc2cnc(Cl)cc2N1.CC(C)=O,Application_ds
COC1=CC=C(C=C1)C(Cl)=C(C1=CC=C(OC)C=C1)C1=CC=C(OC)C=C1.O,Application_ds
C#CCBr.CCO,Application_ds
COc1cc2c(Oc3ccc4cccnc4c3)ncnc2cc1OCCN1CCCCC1.O=CN(C)C,Application_ds
NCCc1ccc(O)c(O)c1.CC(OCC)=O,Application_ds
[N]1[CH][CH][CH][C]([CH]1)CC=CCCCCCCCCC[NH+]2[CH][CH][CH][C]([CH]2)CCCCCCC=CCC[C]3[CH][N][CH][CH][CH]3.O,Application_ds
O=C(NCC1CCCN2CCCCC21)CCC3=CC=C4OCCC4=C3.O=CN(C)C,Application_ds
CC(C)(C)OC(=O)NCc1cnn(C[C@H]2NC(=O)[C@H]2NC(=O)/C(=N\OC2(C(=O)OC(c3ccccc3)c3ccccc3)CC2)c2csc(NC(=O)OC(C)(C)C)n2)n1.CC1=CC=CC=C1,Application_ds
O=C(Oc1ccccc1[N+](=O)[O-])C(c1ccccc1)c1ccccc1.CO,Application_ds
O=C(Nc1cc(-c2ccccc2)sc1C(=O)O)Nc1c(Cl)cccc1Cl.CC(OCC)=O,Application_ds
Cc1ccc2c(c1)C1CN(CCCC#N)CCC1N2.O=CN(C)C,Application_ds
CC(C)N=C=S.CC(OCC)=O,Application_ds
CCC(COC)Nc1cc(-c2ccnc(Nc3ccnc(Cl)c3)n2)ccn1.CCO,Application_ds
CC1CCN(Cc2cc(=O)c3cc(Br)ccc3o2)CC1.CCO,Application_ds
CCC=C(C)C=O.CC(C)=O,Application_ds
OC=1C=CC=2C(=CC=C3C=C(OC)C(OC)=C(OC)C32)C1OC.CC(OCC)=O,Application_ds
O=C1OC=2C=C(OCC(=O)NC=3C=CC=C(OC)C3)C=CC2C(=C1)C.CC(C)=O,Application_ds
O=C1C(OC2OC(C(O)C)C(O)C2O)=C(OC=3C=C(O)C=C(O)C13)C=4C=CC(O)=C(OC)C4.O=CN(C)C,Application_ds
OC1OC(C)C(OC2OC(C)C(OC3OC(C)C(OC4OC(C)C(O)C(OC)C4)C(OC)C3)C(OC)C2)C(OC)C1.CO,Application_ds
CCCc1c(OC)cc(C=Cc2c(F)cccc2F)cc1OC.CC(C)=O,Application_ds
O=c1[nH]cc(C2c3ccccc3C=Cc3ccccc32)c(=O)[nH]1.O=CN(C)C,Application_ds
C1CNP(=O)(OC1)N(CCCl)CCCl.O.O,Application_ds
Nc1ccc(-c2cc(F)cc(F)c2)nn1.CCO,Application_ds
CCNc1cn(-c2cccnc2)nc1Cl.CO,Application_ds
ClCc1nnc2ccc3nc(Cl)c(-c4ccccc4)nc3n12.N#CC,Application_ds
Cc1cc(C)nc(N2CCCC2)n1.CC(C)=O,Application_ds
CC(C)CCCCCCCBr.O,Application_ds
CN(C)c1cccc2c(S(=O)(=O)NCCNC(=O)OC(C)(C)C)cccc12.CC(C)=O,Application_ds
  CCOC(=O)c1ccccc1S(=O)(=O)Nc1c(NCCCN2CCCC2=O)c(=O)c1=O.CC(OCC)=O,Application_ds
COC(=O)c1ccc(-c2cc(NC(=O)c3ccoc3)ccc2C)cc1.CC1=CC=CC=C1,Application_ds
CC(C)(C)OC(=O)N[C@@H](Cc1ccc(OCc2c(Cl)cccc2Cl)cc1)C(=O)O.CC1CCCO1,Application_ds
  CCCC(=O)Nc1c(Nc2cc(C#N)nn2-c2c(Cl)cc(C(F)(F)F)cc2Cl)c1=O.CC(C)=O,Application_ds
O=C(O)c1cc2ccccc2s1.O,Application_ds
N#Cc1ccc(N[C@H]2CCN(C3CCN(c4ncc(C(F)(F)F)cc4Cl)CC3)C2=O)c(F)c1.CC1=CC=CC=C1,Application_ds
  Cc1ccc(Oc2ccc(C#N)cc2S(=O)(=O)NS(=O)(=O)Nc2ccccc2-n2c(C)csc2=S)cc1.CCO,Application_ds
COC(=O)[C@H](Cc1ccc(C#CCCNC(=O)OCc2ccccc2)c2ccccc12)NC(=O)OC(C)(C)C.CC(OCC)=O,Application_ds
CCOC(=O)CSc1ccc(S(=O)(=O)C[C@@H]2CCCC[C@H]2C(=O)NCC#N)cc1.CC(OCC)=O,Application_ds
OC1(C)CCC(C(C)C)C2C3OC(CC4(OC3(C)CCC4)C)C21.CCO,Application_ds
COc1ccc(-n2nc(C(=O)O)cc2-n2ccc(CO)c2)cn1.CO,Application_ds
COc1cc(N2CCNCC2)ccc1Cl.CC1CCCO1,Application_ds
  Cc1ccoc1C(=O)NS(=O)(=O)Nc1cccc(F)c1F.CC1CCCO1,Application_ds
O=C(OC(C)(C)C)NCCCCCCC(=O)O.N#CC,Application_ds
COc1c(OC(F)F)ccc(Br)c1OCC(C)C.CC1CCCO1,Application_ds
O=S(=O)(O)OC(C(Cl)C(Cl)C)C(Cl)C(Cl)C(Cl)CCCCCCC=CCl.N#CC,Application_ds
NC(CCC(O)CNC(=O)OCc1ccccc1)C(=O)N1CCC[C@H]1C(=O)O.CC(OCC)=O,Application_ds
CCn1cc(C(=O)O)c(=O)c2c(F)c(OCc3ccc(OC)cc3)c(OCc3ccc(OC)cc3)cc21.CC(OCC)=O,Application_ds
O=C(c1ccc(OC2CCCCO2)cc1)c1nn(-c2ccc(Cl)cc2)ccc1=O.CC1CCCO1,Application_ds
c1ccc(CNCc2ccccc2)cc1.CC(OCC)=O,Application_ds
O=C(N)C(NC(=O)C1N(C(=O)C)CCN(C(=O)C=2C=NC=CC2)C1)CC3CCCCC3.CC(OCC)=O,Application_ds
COc1nnc(-c2ccncc2)cc1I.O=CN(C)C,Application_ds
Cn1cc(Br)cc(Nc2ccc(N3CC(O)C3)cn2)c1=O.O,Application_ds
COC(=O)[C@@H](NC(=O)OCc1ccccc1)[C@@H](C)OC1CCCCO1.CCO,Application_ds
O=Cc1ccc2c(c1)OCO2.CC(OCC)=O,Application_ds
NC(=O)c1ccc(OC2CNCc3ccoc32)c(Cl)c1.O,Application_ds
  Cc1ccc(-n2nc(C#N)cc2NC(=S)NC#N)cc1.CC(C)=O,Application_ds
C1CCNNC1.CO,Application_ds
CCc1ccc(C(=NO)c2ccc(Cl)cc2)c(O)c1.CC(OCC)=O,Application_ds
CON(C)C(=O)Cc1ccc2c(c1)OCO2.N#CC,Application_ds
CCCCC/C(=C\C=C\C(=O)OC)c1cccc(F)c1.CO,Application_ds
O=C(OCC(OC(=O)CCCCCCCC=CCCCC)CO)CCCCCCCCCCCC=CCC=CCCCCC.CC1=CC=CC=C1,Application_ds
O=C(Nc1ccc(Cl)cc1)OCCC1Cn2cc([N+](=O)[O-])nc2O1.CC1CCCO1,Application_ds
O=C(NC1=NC2(c3ccccc3F)CN(c3ncc(F)cn3)CC2CS1)c1ccccc1.O,Application_ds
O=C1OC2(OC)C(=C1C)CC3C(=C)CCCC3(C)C2.CCO,Application_ds
O=C1N(C(=O)C2(N3CC(O)CC13)CN(CC4=CC=C(OC(F)(F)F)C=C4)C2)CC5=CC=C(OC)C=C5.O,Application_ds
O=C(O)C(NC(=O)C1=CC=C(C=C1)C23CC4CC(CC(C4)C2)C3)CC5=CNC=6C=CC=CC65.CC(OCC)=O,Application_ds
CC(C)c1nc2c(s1)Nc1ccccc1N=C2N1CCN(C)[C@@H](CCO)C1.CCO,Application_ds
N#Cc1cn(C2CC2)c2c(F)c(N3CCN(O)CC3)c(F)cc2c1=O.CC(C)=O,Application_ds
COc1ccc(C(=O)O)cc1.CC1CCCO1,Application_ds
CCc1ccc(-c2c(-c3ccccc3F)oc3ncnc(Cl)c23)cc1.CC1CCCO1,Application_ds
COC(=O)C(C)(C)COc1cc(C)c(-c2ccc(-c3ncc(CC4CC4)[nH]3)c(F)c2)cn1.CC1CCCO1,Application_ds
O=C1OC=2C=C(OCC(=C)C)C(=CC2C(=C1)C)CCC(=O)NC3=NC=CS3.CC1=CC=CC=C1,Application_ds
O=C(O)C(=CCCC(=C)C1COC2OC(CO)C(O)C(=O)C21O)C.N#CC,Application_ds
  CC(C)(C)Nc1c(NC(CO)CO)c(=S)c1=S.N#CC,Application_ds
Cc1cc(-c2cccc(C(F)(F)F)c2)c(Cl)nc1C(=O)N1CCC(N2CCCC2)CC1.CC1=CC=CC=C1,Application_ds
  CC(C)(C)[C@H](NS(=O)(=O)NCCc1c[nH]c2ccccc12)C(=O)N1CCC[C@@H]1c1cc2cccc3ccc4cccc1c4c32.O,Application_ds
Oc1cccc(-c2ccccc2)c1.O,Application_ds
O=C(SCCNC(=O)CCNC(=O)C(O)C(C)(C)COP(=O)(O)OP(=O)(O)OCC1OC(N2C=NC=3C(=NC=NC32)N)C(O)C1OP(=O)(O)O)CCCCCCCCCCCC.CCO,Application_ds
NCCn1cc(C(=O)N2CCC(c3cccc4c3OCC4)CC2)c2ccc(Cl)cc21.O,Application_ds
COc1ccc(Br)cn1.O=CN(C)C,Application_ds
COC(=O)C1CN(Cc2ccc(-c3noc(-c4ccc(CC(C)C)c(C)c4)n3)c(C)n2)C1.CC(OCC)=O,Application_ds
Cc1cnccc1B(O)O.N#CC,Application_ds
OC1C(=CC2(CCC(C(=C)C)C2)C(C)C1)C.N#CC,Application_ds
CC(C)Oc1ccc(-c2cncc3cc(C=O)oc23)cc1.O=CN(C)C,Application_ds
Cc1cn(-c2ccc(Nc3ncn(-c4ccccc4Cl)n3)cc2C#N)cn1.O=CN(C)C,Application_ds
O=C(N)CCCCCCCCCCC.CC1CCCO1,Application_ds
N=1OC(=NC1C=2C=NC(OC)=CC2)C3N(CC4=CC=C5OCOC5=C4)CCC3.CO,Application_ds
CC(C)(C)OC(=O)N(C[C@@H]1CCc2cc(-c3cccc(S(N)(=O)=O)c3)ccc2O1)C[C@H](O[Si](C)(C)C(C)(C)C)c1cccnc1.CCO,Application_ds
CN(C[C@@H]1COCCO1)S(=O)(=O)Nc1ccc2ccc3ncc(-c4cnn(C)c4)cc3c(=O)c2c1.CC(OCC)=O,Application_ds
NCCCCN.CC(C)=O,Application_ds
OCc1cncnc1.CO,Application_ds
  O=S(=O)(Nc1nc[nH]n1)Nc1cccc2cc[nH]c12.O=CN(C)C,Application_ds
N#CC1=C(Cl)N(N=C1C)C=2C=CC=CC2.CC(C)=O,Application_ds
Nc1cc(-c2cnco2)cc(-c2cnco2)c1.CO,Application_ds
CC(C)(C)OC(=O)Nc1ccc(OC(=O)C(C)(C)Br)cc1.N#CC,Application_ds
O=C1CC2(COC3OC(CO)C(O)C(O)C3O)C(CCC4C5(C)CCC(OC6OCC(O)C(O)C6OC7OC(C)C(O)C(OC8OC(CO)C(O)C(O)C8O)C7O)C(C)(C)C5CCC42C)C1C(O)(C)CC=CC(O)(C)C.CCO,Application_ds
O=C1CCOCC1.CCO,Application_ds
OCC(=CC(O)CC(C)C1C=CC(O)(C)CC1)C.O,Application_ds
O=C(Nc1ccc(OCCN2CCOCC2)c2ccccc12)c1cccc(-c2ccccc2F)c1.CCO,Application_ds
O=C(O)CCC(=O)OC1(C#C)CCC2C3CCC4=CC(=O)CCC4(C)C3CCC21C.CC(C)=O,Application_ds
O=C1OC(C)CCCC(=O)CCCC=CC=2C=C(O)C(=C(O)C12)C(C3=CC(OC)=C(OC)C(OC)=C3)CC(=O)NC(C4=NC=5C=CC=CC5N4)C.CCO,Application_ds
NCCNCCN.CC1=CC=CC=C1,Application_ds
COc1ccc2cc([C@H](C)C(=O)O)ccc2c1.CC(C)=O,Application_ds
CC(C)(O)CCl.CC(C)=O,Application_ds
  Cc1cc(F)c(Nc2c(NC(=O)CS)c2=O)cc1Nc1ccc2ncn(C)c(=O)c2c1F.CC1=CC=CC=C1,Application_ds
OC1=CC=C(C=CC=2C=3C=CC=C(O)C3C(O)=C(O)C2CCC4=CC=C(C=C4)CNC5CC6OC78C(CCCC98CC(O)CC9CCC57)CC6)C=C1O.CCO,Application_ds
COc1ccc(CNc2ncnc3ccc(B4OC(C)(C)C(C)(C)O4)cc23)c(OC)c1.N#CC,Application_ds
COc1ccc(CC2c3cc(O)c(OC)cc3CCN2CC2CC2)cc1O.CC(OCC)=O,Application_ds
COc1cc(OCC2CCN(C(=O)CO)C2)c2c(Nc3ccc(F)c(Cl)c3)ncnc2c1.CC(OCC)=O,Application_ds
CC1(C)OB(c2ccc(N3CCC(O)CC3)cc2)OC1(C)C.CC1CCCO1,Application_ds
COC(C)(C)Cn1cc(-c2ccc3cnc(Cl)cc3c2)cn1.CO,Application_ds
C#Cc1nc(C)c(C(=O)NCc2ccccc2)s1.CC1CCCO1,Application_ds
Fc1ccc(-c2csc3cc(OCCCN4CCC4)ccc23)cc1.CC(OCC)=O,Application_ds
OCC1OC(OC(C=C)(C)CCC=C(C)CCC=C(C)C)C(O)C(O)C1O.CC1CCCO1,Application_ds
CCCCc1nc(N)c2c(n1)c(I)cn2COCc1ccccc1.CO,Application_ds
O=C(N)C1=CC=C(O)C(OC)=C1O.CC1=CC=CC=C1,Application_ds
C[C@H]1CN(S(=O)(=O)Cl)C[C@@H](C)O1.O=CN(C)C,Application_ds
O=CC12C(O)CC3(C(=CCC4C5(C)CCC(O)C(C)(C)C5CCC43C)C2CC(C)(C)C(O)C1O)C.N#CC,Application_ds
C=C1CCC2(CC1)OCCO2.N#CC,Application_ds
O=C(OCCCC)CCC1=CC(OC)=C(O)C(=C1)C=2C=C(C=C(OC)C2OC3OC(CO)C(O)C(O)C3O)CCC(=O)OCCCC.O=CN(C)C,Application_ds
O=C1OC=2C(OC)=C(OC)C=CC2C(=C1CC(=O)NCCC3=CNC=4C=CC=CC43)C.CO,Application_ds
CCn1cc(NC(=O)c2ccccc2-c2ccc(C(F)(F)F)cc2)cc1C(=O)O.N#CC,Application_ds
CC(C)(C)OC(=O)N1CC[C@H](OC(=O)c2ccccc2)[C@H]1COCc1ccccc1.CO,Application_ds
Cc1cc(C)cc(-c2nc(NC(=O)c3cnccn3)sc2-c2ccncc2)c1.N#CC,Application_ds
COc1ccc(C(O)CCN)cc1OC.CC(OCC)=O,Application_ds
CN(C)c1ccc2c(c1)N(C)C(=O)N(c1ccc(Cl)cc1)S2(=O)=O.CO,Application_ds
O=C(NCC1=CC=C(O)C(OC)=C1)CCCCCC(C)C.CO,Application_ds
CCCCCCCCCCCCCCCCOC[C@H]1CCO[C@H](c2ccccc2)O1.CC(C)=O,Application_ds
FC(F)(F)Oc1cccc(-c2cnc3ccc(Cl)nn23)c1.N#CC,Application_ds
N#CC1=CC=CC(=C1)CN2CC3C4=C(C=CC(=O)N4CC(C2)C3)C5=CC=C(Cl)C=C5.CC(OCC)=O,Application_ds
O=C1C=2C=CC=CC2N(C(O)=C1C(=O)CC(C3=CC=C4OCOC4=C3)N(C=5C=CC=CC5)C=6C=CC=CC6)C.N#CC,Application_ds
CC(C)(C)n1ncc(-c2nc(CC(=O)O)cs2)c1-c1ccc(F)cc1.O=CN(C)C,Application_ds
O=C1C2=CC=C(O)C(=C2OC(=C1C=3C=CC(OC)=CC3)C(F)(F)F)CN4CCN(CCO)CC4.N#CC,Application_ds
CCCCOc1ccc(C2CCC(C3CCC(=O)CC3)CC2)c(F)c1F.CC(C)=O,Application_ds
COc1ccc(Br)cc1S(=O)(=O)Cl.CC(OCC)=O,Application_ds
CC(C)(O)C1CC=C(CN2C(=O)c3ccccc3C2=O)CC1.CCO,Application_ds
O=C1C=C2CCC3C(CCC4(C)C(CCC34)C(C=CCC(O)(C)C)C)C2(C)CC1.CCO,Application_ds
Nc1ncnc2c1c(I)cn2[C@@H]1C[C@H](CN2C[C@@H]3C[C@H]2CS3=O)C1.O,Application_ds
  O=C1NC(=O)[C@]2(CCc3cc(Nc4c(NCc5ccccc5[N+](=O)[O-])c(=O)c(=O)c4=O)ccc32)O1.N#CC,Application_ds
O=S(=O)(NCCO)c1ccc(N2CCC3(CC2)OCCO3)cc1.CC(OCC)=O,Application_ds
CCOC(=O)c1cn2c(-c3cccs3)cnc(N3CCNCC3)c2n1.CC(C)=O,Application_ds
Cc1ccccc1NC(=NC#N)N1CCNC(c2ccccc2)C1.CC(C)=O,Application_ds
O(C1=CC=C(C=CC)C(OC)=C1)C.CC1=CC=CC=C1,Application_ds
O=C(O)c1cn(-c2ccc(F)cc2)c2c(F)c(N3Cc4ccc(F)cc4C3)c(F)cc2c1=O.CC1CCCO1,Application_ds
OCC1OC(OCC2=C(C)C(O)CCC2(C)C)C(O)C(O)C1O.CC(OCC)=O,Application_ds
N=1OC(=NC1C=2C=NC(=CC2)NC)C3N(CC=4OC=5C=CC=CC5C4)CCC3.CO,Application_ds
COCCn1cnc(-c2cc3nccc(Oc4ccc(NC(=S)NC(=O)Cc5ccccc5OC)cc4F)c3s2)c1.N#CC,Application_ds
O=C1CC2C3(C)CCC(OC4OC(CO)C(O)C(O)C4O)CC3CCC2(C)C5(C)CCC(C15)C(OC6OC(COC7OC(CO)C(O)C(O)C7O)C(O)C(O)C6O)(C)CCC=C(C)C.CC(C)=O,Application_ds
CCNc1ncccc1C(=O)OC.CC(C)=O,Application_ds
O=C1OC=2C(=CC3=C(OC4=C3CCCC4)C2C)C(=C1C)C.N#CC,Application_ds
O=C(OC)C(N(C)CC=1C=CC=CC1)C.CCO,Application_ds
Cc1c(Cl)nc(Cl)c(=O)n1CC(=O)OCc1ccccc1.CC1=CC=CC=C1,Application_ds
  C=C[C@@H]1CN2CC[C@H]1CC2[C@@H](Nc1c(Nc2ccc(C(=O)OCC)cc2)c(=O)c(=O)c1=O)c1ccnc2ccc(OC)cc12.CC(C)=O,Application_ds
O=CN[C@@H]1CC[C@@H](O[N+](=O)[O-])CC1.O=CN(C)C,Application_ds
OC1=CC=C(C=C1OCCC(C=2C=CN=C(N)C2)CC=3N=C[CH-]C3)CCC(O)CC(OCCO)CCCCCCC.CC1=CC=CC=C1,Application_ds
C1=CC=C2C(=C1)C=CC=C2N=NC3=C(C4=C(C=C3)C(=CC=C4)S(=O)(=O)[O-])O.[Na+].CCO,Application_ds
Clc1ccc(C2COCCS2)cc1Cl.CO,Application_ds
O=C1C(=COC2=CC(OCCN3CCN(C=4C=CC=CC4F)CC3)=CC=C21)C=5C=CC=CC5.O,Application_ds
CC(C)(C)OC(=O)N1CCC(O)(Cc2ccc(F)cc2)CC1.CC(OCC)=O,Application_ds
  CNC(=O)c1cc(Oc2ccc(Nc3c(NC(N)=NC(=O)OC(C)(C)C)c(=O)c3=O)c(F)c2)ccn1.CO,Application_ds
O=C1OC2=CC=3OC=C(C=4C=CC(=CC4)C)C3C=C2C(=C1)C=5C=CC=CC5.CC1CCCO1,Application_ds
O=C(NCc1cc(F)c(N2CCOCC2)c(F)c1)Nc1cccc2cnccc12.CC(OCC)=O,Application_ds
COC(=O)Cc1ccc(OCc2cccnc2)cc1.CCO,Application_ds
O=C1CCCC(=O)C1.CC(OCC)=O,Application_ds
O=C1C(N=C(O)C2N=C(SC2)C3N(C(=O)C(N=C(O)C(N=C(O)C(O)COC(=O)C(N(C(=O)C(N=C(O)C4N1CCC4)C(O)C)C)C(C)C)C)CC(C)C)C(C)C3)=CC.O=CN(C)C,Application_ds
COc1cc2ncc(NC3CCCCC3)nc2cc1Br.N#CC,Application_ds
OC1=CC=C(C=C1)C=CC=2C=C(O)C=C(O)C2.CC(OCC)=O,Application_ds
O=C(N1CCS(=O)(=O)CC1)CC2OC3C(OC(CNCC=4C=CC=CC4Cl)C3O)C2.CC(C)=O,Application_ds
CC1(C)OB(c2ccc(C3(C#N)CCOCC3)cc2)OC1(C)C.O,Application_ds
COc1ccc2c3ccccc3n(CCC(C)(C)C)c2c1.O=CN(C)C,Application_ds
O=C(O)CC(=O)OCC1OC(OC2=CC(O)=C3C(=O)C(OC4OC(C)C(O)C(O)C4OC5OC(CO)C(O)C(O)C5O)=C(OC3=C2)C=6C=CC(O)=CC6)C(O)C(O)C1O.CC1=CC=CC=C1,Application_ds
CN1CCN(c2ccc(C(=O)Nc3cc(-c4cccs4)ccc3NC(=O)OC(C)(C)C)cn2)CC1.CCO,Application_ds
O=C1N2C(C(=O)N(CC3=CC=C(OC)C(OC)=C3)C1)CC=4C=5C=CC=CC5NC4C2(C)C.CC(C)=O,Application_ds
O=C(c1nc2ccccc2n1Cc1ccc(F)cc1)C1CCNCC1.CC1=CC=CC=C1,Application_ds
[Na+].[Na+].[O-]C(=O)C1C2CCC(O2)C1C([O-])=O.CC1CCCO1,Application_ds
Cc1cc(C)c(/C=C2\C(=O)N(C(=O)CNC(=O)OCc3ccccc3)c3ccccc32)[nH]1.CC(OCC)=O,Application_ds
C=1C=CC2=C(C1)CCC=3C=CC=CC3CC2.O=CN(C)C,Application_ds
CC(C)(C)[Si](C)(C)CC1CN2CCNCC2CN1.O=CN(C)C,Application_ds
O=C1C=C(OC2=CC(O)=CC=C12)C=3C=CC=CC3OC.N#CC,Application_ds
O=C(OC)C=1SC(=NC1C)NC(=O)CCCCC2SCC3NC(=O)NC23.CO,Application_ds
CCCC(O)(CN)c1ccccc1.O,Application_ds
CN1CCN(S(=O)(=O)c2ccc(B3OC(C)(C)C(C)(C)O3)cc2)CC1.CO,Application_ds
CC(=O)COc1cc(NC(=O)OC(C)(C)C)ccc1Cl.N#CC,Application_ds
CC(C)(C)OC(=O)N1CCN(c2cc(-c3ccc(F)c(Cl)c3)nc(Cl)n2)CC1.CC1CCCO1,Application_ds
COc1cc(-c2csc3c(-c4ccsc4C=O)cnc(N)c23)ccc1NC(=O)c1cc2ccccc2n1C.CC(C)=O,Application_ds
O=C1CNCCN1c1ccc(S(=O)(=O)Nc2nccs2)cc1.CCO,Application_ds
Cn1c(C(F)(F)F)cc(=O)n(-c2cc(OC(=O)NCC3CCCCC3)c(Cl)cc2F)c1=O.CC(C)=O,Application_ds
O=C1OC(CCC2C(C=CC3=CC(C)CC(OC(=O)CC(O)C)C32)C)CC(O)C1.O,Application_ds
COC(=O)c1ccc(O[C@@H](C)C(=O)OC)c(OC)c1.CC(C)=O,Application_ds
CCN(CC)CCOc1cccc(N)c1.CCO,Application_ds
CC(C)(C)OC(=O)N1Cc2ncnc(N)c2C1.CCO,Application_ds
  CC[C@H](C)[C@H](NC(=S)Nc1ccccc1/N=C/c1c2ccccc2cc2ccccc12)C(=O)OC.CC(OCC)=O,Application_ds
O=C(CBr)Nc1ccc(Cl)cc1Cl.O,Application_ds
  O=c1c(NCC2CCCCC2)c(Nc2c(NC3CCCCC3)c(=O)c2=O)c1=O.CCO,Application_ds
O=C(OC)C1=COC(OC2OC(CO)C(O)C(O)C2O)C(C=C)C1CC3=NCCC=4C=5C=CC=CC5NC34.CC1CCCO1,Application_ds
O=CC12CCC(OC3OC(CO)C(O)C(OC4OCC(O)C(O)C4O)C3OC5OC(C)C(O)C(O)C5O)C(C)(C)C2CCC6(C)C1CCC7C(CCC76C)C(O)(COC8OC(CO)C(O)C(O)C8O)CCC=C(C)C.CC1CCCO1,Application_ds
O=S(=O)(O)OC1CC(C(C)CCC(O)C(C)C)C2(C)CCC3C(CC(O)C4(O)CC(O)CCC34C)C12.CC1CCCO1,Application_ds
CO[C@@H]1COCC[C@@H]1N[C@@H]1C[C@H]2CNC[C@@]2(C(=O)N2CCc3ncc(C(F)(F)F)cc3C2)C1.CC1CCCO1,Application_ds
O=C1CNCCN1c1cc(C(=O)N2CCC[C@@H]3CCCC[C@@H]32)cs1.CC(OCC)=O,Application_ds
COC(=O)c1nnc(Cc2c(Cl)cncc2Cl)c2ccc(OC)cc12.N#CC,Application_ds
O=C(C1=CC=C(OC)C=C1)C(=CC2=CC=C(OC)C=C2)C3=NC=4C=CC=CC4O3.CC1=CC=CC=C1,Application_ds
O=C(OC1C=COC=C2CC34SSC5(C(=O)N3C21)N(C4=O)C=6C=CC=CC6C5)CC(O)CCCCC.N#CC,Application_ds
O=C(O)COCC(=O)NCC1C=C(C)C(CC(=O)N2CCCC2)CC1C(C)C.CC(C)=O,Application_ds
Cc1ccnc(COc2cc(-c3cccnc3)c3c(n2)CCCC3)c1.O=CN(C)C,Application_ds
N=1OC(=NC1C=2N=CC=C(OCCOC)C2)C3N(CC=4C=CC=CC4)CCC3.CO,Application_ds
Cc1cc(N2CCN(CCCCN)CC2)nc(C(C)(C)C)n1.O,Application_ds
CC(CNS(C)(=O)=O)Nc1nc(Cl)ncc1Cl.CC(C)=O,Application_ds
C=COCCCC.O,Application_ds
COCCNC(=O)c1ccc2cncc(Br)c2n1.O=CN(C)C,Application_ds
ClCCNCCCl.CO,Application_ds
CC(C)(C)OC(=O)N1CCC(Oc2ccc(-n3ccc4cc(NC(=O)C5CC5)ccc43)nc2)CC1.CC(OCC)=O,Application_ds
O=C(NCCCC1=CNC(=N)N1)C(=NO)CC2=CC(Br)=C(OC)C(Br)=C2O.N#CC,Application_ds
OC1=CC=C(C=C1OC2CCCCC2)CC(CCO)C(O)CC(O)CCC3=CC(OC)=C(O)C(OC)=C3.CC(OCC)=O,Application_ds
O=C1C=2C=CC(=CC2OC3CN(CCC(C)(C)C)CC3N1C)C4=CC=C(F)C=C4F.CC1=CC=CC=C1,Application_ds
COc1ccc(C#N)cc1Nc1cc(NCC(F)(F)F)c2ncc(C#N)n2n1.CO,Application_ds
COCOc1nc2c(c(C)nn2C)c2ccccc12.O=CN(C)C,Application_ds
OCc1ccc(Br)cn1.CC1CCCO1,Application_ds
O=C1CCC2=CC(OC)=C(O)C(=C2C(C#CCC(C(=O)C1O)CCCCCC)C=3C=CC=CC3)CCC=4C=CC=CC4.CC(OCC)=O,Application_ds
C=CCC(C)(C)C(=O)OCc1ccc(OC)cc1.N#CC,Application_ds
CCC(=O)N1CC[C@@H](Cc2n[nH]c(=O)n2-c2ccc(Br)cc2F)C1.O,Application_ds
Cc1ccc(S(=O)(=O)O[C@H]2C[C@@H](C(=O)Nc3ccc4c(c3)CCC4)N(C(=O)OC(C)(C)C)C2)cc1.CCO,Application_ds
C[C@@H](C(=O)N1C[C@@H]2C(=O)CCC(c3ccccc3)(c3ccccc3)[C@@H]2C1)c1ccccc1.CC1CCCO1,Application_ds
OCC=1OC(=CC1)CN2CC=3N=CNC3CC2C4=NC(=NO4)C=5C=CN=CC5.CC1=CC=CC=C1,Application_ds
Cc1cc(O)c(-c2ccccn2)nc1C.O,Application_ds
O=c1[nH]cc(-c2cnccn2)cc1Br.CC(OCC)=O,Application_ds
CCCNCCC.CC(C)=O,Application_ds
COc1ccc(-c2cc3ccc(OC)cc3s2)cc1.N#CC,Application_ds
O=C1OC2=C(OCC(O)C(O)(C)CC3OC(=O)C(=C3)C)C=4OC=CC4C=C2C=C1.CC1=CC=CC=C1,Application_ds
O=C(OCC1(OC2(OC3CC4C5CCC6CC(O)CCC6(C)C5C(O)CC4(C)C3C2(O)C)CC1C)C)C.O,Application_ds
O=C(NCCOC)C1NC(C=2C=CC=C3C2C(=CN3CC=4C=CN=CC4)C1)CC(C)C.O,Application_ds
O=C(Nc1cccc(OC(F)(F)F)c1)Oc1ccccc1.CC(C)=O,Application_ds
[O-][NH+](O)OCC(O[NH+]([O-])O)C.O,Application_ds
O=C1C=C(NCCCCCC2=NN=C3C=CC=CN32)CC(C)C41OC=5C(Cl)=C(OC)C=C(OC)C5C4=O.CC1CCCO1,Application_ds
O=C1OCC(Cl)O1.CO,Application_ds
CCCN=C=O.O=CN(C)C,Application_ds
O=C(OCC(O)C(O)C(O)C(O)COC(=O)C=1C=CC=CC1)C=2C=CC=CC2.O=CN(C)C,Application_ds
N#Cc1ccc(F)c2cc[nH]c12.O=CN(C)C,Application_ds
CNc1ccc2c(C)n(C)nc2c1.O,Application_ds
O=C(O)C(NC)CCC(=O)C.CO,Application_ds
CSc1ccc(C(=O)Nc2cccnc2C(=O)Nc2ccc(Cl)cn2)c(OC2CCN(C(=O)OC(C)(C)C)CC2)c1.O=CN(C)C,Application_ds
